{"model": "bert-base-multilingual-cased", "dataset": "dravidian_malayalam", "train_config": "hardneg", "seed": 123, "thr_cal": 0.9962965756654739, "metrics_05": {"macro": 0.5128370479703416, "toxf1": 0.15980629539951574, "prec": 0.09016393442622951, "rec": 0.7021276595744681, "prauc": 0.23799599921848033, "ece": 0.2937743636394541, "covert": 0.27906976744186046}, "metrics_cal": {"macro": 0.6346364632809646, "toxf1": 0.29411764705882354, "prec": 0.2727272727272727, "rec": 0.3191489361702128, "prauc": 0.23799599921848033, "ece": 0.2937743636394541, "covert": 0.3157894736842105}, "probs": [0.02101, 0.21128, 0.31454, 0.30294, 0.12232, 0.21219, 0.01537, 0.19574, 0.99553, 0.01409, 0.02289, 0.10907, 0.64593, 0.06432, 0.11823, 0.16941, 0.18573, 0.10791, 0.06963, 0.15734, 0.19776, 0.07221, 0.98895, 0.01082, 0.04274, 0.00987, 0.05995, 0.14031, 0.06471, 0.80432, 0.7758, 0.57917, 0.99804, 0.03459, 0.94789, 0.15088, 0.84544, 0.99353, 0.01501, 0.03425, 0.34243, 0.02696, 0.82197, 0.25293, 0.99943, 0.01191, 0.14596, 0.18245, 0.08171, 0.13417, 0.03774, 0.19611, 0.11729, 0.42928, 0.9989, 0.03256, 0.01189, 0.05333, 0.04461, 0.29905, 0.2721, 0.11439, 0.93418, 0.24451, 0.25449, 0.65746, 0.03316, 0.18466, 0.0498, 0.2383, 0.82574, 0.07902, 0.08188, 0.14877, 0.25077, 0.88349, 0.01269, 0.37949, 0.02871, 0.62981, 0.71267, 0.0185, 0.05652, 0.01196, 0.01553, 0.05363, 0.1869, 0.07804, 0.13247, 0.12186, 0.05866, 0.18931, 0.02807, 0.98675, 0.29733, 0.08929, 0.87923, 0.0139, 0.93237, 0.3318, 0.21297, 0.48455, 0.45754, 0.0357, 0.67428, 0.22244, 0.0271, 0.10487, 0.99595, 0.03043, 0.06712, 0.26097, 0.03256, 0.08682, 0.30577, 0.59989, 0.53637, 0.06942, 0.01887, 0.12138, 0.22954, 0.14775, 0.95311, 0.02427, 0.99807, 0.97208, 0.97965, 0.33675, 0.53744, 0.01305, 0.325, 0.11613, 0.86884, 0.28691, 0.23478, 0.74169, 0.92278, 0.46883, 0.95778, 0.30286, 0.34896, 0.12205, 0.23281, 0.04416, 0.05961, 0.04369, 0.26779, 0.07496, 0.03468, 0.08975, 0.58448, 0.01378, 0.18661, 0.01584, 0.94637, 0.99786, 0.01312, 0.26174, 0.33243, 0.19269, 0.06729, 0.23219, 0.04631, 0.99224, 0.17943, 0.07299, 0.0318, 0.04832, 0.34487, 0.01225, 0.12648, 0.05237, 0.68613, 0.47481, 0.06773, 0.52451, 0.73788, 0.32676, 0.27378, 0.29188, 0.08141, 0.15031, 0.99845, 0.25411, 0.99173, 0.24146, 0.0488, 0.07049, 0.89896, 0.81168, 0.51034, 0.11707, 0.99997, 0.02088, 0.22374, 0.90836, 0.01796, 0.26695, 0.99542, 0.14183, 0.1015, 0.13705, 0.84313, 0.25477, 0.23, 0.96933, 0.01628, 0.44171, 0.27551, 0.01594, 0.25496, 0.08427, 0.13138, 0.45695, 0.14511, 0.0932, 0.99998, 0.99358, 0.02502, 0.12586, 0.21051, 0.16231, 0.18487, 0.05713, 0.05218, 0.01271, 0.76386, 0.11276, 0.35683, 0.67482, 0.93266, 0.28588, 0.79257, 0.01191, 0.98989, 0.27332, 0.06676, 0.08742, 0.85837, 0.31534, 0.65191, 0.01779, 0.05511, 0.96463, 0.06368, 0.19983, 0.99954, 0.07528, 0.13407, 0.01008, 0.03515, 0.16399, 0.116, 0.03894, 0.31256, 0.07859, 0.04382, 0.32714, 0.22569, 0.0279, 0.11157, 0.1638, 0.13124, 0.89776, 0.68251, 0.17029, 0.01323, 0.36309, 0.38222, 0.95947, 0.29761, 0.32851, 0.1858, 0.94467, 0.47036, 0.13771, 0.2874, 0.04504, 0.08598, 0.0284, 0.38821, 0.16699, 0.25437, 0.17563, 0.02527, 0.33172, 0.99552, 0.13251, 0.14098, 0.07006, 0.17621, 0.95985, 0.1203, 0.32339, 0.20309, 0.98656, 0.94785, 0.73887, 0.27724, 0.19417, 0.05551, 0.10668, 0.10988, 0.13104, 0.99751, 0.27373, 0.98488, 0.24558, 0.01687, 0.99962, 0.29446, 0.12813, 0.01935, 0.51455, 0.99965, 0.87781, 0.02864, 0.96274, 0.0193, 0.23974, 0.13102, 0.98756, 0.02599, 0.52614, 0.0104, 0.63003, 0.0185, 0.15349, 0.60729, 0.71755, 0.99133, 0.76216, 0.47694, 0.45203, 0.05082, 0.0295, 0.15493, 0.27358, 0.076, 0.15254, 0.94332, 0.06331, 0.9818, 0.983, 0.09522, 0.07406, 0.29348, 0.02558, 0.01359, 0.02662, 0.65121, 0.34917, 0.19849, 0.17445, 0.32561, 0.0417, 0.71122, 0.09395, 0.59702, 0.99958, 0.07188, 0.1306, 0.01104, 0.99837, 0.28363, 0.157, 0.69493, 0.26776, 0.28837, 0.22244, 0.19936, 0.24385, 0.99945, 0.56528, 0.21049, 0.99133, 0.03745, 0.01228, 0.14805, 0.13317, 0.06849, 0.16196, 0.9796, 0.52392, 0.36906, 0.33482, 0.13628, 0.08889, 0.35934, 0.21751, 0.1983, 0.01218, 0.1357, 0.20642, 0.9966, 0.99508, 0.26224, 0.03845, 0.04207, 0.13309, 0.2112, 0.23798, 0.99775, 0.77181, 0.18181, 0.05208, 0.18718, 0.66886, 0.08025, 0.04586, 0.05994, 0.04857, 0.99789, 0.64126, 0.18144, 0.08188, 0.01744, 0.76802, 0.68559, 0.99741, 0.17905, 0.11162, 0.10328, 0.29904, 0.06214, 0.0446, 0.0121, 0.11667, 0.02151, 0.43338, 0.24307, 0.07993, 0.03751, 0.03214, 0.56929, 0.19626, 0.81844, 0.05711, 0.03761, 0.09758, 0.13528, 0.055, 0.07034, 0.17199, 0.18016, 0.04892, 0.11521, 0.15589, 0.06968, 0.01251, 0.44869, 0.23434, 0.40427, 0.06758, 0.36307, 0.66929, 0.06942, 0.20624, 0.99891, 0.57511, 0.01315, 0.94813, 0.05544, 0.05056, 0.07903, 0.23992, 0.01939, 0.02918, 0.15047, 0.21865, 0.27332, 0.2392, 0.26702, 0.14711, 0.5679, 0.98366, 0.63255, 0.26507, 0.99701, 0.16484, 0.22706, 0.2757, 0.89132, 0.43863, 0.98318, 0.03156, 0.30043, 0.41827, 0.09348, 0.99501, 0.87762, 0.97303, 0.12138, 0.01779, 0.72585, 0.23006, 0.3166, 0.07988, 0.53367, 0.1537, 0.21506, 0.01066, 0.03974, 0.99874, 0.11101, 0.01034, 0.63931, 0.21706, 0.14244, 0.06675, 0.17921, 0.44516, 0.04939, 0.06518, 0.06395, 0.78321, 0.05804, 0.9078, 0.57363, 0.12742, 0.08732, 0.23752, 0.16177, 0.06162, 0.47165, 0.60831, 0.84809, 0.2429, 0.02466, 0.93901, 0.99861, 0.24649, 0.33422, 0.91297, 0.05918, 0.14445, 0.50742, 0.14393, 0.48975, 0.95119, 0.01841, 0.99853, 0.34404, 0.01589, 0.88851, 0.46417, 0.26308, 0.97244, 0.02375, 0.02068, 0.02179, 0.35986, 0.02439, 0.78319, 0.99984, 0.07531, 0.32438, 0.57649, 0.22241, 0.64925, 0.99396, 0.99497, 0.4548, 0.26587, 0.31571, 0.15871, 0.29324, 0.20802, 0.25098, 0.79372, 0.13316, 0.34234, 0.01363, 0.03683, 0.95135, 0.07359, 0.01595, 0.09462, 0.16553, 0.12003, 0.25074, 0.01854, 0.39768, 0.8565, 0.15172, 0.81936, 0.01797, 0.25278, 0.17318, 0.22326, 0.21359, 0.07319, 0.34111, 0.08086, 0.64453, 0.0256, 0.42708, 0.34746, 0.07751, 0.1638, 0.16897, 0.09091, 0.99976, 0.32371, 0.201, 0.9994, 0.99164, 0.68136, 0.24828, 0.23889, 0.19713, 0.15319, 0.14243, 0.25312, 0.27301, 0.53101, 0.1137, 0.74984, 0.25675, 0.05687, 0.04274, 0.08793, 0.33182, 0.55345, 0.40933, 0.10766, 0.98641, 0.01469, 0.0132, 0.11, 0.37905, 0.68277, 0.0773, 0.99426, 0.26965, 0.86185, 0.14655, 0.33826, 0.1661, 0.03626, 0.15292, 0.47389, 0.47738, 0.02967, 0.54025, 0.97724, 0.58204, 0.10028, 0.98218, 0.48174, 0.20033, 0.74772, 0.51526, 0.9993, 0.72108, 0.33877, 0.9988, 0.92395, 0.2822, 0.25201, 0.77468, 0.86643, 0.0247, 0.06058, 0.08787, 0.11312, 0.9653, 0.27251, 0.99271, 0.21817, 0.05809, 0.02519, 0.7466, 0.86834, 0.10328, 0.98125, 0.81718, 0.98061, 0.0305, 0.12601, 0.16269, 0.30802, 0.02016, 0.38947, 0.18068, 0.13232, 0.15305, 0.91714, 0.31663, 0.98302, 0.1729, 0.1215, 0.65069, 0.25488, 0.01544, 0.21485, 0.03552, 0.99628, 0.65096, 0.50616, 0.99994, 0.32865, 0.6927, 0.18312, 0.09351, 0.1114, 0.19401, 0.0336, 0.38961, 0.75037, 0.27799, 0.02876, 0.0728, 0.20735, 0.16144, 0.28445, 0.02851, 0.74067, 0.2075, 0.02625, 0.2856, 0.01842, 0.61185, 0.03498, 0.86814, 0.25585, 0.04678, 0.23772, 0.08476, 0.11745, 0.66162, 0.15496, 0.13296, 0.53862, 0.07689, 0.06328, 0.30269, 0.10342, 0.23196, 0.2376, 0.22625, 0.75675, 0.9842, 0.16407, 0.1137, 0.38351, 0.27994, 0.94651, 0.13875, 0.2366, 0.7714, 0.40388, 0.03599, 0.10446, 0.01867, 0.44378, 0.41357, 0.81907, 0.99959, 0.10156, 0.29248, 0.12505, 0.02358, 0.47852, 0.26776, 0.26925, 0.21559, 0.29224, 0.1729, 0.02001, 0.97477, 0.52953, 0.17626, 0.21268, 0.99763, 0.99782, 0.09207, 0.08864, 0.70468, 0.96163, 0.1838, 0.02599, 0.42165, 0.9965, 0.37941, 0.23759, 0.0305, 0.14511, 0.19199, 0.19139, 0.97079, 0.9434, 0.97207, 0.17427, 0.02098, 0.7358, 0.05032, 0.22847, 0.05974, 0.42338, 0.09302, 0.40144, 0.95534, 0.95294, 0.29362, 0.17891, 0.81825, 0.29745, 0.99882, 0.17108, 0.13272, 0.88794, 0.22218, 0.04139, 0.01469, 0.99779, 0.03052, 0.22585, 0.24598, 0.14772, 0.34121, 0.17719, 0.9846, 0.799, 0.08282, 0.06272, 0.12171, 0.96949, 0.13786, 0.18654, 0.04545, 0.49556, 0.03047, 0.08083, 