{"model": "bert-base-multilingual-cased", "dataset": "dravidian_malayalam", "train_config": "ce", "seed": 123, "thr_cal": 0.9986636459827423, "metrics_05": {"macro": 0.37737748937122395, "toxf1": 0.0951219512195122, "prec": 0.050452781371280724, "rec": 0.8297872340425532, "prauc": 0.13777611268228568, "ece": 0.5481365965207418, "covert": 0.215962441314554}, "metrics_cal": {"macro": 0.6036489462094998, "toxf1": 0.23636363636363636, "prec": 0.20634920634920634, "rec": 0.2765957446808511, "prauc": 0.13777611268228568, "ece": 0.5481365965207418, "covert": 0.3103448275862069}, "probs": [0.24402, 0.39334, 0.68561, 0.60608, 0.3104, 0.92983, 0.24492, 0.24348, 0.99918, 0.20768, 0.50801, 0.51118, 0.95727, 0.30415, 0.56371, 0.87715, 0.68073, 0.48131, 0.35427, 0.33104, 0.77874, 0.30147, 0.99681, 0.17143, 0.3597, 0.18077, 0.24926, 0.26498, 0.31543, 0.99959, 0.82886, 0.94611, 0.9881, 0.24293, 0.82364, 0.99411, 0.83043, 0.99947, 0.20311, 0.2369, 0.85516, 0.23084, 0.96396, 0.40366, 0.99927, 0.21158, 0.45093, 0.7742, 0.36301, 0.72226, 0.21802, 0.49096, 0.38581, 0.98024, 0.99595, 0.21478, 0.16383, 0.51826, 0.20043, 0.2326, 0.44571, 0.3008, 0.90176, 0.39848, 0.2896, 0.36462, 0.44868, 0.33866, 0.29689, 0.72518, 0.98882, 0.35274, 0.25964, 0.80366, 0.57508, 0.74121, 0.19052, 0.91526, 0.23416, 0.8914, 0.90863, 0.30893, 0.32845, 0.20327, 0.1909, 0.38965, 0.51082, 0.33898, 0.22897, 0.77732, 0.30773, 0.4284, 0.43434, 0.98544, 0.90089, 0.28042, 0.94306, 0.22617, 0.91949, 0.34018, 0.32727, 0.39278, 0.73789, 0.25633, 0.45431, 0.31823, 0.25991, 0.26897, 0.99899, 0.49337, 0.28688, 0.90376, 0.26711, 0.31446, 0.51516, 0.91331, 0.99636, 0.36376, 0.39349, 0.30916, 0.9995, 0.46418, 0.75977, 0.15392, 0.98211, 0.96399, 0.98249, 0.76509, 0.94775, 0.29507, 0.96816, 0.23493, 0.91081, 0.91953, 0.93351, 0.46518, 0.71097, 0.86282, 0.80748, 0.38498, 0.74071, 0.61512, 0.49134, 0.30164, 0.634, 0.37934, 0.50331, 0.31351, 0.26015, 0.6973, 0.98778, 0.3058, 0.50766, 0.1963, 0.95888, 0.99928, 0.48369, 0.93704, 0.97734, 0.23664, 0.75603, 0.34841, 0.21079, 0.99965, 0.48669, 0.22719, 0.22744, 0.33944, 0.94023, 0.18155, 0.23716, 0.32754, 0.97287, 0.83174, 0.31951, 0.96774, 0.90688, 0.97301, 0.67186, 0.81903, 0.30066, 0.76174, 0.9996, 0.43184, 0.99839, 0.95421, 0.45696, 0.32628, 0.961, 0.99816, 0.61801, 0.55652, 0.99949, 0.20438, 0.90108, 0.98644, 0.23313, 0.51342, 0.99837, 0.27191, 0.20363, 0.22506, 0.97206, 0.90531, 0.2146, 0.97741, 0.17386, 0.61561, 0.49677, 0.20456, 0.8736, 0.25429, 0.30016, 0.88884, 0.44761, 0.36175, 0.99928, 0.98143, 0.25775, 0.48105, 0.36538, 0.6383, 0.35481, 0.29624, 0.42015, 0.18894, 0.98401, 0.49402, 0.81619, 0.78016, 0.96832, 0.59687, 0.72075, 0.21158, 0.86461, 0.93427, 0.32018, 0.32341, 0.95699, 0.76226, 0.88864, 0.23242, 0.25156, 0.99196, 0.32401, 0.91176, 0.9996, 0.58537, 0.33073, 0.22722, 0.27881, 0.95048, 0.73906, 0.30334, 0.82588, 0.41984, 0.30376, 0.64898, 0.32588, 0.27948, 0.24274, 0.87567, 0.33098, 0.9984, 0.84591, 0.40585, 0.18363, 0.96071, 0.9228, 0.95755, 0.7441, 0.86856, 0.35412, 0.98574, 0.93024, 0.48508, 0.90007, 0.30325, 0.29978, 0.27926, 0.51041, 0.44185, 0.44577, 0.32465, 0.30004, 0.89033, 0.98351, 0.25205, 0.32507, 0.21332, 0.77279, 0.98459, 0.50504, 0.86613, 0.57179, 0.99694, 0.96727, 0.92862, 0.66254, 0.82936, 0.65841, 0.48717, 0.27272, 0.51293, 0.98708, 0.42131, 0.97618, 0.80987, 0.36131, 0.99906, 0.98094, 0.34647, 0.23404, 0.93636, 0.99939, 0.94361, 0.28804, 0.99963, 0.16284, 0.55321, 0.79788, 0.87634, 0.46937, 0.91891, 0.2992, 0.92454, 0.30893, 0.73084, 0.85617, 0.95409, 0.86289, 0.94812, 0.52953, 0.90917, 0.3215, 0.34578, 0.24405, 0.47624, 0.36636, 0.25203, 0.9508, 0.2391, 0.99452, 0.99938, 0.44443, 0.39761, 0.4714, 0.24305, 0.26101, 0.20206, 0.82012, 0.96394, 0.58983, 0.44149, 0.32817, 0.58704, 0.99011, 0.2619, 0.48272, 0.99919, 0.48846, 0.26778, 0.20391, 0.99954, 0.26106, 0.23067, 0.87855, 0.87658, 0.63245, 0.31823, 0.54943, 0.43222, 0.99946, 0.58814, 0.54518, 0.86289, 0.40305, 0.22779, 0.57598, 0.41948, 0.315, 0.75476, 0.78266, 0.74195, 0.95699, 0.76294, 0.41726, 0.39798, 0.60307, 0.43769, 0.66106, 0.2595, 0.26982, 0.46203, 0.99919, 0.99675, 0.95049, 0.19266, 0.51422, 0.67586, 0.38072, 0.90487, 0.99936, 0.83543, 0.77847, 0.22983, 0.64761, 0.87624, 0.19646, 0.46742, 0.22381, 0.29373, 0.99969, 0.34117, 0.37514, 0.24164, 0.26166, 0.42573, 0.99851, 0.99684, 0.9298, 0.51024, 0.35051, 0.73668, 0.22585, 0.27393, 0.25005, 0.68627, 0.18566, 0.44549, 0.43602, 0.18829, 0.25991, 0.32806, 0.56784, 0.66351, 0.96152, 0.30708, 0.24063, 0.35594, 0.23713, 0.2446, 0.40594, 0.77062, 0.77593, 0.17808, 0.63482, 0.60055, 0.20597, 0.31549, 0.83883, 0.44007, 0.36928, 0.2469, 0.94477, 0.97309, 0.36376, 0.33086, 0.99938, 0.6693, 0.25349, 0.98129, 0.25597, 0.26564, 0.38156, 0.42933, 0.28613, 0.19766, 0.48799, 0.76481, 0.93427, 0.50799, 0.91895, 0.94415, 0.91575, 0.96409, 0.74637, 0.62402, 0.99536, 0.64659, 0.78632, 0.69891, 0.82993, 0.87309, 0.99573, 0.20256, 0.69446, 0.9671, 0.41499, 0.99901, 0.94384, 0.99863, 0.30916, 0.23242, 0.79282, 0.94579, 0.79502, 0.31621, 0.99136, 0.47758, 0.86169, 0.21347, 0.31854, 0.99962, 0.23105, 0.21356, 0.86556, 0.56952, 0.30139, 0.47413, 0.30699, 0.97427, 0.42982, 0.51785, 0.43901, 0.88523, 0.38839, 0.99125, 0.70711, 0.53258, 0.26004, 0.73572, 0.28124, 0.23078, 0.58164, 0.79922, 0.98264, 0.32807, 0.2238, 0.49398, 0.96236, 0.94294, 0.39989, 0.99466, 0.38431, 0.61923, 0.42237, 0.63532, 0.71385, 0.4872, 0.21962, 0.99966, 0.36229, 0.19415, 0.93947, 0.80665, 0.99619, 0.97265, 0.2278, 0.22861, 0.22923, 0.98048, 0.37986, 0.81452, 0.9996, 0.18858, 0.73349, 0.91322, 0.78719, 0.9051, 0.94187, 0.96221, 0.95016, 0.37843, 0.405, 0.30655, 0.45343, 0.60762, 0.93211, 0.92941, 0.39816, 0.59315, 0.23321, 0.49926, 0.95836, 0.84047, 0.22542, 0.41963, 0.49038, 0.63858, 0.76719, 0.38475, 0.88021, 0.98111, 0.3538, 0.93276, 0.18679, 0.68116, 0.33194, 0.87121, 0.38969, 0.24445, 0.73445, 0.51292, 0.60688, 0.21781, 0.55484, 0.33161, 0.2314, 0.87567, 0.36246, 0.4414, 0.99934, 0.86274, 0.33364, 0.99622, 0.9996, 0.99952, 0.59271, 0.73932, 0.35749, 0.45821, 0.327, 0.41125, 0.43335, 0.96407, 0.26332, 0.86779, 0.70021, 0.26364, 0.3597, 0.36834, 0.95498, 0.86469, 0.69556, 0.39395, 0.99948, 0.34876, 0.15546, 0.32535, 0.85955, 0.92234, 0.90568, 0.99807, 0.47505, 0.97786, 0.95855, 0.73086, 0.19524, 0.22118, 0.56573, 0.75384, 0.80029, 0.28743, 0.88602, 0.99317, 0.79122, 0.82761, 0.99832, 0.73966, 0.41992, 0.82787, 0.96226, 0.9995, 0.86821, 0.77172, 0.99931, 0.89035, 0.98902, 0.42175, 0.96845, 0.96453, 0.2497, 0.26974, 0.35979, 0.49695, 0.69165, 0.99615, 0.99274, 0.78922, 0.28406, 0.17274, 0.93195, 0.79311, 0.35051, 0.9995, 0.97248, 0.94668, 0.41896, 0.94336, 0.6779, 0.28404, 0.24132, 0.99443, 0.38756, 0.31729, 0.66356, 0.94073, 0.89755, 0.99418, 0.77761, 0.5488, 0.78763, 0.77524, 0.20532, 0.43699, 0.2602, 0.99837, 0.75917, 0.83741, 0.99935, 0.40213, 0.79579, 0.67111, 0.36414, 0.58672, 0.97268, 0.2276, 0.8529, 0.81251, 0.54108, 0.26546, 0.56206, 0.35214, 0.26544, 0.9944, 0.21108, 0.79643, 0.3463, 0.3441, 0.84992, 0.21502, 0.96422, 0.25556, 0.95992, 0.79263, 0.269, 0.62767, 0.5458, 0.2957, 0.56039, 0.8169, 0.3532, 0.96996, 0.62282, 0.38614, 0.89899, 0.20409, 0.81965, 0.49425, 0.70466, 0.95927, 0.98501, 0.83224, 0.45344, 0.62918, 0.31229, 0.92447, 0.3417, 0.37458, 0.31774, 0.75832, 0.34842, 0.37705, 0.16643, 0.80164, 0.67753, 0.78423, 0.97905, 0.30551, 0.83812, 0.45854, 0.34299, 0.64408, 0.87658, 0.83757, 0.92367, 0.54704, 0.77761, 0.20726, 0.98778, 0.73486, 0.6929, 0.30067, 0.99819, 0.99967, 0.75113, 0.30523, 0.92885, 0.99851, 0.75885, 0.46937, 0.97803, 0.99182, 0.96635, 0.73035, 0.41896, 0.44761, 0.23276, 0.34611, 0.99057, 0.99543, 0.96337, 0.35216, 0.14803, 0.95047, 0.24345, 0.29365, 0.40884, 0.23802, 0.32078, 0.67372, 0.98063, 0.99058, 0.95835, 0.33347, 0.93947, 0.91525, 0.99877, 0.27571, 0.63527, 0.52676, 0.32188, 0.60192, 0.34876, 0.99886, 0.21772, 0.33148, 0.37188, 0.51909, 0.78342, 0.34084, 0.96799, 0.70352, 0.29786, 0.47616, 0.31503, 0.98698, 0.37861, 0.21402, 0.16869, 