{"model": "bert-base-multilingual-cased", "dataset": "dravidian_kannada", "train_config": "hardneg", "seed": 123, "thr_cal": 0.3633086413145064, "metrics_05": {"macro": 0.7463761737089202, "toxf1": 0.63125, "prec": 0.63125, "rec": 0.63125, "prauc": 0.6923510505012689, "ece": 0.061799403826734725, "covert": 0.8098159509202454}, "metrics_cal": {"macro": 0.73460416049471, "toxf1": 0.6336088154269972, "prec": 0.5665024630541872, "rec": 0.71875, "prauc": 0.6923510505012689, "ece": 0.061799403826734725, "covert": 0.8187134502923976}, "probs": [0.05004, 0.25968, 0.70933, 0.0797, 0.20838, 0.28773, 0.13584, 0.0167, 0.00492, 0.11774, 0.46688, 0.04796, 0.00881, 0.58915, 0.25641, 0.04797, 0.0156, 0.61294, 0.01086, 0.75134, 0.24107, 0.11596, 0.92004, 0.8198, 0.99751, 0.39201, 0.95156, 0.27021, 0.40927, 0.90626, 0.99778, 0.56339, 0.22493, 0.5135, 0.20926, 0.06455, 0.76272, 0.01696, 0.27627, 0.11256, 0.31706, 0.03299, 0.66204, 0.13804, 0.18825, 0.04264, 0.23343, 0.01506, 0.04312, 0.10225, 0.60516, 0.30928, 0.06418, 0.34942, 0.34118, 0.82615, 0.02054, 0.41505, 0.30738, 0.71406, 0.09241, 0.00865, 0.01967, 0.50178, 0.02781, 0.01686, 0.01586, 0.07393, 0.19006, 0.9922, 0.06445, 0.00862, 0.04988, 0.40435, 0.15099, 0.47693, 0.08888, 0.36144, 0.4952, 0.71876, 0.15339, 0.86342, 0.21728, 0.53157, 0.25873, 0.02857, 0.90727, 0.01049, 0.19552, 0.05539, 0.00743, 0.15764, 0.00598, 0.81663, 0.08266, 0.00885, 0.01192, 0.00452, 0.03498, 0.02251, 0.02805, 0.93299, 0.02706, 0.78301, 0.22414, 0.17437, 0.67398, 0.1311, 0.04113, 0.32426, 0.86751, 0.05905, 0.00418, 0.02536, 0.01498, 0.0434, 0.22493, 0.08372, 0.64493, 0.76643, 0.21392, 0.06269, 0.83078, 0.12409, 0.12231, 0.03663, 0.23343, 0.82845, 0.00757, 0.36941, 0.42611, 0.13134, 0.00362, 0.22259, 0.75202, 0.36109, 0.06269, 0.9132, 0.02886, 0.65378, 0.00907, 0.58893, 0.36414, 0.79487, 0.71729, 0.09317, 0.15306, 0.25505, 0.58115, 0.16885, 0.01076, 0.01187, 0.59418, 0.32182, 0.18455, 0.56143, 0.01505, 0.36722, 0.25198, 0.26763, 0.46022, 0.00501, 0.01899, 0.17617, 0.086, 0.03198, 0.19466, 0.36927, 0.22758, 0.73081, 0.00334, 0.89051, 0.21194, 0.06151, 0.67288, 0.01042, 0.23343, 0.44024, 0.07081, 0.61726, 0.31229, 0.01754, 0.23343, 0.96456, 0.93624, 0.0366, 0.91761, 0.12215, 0.37376, 0.00956, 0.70287, 0.88859, 0.03239, 0.23343, 0.07526, 0.9881, 0.08975, 0.1724, 0.71525, 0.48288, 0.07547, 0.00416, 0.04544, 0.50591, 0.25622, 0.74378, 0.64934, 0.03398, 0.95127, 0.02386, 0.88354, 0.54927, 0.46529, 0.00384, 0.0065, 0.00359, 0.63421, 0.01938, 0.0039, 0.0604, 0.01311, 0.15038, 0.0568, 0.22681, 0.70836, 0.16329, 0.00509, 0.15684, 0.0182, 0.08697, 0.00397, 0.13919, 0.02201, 0.16538, 0.05883, 0.65436, 0.9977, 0.06627, 0.00333, 0.01319, 0.2906, 0.23343, 0.64611, 0.9948, 0.99636, 0.00282, 0.02773, 0.30535, 0.32428, 0.4217, 0.76129, 0.26643, 0.35836, 0.28785, 0.35393, 0.0315, 0.30939, 0.36866, 0.10985, 0.10115, 0.48351, 0.22414, 0.33301, 0.12878, 0.06277, 0.03942, 0.23343, 0.0305, 0.03699, 0.00318, 0.0182, 0.02511, 0.73488, 0.24376, 0.00816, 0.07119, 0.22346, 0.00336, 0.77659, 0.90307, 0.2399, 0.43799, 0.90534, 0.23791, 0.31055, 0.66546, 0.036, 0.7944, 0.01428, 0.12814, 0.90109, 0.01273, 0.0097, 0.47147, 0.04819, 0.23343, 0.68197, 0.59783, 0.08095, 0.16822, 0.04702, 0.05051, 0.00379, 0.94459, 0.00676, 0.02863, 0.52542, 0.23343, 0.01052, 0.03214, 0.19741, 0.10305, 0.05669, 0.365, 0.86842, 0.09112, 0.02671, 0.27226, 0.14692, 0.24688, 0.89654, 0.05142, 0.00313, 0.014, 0.96863, 0.03915, 0.28814, 0.01501, 0.50333, 0.93669, 0.00469, 0.11235, 0.03866, 0.05526, 0.17947, 0.00515, 0.25191, 0.32308, 0.20977, 0.05129, 0.07389, 0.04973, 0.32382, 0.01968, 0.4049, 0.09882, 0.97894, 0.64962, 0.23343, 0.2075, 0.02291, 0.13787, 0.64267, 0.80732, 0.01164, 0.28863, 0.67903, 0.98919, 0.01051, 0.05396, 0.15377, 0.01141, 0.20499, 0.28961, 0.08896, 0.08093, 0.81607, 0.106, 0.01927, 0.51396, 0.99775, 0.32846, 0.05009, 0.23343, 0.02789, 0.02595, 0.01963, 0.66124, 0.93544, 0.01569, 0.61311, 0.06621, 0.0891, 0.83581, 0.36748, 0.5829, 0.00786, 0.01034, 0.28729, 0.8698, 0.42619, 0.00344, 0.06717, 0.18352, 0.22849, 0.00374, 0.52032, 0.33008, 0.01628, 0.57326, 0.22612, 0.58492, 0.6454, 0.75275, 0.01053, 0.03391, 0.00515, 0.99647, 0.06822, 0.15028, 0.08373, 0.02122, 0.37973, 0.02053, 0.42791, 0.43337, 0.03885, 0.19464, 0.1405, 0.08038, 0.20533, 0.72314, 0.24859, 0.00783, 0.78048, 0.79617, 0.54056, 0.97199, 0.93683, 0.01299, 0.07701, 0.24398, 0.00824, 0.40733, 0.42195, 0.96734, 0.61946, 0.04633, 0.7535, 0.00882, 0.09741, 0.55447, 0.0156, 0.01175, 0.99626, 0.88398, 0.01379, 0.84343, 0.38269, 0.55117, 0.83398, 0.06683, 0.00452, 0.00649, 0.25904, 0.11281, 0.19217, 0.32871, 0.03043, 0.01455, 0.27647, 0.02661, 0.05304, 0.00466, 0.203, 0.01827, 0.12497, 0.92371, 0.93763, 0.82605, 0.52365, 0.76224, 0.64391, 0.11958, 0.56533, 0.0058, 0.78123, 0.99642, 0.44355, 0.01543, 0.83263, 0.6099, 0.01693, 0.12972, 0.35834, 0.60569, 0.93813, 0.74671, 0.41931, 0.0053, 0.02469, 0.19216, 0.4877, 0.90621, 0.00649, 0.65074, 0.41042, 0.11957, 0.70022, 0.67858, 0.01056, 0.00439, 0.29349, 0.03922, 0.01051, 0.41065, 0.02414, 0.05214, 0.03728, 0.80926, 0.01448, 0.97325, 0.01492, 0.01529, 0.01016, 0.40558, 0.36446, 0.17365, 0.08579, 0.14735, 0.01366, 0.98757, 0.8227, 0.0162, 0.29806, 0.57927, 0.23343, 0.60684, 0.04774, 0.03603, 0.02877, 0.32345, 0.60647, 0.02786, 0.40554, 0.23343, 0.22747, 0.32128, 0.0993, 0.77445, 0.34623, 0.70897, 0.36605, 0.32852, 0.00835, 0.51648, 0.82657, 0.81304, 0.19374, 0.62094, 0.93101, 0.01074, 0.01351, 0.19125, 0.01124, 0.98362, 0.0048, 0.65138, 0.10826, 0.46137, 0.03822, 0.02854, 0.02752, 0.76043, 0.9067, 0.19911, 0.15274, 0.01044, 0.97485, 0.32097, 0.92984, 0.88669, 0.06639, 0.75049, 0.00416, 0.03752, 0.15512, 0.33943, 0.04847, 0.66531, 0.08238, 0.05381, 0.18062, 0.46791, 0.02227, 0.73245], "labels": [0, 0, 0, 0, 0, 0, 0, 0, 0, 0, 0, 0, 0, 0, 1, 0, 0, 1, 0, 0, 0, 0, 0, 1, 1, 1, 1, 1, 1, 0, 1, 0, 1, 1, 1, 0, 1, 0, 0, 1, 0, 0, 1, 0, 0, 0, 0, 0, 0, 1, 0, 0, 0, 1, 0, 0, 0, 0, 1, 0, 0, 0, 0, 1, 0, 0, 0, 0, 1, 1, 1, 0, 0, 0, 0, 1, 0, 0, 0, 1, 0, 1, 1, 0, 0, 0, 1, 0, 1, 0, 0, 0, 0, 0, 0, 0, 0, 1, 0, 0, 0, 1, 0, 1, 0, 0, 1, 0, 0, 0, 0, 0, 0, 0, 0, 0, 0, 0, 1, 0, 0, 0, 1, 1, 0, 0, 0, 0, 0, 0, 0, 0, 0, 1, 1, 0, 0, 1, 0, 0, 0, 0, 1, 1, 1, 0, 0, 0, 1, 0, 0, 0, 0, 0, 0, 1, 0, 0, 0, 1, 1, 1, 0, 1, 0, 0, 0, 0, 0, 0, 0, 1, 0, 0, 1, 0, 0, 0, 0, 0, 0, 0, 0, 0, 1, 0, 0, 0, 0, 0, 0, 1, 0, 1, 0, 1, 1, 0, 0, 0, 0, 0, 0, 0, 1, 1, 0, 0, 1, 0, 1, 0, 1, 0, 0, 0, 1, 0, 0, 0, 1, 0, 0, 0, 1, 0, 0, 0, 0, 0, 0, 0, 0, 0, 0, 1, 1, 0, 0, 0, 0, 0, 0, 1, 1, 0, 0, 0, 0, 0, 0, 0, 0, 1, 0, 0, 0, 0, 1, 0, 1, 0, 0, 0, 0, 0, 0, 0, 0, 0, 0, 0, 0, 1, 0, 0, 0, 0, 1, 1, 0, 1, 1, 0, 0, 1, 0, 1, 0, 0, 1, 0, 0, 1, 0, 0, 0, 1, 0, 0, 0, 0, 0, 0, 0, 0, 0, 1, 0, 0, 0, 0, 0, 0, 1, 1, 0, 0, 0, 0, 1, 1, 0, 0, 1, 0, 1, 0, 1, 1, 0, 0, 0, 0, 0, 0, 0, 1, 0, 0, 0, 0, 0, 0, 0, 0, 1, 0, 0, 0, 0, 0, 1, 0, 0, 1, 0, 1, 0, 0, 1, 0, 0, 0, 0, 0, 1, 0, 0, 1, 1, 0, 0, 0, 0, 0, 0, 1, 1, 0, 1, 0, 0, 1, 1, 1, 0, 0, 1, 1, 0, 0, 0, 0, 0, 0, 0, 0, 0, 1, 1, 1, 0, 1, 0, 0, 0, 1, 0, 0, 0, 0, 0, 0, 0, 0, 0, 1, 0, 1, 0, 0, 1, 0, 0, 0, 1, 1, 1, 0, 0, 0, 0, 0, 0, 1, 1, 0, 1, 0, 0, 0, 0, 0, 1, 1, 0, 1, 0, 1, 0, 0, 0, 0, 0, 0, 0, 0, 0, 0, 0, 0, 0, 0, 0, 0, 0, 1, 0, 1, 0, 0, 1, 1, 1, 0, 0, 1, 0, 0, 1, 1, 0, 0, 1, 0, 1, 1, 0, 0, 0, 0, 1, 1, 0, 1, 0, 0, 1, 0, 0, 0, 0, 0, 0, 0, 0, 0, 0, 1, 0, 1, 0, 0, 0, 1, 0, 1, 0, 0, 0, 1, 0, 0, 0, 0, 0, 0, 0, 0, 0, 0, 0, 0, 1, 0, 0, 1, 1, 1, 0, 0, 0, 1, 0, 0, 0, 1, 0, 1, 1, 0, 0, 0, 0, 1, 0, 0, 0, 0, 0, 0, 0, 1, 1, 1, 1, 0, 0, 0, 1, 1, 0, 0, 0, 0, 0, 0, 0, 0, 0, 0, 0, 1, 0, 1], "n": {"train": 3400, "val": 600, "test": 586, "toxic_frac": 0.23911764705882352}}