{"model": "bert-base-multilingual-cased", "dataset": "dravidian_tamil", "train_config": "supcon", "seed": 99, "thr_cal": 0.21415076777338948, "metrics_05": {"macro": 0.7153409090909091, "toxf1": 0.5825, "prec": 0.5154867256637168, "rec": 0.6695402298850575, "prauc": 0.597210013502753, "ece": 0.12876698177307844, "covert": 0.7178217821782178}, "metrics_cal": {"macro": 0.6793120649927549, "toxf1": 0.567926455566905, "prec": 0.4405705229793978, "rec": 0.7988505747126436, "prauc": 0.597210013502753, "ece": 0.12876698177307844, "covert": 0.7216035634743875}, "probs": [0.00137, 0.00099, 0.00626, 0.00188, 0.88751, 0.02689, 0.00287, 0.00604, 0.00125, 0.00991, 0.00541, 0.0226, 0.00262, 0.00406, 0.22606, 0.15579, 0.84758, 0.30713, 0.00151, 0.96314, 0.16337, 0.01518, 0.00771, 0.21335, 0.00558, 0.63885, 0.95665, 0.03104, 0.28626, 0.01107, 0.00679, 0.21728, 0.00207, 0.05597, 0.01446, 0.97157, 0.48941, 0.54087, 0.00124, 0.80448, 0.74488, 0.02934, 0.21481, 0.64424, 0.03923, 0.97126, 0.00145, 0.00878, 0.42164, 0.00383, 0.00222, 0.0033, 0.01375, 0.13455, 0.01183, 0.57134, 0.37324, 0.65213, 0.83513, 0.02157, 0.01118, 0.00204, 0.84246, 0.01021, 0.03211, 0.06336, 0.03787, 0.87853, 0.81575, 0.07514, 0.71328, 0.11275, 0.01099, 0.00195, 0.81164, 0.93833, 0.41817, 0.90996, 0.00156, 0.2869, 0.28981, 0.89596, 0.06256, 0.00136, 0.02461, 0.00436, 0.00788, 0.00565, 0.00458, 0.07059, 0.00442, 0.90605, 0.00354, 0.37171, 0.06081, 0.18824, 0.72863, 0.0036, 0.26239, 0.00301, 0.15639, 0.00674, 0.08675, 0.04898, 0.64294, 0.84281, 0.08593, 0.01993, 0.00181, 0.94408, 0.82269, 0.05072, 0.96837, 0.22155, 0.04782, 0.01098, 0.00356, 0.05119, 0.22341, 0.00275, 0.0603, 0.00241, 0.01843, 0.3318, 0.02373, 0.0072, 0.92889, 0.24404, 0.0033, 0.00175, 0.14134, 0.07607, 0.01961, 0.03434, 0.92629, 0.80865, 0.24444, 0.00827, 0.00615, 0.94373, 0.71458, 0.00253, 0.90304, 0.92937, 0.01257, 0.34102, 0.00144, 0.28563, 0.59291, 0.60415, 0.40031, 0.0037, 0.83647, 0.01055, 0.74194, 0.05138, 0.00342, 0.90922, 0.00546, 0.17093, 0.0184, 0.93589, 0.03574, 0.95382, 0.00527, 0.11946, 0.84913, 0.44592, 0.61668, 0.28576, 0.92872, 0.77273, 0.12304, 0.08965, 0.02201, 0.01961, 0.53992, 0.00615, 0.00197, 0.51861, 0.09657, 0.64926, 0.68876, 0.75322, 0.00193, 0.00539, 0.67914, 0.00258, 0.00208, 0.02368, 0.02358, 0.01922, 0.11227, 0.02405, 0.0018, 0.20524, 0.02588, 0.71926, 0.01695, 0.00277, 0.20046, 0.97772, 0.86004, 0.00669, 0.15356, 0.1339, 0.2763, 0.00176, 0.02504, 0.03555, 0.59665, 0.01356, 0.48594, 0.00305, 0.00282, 0.6664, 0.00418, 0.01586, 0.15153, 0.00133, 0.00381, 0.00657, 0.13843, 0.97126, 0.08125, 0.48834, 0.9456, 0.0861, 0.00221, 0.01024, 0.45786, 0.0539, 0.06379, 0.9703, 0.00993, 0.15219, 0.91279, 0.00129, 0.9284, 0.00778, 0.98181, 0.04582, 0.01182, 0.13971, 0.07918, 0.39858, 0.01291, 0.12971, 0.53264, 0.13368, 0.00293, 0.00294, 0.00232, 0.00146, 0.76411, 0.03682, 0.01307, 0.47307, 0.0496, 0.00232, 0.86875, 0.96511, 0.45493, 0.02945, 0.14449, 0.00489, 0.51445, 0.06096, 0.9125, 0.03678, 0.02407, 0.96053, 0.9454, 0.00172, 0.0057, 0.0038, 0.88292, 0.28341, 0.00869, 0.31066, 0.01783, 0.00424, 0.00278, 0.0022, 0.01487, 0.00237, 0.14175, 0.03992, 0.18174, 0.87035, 0.0066, 0.00107, 0.00573, 0.85527, 0.84254, 0.21863, 0.10145, 0.22332, 0.9263, 0.22059, 0.00205, 0.00219, 0.73758, 0.89264, 0.49964, 0.03224, 0.01442, 0.05112, 0.03613, 0.00751, 0.27683, 0.96115, 0.56549, 0.82173, 0.89432, 0.27838, 0.45501, 0.67321, 0.01189, 0.15983, 0.00134, 0.81614, 0.88625, 0.35798, 0.00454, 0.91071, 0.85079, 0.16655, 0.0752, 0.00141, 0.18843, 0.26965, 0.01998, 0.01018, 0.10551, 0.00488, 0.02677, 0.39554, 0.0243, 0.13398, 0.00104, 0.00292, 0.02815, 0.845, 0.09226, 0.00417, 0.49979, 0.0034, 0.43036, 0.0245, 0.86699, 0.09354, 0.35939, 0.94352, 0.15329, 0.68096, 0.00983, 0.13292, 0.01237, 0.19554, 0.24594, 0.11143, 0.02692, 0.0394, 0.12789, 0.91875, 0.0055, 0.93852, 0.00116, 0.9658, 0.00521, 0.52979, 0.34289, 0.10612, 0.02135, 0.04256, 0.04978, 0.6982, 0.96094, 0.01888, 0.93782, 0.0017, 0.01408, 0.26003, 0.64884, 0.12456, 0.08048, 0.79738, 0.00197, 0.0451, 0.60068, 0.27301, 0.00373, 0.02675, 0.0108, 0.928, 0.68984, 0.53319, 0.02095, 0.00275, 0.9312, 0.10163, 0.00488, 0.00443, 0.00425, 0.00208, 0.35626, 0.96812, 0.01607, 0.93088, 0.9793, 0.01666, 0.09732, 0.90033, 0.05539, 0.88478, 0.81809, 0.02945, 0.86973, 0.91363, 0.71676, 0.67017, 0.00982, 0.01365, 0.22911, 0.00556, 0.06321, 0.02697, 0.43125, 0.11994, 0.00094, 0.95133, 0.60297, 0.90013, 0.75503, 0.00252, 0.00467, 0.89741, 0.01716, 0.0026, 0.46793, 0.06072, 0.93312, 0.91704, 0.18753, 0.04379, 0.85138, 0.00145, 0.88578, 0.63144, 0.08524, 0.79886, 0.02935, 0.03574, 0.04282, 0.73338, 0.51075, 0.26368, 0.03181, 0.0373, 0.00774, 0.00231, 0.62448, 0.00618, 0.00518, 0.85984, 0.01897, 0.01912, 0.67436, 0.26783, 0.00105, 0.06695, 0.89019, 0.00529, 0.29761, 0.07958, 0.0068, 0.92191, 0.90831, 0.92511, 0.57801, 0.23689, 0.00265, 0.50087, 0.01517, 0.97128, 0.98988, 0.00423, 0.00321, 0.04055, 0.34893, 0.9685, 0.08546, 0.00989, 0.89872, 0.15644, 0.86774, 0.00162, 0.85129, 0.72547, 0.82057, 0.72679, 0.00262, 0.52774, 0.76032, 0.00495, 0.00428, 0.00518, 0.94081, 0.04077, 0.0016, 0.07217, 0.00107, 0.41643, 0.005, 0.22742, 0.43487, 0.03334, 0.51252, 0.43581, 0.94931, 0.03474, 0.00151, 0.8262, 0.60537, 0.51232, 0.02594, 0.02081, 0.35252, 0.85915, 0.34892, 0.12728, 0.8958, 0.70817, 0.14514, 0.00955, 0.01912, 0.00101, 0.00243, 0.03322, 0.04775, 0.00351, 0.00543, 0.00288, 0.09952, 0.95214, 0.07497, 0.91289, 0.004, 0.00165, 0.00301, 0.00854, 0.14646, 0.26264, 0.05295, 0.02666, 0.69977, 0.92165, 0.96044, 0.9464, 0.81582, 0.76619, 0.11051, 0.13087, 0.13791, 0.26109, 0.93187, 0.9095, 0.00142, 0.94341, 0.018, 0.72032, 0.04239, 0.00094, 0.03795, 0.65752, 0.03289, 0.04692, 0.44733, 0.00168, 0.15243, 0.20604, 0.00157, 0.43228, 0.00279, 0.11709, 0.39517, 0.00217, 0.70813, 0.95074, 0.00833, 0.95769, 0.5241, 0.34371, 0.008, 0.02798, 0.00579, 0.00561, 0.00224, 0.72457, 0.00404, 0.92773, 0.91882, 0.07553, 0.07623, 0.05051, 0.01586, 0.00881, 0.94941, 0.91816, 0.30934, 0.86238, 0.0106, 0.76881, 0.45486, 0.14355, 0.07473, 0.36776, 0.04065, 0.84683, 0.03989, 0.02116, 0.96821, 0.00748, 0.59342, 0.17814, 0.00256, 0.00358, 0.90769, 0.19718, 0.13713, 0.51807, 0.00143, 0.10291, 0.00786, 0.03748, 0.83615, 0.00147, 0.92942, 0.02418, 0.0057, 0.00464, 0.92669, 0.77207, 0.79956, 0.0529, 0.19907, 0.88591, 0.84756, 0.91259, 0.01497, 0.19731, 0.93494, 0.03164, 0.19417, 0.0696, 0.00155, 0.86718, 0.88199, 0.91513, 0.89286, 0.22472, 0.02532, 0.00226, 0.60763, 0.07327, 0.09277, 0.00506, 0.26673, 0.28842, 0.92724, 0.00187, 0.8616, 0.217, 0.00312, 0.04227, 0.0032, 0.44846, 0.00194, 0.97004, 0.00823, 0.49291, 0.84172, 0.00157, 0.1882, 0.00075, 0.04977, 0.96082, 0.04302, 0.11613, 0.07271, 0.04568, 0.03209, 0.04417, 0.31166, 0.16054, 0.00146, 0.0446, 0.0019, 0.29108, 0.108, 0.02549, 0.10589, 0.97098, 0.21122, 0.00939, 0.03881, 0.00559, 0.00124, 0.00406, 0.00361, 0.00118, 0.12686, 0.00176, 0.88755, 0.06904, 0.68003, 0.00239, 0.96349, 0.05515, 0.97218, 0.43919, 0.34932, 0.03555, 0.00389, 0.00358, 0.14818, 0.83053, 0.07737, 0.5815, 0.0015, 0.30724, 0.94515, 0.27279, 0.86931, 0.00474, 0.02048, 0.00137, 0.40281, 0.00206, 0.0016, 0.04306, 0.97428, 0.92528, 0.13717, 0.87587, 0.01055, 0.00467, 0.65157, 0.778, 0.07487, 0.06362, 0.81874, 0.327, 0.44748, 0.00645, 0.84499, 0.04422, 0.01075, 0.13456, 0.07768, 0.95955, 0.00241, 0.12909, 0.0159, 0.05204, 0.93764, 0.09235, 0.94297, 0.01593, 0.21604, 0.00289, 0.10136, 0.00987, 0.14289, 0.4627, 0.00218, 0.92681, 0.00589, 0.00783, 0.97532, 0.30571, 0.35982, 0.28098, 0.02354, 0.1471, 0.66334, 0.08101, 0.78955, 0.85739, 0.0043, 0.27998, 0.81748, 0.00551, 0.00508, 0.53007, 0.12336, 0.02295, 0.08859, 0.85689, 0.00191, 0.02234, 0.00265, 0.48923, 0.01075, 0.17939, 0.02002, 0.95425, 0.47034, 0.11015, 0.00776, 0.40908, 0.40147, 0.00548, 0.00327, 0.04832, 0.21032, 0.02315, 0.00622, 0.76176, 0.88972, 0.70813, 0.02302, 0.23144, 0.93493, 0.71511, 0.0044, 0.01757, 0.8291, 0.15994, 0.00741, 0.0208, 0.8883, 0.16375, 0.91259, 