{"model": "bert-base-multilingual-cased", "dataset": "dravidian_malayalam", "train_config": "ce", "seed": 2024, "thr_cal": 0.4848427563905712, "metrics_05": {"macro": 0.6247456860824354, "toxf1": 0.2782608695652174, "prec": 0.23529411764705882, "rec": 0.3404255319148936, "prauc": 0.18570898113830056, "ece": 0.054863298838337266, "covert": 0.4230769230769231}, "metrics_cal": {"macro": 0.6233679276866422, "toxf1": 0.27586206896551724, "prec": 0.2318840579710145, "rec": 0.3404255319148936, "prauc": 0.18570898113830056, "ece": 0.054863298838337266, "covert": 0.4230769230769231}, "probs": [0.00737, 0.01176, 0.02903, 0.50612, 0.0215, 0.01131, 0.00675, 0.05003, 0.03894, 0.00767, 0.00664, 0.00952, 0.05778, 0.01264, 0.00845, 0.0091, 0.06955, 0.03333, 0.01036, 0.02169, 0.0105, 0.02004, 0.12983, 0.00863, 0.00652, 0.00611, 0.01921, 0.00951, 0.0065, 0.32425, 0.01929, 0.04461, 0.93805, 0.01289, 0.01529, 0.22805, 0.26759, 0.15673, 0.00669, 0.00623, 0.01446, 0.00834, 0.01457, 0.01639, 0.99834, 0.0057, 0.0073, 0.01168, 0.03077, 0.01975, 0.00632, 0.01338, 0.01267, 0.02565, 0.99948, 0.00606, 0.01171, 0.01046, 0.01866, 0.38581, 0.06983, 0.01411, 0.29714, 0.19199, 0.34533, 0.35289, 0.00792, 0.06087, 0.00876, 0.02781, 0.95128, 0.01303, 0.00682, 0.01373, 0.08707, 0.0411, 0.00642, 0.03685, 0.00623, 0.01281, 0.1578, 0.00625, 0.00809, 0.00564, 0.00758, 0.00649, 0.04123, 0.01904, 0.04174, 0.00959, 0.01223, 0.04485, 0.00598, 0.10381, 0.03424, 0.00919, 0.02858, 0.00563, 0.3506, 0.03152, 0.06539, 0.00824, 0.0452, 0.00654, 0.01952, 0.03861, 0.00568, 0.01471, 0.03026, 0.01036, 0.01663, 0.05812, 0.04163, 0.00953, 0.04074, 0.26074, 0.97266, 0.00834, 0.0065, 0.01266, 0.07263, 0.02088, 0.09744, 0.03378, 0.08946, 0.05402, 0.04481, 0.10171, 0.02963, 0.00724, 0.01756, 0.02642, 0.06572, 0.08689, 0.03457, 0.33923, 0.01662, 0.02698, 0.04424, 0.04905, 0.08542, 0.01246, 0.01465, 0.00651, 0.00797, 0.00805, 0.00766, 0.00907, 0.00659, 0.00817, 0.02079, 0.00611, 0.0295, 0.00657, 0.01809, 0.51542, 0.00574, 0.05837, 0.04037, 0.0435, 0.00975, 0.04487, 0.01691, 0.25457, 0.00945, 0.02051, 0.01106, 0.00759, 0.06795, 0.00585, 0.09707, 0.0059, 0.16361, 0.1312, 0.01148, 0.01524, 0.10113, 0.04476, 0.01579, 0.01877, 0.05253, 0.01237, 0.99234, 0.06094, 0.07564, 0.12413, 0.00894, 0.02897, 0.98261, 0.01461, 0.90458, 0.03156, 0.99958, 0.01017, 0.02863, 0.12467, 0.00869, 0.01135, 0.04016, 0.03854, 0.01806, 0.02576, 0.28162, 0.02495, 0.05412, 0.0177, 0.00652, 0.10238, 0.09816, 0.0068, 0.05187, 0.00845, 0.00894, 0.01137, 0.01647, 0.01332, 0.99897, 0.01825, 0.00636, 0.00847, 0.01153, 0.00836, 0.01482, 0.00982, 0.00914, 0.00578, 0.01421, 0.01456, 0.23315, 0.19185, 0.11474, 0.0169, 0.02246, 0.0057, 0.02465, 0.31648, 0.01087, 0.01165, 0.13977, 0.10736, 0.07851, 0.00606, 0.01114, 0.07497, 0.00762, 0.0288, 0.99886, 0.01649, 0.01137, 0.00648, 0.00744, 0.07266, 0.01965, 0.00605, 0.01175, 0.03398, 0.00811, 0.01525, 0.0221, 0.00639, 0.00945, 0.01817, 0.01363, 0.02775, 0.39883, 0.00763, 0.00965, 0.08975, 0.12466, 0.02093, 0.01342, 0.01185, 0.01478, 0.06623, 0.0576, 0.02579, 0.04692, 0.00716, 0.01927, 0.00656, 0.0747, 0.02956, 0.07755, 0.06291, 0.00575, 0.02091, 0.21802, 0.02144, 0.01604, 0.02677, 0.01584, 0.05101, 0.0419, 0.10249, 0.03887, 0.12691, 0.06236, 0.01336, 0.03453, 0.01724, 0.01172, 0.00682, 0.04352, 0.0495, 0.06506, 0.01401, 0.02959, 0.02125, 0.00638, 0.96576, 0.02919, 0.0103, 0.01136, 0.14583, 0.11575, 0.07663, 0.02908, 0.00765, 0.00702, 0.02076, 0.02985, 0.0449, 0.00873, 0.22122, 0.00609, 0.63279, 0.00625, 0.03276, 0.87605, 0.02129, 0.11835, 0.15394, 0.06201, 0.01306, 0.02325, 0.00684, 0.02429, 0.02558, 0.00768, 0.02786, 0.01766, 0.0085, 0.0323, 0.65237, 0.01515, 0.01514, 0.02672, 0.07463, 0.00626, 0.01678, 0.25516, 0.03505, 0.01399, 0.00982, 0.02174, 0.00982, 0.02897, 0.02617, 0.26603, 0.99846, 0.01402, 0.0255, 0.0054, 0.97446, 0.10175, 0.01205, 0.11052, 0.01162, 0.12442, 0.03861, 0.02259, 0.01833, 0.99948, 0.02719, 0.04714, 0.11835, 0.00925, 0.00601, 0.00945, 0.01619, 0.01351, 0.00922, 0.01193, 0.03481, 0.06082, 0.20667, 0.01314, 0.00662, 0.13583, 0.8811, 0.0655, 0.00694, 0.01598, 0.04306, 0.93815, 0.0363, 0.05437, 0.02283, 0.00624, 0.01055, 0.10709, 0.01214, 0.08251, 0.01041, 0.00983, 0.01221, 0.04184, 0.06811, 0.03147, 0.00682, 0.01973, 0.01573, 0.99701, 0.08714, 0.02825, 0.02632, 0.00633, 0.08387, 0.02642, 0.09998, 0.00967, 0.01097, 0.01746, 0.02953, 0.01506, 0.00941, 0.00612, 0.01554, 0.0116, 0.0318, 0.00734, 0.01578, 0.00704, 0.0067, 0.20499, 0.05858, 0.07593, 0.01109, 0.00902, 0.00638, 0.04696, 0.0206, 0.00966, 0.01989, 0.01191, 0.01166, 0.00998, 0.03655, 0.02909, 0.00578, 0.99123, 0.02717, 0.01082, 0.01201, 0.06186, 0.09592, 0.00834, 0.78165, 0.99954, 0.30816, 0.0077, 0.15124, 0.0071, 0.00781, 0.01326, 0.08979, 0.00742, 0.01056, 0.03116, 0.01634, 0.31648, 0.17517, 0.03731, 0.02038, 0.0809, 0.1824, 0.01539, 0.05962, 0.01649, 0.01852, 0.06945, 0.03143, 0.04047, 0.16424, 0.03078, 0.00665, 0.06225, 0.08278, 0.02002, 0.05313, 0.09164, 0.04539, 0.01266, 0.00606, 0.01546, 0.05676, 0.02106, 0.00993, 0.92362, 0.01132, 0.02504, 0.0085, 0.00828, 0.05303, 0.01237, 0.00619, 0.26303, 0.00745, 0.02012, 0.02128, 0.01913, 0.22193, 0.00899, 0.00965, 0.00675, 0.22363, 0.00867, 0.14616, 0.02169, 0.01607, 0.01445, 0.04362, 0.01091, 0.00767, 0.01534, 0.3718, 0.0142, 0.04359, 0.00857, 0.03925, 0.98637, 0.14837, 0.01585, 0.1046, 0.00791, 0.01376, 0.1175, 0.00664, 0.03264, 0.02043, 0.00763, 0.98558, 0.0663, 0.01241, 0.18231, 0.12019, 0.98695, 0.07122, 0.00865, 0.00794, 0.00675, 0.3802, 0.00864, 0.01241, 0.99469, 0.01716, 0.04283, 0.01874, 0.01326, 0.02894, 0.06559, 0.02599, 0.07387, 0.67784, 0.02314, 0.02394, 0.25437, 0.01742, 0.03897, 0.021, 0.00811, 0.0257, 0.00563, 0.00822, 0.12272, 0.0283, 0.00652, 0.03743, 0.01794, 0.03276, 0.01639, 0.00565, 0.03894, 0.01257, 0.05877, 0.29569, 0.00698, 0.05371, 0.1233, 0.05041, 0.21229, 0.01608, 0.06952, 0.0094, 0.10787, 0.00609, 0.99954, 0.06933, 0.01814, 0.01817, 0.0335, 0.00682, 0.99954, 0.10899, 0.02154, 0.98887, 0.11078, 0.0814, 0.02848, 0.09246, 0.03748, 0.02917, 0.03455, 0.02937, 0.03865, 0.05028, 0.02093, 0.0178, 0.05065, 0.00963, 0.00652, 0.05106, 0.02302, 0.07916, 0.12095, 0.01007, 0.03935, 0.00611, 0.00706, 0.0232, 0.01514, 0.04055, 0.00706, 0.04556, 0.02153, 0.14633, 0.01165, 0.12807, 0.01533, 0.01069, 0.01083, 0.01391, 0.30832, 0.00844, 0.03007, 0.02349, 0.16649, 0.00756, 0.03362, 0.2113, 0.01288, 0.02244, 0.09945, 0.13127, 0.1823, 0.0457, 0.02792, 0.02675, 0.04935, 0.01513, 0.59872, 0.01646, 0.00695, 0.00718, 0.00704, 0.00841, 0.97503, 0.03754, 0.05622, 0.02245, 0.01622, 0.01488, 0.03442, 0.03516, 0.01746, 0.06388, 0.03, 0.05783, 0.0129, 0.01023, 0.01189, 0.06091, 0.00635, 0.01877, 0.01316, 0.08996, 0.05252, 0.08983, 0.10178, 0.16289, 0.00943, 0.01985, 0.47995, 0.02262, 0.0064, 0.10878, 0.01785, 0.09941, 0.37719, 0.17757, 0.99931, 0.01789, 0.11673, 0.01355, 0.01688, 0.00808, 0.07028, 0.00761, 0.00867, 0.03856, 0.02814, 0.00844, 0.00863, 0.08082, 0.01316, 0.02006, 0.01327, 0.0996, 0.01444, 0.00966, 0.02033, 0.00879, 0.13436, 0.00603, 0.141, 0.59262, 0.01214, 0.02923, 0.00901, 0.01642, 0.01545, 0.01661, 0.01312, 0.07908, 0.01126, 0.0107, 0.01578, 0.02039, 0.0601, 0.05315, 0.03751, 0.02227, 0.19048, 0.01032, 0.01225, 0.1132, 0.02551, 0.0143, 0.00955, 0.02353, 0.08455, 0.01586, 0.00647, 0.01801, 0.00596, 0.00937, 0.03327, 0.10755, 0.22082, 0.01134, 0.02566, 0.0087, 0.00644, 0.12216, 0.01162, 0.04789, 0.06892, 0.37702, 0.00943, 0.00638, 0.7304, 0.10649, 0.02431, 0.00842, 0.05023, 0.56333, 0.00642, 0.01682, 0.56361, 0.05544, 0.17216, 0.00873, 0.12621, 0.5094, 0.02169, 0.02436, 0.0129, 0.01647, 0.03202, 0.03358, 0.05752, 0.02548, 0.83469, 0.04136, 0.00976, 0.04395, 0.00669, 0.03038, 0.00967, 0.03811, 0.02291, 0.03023, 0.03226, 0.05064, 0.03539, 0.01388, 0.04646, 0.09795, 0.99958, 0.01997, 0.01064, 0.02421, 0.01272, 0.00614, 0.00611, 0.87168, 0.00789, 0.02672, 0.06438, 0.00738, 0.12334, 0.01711, 0.96572, 0.01724, 0.01045, 0.00838, 0.00849, 0.07858, 0.01049, 0.02029, 0.02442, 