{"model": "bert-base-multilingual-cased", "dataset": "dravidian_malayalam", "train_config": "ce", "seed": 42, "thr_cal": 0.5187523573637008, "metrics_05": {"macro": 0.03404673932959641, "toxf1": 0.05851755526657997, "prec": 0.030181086519114688, "rec": 0.9574468085106383, "prauc": 0.05343108346288658, "ece": 0.4824316861430804, "covert": 0.14864864864864866}, "metrics_cal": {"macro": 0.5299643677455411, "toxf1": 0.09345794392523364, "prec": 0.08333333333333333, "rec": 0.10638297872340426, "prauc": 0.05343108346288658, "ece": 0.4824316861430804, "covert": 0.25}, "probs": [0.5142, 0.51216, 0.50844, 0.50648, 0.50468, 0.51546, 0.51686, 0.51151, 0.51305, 0.51139, 0.5172, 0.5157, 0.51704, 0.51505, 0.50743, 0.51436, 0.51051, 0.5084, 0.51191, 0.51245, 0.51429, 0.51779, 0.51511, 0.51362, 0.51356, 0.51614, 0.51256, 0.51049, 0.51203, 0.51331, 0.51431, 0.51126, 0.50962, 0.51479, 0.51818, 0.51329, 0.5071, 0.5108, 0.51329, 0.5111, 0.51492, 0.51327, 0.51768, 0.51357, 0.50787, 0.51735, 0.5165, 0.51172, 0.51681, 0.51238, 0.51071, 0.51638, 0.51419, 0.51532, 0.51701, 0.51492, 0.51417, 0.51593, 0.51316, 0.51049, 0.51322, 0.51315, 0.5116, 0.51248, 0.50168, 0.51266, 0.51499, 0.51148, 0.51722, 0.50871, 0.50471, 0.50949, 0.51178, 0.51679, 0.50148, 0.5171, 0.51223, 0.51103, 0.50882, 0.50926, 0.51281, 0.50711, 0.5145, 0.51541, 0.51623, 0.51413, 0.51025, 0.51564, 0.51477, 0.51487, 0.51021, 0.50962, 0.51948, 0.51416, 0.51344, 0.51475, 0.51476, 0.51536, 0.51573, 0.51538, 0.51627, 0.51624, 0.5166, 0.51576, 0.50977, 0.50465, 0.51106, 0.5061, 0.51379, 0.51331, 0.51342, 0.49951, 0.52173, 0.51314, 0.51038, 0.50455, 0.51543, 0.51193, 0.51383, 0.50378, 0.5208, 0.51183, 0.51351, 0.51829, 0.50929, 0.50789, 0.51546, 0.51354, 0.51171, 0.5124, 0.5075, 0.51433, 0.50922, 0.51383, 0.49993, 0.51287, 0.51316, 0.51768, 0.51451, 0.51393, 0.50927, 0.51567, 0.51298, 0.51184, 0.51568, 0.51534, 0.51057, 0.51432, 0.5092, 0.51008, 0.51466, 0.51218, 0.51504, 0.51372, 0.51684, 0.51686, 0.51488, 0.51634, 0.5132, 0.50279, 0.51544, 0.50831, 0.51462, 0.51609, 0.5108, 0.51392, 0.51589, 0.51679, 0.50665, 0.50982, 0.51343, 0.51091, 0.50996, 0.51435, 0.51157, 0.51494, 0.51318, 0.51551, 0.51358, 0.51121, 0.51785, 0.50528, 0.51764, 0.51078, 0.51803, 0.51169, 0.5138, 0.51634, 0.50894, 0.51706, 0.50849, 0.51542, 0.52017, 0.52134, 0.511, 0.5136, 0.51538, 0.51109, 0.51763, 0.51051, 0.51312, 0.51407, 0.50993, 0.51068, 0.51415, 0.51696, 0.51379, 0.51197, 0.5095, 0.51375, 0.51163, 0.50792, 0.50677, 0.5192, 0.51792, 0.50741, 0.51778, 0.51271, 0.51258, 0.51299, 0.50771, 0.5148, 0.51713, 0.51793, 0.52122, 0.51338, 0.51538, 0.50481, 0.507, 0.50105, 0.51693, 0.51079, 0.50983, 0.51735, 0.5123, 0.51251, 0.51542, 0.50924, 0.51169, 0.50506, 0.51228, 0.51185, 0.51296, 0.51408, 0.51837, 0.51685, 0.51582, 0.51564, 0.50924, 0.51245, 0.51414, 0.51293, 0.51251, 0.51519, 0.51592, 0.51298, 0.51426, 0.51333, 0.50819, 0.51879, 0.50495, 0.51754, 0.51533, 0.51817, 0.5133, 0.50619, 0.5181, 0.51227, 0.51117, 0.51513, 0.51501, 0.51224, 0.51654, 0.51026, 0.5099, 0.50634, 0.50957, 0.50632, 0.5169, 0.51498, 0.50394, 0.51452, 0.50589, 0.51243, 0.51262, 0.51942, 0.51106, 0.51436, 0.51094, 0.51545, 0.51549, 0.51328, 0.52023, 0.50762, 0.51225, 0.51786, 0.51223, 0.50954, 0.50929, 0.50972, 0.51438, 0.51426, 0.51179, 0.51133, 0.51605, 0.51509, 0.51107, 0.51629, 0.51395, 0.52108, 0.51579, 0.51358, 0.51966, 0.51639, 0.5187, 0.51099, 0.51502, 0.51252, 0.51348, 0.51592, 0.51507, 0.51778, 0.51566, 0.50679, 0.5155, 0.50992, 0.50711, 0.51604, 0.5069, 0.5095, 0.51332, 0.51116, 0.51258, 0.51365, 0.51807, 0.51397, 0.51616, 0.51394, 0.5126, 0.51609, 0.51772, 0.51297, 0.51451, 0.51884, 0.51056, 0.52094, 0.51226, 0.51686, 0.51444, 0.51313, 0.51168, 0.5126, 0.51764, 0.517, 0.51507, 0.51913, 0.51988, 0.51927, 0.50489, 0.51604, 0.51273, 0.50947, 0.51194, 0.518, 0.50611, 0.50987, 0.51273, 0.51088, 0.51712, 0.50465, 0.51205, 0.50923, 0.51817, 0.51796, 0.51217, 0.51332, 0.51659, 0.51622, 0.51497, 0.51663, 0.51666, 0.51679, 0.51499, 0.51212, 0.51225, 0.50415, 0.51804, 0.51496, 0.5167, 0.50824, 0.51352, 0.51784, 0.5155, 0.50859, 0.52217, 0.51214, 0.51067, 0.51633, 0.51832, 0.51464, 0.51683, 0.50979, 0.51785, 0.51669, 0.51101, 0.52063, 0.51205, 0.51052, 0.51028, 0.5066, 0.50641, 0.51245, 0.51688, 0.50633, 0.51082, 0.51513, 0.5195, 0.51017, 0.51567, 0.51199, 0.51147, 0.51701, 0.51645, 0.51075, 0.51034, 0.51412, 0.51524, 0.51406, 0.51304, 0.51505, 0.51332, 0.51232, 0.51136, 0.5107, 0.51489, 0.5134, 0.51371, 0.51756, 0.51325, 0.51713, 0.51314, 0.5029, 0.51064, 0.51592, 0.5165, 0.51024, 0.5184, 0.51733, 0.51381, 0.51872, 0.5143, 0.51045, 0.5111, 0.51136, 0.50979, 0.51759, 0.51193, 0.51152, 0.51838, 0.50909, 0.51393, 0.51092, 0.51732, 0.51348, 0.51403, 0.516, 0.51949, 0.51227, 0.51349, 0.51347, 0.51251, 0.50867, 0.50755, 0.51481, 0.5149, 0.51016, 0.51112, 0.51242, 0.5179, 0.51501, 0.51317, 0.51616, 0.51554, 0.51011, 0.51379, 0.51559, 0.51117, 0.51077, 0.51735, 0.51211, 0.51637, 0.51696, 0.50378, 0.51185, 0.51598, 0.51548, 0.51419, 0.51127, 0.51369, 0.508, 0.51568, 0.51425, 0.51447, 0.51438, 0.50848, 0.51833, 0.50854, 0.51055, 0.51666, 0.51815, 0.51563, 0.51738, 0.51103, 0.51486, 0.50827, 0.51004, 0.51031, 0.51537, 0.51242, 0.51238, 0.51019, 0.50586, 0.51118, 0.51093, 0.5177, 0.51509, 0.51622, 0.5118, 0.5117, 0.51136, 0.2935, 0.51561, 0.51527, 0.51456, 0.51609, 0.51271, 0.51179, 0.51579, 0.50846, 0.51549, 0.51616, 0.51572, 0.50496, 0.51516, 0.51238, 0.50953, 0.50643, 0.51595, 0.52086, 0.51702, 0.51488, 0.51492, 0.50967, 0.50994, 0.52255, 0.51263, 0.50983, 0.51403, 0.51679, 0.51953, 0.50999, 0.5121, 0.51356, 0.50456, 0.51358, 0.51684, 0.50903, 0.50789, 0.51429, 0.51159, 0.51567, 0.51242, 0.51055, 0.51856, 0.50798, 0.51522, 0.515, 0.5132, 0.50996, 0.51555, 0.50841, 0.50282, 0.51435, 0.51632, 0.51382, 0.49564, 0.51346, 0.51328, 0.51691, 0.51223, 0.51416, 0.50978, 0.51225, 0.51091, 0.51288, 0.51921, 0.5173, 0.51362, 0.50559, 0.51754, 0.51921, 0.51134, 0.51373, 0.50071, 0.51307, 0.51622, 0.51418, 0.52006, 0.51496, 0.51639, 0.51301, 0.50179, 0.51608, 0.51291, 0.51533, 0.51555, 0.51398, 0.50751, 0.51709, 0.51533, 0.51356, 0.51439, 0.51596, 0.51214, 0.5169, 0.50254, 0.50833, 0.51063, 0.51646, 0.50394, 0.5092, 0.51675, 0.51488, 0.51561, 0.51416, 0.51278, 0.51649, 0.51425, 0.5187, 0.51022, 0.51014, 0.51073, 0.50732, 0.51681, 0.51176, 0.51602, 0.50782, 0.51593, 0.51557, 0.51425, 0.51344, 0.51355, 0.51068, 0.51407, 0.51392, 0.51672, 0.51743, 0.50754, 0.5169, 0.50909, 0.50345, 0.51509, 0.51639, 0.51392, 0.51503, 0.51983, 0.51585, 0.51482, 0.51368, 0.51545, 0.51568, 0.51591, 0.5107, 0.51418, 0.51645, 0.51932, 0.50523, 0.51611, 0.51275, 0.51456, 0.51612, 0.51704, 0.51603, 0.51909, 0.50658, 0.51456, 0.51174, 0.5139, 0.50846, 0.51124, 0.51434, 0.51168, 0.51234, 0.51392, 0.51253, 0.51172, 0.51792, 0.51504, 0.5151, 0.50833, 0.5188, 0.51631, 0.51368, 0.51633, 0.50305, 0.51275, 0.51158, 0.50765, 0.5089, 0.5115, 0.51289, 0.51125, 0.50973, 0.50827, 0.51337, 0.51998, 0.51676, 0.51056, 0.51326, 0.51868, 0.50827, 0.50355, 0.50829, 0.51404, 0.50458, 0.51031, 0.50721, 0.51187, 0.51843, 0.51521, 0.51296, 0.5158, 0.51245, 0.5144, 0.51979, 0.51731, 0.51202, 0.50503, 0.50919, 0.51362, 0.51228, 0.51851, 0.51579, 0.51352, 0.51877, 0.51032, 0.51134, 0.51444, 0.51487, 0.51306, 0.51696, 0.51194, 0.51579, 0.51669, 0.51678, 0.51032, 0.51193, 0.51798, 0.5146, 0.51191, 0.51026, 0.51682, 0.51759, 0.51393, 0.51088, 0.51519, 0.51013, 0.51166, 0.51434, 0.51516, 0.51303, 0.51283, 0.51679, 0.51646, 0.51522, 0.51719, 0.51194, 0.51682, 0.50689, 0.51554, 0.51343, 0.51566, 0.51809, 0.51434, 0.50835, 0.51289, 0.51275, 0.51792, 0.51577, 0.50742, 0.51369, 0.51345, 0.51156, 0.49158, 0.5112, 0.51581, 0.50887, 0.50803, 0.51768, 0.51413, 0.50933, 0.5146, 0.518, 0.5167, 0.51507, 0.51111, 0.50799, 0.51426, 0.51723, 0.5072, 0.51049, 0.50607, 0.51586, 0.51951, 0.51063, 0.51201, 0.51478, 0.51328, 0.51635, 0.50212, 0.50964, 0.51118, 0.5158, 0.5192, 0.51779, 0.51616, 0.51481, 0.50874, 0.51417, 0.51648, 0.51581, 0.51147, 0.51275, 0.50441, 