{"model": "bert-base-multilingual-cased", "dataset": "hatexplain", "train_config": "hardneg", "seed": 2024, "thr_cal": 0.30639751851558683, "metrics_05": {"macro": 0.7344482259017076, "toxf1": 0.7987117552334944, "prec": 0.783157894736842, "rec": 0.8148959474260679, "prauc": 0.8845064447373627, "ece": 0.11145126039286453, "covert": 0.8970588235294118}, "metrics_cal": {"macro": 0.7206545230009263, "toxf1": 0.8091139240506329, "prec": 0.7523540489642184, "rec": 0.8751369112814896, "prauc": 0.8845064447373627, "ece": 0.11145126039286453, "covert": 0.901743264659271}, "probs": [0.47437, 0.4423, 0.03553, 0.19184, 0.06598, 0.81173, 0.99032, 0.03182, 0.75042, 0.0112, 0.85897, 0.07158, 0.30363, 0.31065, 0.9585, 0.02149, 0.06074, 0.11167, 0.98926, 0.45722, 0.03157, 0.9735, 0.02481, 0.36277, 0.91791, 0.96069, 0.98918, 0.57404, 0.09707, 0.09314, 0.9854, 0.6938, 0.6474, 0.94347, 0.98837, 0.01451, 0.91377, 0.86334, 0.98724, 0.01542, 0.98215, 0.73531, 0.46462, 0.16188, 0.09353, 0.67749, 0.0356, 0.59568, 0.92689, 0.60189, 0.05755, 0.90554, 0.98074, 0.12257, 0.24933, 0.9825, 0.42004, 0.6263, 0.93551, 0.96466, 0.03466, 0.92269, 0.99071, 0.91958, 0.99087, 0.29916, 0.95441, 0.29328, 0.9006, 0.98154, 0.09459, 0.99058, 0.64915, 0.97984, 0.2575, 0.45958, 0.96835, 0.90598, 0.47177, 0.9564, 0.97056, 0.25583, 0.81612, 0.21178, 0.07269, 0.91247, 0.9911, 0.05911, 0.96962, 0.89938, 0.1379, 0.99355, 0.51231, 0.89033, 0.86758, 0.07459, 0.65706, 0.3209, 0.63269, 0.98343, 0.00725, 0.95991, 0.9477, 0.86131, 0.10814, 0.83957, 0.96987, 0.87423, 0.98338, 0.68673, 0.01591, 0.83417, 0.43554, 0.15921, 0.83836, 0.65008, 0.74398, 0.59092, 0.95226, 0.72016, 0.93255, 0.18302, 0.11491, 0.99086, 0.68507, 0.42426, 0.40144, 0.16635, 0.53826, 0.93954, 0.27358, 0.9603, 0.0466, 0.08188, 0.91565, 0.4656, 0.67828, 0.96458, 0.9795, 0.3705, 0.1331, 0.99176, 0.90667, 0.98945, 0.79252, 0.18598, 0.97834, 0.05657, 0.84341, 0.96273, 0.78932, 0.84658, 0.97855, 0.75129, 0.97948, 0.93307, 0.99007, 0.92939, 0.03949, 0.94573, 0.09853, 0.89046, 0.87332, 0.85535, 0.97459, 0.64067, 0.96334, 0.26662, 0.99194, 0.90834, 0.04974, 0.31396, 0.37799, 0.96, 0.95024, 0.32804, 0.83795, 0.90179, 0.91454, 0.0677, 0.99405, 0.59963, 0.09851, 0.77862, 0.94861, 0.87508, 0.96815, 0.85278, 0.72151, 0.97373, 0.08115, 0.94141, 0.96697, 0.99085, 0.90909, 0.98213, 0.93472, 0.89992, 0.96767, 0.08617, 0.89038, 0.09512, 0.24082, 0.03828, 0.58764, 0.10763, 0.45023, 0.25083, 0.02726, 0.07592, 0.11826, 0.05161, 0.63424, 0.98088, 0.83118, 0.50336, 0.00878, 0.05358, 0.95759, 0.71636, 0.13352, 0.07517, 0.89306, 0.98913, 0.02339, 0.98301, 0.9744, 0.66462, 0.15807, 0.98021, 0.99062, 0.7626, 0.88497, 0.9649, 0.98196, 0.81233, 0.985, 0.89687, 0.97889, 0.92265, 0.04319, 0.90875, 0.31632, 0.92056, 0.90853, 0.96944, 0.14607, 0.01502, 0.15815, 0.6241, 0.96082, 0.98516, 0.42833, 0.96963, 0.09572, 0.93331, 0.92045, 0.11535, 0.07327, 0.92732, 0.07402, 0.98927, 0.62539, 0.97105, 0.98415, 0.18638, 0.97555, 0.03924, 0.01675, 0.07053, 0.94366, 0.92777, 0.16746, 0.50387, 0.1292, 0.56782, 0.97295, 0.98791, 0.97898, 0.92431, 0.99419, 0.95117, 0.96563, 0.98333, 0.89654, 0.40438, 0.65124, 0.91569, 0.00913, 0.22645, 0.0877, 0.07705, 0.0373, 0.22931, 0.99484, 0.53581, 0.73285, 0.18875, 0.95354, 0.08272, 0.86426, 0.05909, 0.95452, 0.99484, 0.87702, 0.15594, 0.96367, 0.98529, 0.01504, 0.12448, 0.90581, 0.74999, 0.96942, 0.52635, 0.92467, 0.41435, 0.80384, 0.07246, 0.97365, 0.99269, 0.84056, 0.02559, 0.53978, 0.94439, 0.16105, 0.98778, 0.29264, 0.12251, 0.96916, 0.9821, 0.90781, 0.97373, 0.30721, 0.92897, 0.98183, 0.07274, 0.27374, 0.94818, 0.90041, 0.09522, 0.9039, 0.99105, 0.41074, 0.86684, 0.07725, 0.9172, 0.01258, 0.13293, 0.72087, 0.9608, 0.36888, 0.9329, 0.68267, 0.81413, 0.91676, 0.99381, 0.01154, 0.46075, 0.55778, 0.89969, 0.07759, 0.93335, 0.99322, 0.00332, 0.98047, 0.65028, 0.98964, 0.98169, 0.96775, 0.98505, 0.03879, 0.96218, 0.93712, 0.98019, 0.74036, 0.55892, 0.22706, 0.91151, 0.90422, 0.98884, 0.98192, 0.99337, 0.33303, 0.99314, 0.66675, 0.05015, 0.22647, 0.04055, 0.33874, 0.9269, 0.95569, 0.44335, 0.70943, 0.62506, 0.96539, 0.92319, 0.41732, 0.96836, 0.74991, 0.15296, 0.80608, 0.32169, 0.61233, 0.35622, 0.65856, 0.51866, 0.95892, 0.90731, 0.18303, 0.00651, 0.79061, 0.18656, 0.52628, 0.10276, 0.50279, 0.97782, 0.03387, 0.93527, 0.9665, 0.06164, 0.93963, 0.50697, 0.9179, 0.95294, 0.15931, 0.30074, 0.14403, 0.80281, 0.86881, 0.17919, 0.0365, 0.04836, 0.29326, 0.18916, 0.97183, 0.92925, 0.9602, 0.80093, 0.98585, 0.30793, 0.96697, 0.83918, 0.79568, 0.85828, 0.41202, 0.99316, 0.84753, 0.28286, 0.06773, 0.96805, 0.33035, 0.29889, 0.03882, 0.35855, 0.82285, 0.10392, 0.28981, 0.27593, 0.97574, 0.34501, 0.09716, 0.95936, 0.94822, 0.89055, 0.09498, 0.6258, 0.85735, 0.6414, 0.97875, 0.03345, 0.01115, 0.50561, 0.87883, 0.12894, 0.97212, 0.8523, 0.8459, 0.84571, 0.97625, 0.86725, 0.93247, 0.90943, 0.05735, 0.98792, 0.18974, 0.59764, 0.0798, 0.44509, 0.50912, 0.99274, 0.9859, 0.9804, 0.9869, 0.5434, 0.02874, 0.018, 0.77545, 0.58501, 0.91242, 0.95021, 0.9835, 0.20767, 0.25416, 0.02125, 0.97151, 0.99077, 0.97977, 0.65979, 0.16835, 0.92947, 0.11569, 0.91068, 0.97602, 0.05804, 0.05975, 0.55718, 0.94545, 0.07987, 0.27579, 0.76431, 0.0371, 0.6756, 0.98507, 0.73891, 0.96109, 0.94685, 0.99216, 0.01435, 0.96114, 0.96309, 0.96577, 0.70352, 0.01592, 0.0246, 0.86011, 0.87741, 0.93148, 0.02034, 0.12132, 0.98229, 0.06443, 0.59364, 0.99125, 0.84186, 0.37081, 0.85698, 0.93168, 0.9599, 0.4926, 0.69778, 0.77672, 0.85054, 0.99328, 0.91808, 0.04384, 0.98545, 0.91615, 0.81715, 0.84394, 0.10619, 0.00538, 0.88511, 0.29785, 0.93995, 0.96945, 0.02853, 0.97994, 0.01694, 0.96607, 0.80045, 0.97959, 0.98839, 0.75709, 0.97143, 0.72837, 0.93551, 0.97767, 0.93492, 0.61217, 0.99244, 0.08252, 0.89069, 0.96039, 0.94524, 0.9796, 0.8926, 0.02926, 0.31108, 0.9923, 0.01097, 0.98102, 0.01731, 0.2974, 0.31203, 0.23108, 0.98809, 0.90782, 0.07078, 0.57741, 0.8238, 0.97947, 0.17863, 0.74888, 0.34549, 0.88601, 0.93195, 0.33911, 0.77193, 0.06409, 0.76171, 0.03585, 0.98208, 0.69123, 0.36777, 0.02733, 0.93338, 0.97817, 0.8633, 0.94689, 0.97205, 0.96503, 0.88338, 0.0495, 0.97973, 0.6933, 0.06418, 0.47165, 0.99438, 0.96237, 0.93876, 0.95337, 0.40381, 0.15674, 0.82501, 0.63796, 0.99243, 0.94588, 0.90673, 0.04069, 0.02446, 0.00874, 0.147, 0.88799, 0.85863, 0.88851, 0.993, 0.04396, 0.01707, 0.46478, 0.96109, 0.98683, 0.95475, 0.83204, 0.96795, 0.17335, 0.85259, 0.92751, 0.51147, 0.28574, 0.96572, 0.78982, 0.7628, 0.07607, 0.45244, 0.0785, 0.09215, 0.71689, 0.22308, 0.23446, 0.78999, 0.06056, 0.67201, 0.59139, 0.98254, 0.12709, 0.32915, 0.82973, 0.38187, 0.96984, 0.99108, 0.98285, 0.99298, 0.91519, 0.96441, 0.39223, 0.03375, 0.93606, 0.92645, 0.84619, 0.98268, 0.92448, 0.27105, 0.40137, 0.13727, 0.96753, 0.99197, 0.98011, 0.07487, 0.06612, 0.36016, 0.98394, 0.82099, 0.77029, 0.86215, 0.89456, 0.9442, 0.07825, 0.11215, 0.81191, 0.9911, 0.17643, 0.04741, 0.81105, 0.23574, 0.02903, 0.88937, 0.93177, 0.45315, 0.65203, 0.01904, 0.35708, 0.95895, 0.98403, 0.58542, 0.0159, 0.98318, 0.04835, 0.09121, 0.76699, 0.99344, 0.92996, 0.93447, 0.9244, 0.71565, 0.98764, 0.97638, 0.0108, 0.14578, 0.57176, 0.67488, 0.99174, 0.71803, 0.95004, 0.27899, 0.02323, 0.07315, 0.93576, 0.50063, 0.97339, 0.08955, 0.38413, 0.90859, 0.05229, 0.46462, 0.98954, 0.99201, 0.19817, 0.73785, 0.93586, 0.22279, 0.29419, 0.02722, 0.08209, 0.18196, 0.0623, 0.06586, 0.18044, 0.81539, 0.58322, 0.10865, 0.87409, 0.15773, 0.21246, 0.95348, 0.98796, 0.0738, 0.97378, 0.98754, 0.08393, 0.49411, 0.98421, 0.99239, 0.69282, 0.97131, 0.96471, 0.9924, 0.78964, 0.95502, 0.08872, 0.83638, 0.56883, 0.07437, 0.93654, 0.94313, 0.22921, 0.50071, 0.14611, 0.54804, 0.16198, 0.95959, 0.97509, 0.98159, 0.9851, 0.99141, 0.35902, 0.50009, 0.9917, 0.83573, 0.85825, 0.98419, 0.39365, 0.71964, 0.91622, 0.0187, 0.25862, 0.96359, 0.10658, 0.05234, 0.13201, 0.4312, 0.98405, 0.08544, 0.97858, 0.6787, 0.06402, 0.97113, 0.97068, 0.03443, 0.72173, 0.86442, 0.89602, 0.85606, 0.23754, 0.44585, 