{"model": "bert-base-multilingual-cased", "dataset": "dravidian_kannada", "train_config": "hardneg", "seed": 2024, "thr_cal": 0.34491574168205247, "metrics_05": {"macro": 0.7227486572574733, "toxf1": 0.6243386243386243, "prec": 0.5412844036697247, "rec": 0.7375, "prauc": 0.6815682988038028, "ece": 0.146245447340272, "covert": 0.8047337278106509}, "metrics_cal": {"macro": 0.7158035040387982, "toxf1": 0.628992628992629, "prec": 0.5182186234817814, "rec": 0.8, "prauc": 0.6815682988038028, "ece": 0.146245447340272, "covert": 0.8248587570621468}, "probs": [0.02006, 0.19841, 0.89513, 0.1256, 0.29382, 0.76608, 0.11019, 0.00801, 0.00174, 0.51804, 0.78193, 0.01945, 0.00351, 0.98866, 0.09819, 0.01685, 0.01567, 0.74606, 0.00507, 0.53664, 0.65822, 0.90006, 0.97519, 0.96263, 0.99949, 0.5746, 0.99737, 0.6263, 0.56641, 0.95675, 0.99939, 0.83609, 0.17717, 0.15696, 0.90501, 0.01178, 0.81301, 0.00939, 0.53539, 0.0265, 0.64594, 0.00908, 0.86725, 0.03104, 0.14005, 0.95135, 0.02378, 0.01074, 0.00303, 0.85496, 0.82307, 0.52713, 0.02611, 0.90071, 0.76331, 0.97407, 0.01171, 0.95319, 0.12895, 0.85829, 0.08901, 0.0029, 0.0063, 0.69345, 0.00376, 0.06105, 0.08761, 0.03403, 0.85743, 0.99898, 0.05575, 0.00172, 0.04495, 0.84636, 0.09966, 0.83172, 0.33107, 0.78917, 0.70649, 0.90618, 0.02631, 0.98584, 0.93139, 0.73287, 0.70047, 0.00813, 0.93025, 0.02889, 0.93394, 0.02601, 0.00428, 0.06984, 0.00161, 0.65078, 0.02353, 0.01716, 0.01401, 0.0109, 0.01032, 0.00575, 0.00732, 0.9512, 0.00806, 0.49086, 0.06793, 0.01607, 0.96018, 0.19922, 0.02536, 0.03803, 0.94034, 0.05068, 0.00225, 0.00688, 0.0109, 0.01755, 0.17717, 0.03823, 0.92177, 0.67275, 0.6309, 0.01428, 0.14247, 0.20093, 0.07199, 0.02309, 0.02378, 0.83139, 0.00337, 0.15156, 0.74929, 0.01914, 0.00346, 0.89053, 0.97559, 0.57903, 0.00279, 0.99754, 0.01252, 0.17905, 0.00467, 0.06441, 0.89848, 0.95813, 0.90304, 0.63886, 0.07041, 0.79639, 0.01193, 0.54449, 0.00224, 0.00341, 0.91872, 0.96727, 0.04252, 0.95605, 0.00573, 0.34782, 0.87409, 0.82201, 0.1738, 0.00234, 0.00616, 0.14526, 0.01588, 0.008, 0.58982, 0.37594, 0.59252, 0.88102, 0.02049, 0.85781, 0.30324, 0.04474, 0.47304, 0.00294, 0.02378, 0.00857, 0.02203, 0.96729, 0.02403, 0.01613, 0.02378, 0.98586, 0.94563, 0.02228, 0.95478, 0.09403, 0.39592, 0.00487, 0.87355, 0.98121, 0.00422, 0.02378, 0.0366, 0.99693, 0.07115, 0.38113, 0.88228, 0.05461, 0.34826, 0.0026, 0.30692, 0.50205, 0.24682, 0.55368, 0.95049, 0.08854, 0.99176, 0.01283, 0.95537, 0.76466, 0.9339, 0.00419, 0.01743, 0.0013, 0.84847, 0.85883, 0.00142, 0.0054, 0.05809, 0.11314, 0.01398, 0.73443, 0.96609, 0.35891, 0.00332, 0.07077, 0.00748, 0.00663, 0.00208, 0.11068, 0.00801, 0.21647, 0.02266, 0.90122, 0.99944, 0.02303, 0.00423, 0.00165, 0.20272, 0.02378, 0.86674, 0.99816, 0.99928, 0.00462, 0.00349, 0.03542, 0.05053, 0.20268, 0.75938, 0.06396, 0.54206, 0.55068, 0.06555, 0.0038, 0.01625, 0.15034, 0.40495, 0.01309, 0.69196, 0.06793, 0.96369, 0.10485, 0.0061, 0.01735, 0.02378, 0.05431, 0.00535, 0.00443, 0.00296, 0.05572, 0.82552, 0.42621, 0.00553, 0.05889, 0.71612, 0.00137, 0.91673, 0.86444, 0.10393, 0.8451, 0.97987, 0.24803, 0.43661, 0.51541, 0.04065, 0.96751, 0.00744, 0.01193, 0.98372, 0.00382, 0.00729, 0.79081, 0.14153, 0.02378, 0.79042, 0.82573, 0.06251, 0.06237, 0.01168, 0.08084, 0.00549, 0.99049, 0.0031, 0.00338, 0.42986, 0.02378, 0.02135, 0.01543, 0.03091, 0.02454, 0.00659, 0.45906, 0.9154, 0.19835, 0.01611, 0.06769, 0.18405, 0.39624, 0.98204, 0.06926, 0.00677, 0.95177, 0.87645, 0.01154, 0.88407, 0.00234, 0.44985, 0.98132, 0.00625, 0.07732, 0.81445, 0.07602, 0.01808, 0.00555, 0.03853, 0.93872, 0.03814, 0.11278, 0.08932, 0.00566, 0.89988, 0.05478, 0.13213, 0.21529, 0.99593, 0.94571, 0.02378, 0.10326, 0.00302, 0.75277, 0.97075, 0.56131, 0.45701, 0.63768, 0.97795, 0.9707, 0.00251, 0.01836, 0.04075, 0.00181, 0.01657, 0.50504, 0.01624, 0.02069, 0.97269, 0.02952, 0.00154, 0.21662, 0.9994, 0.19958, 0.01045, 0.02378, 0.0133, 0.00273, 0.01538, 0.95438, 0.99092, 0.0164, 0.91782, 0.01633, 0.01503, 0.92174, 0.93682, 0.99394, 0.00144, 0.00631, 0.71217, 0.97559, 0.22917, 0.00847, 0.02626, 0.21286, 0.08942, 0.00611, 0.84626, 0.84552, 0.00585, 0.97883, 0.05843, 0.60945, 0.93894, 0.80073, 0.0041, 0.01782, 0.10093, 0.99943, 0.1567, 0.46055, 0.01788, 0.00901, 0.88972, 0.01554, 0.17315, 0.82027, 0.00215, 0.10809, 0.04511, 0.12272, 0.363, 0.87602, 0.20702, 0.00282, 0.90201, 0.97601, 0.38839, 0.98985, 0.95461, 0.00185, 0.07824, 0.84729, 0.00502, 0.03138, 0.54247, 0.98864, 0.89266, 0.15094, 0.97684, 0.0037, 0.01826, 0.12447, 0.02208, 0.00222, 0.99925, 0.95386, 0.00514, 0.93349, 0.0249, 0.50507, 0.95735, 0.06904, 0.00236, 0.00455, 0.08693, 0.0966, 0.54489, 0.10855, 0.03891, 0.00767, 0.07004, 0.00472, 0.0264, 0.0014, 0.12255, 0.02506, 0.02099, 0.9813, 0.79841, 0.38552, 0.95187, 0.97567, 0.40861, 0.0122, 0.48377, 0.00186, 0.21171, 0.99313, 0.21002, 0.01289, 0.95918, 0.81838, 0.00393, 0.13887, 0.54838, 0.70245, 0.97052, 0.83894, 0.59339, 0.00183, 0.04493, 0.06626, 0.94051, 0.996, 0.00381, 0.8575, 0.48115, 0.14808, 0.9379, 0.98204, 0.00731, 0.00285, 0.43881, 0.01921, 0.00459, 0.97783, 0.00901, 0.02093, 0.00196, 0.97384, 0.00596, 0.96714, 0.08019, 0.01205, 0.0026, 0.09854, 0.10629, 0.81415, 0.02533, 0.27705, 0.00951, 0.99113, 0.86759, 0.01319, 0.17306, 0.93508, 0.02378, 0.64096, 0.20114, 0.05357, 0.01438, 0.42608, 0.81065, 0.02317, 0.07706, 0.02378, 0.16232, 0.11295, 0.11463, 0.98189, 0.9538, 0.43515, 0.81596, 0.8529, 0.00288, 0.82977, 0.92955, 0.91563, 0.2678, 0.56177, 0.9942, 0.0014, 0.01885, 0.12012, 0.00154, 0.97433, 0.0011, 0.64693, 0.71148, 0.16698, 0.02211, 0.45799, 0.00881, 0.94443, 0.99137, 0.20187, 0.49434, 0.00239, 0.99671, 0.37429, 0.98919, 0.95549, 0.21741, 0.8279, 0.6219, 0.07326, 0.14861, 0.09657, 0.02751, 0.94296, 0.03349, 0.01829, 0.22596, 0.8667, 0.0042, 0.93172], "labels": [0, 0, 0, 0, 0, 0, 0, 0, 0, 0, 0, 0, 0, 0, 1, 0, 0, 1, 0, 0, 0, 0, 0, 1, 1, 1, 1, 1, 1, 0, 1, 0, 1, 1, 1, 0, 1, 0, 0, 1, 0, 0, 1, 0, 0, 0, 0, 0, 0, 1, 0, 0, 0, 1, 0, 0, 0, 0, 1, 0, 0, 0, 0, 1, 0, 0, 0, 0, 1, 1, 1, 0, 0, 0, 0, 1, 0, 0, 0, 1, 0, 1, 1, 0, 0, 0, 1, 0, 1, 0, 0, 0, 0, 0, 0, 0, 0, 1, 0, 0, 0, 1, 0, 1, 0, 0, 1, 0, 0, 0, 0, 0, 0, 0, 0, 0, 0, 0, 1, 0, 0, 0, 1, 1, 0, 0, 0, 0, 0, 0, 0, 0, 0, 1, 1, 0, 0, 1, 0, 0, 0, 0, 1, 1, 1, 0, 0, 0, 1, 0, 0, 0, 0, 0, 0, 1, 0, 0, 0, 1, 1, 1, 0, 1, 0, 0, 0, 0, 0, 0, 0, 1, 0, 0, 1, 0, 0, 0, 0, 0, 0, 0, 0, 0, 1, 0, 0, 0, 0, 0, 0, 1, 0, 1, 0, 1, 1, 0, 0, 0, 0, 0, 0, 0, 1, 1, 0, 0, 1, 0, 1, 0, 1, 0, 0, 0, 1, 0, 0, 0, 1, 0, 0, 0, 1, 0, 0, 0, 0, 0, 0, 0, 0, 0, 0, 1, 1, 0, 0, 0, 0, 0, 0, 1, 1, 0, 0, 0, 0, 0, 0, 0, 0, 1, 0, 0, 0, 0, 1, 0, 1, 0, 0, 0, 0, 0, 0, 0, 0, 0, 0, 0, 0, 1, 0, 0, 0, 0, 1, 1, 0, 1, 1, 0, 0, 1, 0, 1, 0, 0, 1, 0, 0, 1, 0, 0, 0, 1, 0, 0, 0, 0, 0, 0, 0, 0, 0, 1, 0, 0, 0, 0, 0, 0, 1, 1, 0, 0, 0, 0, 1, 1, 0, 0, 1, 0, 1, 0, 1, 1, 0, 0, 0, 0, 0, 0, 0, 1, 0, 0, 0, 0, 0, 0, 0, 0, 1, 0, 0, 0, 0, 0, 1, 0, 0, 1, 0, 1, 0, 0, 1, 0, 0, 0, 0, 0, 1, 0, 0, 1, 1, 0, 0, 0, 0, 0, 0, 1, 1, 0, 1, 0, 0, 1, 1, 1, 0, 0, 1, 1, 0, 0, 0, 0, 0, 0, 0, 0, 0, 1, 1, 1, 0, 1, 0, 0, 0, 1, 0, 0, 0, 0, 0, 0, 0, 0, 0, 1, 0, 1, 0, 0, 1, 0, 0, 0, 1, 1, 1, 0, 0, 0, 0, 0, 0, 1, 1, 0, 1, 0, 0, 0, 0, 0, 1, 1, 0, 1, 0, 1, 0, 0, 0, 0, 0, 0, 0, 0, 0, 0, 0, 0, 0, 0, 0, 0, 0, 1, 0, 1, 0, 0, 1, 1, 1, 0, 0, 1, 0, 0, 1, 1, 0, 0, 1, 0, 1, 1, 0, 0, 0, 0, 1, 1, 0, 1, 0, 0, 1, 0, 0, 0, 0, 0, 0, 0, 0, 0, 0, 1, 0, 1, 0, 0, 0, 1, 0, 1, 0, 0, 0, 1, 0, 0, 0, 0, 0, 0, 0, 0, 0, 0, 0, 0, 1, 0, 0, 1, 1, 1, 0, 0, 0, 1, 0, 0, 0, 1, 0, 1, 1, 0, 0, 0, 0, 1, 0, 0, 0, 0, 0, 0, 0, 1, 1, 1, 1, 0, 0, 0, 1, 1, 0, 0, 0, 0, 0, 0, 0, 0, 0, 0, 0, 1, 0, 1], "n": {"train": 3400, "val": 600, "test": 586, "toxic_frac": 0.23911764705882352}}