{"model": "bert-base-multilingual-cased", "dataset": "dravidian_tamil", "train_config": "hardneg", "seed": 99, "thr_cal": 0.5249086320400239, "metrics_05": {"macro": 0.7075879706605164, "toxf1": 0.5845799769850403, "prec": 0.4875239923224568, "rec": 0.7298850574712644, "prauc": 0.5946127438059271, "ece": 0.1409760813191533, "covert": 0.7251184834123223}, "metrics_cal": {"macro": 0.7076037680833631, "toxf1": 0.5830429732868757, "prec": 0.48927875243664715, "rec": 0.7212643678160919, "prauc": 0.5946127438059271, "ece": 0.1409760813191533, "covert": 0.7255369928400954}, "probs": [0.001, 0.00109, 0.01134, 0.00244, 0.88648, 0.04636, 0.00317, 0.00355, 0.00111, 0.04148, 0.03468, 0.03581, 0.00334, 0.00633, 0.74367, 0.31064, 0.90077, 0.23608, 0.00139, 0.95276, 0.04908, 0.03386, 0.00838, 0.20428, 0.01916, 0.22697, 0.95917, 0.05644, 0.27528, 0.01321, 0.01276, 0.09227, 0.00722, 0.11442, 0.07818, 0.97641, 0.45119, 0.6673, 0.00147, 0.90463, 0.84237, 0.02553, 0.17075, 0.73976, 0.02383, 0.98093, 0.001, 0.00533, 0.56652, 0.00494, 0.00219, 0.00553, 0.01992, 0.17918, 0.13717, 0.5277, 0.36382, 0.69287, 0.7759, 0.01929, 0.01272, 0.00162, 0.74204, 0.00765, 0.02928, 0.05565, 0.04564, 0.87417, 0.88444, 0.04933, 0.74824, 0.33727, 0.06037, 0.00231, 0.82304, 0.90327, 0.70555, 0.93364, 0.00389, 0.29794, 0.54402, 0.88546, 0.10526, 0.00118, 0.02546, 0.00276, 0.00567, 0.0154, 0.01721, 0.15828, 0.00337, 0.93723, 0.00671, 0.11686, 0.44601, 0.68684, 0.81124, 0.00272, 0.08874, 0.00619, 0.2567, 0.01856, 0.12847, 0.15978, 0.81328, 0.87318, 0.08754, 0.00994, 0.00175, 0.95907, 0.91494, 0.07299, 0.9731, 0.15676, 0.01445, 0.01243, 0.00223, 0.01362, 0.12132, 0.00295, 0.09553, 0.00124, 0.02914, 0.34894, 0.04085, 0.01852, 0.96696, 0.24583, 0.00217, 0.00162, 0.16802, 0.15097, 0.02159, 0.10773, 0.93858, 0.65419, 0.55596, 0.00542, 0.00623, 0.96604, 0.79172, 0.00359, 0.90875, 0.9491, 0.02987, 0.38913, 0.00162, 0.51927, 0.5497, 0.69428, 0.42084, 0.00753, 0.88595, 0.00687, 0.77633, 0.06979, 0.00343, 0.93262, 0.00243, 0.29054, 0.01475, 0.95042, 0.19856, 0.95528, 0.00657, 0.2653, 0.9461, 0.51081, 0.6968, 0.30616, 0.91432, 0.78477, 0.1665, 0.15139, 0.02925, 0.00967, 0.48718, 0.01075, 0.00184, 0.7768, 0.19375, 0.66744, 0.65386, 0.84639, 0.00689, 0.017, 0.8495, 0.00254, 0.00361, 0.02517, 0.08919, 0.02744, 0.14125, 0.08386, 0.00196, 0.26027, 0.09367, 0.62935, 0.04822, 0.00169, 0.34464, 0.98089, 0.89443, 0.00492, 0.32775, 0.31781, 0.2196, 0.00133, 0.0747, 0.07409, 0.73712, 0.01979, 0.77725, 0.0047, 0.00277, 0.81004, 0.00809, 0.01456, 0.14024, 0.00104, 0.00558, 0.00716, 0.42391, 0.96462, 0.03863, 0.55967, 0.93665, 0.081, 0.0019, 0.01095, 0.49364, 0.06282, 0.13205, 0.97704, 0.02922, 0.1901, 0.87081, 0.00098, 0.95134, 0.00749, 0.97959, 0.08301, 0.01756, 0.21528, 0.17304, 0.37045, 0.01667, 0.37681, 0.52764, 0.13956, 0.00474, 0.00179, 0.00257, 0.00236, 0.82984, 0.07183, 0.0128, 0.60248, 0.06274, 0.00125, 0.91489, 0.96795, 0.59795, 0.11665, 0.52269, 0.01378, 0.79528, 0.0871, 0.92001, 0.07807, 0.0379, 0.96702, 0.9559, 0.00216, 0.02698, 0.00267, 0.90721, 0.22151, 0.00945, 0.44628, 0.03516, 0.00674, 0.00223, 0.00292, 0.01659, 0.00361, 0.33906, 0.04004, 0.1394, 0.86508, 0.06002, 0.00093, 0.01087, 0.82486, 0.91582, 0.19363, 0.10076, 0.25603, 0.95397, 0.21763, 0.00121, 0.00589, 0.86094, 0.90722, 0.63074, 0.04767, 0.02885, 0.05617, 0.147, 0.01178, 0.57581, 0.946, 0.57634, 0.84516, 0.91902, 0.76932, 0.64685, 0.62706, 0.01221, 0.29552, 0.00129, 0.89793, 0.90476, 0.55916, 0.00874, 0.94143, 0.87688, 0.18508, 0.08178, 0.00116, 0.25128, 0.62219, 0.01844, 0.02024, 0.02222, 0.00274, 0.06249, 0.60967, 0.05376, 0.04381, 0.00099, 0.00411, 0.06439, 0.91031, 0.14116, 0.00308, 0.59265, 0.00523, 0.45898, 0.0751, 0.9203, 0.35991, 0.29012, 0.95146, 0.33505, 0.83083, 0.01121, 0.28276, 0.02359, 0.10678, 0.39546, 0.41953, 0.07317, 0.08093, 0.12086, 0.92461, 0.00415, 0.93868, 0.00118, 0.97739, 0.00193, 0.53346, 0.85468, 0.08051, 0.01968, 0.04346, 0.06821, 0.80957, 0.95827, 0.02216, 0.93932, 0.00185, 0.01085, 0.32698, 0.75942, 0.28693, 0.13251, 0.79763, 0.00152, 0.05832, 0.599, 0.22425, 0.00418, 0.07626, 0.0121, 0.93467, 0.79524, 0.66008, 0.03004, 0.00345, 0.95971, 0.09446, 0.00841, 0.00252, 0.00577, 0.00196, 0.42252, 0.96576, 0.02076, 0.93789, 0.9804, 0.01413, 0.67038, 0.9191, 0.07268, 0.66973, 0.90123, 0.03672, 0.84721, 0.92318, 0.78066, 0.85898, 0.00893, 0.02216, 0.3293, 0.00572, 0.14234, 0.00914, 0.4584, 0.18285, 0.00163, 0.93116, 0.80358, 0.91848, 0.82021, 0.00352, 0.003, 0.92654, 0.02458, 0.00161, 0.74193, 0.13488, 0.93951, 0.93429, 0.17123, 0.05403, 0.91422, 0.00128, 0.81938, 0.67142, 0.05953, 0.76302, 0.04866, 0.04917, 0.14408, 0.76, 0.54923, 0.25964, 0.07447, 0.06745, 0.01274, 0.00185, 0.65539, 0.0078, 0.00404, 0.88192, 0.02686, 0.05114, 0.67106, 0.19079, 0.00203, 0.05569, 0.88345, 0.00605, 0.34179, 0.06611, 0.0035, 0.90899, 0.93788, 0.95363, 0.6329, 0.30301, 0.00648, 0.77793, 0.02326, 0.97327, 0.99086, 0.00732, 0.00335, 0.03018, 0.6653, 0.97828, 0.22868, 0.00549, 0.87377, 0.66267, 0.89024, 0.00124, 0.89151, 0.86416, 0.86064, 0.81479, 0.00246, 0.43429, 0.81377, 0.01101, 0.00602, 0.00405, 0.95505, 0.04337, 0.0014, 0.07584, 0.0022, 0.40443, 0.01735, 0.43347, 0.45276, 0.10738, 0.7285, 0.41418, 0.95819, 0.04673, 0.00161, 0.76499, 0.86215, 0.77095, 0.10913, 0.03204, 0.53048, 0.80786, 0.72882, 0.2028, 0.93259, 0.78584, 0.32647, 0.01109, 0.01592, 0.00104, 0.0025, 0.07539, 0.06159, 0.00484, 0.00702, 0.00184, 0.10663, 0.97398, 0.12232, 0.95247, 0.00615, 0.00144, 0.00446, 0.02377, 0.2432, 0.52744, 0.20964, 0.03899, 0.79256, 0.91787, 0.95795, 0.95716, 0.80008, 0.73622, 0.1041, 0.12311, 0.12613, 0.52189, 0.9465, 0.89122, 0.00125, 0.969, 0.01091, 0.71343, 0.05149, 0.00124, 0.04047, 0.70842, 0.08627, 0.11065, 0.66516, 0.00169, 0.31463, 0.30473, 0.00342, 0.65717, 0.00329, 0.08054, 0.2255, 0.00419, 0.80249, 0.97299, 0.01573, 0.96252, 0.64024, 0.33346, 0.01307, 0.03328, 0.00656, 0.00885, 0.00378, 0.71449, 0.00579, 0.93259, 0.9223, 0.19204, 0.12832, 0.0613, 0.01413, 0.01723, 0.93456, 0.93094, 0.19532, 0.88273, 0.01023, 0.43196, 0.57774, 0.09796, 0.07337, 0.52148, 0.02293, 0.89099, 0.09488, 0.02884, 0.97841, 0.01959, 0.59652, 0.43328, 0.00867, 0.00448, 0.87948, 0.68315, 0.57004, 0.41758, 0.00205, 0.08538, 0.03753, 0.06773, 0.80748, 0.00145, 0.97346, 0.05531, 0.0106, 0.01757, 0.92357, 0.65506, 0.7427, 0.05345, 0.25689, 0.84149, 0.78742, 0.93357, 0.03481, 0.17267, 0.94841, 0.01658, 0.03998, 0.1209, 0.00132, 0.89287, 0.91062, 0.93104, 0.89796, 0.32872, 0.0365, 0.00332, 0.91427, 0.18734, 0.15326, 0.0085, 0.12015, 0.38998, 0.94506, 0.00135, 0.91078, 0.27296, 0.00514, 0.06596, 0.00326, 0.2607, 0.00143, 0.96474, 0.00993, 0.78752, 0.86771, 0.00117, 0.0631, 0.00086, 0.01906, 0.95448, 0.05053, 0.26074, 0.13412, 0.13287, 0.12395, 0.04595, 0.37555, 0.19315, 0.00128, 0.12299, 0.00285, 0.34619, 0.22589, 0.03059, 0.11877, 0.95969, 0.2258, 0.07548, 0.17171, 0.01161, 0.00123, 0.0025, 0.00235, 0.00266, 0.16716, 0.00231, 0.92727, 0.15367, 0.7551, 0.00415, 0.968, 0.09435, 0.95297, 0.56876, 0.67598, 0.12941, 0.00167, 0.00687, 0.0663, 0.86469, 0.06336, 0.66499, 0.00121, 0.34195, 0.96974, 0.25934, 0.78017, 0.00421, 0.01898, 0.00335, 0.53064, 0.00297, 0.00145, 0.10904, 0.97895, 0.93256, 0.32506, 0.82223, 0.01459, 0.01402, 0.81543, 0.67016, 0.10054, 0.11058, 0.84964, 0.22355, 0.66096, 0.00866, 0.85499, 0.19038, 0.0116, 0.09549, 0.21922, 0.97043, 0.01148, 0.1447, 0.03028, 0.02439, 0.95758, 0.15346, 0.93191, 0.10553, 0.18378, 0.00386, 0.04295, 0.02048, 0.24417, 0.3597, 0.00371, 0.94415, 0.00389, 0.00685, 0.97059, 0.27892, 0.16406, 0.47519, 0.03208, 0.10597, 0.83745, 0.065, 0.85738, 0.90459, 0.02111, 0.29244, 0.7803, 0.00424, 0.00969, 0.67834, 0.23545, 0.0294, 0.05651, 0.90818, 0.00395, 0.03459, 0.00275, 0.69877, 0.01898, 0.37534, 0.06574, 0.97212, 0.56464, 0.10913, 0.01433, 0.56512, 0.52335, 0.00464, 0.00352, 0.03141, 0.13681, 0.03583, 0.01759, 0.84148, 0.9335, 0.53311, 0.09035, 0.08368, 0.92844, 0.67339, 0.00564, 0.01361, 0.82457, 0.21615, 0.00753, 0.05104, 0.85545, 