{"model": "bert-base-multilingual-cased", "dataset": "dravidian_kannada", "train_config": "supcon", "seed": 42, "thr_cal": 0.5117916762828827, "metrics_05": {"macro": 0.7407794166702926, "toxf1": 0.6257668711656442, "prec": 0.6144578313253012, "rec": 0.6375, "prauc": 0.7018158728172563, "ece": 0.09328819751904788, "covert": 0.8121212121212121}, "metrics_cal": {"macro": 0.7440600978336828, "toxf1": 0.6296296296296297, "prec": 0.6219512195121951, "rec": 0.6375, "prauc": 0.7018158728172563, "ece": 0.09328819751904788, "covert": 0.8121212121212121}, "probs": [0.02298, 0.08429, 0.64137, 0.07754, 0.47362, 0.08527, 0.11483, 0.0094, 0.00346, 0.14214, 0.51691, 0.10504, 0.00671, 0.48763, 0.25581, 0.00844, 0.02889, 0.8518, 0.00692, 0.42546, 0.08785, 0.04083, 0.99095, 0.94717, 0.99889, 0.96141, 0.98792, 0.06295, 0.27478, 0.619, 0.99918, 0.86229, 0.73959, 0.05215, 0.35699, 0.01914, 0.2884, 0.01044, 0.0926, 0.11334, 0.06923, 0.01288, 0.98882, 0.09097, 0.04539, 0.12768, 0.10385, 0.06467, 0.02033, 0.20275, 0.94271, 0.14545, 0.03591, 0.68218, 0.81005, 0.11634, 0.02542, 0.54883, 0.30178, 0.96627, 0.03543, 0.00278, 0.03138, 0.34492, 0.0084, 0.01361, 0.04564, 0.02082, 0.41253, 0.99902, 0.03025, 0.0046, 0.04656, 0.84411, 0.10446, 0.25114, 0.28642, 0.02441, 0.90995, 0.91237, 0.57781, 0.83567, 0.11675, 0.42665, 0.37521, 0.0125, 0.69076, 0.04612, 0.1889, 0.0204, 0.00743, 0.37127, 0.00719, 0.59306, 0.04981, 0.04496, 0.01395, 0.00826, 0.13279, 0.023, 0.01442, 0.97367, 0.03208, 0.86918, 0.03886, 0.12612, 0.98014, 0.01647, 0.03518, 0.04159, 0.42415, 0.1362, 0.00408, 0.00422, 0.01044, 0.00536, 0.73959, 0.09919, 0.41937, 0.95357, 0.13905, 0.01597, 0.68868, 0.02416, 0.15182, 0.03897, 0.10385, 0.30932, 0.02394, 0.4066, 0.98591, 0.0333, 0.00277, 0.53698, 0.93126, 0.12412, 0.02153, 0.99861, 0.05613, 0.21492, 0.01737, 0.03066, 0.67095, 0.74282, 0.97903, 0.09943, 0.06829, 0.62821, 0.12386, 0.18978, 0.016, 0.01259, 0.4552, 0.7704, 0.06357, 0.90917, 0.00539, 0.27941, 0.26035, 0.57845, 0.04859, 0.02415, 0.02299, 0.1315, 0.06397, 0.02006, 0.09565, 0.33233, 0.0813, 0.90425, 0.01218, 0.97574, 0.0098, 0.04698, 0.64157, 0.00621, 0.10385, 0.14934, 0.04862, 0.97849, 0.14423, 0.04937, 0.10385, 0.88749, 0.97818, 0.02937, 0.97985, 0.00896, 0.16251, 0.00515, 0.41863, 0.99262, 0.01829, 0.10385, 0.10264, 0.99525, 0.03445, 0.0226, 0.87886, 0.24362, 0.2268, 0.00356, 0.01342, 0.22795, 0.08344, 0.52009, 0.95472, 0.02037, 0.97048, 0.01276, 0.96179, 0.6499, 0.91681, 0.01619, 0.02043, 0.00511, 0.92924, 0.0137, 0.00354, 0.02039, 0.00667, 0.01417, 0.01255, 0.04896, 0.43753, 0.37878, 0.01938, 0.04902, 0.01069, 0.03632, 0.01086, 0.02559, 0.01615, 0.10908, 0.10111, 0.94987, 0.99891, 0.23183, 0.01551, 0.00555, 0.14958, 0.10385, 0.2616, 0.99217, 0.99835, 0.00876, 0.0153, 0.21084, 0.58285, 0.25486, 0.5582, 0.12422, 0.82524, 0.19613, 0.02296, 0.02681, 0.05269, 0.26142, 0.16963, 0.023, 0.83912, 0.03886, 0.8815, 0.15028, 0.1618, 0.01052, 0.10385, 0.01147, 0.00954, 0.0172, 0.00875, 0.01908, 0.47267, 0.3872, 0.00677, 0.0242, 0.50796, 0.00465, 0.98718, 0.98033, 0.63453, 0.90239, 0.98064, 0.06713, 0.49043, 0.77501, 0.05038, 0.96952, 0.02047, 0.06044, 0.77648, 0.00778, 0.01218, 0.51271, 0.01672, 0.10385, 0.96388, 0.78737, 0.03161, 0.02727, 0.02196, 0.0634, 0.0166, 0.98587, 0.00447, 0.02434, 0.08525, 0.10385, 0.02126, 0.04092, 0.01814, 0.07448, 0.03156, 0.14688, 0.9943, 0.14634, 0.01294, 0.02361, 0.47803, 0.08159, 0.85978, 0.05051, 0.01355, 0.05748, 0.99654, 0.04818, 0.67738, 0.01468, 0.42292, 0.99231, 0.00579, 0.09916, 0.07994, 0.15487, 0.03303, 0.0219, 0.03552, 0.37869, 0.0383, 0.0747, 0.14131, 0.01217, 0.7117, 0.03256, 0.61898, 0.04021, 0.99837, 0.95845, 0.10385, 0.13368, 0.01311, 0.11645, 0.90891, 0.83663, 0.08795, 0.61354, 0.93445, 0.12204, 0.01067, 0.02318, 0.53273, 0.00851, 0.04858, 0.1203, 0.08952, 0.01356, 0.95459, 0.05011, 0.0128, 0.25732, 0.99943, 0.07478, 0.00788, 0.10385, 0.01055, 0.01924, 0.02052, 0.91364, 0.97707, 0.00717, 0.8809, 0.08479, 0.07345, 0.97562, 0.60614, 0.42093, 0.00661, 0.02188, 0.07359, 0.94037, 0.08352, 0.02275, 0.00538, 0.10788, 0.21065, 0.00729, 0.50396, 0.59054, 0.01001, 0.96561, 0.05067, 0.56894, 0.87308, 0.44485, 0.01619, 0.03139, 0.02027, 0.99816, 0.28983, 0.04321, 0.02362, 0.01151, 0.13586, 0.01393, 0.25831, 0.62882, 0.00879, 0.15343, 0.03638, 0.24681, 0.04652, 0.91871, 0.14674, 0.01204, 0.97215, 0.89369, 0.33372, 0.97114, 0.9961, 0.01334, 0.08599, 0.36072, 0.02604, 0.21989, 0.25967, 0.98388, 0.96604, 0.01177, 0.94067, 0.00422, 0.06051, 0.53145, 0.02045, 0.00737, 0.99885, 0.98485, 0.01562, 0.96022, 0.42441, 0.61779, 0.91223, 0.01922, 0.00596, 0.00222, 0.20678, 0.13695, 0.05297, 0.20468, 0.05868, 0.0045, 0.10587, 0.01236, 0.07699, 0.00278, 0.31306, 0.02712, 0.03313, 0.79855, 0.24264, 0.76939, 0.95454, 0.97861, 0.52286, 0.06603, 0.7963, 0.01421, 0.71146, 0.93942, 0.17513, 0.0055, 0.97386, 0.29885, 0.00858, 0.14704, 0.2765, 0.26284, 0.976, 0.8822, 0.54126, 0.01076, 0.04901, 0.21428, 0.96026, 0.9973, 0.01984, 0.61599, 0.81173, 0.05542, 0.91453, 0.8984, 0.00656, 0.01919, 0.24127, 0.01748, 0.00452, 0.72913, 0.00945, 0.06899, 0.00387, 0.9832, 0.00468, 0.99233, 0.01178, 0.01547, 0.02372, 0.13204, 0.14054, 0.46812, 0.20648, 0.17012, 0.02604, 0.51494, 0.82539, 0.01516, 0.06119, 0.48486, 0.10385, 0.62731, 0.04637, 0.01288, 0.05195, 0.82337, 0.33648, 0.01557, 0.14812, 0.10385, 0.18916, 0.05785, 0.10633, 0.93368, 0.51211, 0.27725, 0.20872, 0.41858, 0.01463, 0.87382, 0.92047, 0.97368, 0.14198, 0.49876, 0.99162, 0.0151, 0.03364, 0.1395, 0.00476, 0.99358, 0.00859, 0.85603, 0.16683, 0.04482, 0.05673, 0.23403, 0.03196, 0.96096, 0.7588, 0.39053, 0.16668, 0.0078, 0.97711, 0.67509, 0.98823, 0.93122, 0.13569, 0.89375, 0.0121, 0.01804, 0.20586, 0.02611, 0.03054, 0.094, 0.03743, 0.01513, 0.41092, 0.52142, 0.01758, 0.48333], "labels": [0, 0, 0, 0, 0, 0, 0, 0, 0, 0, 0, 0, 0, 0, 1, 0, 0, 1, 0, 0, 0, 0, 0, 1, 1, 1, 1, 1, 1, 0, 1, 0, 1, 1, 1, 0, 1, 0, 0, 1, 0, 0, 1, 0, 0, 0, 0, 0, 0, 1, 0, 0, 0, 1, 0, 0, 0, 0, 1, 0, 0, 0, 0, 1, 0, 0, 0, 0, 1, 1, 1, 0, 0, 0, 0, 1, 0, 0, 0, 1, 0, 1, 1, 0, 0, 0, 1, 0, 1, 0, 0, 0, 0, 0, 0, 0, 0, 1, 0, 0, 0, 1, 0, 1, 0, 0, 1, 0, 0, 0, 0, 0, 0, 0, 0, 0, 0, 0, 1, 0, 0, 0, 1, 1, 0, 0, 0, 0, 0, 0, 0, 0, 0, 1, 1, 0, 0, 1, 0, 0, 0, 0, 1, 1, 1, 0, 0, 0, 1, 0, 0, 0, 0, 0, 0, 1, 0, 0, 0, 1, 1, 1, 0, 1, 0, 0, 0, 0, 0, 0, 0, 1, 0, 0, 1, 0, 0, 0, 0, 0, 0, 0, 0, 0, 1, 0, 0, 0, 0, 0, 0, 1, 0, 1, 0, 1, 1, 0, 0, 0, 0, 0, 0, 0, 1, 1, 0, 0, 1, 0, 1, 0, 1, 0, 0, 0, 1, 0, 0, 0, 1, 0, 0, 0, 1, 0, 0, 0, 0, 0, 0, 0, 0, 0, 0, 1, 1, 0, 0, 0, 0, 0, 0, 1, 1, 0, 0, 0, 0, 0, 0, 0, 0, 1, 0, 0, 0, 0, 1, 0, 1, 0, 0, 0, 0, 0, 0, 0, 0, 0, 0, 0, 0, 1, 0, 0, 0, 0, 1, 1, 0, 1, 1, 0, 0, 1, 0, 1, 0, 0, 1, 0, 0, 1, 0, 0, 0, 1, 0, 0, 0, 0, 0, 0, 0, 0, 0, 1, 0, 0, 0, 0, 0, 0, 1, 1, 0, 0, 0, 0, 1, 1, 0, 0, 1, 0, 1, 0, 1, 1, 0, 0, 0, 0, 0, 0, 0, 1, 0, 0, 0, 0, 0, 0, 0, 0, 1, 0, 0, 0, 0, 0, 1, 0, 0, 1, 0, 1, 0, 0, 1, 0, 0, 0, 0, 0, 1, 0, 0, 1, 1, 0, 0, 0, 0, 0, 0, 1, 1, 0, 1, 0, 0, 1, 1, 1, 0, 0, 1, 1, 0, 0, 0, 0, 0, 0, 0, 0, 0, 1, 1, 1, 0, 1, 0, 0, 0, 1, 0, 0, 0, 0, 0, 0, 0, 0, 0, 1, 0, 1, 0, 0, 1, 0, 0, 0, 1, 1, 1, 0, 0, 0, 0, 0, 0, 1, 1, 0, 1, 0, 0, 0, 0, 0, 1, 1, 0, 1, 0, 1, 0, 0, 0, 0, 0, 0, 0, 0, 0, 0, 0, 0, 0, 0, 0, 0, 0, 1, 0, 1, 0, 0, 1, 1, 1, 0, 0, 1, 0, 0, 1, 1, 0, 0, 1, 0, 1, 1, 0, 0, 0, 0, 1, 1, 0, 1, 0, 0, 1, 0, 0, 0, 0, 0, 0, 0, 0, 0, 0, 1, 0, 1, 0, 0, 0, 1, 0, 1, 0, 0, 0, 1, 0, 0, 0, 0, 0, 0, 0, 0, 0, 0, 0, 0, 1, 0, 0, 1, 1, 1, 0, 0, 0, 1, 0, 0, 0, 1, 0, 1, 1, 0, 0, 0, 0, 1, 0, 0, 0, 0, 0, 0, 0, 1, 1, 1, 1, 0, 0, 0, 1, 1, 0, 0, 0, 0, 0, 0, 0, 0, 0, 0, 0, 1, 0, 1], "n": {"train": 3400, "val": 600, "test": 586, "toxic_frac": 0.23911764705882352}}