{"model": "bert-base-multilingual-cased", "dataset": "hatexplain", "train_config": "hardneg", "seed": 99, "thr_cal": 0.1482513211667537, "metrics_05": {"macro": 0.7146281859820364, "toxf1": 0.7344139650872819, "prec": 0.8523878437047757, "rec": 0.6451259583789705, "prauc": 0.8808577660018663, "ece": 0.1559865880707899, "covert": 0.8502242152466367}, "metrics_cal": {"macro": 0.7152174078964441, "toxf1": 0.7896405919661733, "prec": 0.763023493360572, "rec": 0.8181818181818182, "prauc": 0.8808577660018663, "ece": 0.1559865880707899, "covert": 0.8947368421052632}, "probs": [0.01468, 0.04963, 0.02778, 0.03331, 0.05499, 0.96767, 0.98186, 0.04364, 0.57154, 0.04187, 0.67421, 0.03865, 0.02008, 0.06084, 0.63284, 0.01334, 0.21599, 0.23715, 0.91821, 0.04639, 0.03938, 0.80589, 0.01264, 0.07721, 0.87059, 0.36692, 0.9849, 0.51189, 0.04203, 0.04665, 0.96883, 0.45087, 0.5038, 0.95508, 0.98672, 0.03978, 0.7737, 0.77519, 0.98516, 0.02843, 0.89241, 0.23482, 0.64294, 0.08401, 0.08941, 0.36581, 0.0954, 0.08153, 0.67577, 0.09675, 0.06886, 0.89929, 0.96328, 0.07429, 0.30548, 0.96044, 0.03733, 0.1901, 0.50823, 0.31156, 0.02783, 0.98464, 0.99097, 0.19023, 0.99287, 0.13754, 0.93803, 0.05619, 0.0537, 0.97361, 0.05013, 0.9904, 0.30108, 0.9827, 0.0613, 0.3607, 0.8857, 0.39806, 0.35003, 0.90353, 0.81873, 0.10048, 0.75634, 0.03697, 0.03344, 0.77692, 0.99183, 0.02835, 0.79432, 0.52157, 0.01498, 0.99335, 0.77106, 0.23862, 0.85395, 0.03535, 0.06189, 0.77512, 0.12659, 0.99254, 0.01846, 0.97115, 0.92854, 0.26218, 0.00985, 0.45953, 0.86225, 0.2398, 0.9905, 0.30753, 0.03133, 0.02964, 0.09947, 0.11044, 0.79046, 0.86105, 0.95045, 0.08323, 0.92399, 0.2512, 0.10506, 0.12436, 0.01526, 0.97146, 0.08226, 0.24812, 0.04725, 0.08661, 0.02385, 0.98438, 0.07177, 0.63455, 0.08017, 0.84357, 0.58045, 0.43745, 0.36108, 0.89574, 0.58016, 0.12373, 0.14211, 0.97876, 0.87701, 0.96717, 0.07165, 0.18891, 0.98889, 0.04217, 0.87315, 0.44006, 0.19202, 0.47798, 0.939, 0.05544, 0.97753, 0.92577, 0.94367, 0.30154, 0.0253, 0.68274, 0.01678, 0.82178, 0.83466, 0.65485, 0.88853, 0.13176, 0.72445, 0.15526, 0.98171, 0.26966, 0.06791, 0.14848, 0.20548, 0.90955, 0.84511, 0.27343, 0.90813, 0.3179, 0.74904, 0.06477, 0.99616, 0.15379, 0.13083, 0.51593, 0.96343, 0.12064, 0.99213, 0.06514, 0.07848, 0.96909, 0.04909, 0.88372, 0.62244, 0.98992, 0.78873, 0.98075, 0.95448, 0.82778, 0.9687, 0.11509, 0.94695, 0.39008, 0.42341, 0.02683, 0.2648, 0.19409, 0.40942, 0.03657, 0.02605, 0.2323, 0.47418, 0.03319, 0.69552, 0.96295, 0.32219, 0.82343, 0.00782, 0.02668, 0.90138, 0.54332, 0.06035, 0.02885, 0.19027, 0.92796, 0.0251, 0.98482, 0.96042, 0.13154, 0.73091, 0.96819, 0.94033, 0.78975, 0.12593, 0.91453, 0.98182, 0.18413, 0.94613, 0.06774, 0.98761, 0.98172, 0.01804, 0.79786, 0.05563, 0.11117, 0.69948, 0.91509, 0.09075, 0.00758, 0.01963, 0.5827, 0.77409, 0.93655, 0.90621, 0.60075, 0.1274, 0.93151, 0.48223, 0.04939, 0.03892, 0.60603, 0.03937, 0.96241, 0.48481, 0.92602, 0.96801, 0.33957, 0.91185, 0.00742, 0.01556, 0.1256, 0.30104, 0.58307, 0.46687, 0.1189, 0.03373, 0.36295, 0.86045, 0.97205, 0.9453, 0.25476, 0.99408, 0.95878, 0.97436, 0.9676, 0.60747, 0.06974, 0.01713, 0.22509, 0.00937, 0.20246, 0.01505, 0.03664, 0.02735, 0.12344, 0.99292, 0.22629, 0.51495, 0.05847, 0.95994, 0.05678, 0.04861, 0.03149, 0.63601, 0.99767, 0.83836, 0.0241, 0.93176, 0.96077, 0.01931, 0.01447, 0.84257, 0.05515, 0.61022, 0.20732, 0.71784, 0.15271, 0.80242, 0.0246, 0.96988, 0.99021, 0.82397, 0.05503, 0.09231, 0.85235, 0.03875, 0.99137, 0.47526, 0.12852, 0.81235, 0.98161, 0.80304, 0.98995, 0.02564, 0.36829, 0.95639, 0.15344, 0.1042, 0.84983, 0.79432, 0.02137, 0.38102, 0.98603, 0.0943, 0.45175, 0.00735, 0.86145, 0.00904, 0.13621, 0.05465, 0.42956, 0.35471, 0.96245, 0.05141, 0.68797, 0.23725, 0.99346, 0.01272, 0.27413, 0.54848, 0.81382, 0.02198, 0.84222, 0.99679, 0.00315, 0.96957, 0.13238, 0.99022, 0.86474, 0.82463, 0.45419, 0.0194, 0.96346, 0.44117, 0.97679, 0.77013, 0.12251, 0.09749, 0.96261, 0.83001, 0.98953, 0.89199, 0.95859, 0.03016, 0.99569, 0.86345, 0.01244, 0.04615, 0.02779, 0.53591, 0.59521, 0.96172, 0.1564, 0.30162, 0.12777, 0.91227, 0.83332, 0.51635, 0.79959, 0.26109, 0.02873, 0.9271, 0.06026, 0.69617, 0.42071, 0.42843, 0.25011, 0.61349, 0.67452, 0.17255, 0.0055, 0.06263, 0.07084, 0.12512, 0.04564, 0.11188, 0.84107, 0.06016, 0.83408, 0.92352, 0.04159, 0.92048, 0.68674, 0.32577, 0.54523, 0.35077, 0.35361, 0.03643, 0.60338, 0.71544, 0.14742, 0.01072, 0.02271, 0.55446, 0.30759, 0.43435, 0.95407, 0.93445, 0.43498, 0.98607, 0.0604, 0.98414, 0.45571, 0.06792, 0.06028, 0.14292, 0.98897, 0.92816, 0.46316, 0.14589, 0.84933, 0.05627, 0.03047, 0.05705, 0.27017, 0.94201, 0.0697, 0.04102, 0.08955, 0.98432, 0.28333, 0.20624, 0.84322, 0.43291, 0.7767, 0.1094, 0.56513, 0.53109, 0.27906, 0.98517, 0.02194, 0.01042, 0.14636, 0.41164, 0.01111, 0.97753, 0.06292, 0.26793, 0.87354, 0.98371, 0.50961, 0.8865, 0.37102, 0.0131, 0.99613, 0.0166, 0.2152, 0.52602, 0.51618, 0.05583, 0.86805, 0.98441, 0.92855, 0.9764, 0.67565, 0.02903, 0.03127, 0.25868, 0.13706, 0.92342, 0.75589, 0.97443, 0.0973, 0.08803, 0.00737, 0.67489, 0.99675, 0.77758, 0.07338, 0.21279, 0.90988, 0.49147, 0.92885, 0.96633, 0.02384, 0.01393, 0.22221, 0.98655, 0.135, 0.22138, 0.29127, 0.07812, 0.75509, 0.98681, 0.06578, 0.91954, 0.90804, 0.99629, 0.00917, 0.22218, 0.63682, 0.69736, 0.04565, 0.01329, 0.0299, 0.38263, 0.40824, 0.44648, 0.01207, 0.12663, 0.94719, 0.0208, 0.10641, 0.98348, 0.84229, 0.1215, 0.12293, 0.09614, 0.80503, 0.13701, 0.47569, 0.49525, 0.33414, 0.99062, 0.83866, 0.04115, 0.92938, 0.34168, 0.30286, 0.66157, 0.25043, 0.00663, 0.20966, 0.22425, 0.9616, 0.95517, 0.02266, 0.97285, 0.01375, 0.87123, 0.22801, 0.9813, 0.98487, 0.95539, 0.61785, 0.08306, 0.4173, 0.96182, 0.88842, 0.02987, 0.97959, 0.02951, 0.79782, 0.88326, 0.97648, 0.97004, 0.52864, 0.07366, 0.13648, 0.99065, 0.01099, 0.88095, 0.01037, 0.14586, 0.12288, 0.03791, 0.97777, 0.76011, 0.05778, 0.55591, 0.46786, 0.89835, 0.0282, 0.46827, 0.47025, 0.92776, 0.1354, 0.33439, 0.9396, 0.06432, 0.94144, 0.03549, 0.99174, 0.44919, 0.22619, 0.08078, 0.75107, 0.93182, 0.90814, 0.97517, 0.96775, 0.93573, 0.33879, 0.01215, 0.8531, 0.89182, 0.05954, 0.10506, 0.98306, 0.9303, 0.78816, 0.87891, 0.10807, 0.04428, 0.64245, 0.917, 0.98991, 0.93192, 0.23745, 0.05707, 0.03247, 0.00684, 0.03609, 0.86962, 0.55193, 0.88237, 0.99231, 0.04087, 0.03441, 0.03582, 0.95734, 0.99052, 0.97145, 0.1696, 0.98168, 0.09302, 0.24942, 0.67424, 0.17329, 0.2518, 0.92317, 0.81016, 0.3121, 0.10207, 0.61188, 0.0379, 0.14896, 0.03763, 0.0266, 0.02291, 0.73508, 0.02546, 0.0868, 0.10899, 0.99008, 0.01423, 0.6311, 0.02598, 0.16208, 0.56745, 0.99335, 0.99345, 0.99779, 0.92823, 0.9402, 0.05722, 0.01581, 0.15998, 0.79904, 0.0134, 0.89734, 0.72697, 0.68422, 0.26452, 0.07475, 0.90002, 0.98484, 0.98462, 0.06098, 0.04296, 0.0699, 0.4785, 0.75157, 0.6611, 0.4993, 0.78006, 0.49262, 0.18446, 0.13674, 0.27938, 0.97517, 0.01059, 0.01847, 0.36718, 0.19796, 0.01906, 0.70401, 0.89172, 0.33007, 0.19107, 0.00768, 0.0297, 0.6756, 0.96903, 0.78797, 0.03219, 0.94294, 0.05276, 0.03579, 0.67333, 0.99437, 0.56516, 0.8249, 0.41663, 0.77907, 0.9933, 0.9862, 0.01505, 0.09395, 0.10844, 0.90061, 0.97033, 0.5581, 0.50451, 0.02881, 0.0196, 0.08986, 0.92186, 0.04501, 0.94804, 0.15215, 0.15752, 0.18788, 0.34204, 0.14872, 0.98633, 0.97429, 0.34587, 0.21842, 0.91905, 0.07238, 0.22726, 0.02559, 0.02039, 0.35457, 0.04198, 0.0521, 0.01273, 0.85378, 0.44093, 0.04795, 0.96053, 0.03589, 0.08761, 0.41602, 0.90236, 0.02699, 0.93093, 0.98704, 0.01922, 0.16813, 0.98709, 0.96626, 0.41156, 0.7085, 0.89489, 0.9832, 0.46962, 0.90741, 0.01166, 0.90885, 0.08474, 0.13056, 0.62226, 0.8565, 0.12348, 0.11895, 0.53728, 0.03193, 0.14525, 0.96627, 0.7584, 0.96929, 0.98186, 0.99505, 0.10046, 0.17031, 0.98818, 0.75187, 0.56993, 0.96076, 0.02915, 0.07395, 0.91089, 0.0177, 0.20714, 0.94892, 0.01973, 0.06417, 0.04587, 0.03412, 0.97785, 0.02464, 0.97905, 0.93156, 0.03847, 0.88365, 0.75696, 0.02744, 0.93228, 0.75531, 0.96717, 0.01789, 0.56265, 0.94533, 