{"model": "bert-base-multilingual-cased", "dataset": "hatexplain", "train_config": "supcon", "seed": 7, "thr_cal": 0.1390454202890396, "metrics_05": {"macro": 0.7293114520381745, "toxf1": 0.7594481103779244, "prec": 0.8395225464190982, "rec": 0.6933187294633077, "prauc": 0.8802208558692143, "ece": 0.1494899642467499, "covert": 0.8753224419604472}, "metrics_cal": {"macro": 0.7274373923209452, "toxf1": 0.8023012552301255, "prec": 0.7677677677677678, "rec": 0.8400876232201533, "prauc": 0.8802208558692143, "ece": 0.1494899642467499, "covert": 0.8991121872477804}, "probs": [0.04457, 0.40334, 0.04884, 0.04742, 0.27946, 0.76361, 0.98943, 0.05966, 0.15917, 0.0086, 0.03675, 0.06526, 0.02517, 0.07528, 0.37131, 0.01561, 0.0481, 0.03601, 0.99413, 0.11703, 0.0257, 0.95841, 0.0295, 0.84771, 0.2794, 0.10724, 0.98662, 0.38701, 0.13613, 0.34867, 0.98151, 0.77784, 0.92884, 0.94433, 0.98469, 0.01912, 0.84511, 0.85097, 0.98323, 0.02195, 0.98832, 0.27821, 0.12141, 0.10356, 0.21982, 0.92041, 0.01675, 0.85235, 0.95868, 0.60431, 0.0198, 0.86842, 0.99033, 0.04184, 0.13263, 0.94318, 0.09482, 0.17003, 0.55474, 0.87821, 0.04338, 0.95486, 0.98636, 0.60943, 0.98384, 0.27819, 0.89875, 0.39968, 0.94923, 0.98986, 0.07206, 0.98717, 0.47013, 0.98753, 0.03761, 0.47474, 0.97144, 0.41097, 0.31216, 0.95589, 0.96383, 0.05661, 0.9324, 0.04269, 0.08778, 0.81436, 0.98427, 0.06439, 0.92381, 0.86878, 0.02645, 0.9933, 0.50403, 0.09182, 0.93396, 0.03481, 0.16586, 0.20477, 0.38694, 0.966, 0.01754, 0.94688, 0.97616, 0.25395, 0.00978, 0.92109, 0.93902, 0.7951, 0.98899, 0.15562, 0.00873, 0.0392, 0.05508, 0.13954, 0.8413, 0.79899, 0.36914, 0.08349, 0.91526, 0.88271, 0.92211, 0.08645, 0.04129, 0.98009, 0.0897, 0.12144, 0.04391, 0.14285, 0.03967, 0.98659, 0.07801, 0.95016, 0.0607, 0.10036, 0.92783, 0.67422, 0.10688, 0.97163, 0.97329, 0.0994, 0.08738, 0.96975, 0.84663, 0.99116, 0.33515, 0.19369, 0.96999, 0.05216, 0.94802, 0.61951, 0.18368, 0.22915, 0.93174, 0.15843, 0.98529, 0.97527, 0.96648, 0.38122, 0.02574, 0.8783, 0.05129, 0.76091, 0.9489, 0.14559, 0.86048, 0.1322, 0.90331, 0.08299, 0.93002, 0.53032, 0.06025, 0.19605, 0.05316, 0.43192, 0.9186, 0.14714, 0.55426, 0.25044, 0.88775, 0.05215, 0.9956, 0.08197, 0.0187, 0.23903, 0.96122, 0.85325, 0.97572, 0.06392, 0.11812, 0.96377, 0.30745, 0.97984, 0.93705, 0.98719, 0.8995, 0.96244, 0.76264, 0.49685, 0.9592, 0.02951, 0.9601, 0.04744, 0.60216, 0.01855, 0.25657, 0.81637, 0.14102, 0.14597, 0.08279, 0.01247, 0.08313, 0.06801, 0.90867, 0.98645, 0.81326, 0.97211, 0.00718, 0.07999, 0.91341, 0.09187, 0.66696, 0.03486, 0.92098, 0.98884, 0.03907, 0.98064, 0.96837, 0.23956, 0.06128, 0.98335, 0.95826, 0.90173, 0.19803, 0.93038, 0.98429, 0.13008, 0.96393, 0.4964, 0.9761, 0.12666, 0.02559, 0.93724, 0.2158, 0.96849, 0.70551, 0.70101, 0.05834, 0.00985, 0.0364, 0.17386, 0.86609, 0.98317, 0.19842, 0.97869, 0.17051, 0.87045, 0.96488, 0.05488, 0.06072, 0.52074, 0.08754, 0.98284, 0.2504, 0.95546, 0.97662, 0.11411, 0.97051, 0.03069, 0.01573, 0.13371, 0.95665, 0.33994, 0.03541, 0.84071, 0.05718, 0.16809, 0.96279, 0.98867, 0.92617, 0.87546, 0.99468, 0.93219, 0.95479, 0.94786, 0.87861, 0.43017, 0.13821, 0.88595, 0.00487, 0.05306, 0.03527, 0.08498, 0.02814, 0.09897, 0.9856, 0.50392, 0.16957, 0.05439, 0.97117, 0.06565, 0.87241, 0.05137, 0.63885, 0.99344, 0.9706, 0.02345, 0.98671, 0.9763, 0.00654, 0.02627, 0.85093, 0.11695, 0.96182, 0.65088, 0.29484, 0.15068, 0.94594, 0.03357, 0.95881, 0.99378, 0.74589, 0.01425, 0.17557, 0.94229, 0.08832, 0.99, 0.09301, 0.06351, 0.9853, 0.99069, 0.89969, 0.9796, 0.05626, 0.87896, 0.97273, 0.073, 0.0479, 0.80427, 0.97478, 0.01602, 0.9544, 0.98447, 0.74047, 0.18257, 0.01805, 0.80499, 0.00933, 0.16228, 0.42395, 0.54019, 0.0937, 0.59007, 0.10223, 0.90698, 0.67257, 0.9929, 0.0047, 0.92265, 0.61716, 0.92648, 0.04911, 0.92791, 0.9929, 0.00132, 0.98933, 0.34237, 0.99277, 0.97877, 0.90396, 0.96133, 0.01649, 0.96645, 0.92608, 0.96444, 0.65706, 0.91749, 0.33493, 0.8923, 0.28798, 0.9868, 0.97176, 0.9789, 0.06728, 0.99108, 0.73986, 0.01434, 0.09616, 0.02144, 0.12972, 0.95961, 0.95792, 0.25588, 0.1732, 0.07801, 0.97692, 0.96359, 0.77062, 0.6199, 0.35514, 0.11274, 0.85783, 0.06253, 0.24264, 0.12473, 0.29504, 0.32181, 0.7033, 0.94492, 0.06512, 0.00673, 0.23502, 0.14205, 0.04451, 0.06707, 0.15469, 0.96997, 0.01031, 0.84487, 0.97545, 0.0692, 0.96826, 0.35279, 0.49967, 0.67745, 0.36211, 0.07328, 0.13422, 0.96102, 0.90771, 0.29508, 0.01018, 0.02395, 0.09618, 0.20293, 0.46668, 0.95216, 0.96475, 0.95486, 0.98244, 0.16753, 0.97904, 0.21301, 0.8341, 0.57897, 0.25402, 0.99371, 0.96606, 0.04367, 0.01606, 0.61914, 0.15111, 0.61446, 0.04225, 0.38398, 0.18487, 0.1433, 0.02317, 0.06447, 0.95565, 0.1312, 0.04499, 0.97206, 0.97126, 0.92124, 0.08567, 0.28517, 0.05596, 0.88892, 0.95473, 0.29737, 0.02283, 0.69522, 0.90033, 0.0202, 0.97088, 0.59158, 0.13726, 0.48505, 0.95344, 0.90418, 0.89986, 0.596, 0.03332, 0.97893, 0.02449, 0.12371, 0.20119, 0.78751, 0.79016, 0.94729, 0.99186, 0.98447, 0.9908, 0.14384, 0.01728, 0.03159, 0.02683, 0.79629, 0.94479, 0.7634, 0.99331, 0.18847, 0.11422, 0.01085, 0.97812, 0.98281, 0.98387, 0.1923, 0.20257, 0.92006, 0.11786, 0.77054, 0.96972, 0.0195, 0.01547, 0.16166, 0.98484, 0.35796, 0.39859, 0.72347, 0.07245, 0.70901, 0.97946, 0.06298, 0.89661, 0.93096, 0.99359, 0.03109, 0.94939, 0.9611, 0.85245, 0.10033, 0.00904, 0.04272, 0.90347, 0.17742, 0.12553, 0.03526, 0.05468, 0.98507, 0.04278, 0.39332, 0.98971, 0.40399, 0.51557, 0.71627, 0.49879, 0.9396, 0.171, 0.76934, 0.75578, 0.06874, 0.99432, 0.92619, 0.0242, 0.98116, 0.37311, 0.34554, 0.97417, 0.03605, 0.01229, 0.15431, 0.1475, 0.87744, 0.95688, 0.01608, 0.96678, 0.00662, 0.95791, 0.72333, 0.9854, 0.98451, 0.83307, 0.72065, 0.48267, 0.91041, 0.98967, 0.8685, 0.47039, 0.99262, 0.03745, 0.69618, 0.93435, 0.93194, 0.94797, 0.95346, 0.0278, 0.09034, 0.98993, 0.01578, 0.87639, 0.01234, 0.28126, 0.08974, 0.04984, 0.97182, 0.90848, 0.02531, 0.48495, 0.49517, 0.96959, 0.04363, 0.17068, 0.34168, 0.85775, 0.72196, 0.23467, 0.18477, 0.06925, 0.96197, 0.0443, 0.98461, 0.88944, 0.05058, 0.06776, 0.7907, 0.95297, 0.45088, 0.96616, 0.90777, 0.96887, 0.83219, 0.01688, 0.93802, 0.22564, 0.08088, 0.1231, 0.98936, 0.9614, 0.73415, 0.96207, 0.05321, 0.05184, 0.70208, 0.72561, 0.98652, 0.82895, 0.17927, 0.01009, 0.02519, 0.01293, 0.02749, 0.5805, 0.95801, 0.94567, 0.9912, 0.09633, 0.00586, 0.0387, 0.96967, 0.97546, 0.98012, 0.0889, 0.81879, 0.20968, 0.0683, 0.94243, 0.04994, 0.123, 0.97687, 0.14762, 0.97918, 0.10282, 0.35054, 0.06368, 0.18287, 0.13617, 0.02661, 0.12743, 0.87245, 0.11429, 0.92468, 0.42415, 0.97342, 0.02557, 0.1091, 0.17774, 0.05994, 0.68061, 0.99247, 0.95567, 0.99341, 0.91704, 0.93993, 0.3214, 0.00532, 0.44855, 0.95131, 0.0503, 0.96964, 0.93283, 0.44082, 0.77326, 0.06375, 0.93995, 0.9937, 0.97497, 0.31979, 0.0745, 0.11982, 0.98799, 0.17574, 0.85772, 0.92215, 0.93576, 0.867, 0.05295, 0.54132, 0.30161, 0.99504, 0.02816, 0.04285, 0.81215, 0.05684, 0.02173, 0.96361, 0.77335, 0.07126, 0.18787, 0.01418, 0.69873, 0.75274, 0.99039, 0.23209, 0.01214, 0.96461, 0.02508, 0.05664, 0.42667, 0.99547, 0.78706, 0.91081, 0.34908, 0.09403, 0.98791, 0.92857, 0.01521, 0.05838, 0.06483, 0.83677, 0.98956, 0.80158, 0.83765, 0.05205, 0.0139, 0.46998, 0.96527, 0.38348, 0.89371, 0.05586, 0.08571, 0.85903, 0.02771, 0.06774, 0.99121, 0.9763, 0.08866, 0.14039, 0.93272, 0.16339, 0.0211, 0.03999, 0.03567, 0.25297, 0.06492, 0.03514, 0.02005, 0.39362, 0.79221, 0.1561, 0.9328, 0.24081, 0.05247, 0.51709, 0.98465, 0.02254, 0.85283, 0.98957, 0.04303, 0.18962, 0.97375, 0.98321, 0.80247, 0.87125, 0.9699, 0.98726, 0.92289, 0.42712, 0.02659, 0.61898, 0.09149, 0.06538, 0.69731, 0.94408, 0.07837, 0.14575, 0.479, 0.05091, 0.09394, 0.9702, 0.78391, 0.98612, 0.97483, 0.99128, 0.03861, 0.96054, 0.99014, 0.94519, 0.25246, 0.97397, 0.08776, 0.14146, 0.92148, 0.01351, 0.54338, 0.34418, 0.02802, 0.0349, 0.02984, 0.0728, 0.99274, 0.04288, 0.97177, 0.7518, 0.07527, 0.93478, 0.97462, 0.04092, 0.79379, 0.67842, 0.90683, 0.03944, 0.10206, 0.18539, 0.98439, 0.19398, 