{"model": "bert-base-multilingual-cased", "dataset": "hatexplain", "train_config": "supcon", "seed": 99, "thr_cal": 0.18540391772985457, "metrics_05": {"macro": 0.7330132814003782, "toxf1": 0.7695014662756599, "prec": 0.8282828282828283, "rec": 0.7185104052573932, "prauc": 0.8887086027670318, "ece": 0.10183064298331738, "covert": 0.8843537414965986}, "metrics_cal": {"macro": 0.7057130898817621, "toxf1": 0.8061630218687873, "prec": 0.737943585077343, "rec": 0.8882803943044907, "prauc": 0.8887086027670318, "ece": 0.10183064298331738, "covert": 0.9067729083665339}, "probs": [0.03285, 0.26289, 0.06776, 0.33841, 0.05027, 0.49789, 0.98808, 0.08619, 0.43971, 0.06853, 0.26914, 0.03343, 0.03688, 0.09651, 0.50852, 0.03592, 0.11329, 0.19284, 0.98437, 0.0324, 0.07953, 0.95516, 0.02835, 0.53031, 0.87962, 0.40952, 0.98718, 0.4469, 0.0693, 0.28139, 0.96523, 0.54752, 0.49596, 0.87505, 0.99059, 0.07898, 0.60773, 0.50514, 0.99217, 0.04616, 0.98175, 0.25691, 0.77429, 0.28291, 0.17414, 0.64234, 0.05128, 0.10409, 0.76546, 0.60367, 0.06404, 0.79997, 0.98306, 0.52379, 0.24315, 0.98314, 0.21227, 0.34052, 0.68733, 0.72693, 0.02177, 0.96804, 0.99471, 0.41175, 0.99559, 0.27148, 0.8927, 0.21231, 0.79437, 0.96763, 0.03038, 0.97684, 0.52111, 0.9818, 0.1329, 0.57196, 0.91895, 0.66239, 0.34139, 0.87369, 0.87646, 0.07412, 0.5087, 0.124, 0.08917, 0.90835, 0.98894, 0.03665, 0.65529, 0.84061, 0.04229, 0.9955, 0.75783, 0.54667, 0.96608, 0.06454, 0.45841, 0.46235, 0.07537, 0.98413, 0.01435, 0.8546, 0.98813, 0.26886, 0.01787, 0.51473, 0.87338, 0.37379, 0.99079, 0.3724, 0.04712, 0.05006, 0.20781, 0.09845, 0.57166, 0.73592, 0.86916, 0.24131, 0.90385, 0.80758, 0.68693, 0.38878, 0.0637, 0.98549, 0.0919, 0.23881, 0.13148, 0.21119, 0.04793, 0.98789, 0.15514, 0.9367, 0.20901, 0.73838, 0.50322, 0.36465, 0.23577, 0.96106, 0.89689, 0.20258, 0.26532, 0.99008, 0.83322, 0.99005, 0.45644, 0.2871, 0.97628, 0.12594, 0.53976, 0.8152, 0.27514, 0.28991, 0.9755, 0.06327, 0.98909, 0.95921, 0.97621, 0.44685, 0.05062, 0.89201, 0.04343, 0.79518, 0.51521, 0.59143, 0.8645, 0.11829, 0.72471, 0.17035, 0.97165, 0.6846, 0.17096, 0.20459, 0.1738, 0.4779, 0.86031, 0.32663, 0.52728, 0.4901, 0.84264, 0.05913, 0.99759, 0.26313, 0.29415, 0.81922, 0.96394, 0.45621, 0.96232, 0.33167, 0.28028, 0.96658, 0.13451, 0.9366, 0.97257, 0.99544, 0.62136, 0.94973, 0.52472, 0.61579, 0.9825, 0.14953, 0.94838, 0.14841, 0.17554, 0.02516, 0.54644, 0.38099, 0.31662, 0.15006, 0.25702, 0.34678, 0.09787, 0.05432, 0.93527, 0.97739, 0.47653, 0.82317, 0.00778, 0.05623, 0.78735, 0.42746, 0.64864, 0.03902, 0.567, 0.99151, 0.05018, 0.96828, 0.93198, 0.37868, 0.48653, 0.96825, 0.98061, 0.88442, 0.24156, 0.94641, 0.96866, 0.37001, 0.96805, 0.04972, 0.9902, 0.98227, 0.02732, 0.67179, 0.14673, 0.65851, 0.81389, 0.94872, 0.1445, 0.00729, 0.02207, 0.35505, 0.79249, 0.98263, 0.58098, 0.95884, 0.14137, 0.95455, 0.8291, 0.28505, 0.05839, 0.89071, 0.06709, 0.92309, 0.68805, 0.8494, 0.97918, 0.21527, 0.93764, 0.01117, 0.02151, 0.20472, 0.7437, 0.51079, 0.34124, 0.395, 0.06907, 0.28516, 0.96874, 0.98754, 0.98972, 0.84018, 0.99525, 0.96328, 0.96306, 0.98706, 0.35124, 0.20353, 0.3348, 0.69695, 0.00787, 0.16811, 0.0768, 0.09541, 0.04115, 0.32145, 0.99703, 0.40556, 0.46364, 0.11214, 0.68205, 0.17986, 0.41561, 0.06322, 0.60617, 0.99737, 0.81423, 0.05194, 0.97015, 0.92485, 0.07164, 0.03454, 0.94691, 0.14992, 0.98137, 0.24458, 0.52424, 0.44283, 0.93639, 0.01966, 0.98574, 0.99556, 0.92662, 0.04632, 0.12083, 0.77069, 0.15405, 0.99621, 0.09418, 0.1194, 0.92712, 0.97315, 0.74279, 0.97854, 0.1891, 0.6929, 0.9764, 0.2362, 0.24242, 0.81139, 0.97468, 0.01919, 0.55557, 0.99573, 0.57888, 0.75375, 0.04087, 0.41031, 0.01579, 0.17699, 0.19373, 0.83918, 0.20829, 0.75768, 0.10365, 0.75767, 0.52054, 0.99701, 0.01146, 0.77273, 0.66573, 0.97384, 0.05993, 0.73551, 0.99356, 0.00215, 0.97936, 0.30939, 0.99121, 0.97539, 0.67461, 0.84407, 0.03192, 0.90209, 0.96555, 0.98067, 0.92082, 0.33187, 0.29358, 0.94913, 0.86577, 0.98471, 0.98596, 0.97029, 0.03691, 0.99136, 0.61182, 0.01031, 0.18352, 0.02313, 0.33672, 0.76355, 0.87029, 0.3742, 0.29844, 0.51729, 0.97869, 0.86686, 0.39671, 0.80425, 0.28504, 0.02149, 0.72079, 0.11934, 0.77157, 0.56538, 0.46129, 0.75349, 0.82117, 0.85568, 0.10732, 0.00956, 0.12674, 0.33771, 0.24436, 0.08568, 0.09865, 0.78837, 0.04705, 0.92019, 0.9653, 0.09389, 0.97244, 0.73845, 0.5767, 0.77868, 0.15697, 0.61832, 0.36603, 0.80562, 0.62158, 0.28972, 0.02512, 0.03636, 0.23873, 0.345, 0.89155, 0.95303, 0.98597, 0.54783, 0.99502, 0.36566, 0.89611, 0.39014, 0.22635, 0.22963, 0.28695, 0.99663, 0.83419, 0.12123, 0.19534, 0.85697, 0.3101, 0.16345, 0.05137, 0.7149, 0.81181, 0.19168, 0.07435, 0.32618, 0.92988, 0.15263, 0.05269, 0.96194, 0.92841, 0.29604, 0.13791, 0.85019, 0.36476, 0.51056, 0.99352, 0.10894, 0.01253, 0.35708, 0.74573, 0.0327, 0.9922, 0.51376, 0.2615, 0.72833, 0.97806, 0.88371, 0.94238, 0.89973, 0.03367, 0.99333, 0.04669, 0.19553, 0.34042, 0.59314, 0.64556, 0.9548, 0.99288, 0.9486, 0.98879, 0.42855, 0.02486, 0.05955, 0.05252, 0.59581, 0.94826, 0.92493, 0.96059, 0.2893, 0.22319, 0.01101, 0.96165, 0.99606, 0.91626, 0.58452, 0.24087, 0.93774, 0.12979, 0.87742, 0.99096, 0.04016, 0.04025, 0.59199, 0.98718, 0.33852, 0.42028, 0.49861, 0.13126, 0.27762, 0.99558, 0.09354, 0.91458, 0.92437, 0.99818, 0.03548, 0.92588, 0.7598, 0.51729, 0.44327, 0.01983, 0.09736, 0.81457, 0.51825, 0.75622, 0.01589, 0.15335, 0.97499, 0.0527, 0.38038, 0.98533, 0.75498, 0.17773, 0.3463, 0.68404, 0.50612, 0.50879, 0.39919, 0.34093, 0.7621, 0.99222, 0.93873, 0.10882, 0.9702, 0.79077, 0.53441, 0.62791, 0.13147, 0.00687, 0.22144, 0.227, 0.7013, 0.93181, 0.03131, 0.96533, 0.00761, 0.9398, 0.23446, 0.99355, 0.99462, 0.85654, 0.44792, 0.38572, 0.89223, 0.97851, 0.73046, 0.32875, 0.99316, 0.07799, 0.68971, 0.8587, 0.95692, 0.97843, 0.3294, 0.08173, 0.3377, 0.99446, 0.01544, 0.83303, 0.02739, 0.49759, 0.17814, 0.15608, 0.98645, 0.79762, 0.0916, 0.58917, 0.57367, 0.97395, 0.09868, 0.28336, 0.38872, 0.88049, 0.75912, 0.39057, 0.5996, 0.06838, 0.94208, 0.06128, 0.98879, 0.17027, 0.09627, 0.10898, 0.89167, 0.97579, 0.71405, 0.97372, 0.94736, 0.96759, 0.76931, 0.01396, 0.80121, 0.47565, 0.15856, 0.50724, 0.99318, 0.91575, 0.50205, 0.90096, 0.22686, 0.04047, 0.84776, 0.81001, 0.9962, 0.92999, 0.4605, 0.06246, 0.03528, 0.00473, 0.02629, 0.90339, 0.74016, 0.74372, 0.99405, 0.03236, 0.01819, 0.05464, 0.96942, 0.99313, 0.86765, 0.48433, 0.97953, 0.21676, 0.42379, 0.53875, 0.2297, 0.19085, 0.98687, 0.28324, 0.33687, 0.13129, 0.59405, 0.03883, 0.17187, 0.11217, 0.01558, 0.10203, 0.55025, 0.09474, 0.45718, 0.11996, 0.97401, 0.14393, 0.27736, 0.32428, 0.06973, 0.87743, 0.99533, 0.99327, 0.99669, 0.95974, 0.9811, 0.27771, 0.04029, 0.69439, 0.91399, 0.08106, 0.93824, 0.6557, 0.53506, 0.57561, 0.14554, 0.82078, 0.99072, 0.98516, 0.08945, 0.14697, 0.07438, 0.98028, 0.46954, 0.74696, 0.65989, 0.84382, 0.83858, 0.19079, 0.25446, 0.30134, 0.99423, 0.01719, 0.0226, 0.60546, 0.17904, 0.02102, 0.90715, 0.89644, 0.10042, 0.67184, 0.01521, 0.20292, 0.74894, 0.99119, 0.44842, 0.01738, 0.97182, 0.14477, 0.17997, 0.87136, 0.99045, 0.88214, 0.86451, 0.95381, 0.47305, 0.99562, 0.98586, 0.00942, 0.14093, 0.33681, 0.69087, 0.99318, 0.66524, 0.90373, 0.31366, 0.04802, 0.19476, 0.95864, 0.43721, 0.83748, 0.26681, 0.30888, 0.7576, 0.22622, 0.136, 0.97485, 0.99161, 0.1304, 0.29023, 0.81199, 0.19125, 0.08082, 0.04964, 0.09138, 0.48445, 0.06651, 0.07146, 0.02223, 0.6593, 0.39107, 0.43909, 0.70652, 0.17182, 0.07813, 0.71955, 0.91917, 0.06473, 0.83494, 0.98761, 0.04545, 0.59893, 0.97354, 0.99491, 0.62619, 0.70887, 0.90224, 0.98979, 0.89864, 0.89254, 0.06112, 0.78053, 0.18906, 0.14964, 0.4884, 0.9171, 0.16748, 0.38388, 0.5339, 0.06964, 0.3088, 0.95072, 0.84167, 0.98731, 0.97742, 0.99042, 0.10329, 0.6784, 0.98513, 0.85199, 0.4848, 0.96252, 0.14917, 0.1076, 0.84498, 0.01085, 0.69396, 0.87406, 0.0622, 0.07445, 0.06729, 0.0422, 0.99212, 0.05931, 0.96328, 0.92745, 0.15986, 0.9754, 0.95505, 0.0384, 0.76224, 0.64628, 0.90946, 0.09667, 0.34034, 0.83918, 