{"model": "bert-base-multilingual-cased", "dataset": "dravidian_malayalam", "train_config": "hardneg", "seed": 7, "thr_cal": 0.3691214650869366, "metrics_05": {"macro": 0.6379310344827586, "toxf1": 0.3, "prec": 0.2830188679245283, "rec": 0.3191489361702128, "prauc": 0.2792780582376019, "ece": 0.08948046315213043, "covert": 0.3448275862068966}, "metrics_cal": {"macro": 0.6368695652173914, "toxf1": 0.304, "prec": 0.24358974358974358, "rec": 0.40425531914893614, "prauc": 0.2792780582376019, "ece": 0.08948046315213043, "covert": 0.3582089552238806}, "probs": [0.03734, 0.05294, 0.06682, 0.13523, 0.04758, 0.05, 0.03569, 0.08213, 0.13319, 0.03595, 0.04121, 0.08097, 0.09097, 0.05687, 0.04401, 0.04897, 0.09487, 0.07798, 0.04169, 0.05166, 0.05262, 0.06287, 0.12771, 0.03323, 0.0366, 0.03294, 0.05494, 0.06254, 0.03837, 0.15929, 0.05803, 0.06691, 0.10048, 0.04215, 0.24914, 0.15899, 0.2524, 0.13138, 0.03923, 0.03851, 0.08032, 0.03736, 0.10065, 0.07735, 0.99785, 0.03625, 0.04363, 0.06302, 0.3269, 0.0698, 0.03884, 0.06264, 0.05731, 0.09542, 0.06345, 0.03814, 0.037, 0.05379, 0.04333, 0.06095, 0.06587, 0.07838, 0.36323, 0.21792, 0.07253, 0.15773, 0.03974, 0.07161, 0.04297, 0.07243, 0.46045, 0.06401, 0.0379, 0.05649, 0.08998, 0.12677, 0.03641, 0.06914, 0.0371, 0.06887, 0.97102, 0.03841, 0.0456, 0.03378, 0.04841, 0.03619, 0.07899, 0.0772, 0.08581, 0.0611, 0.05029, 0.05868, 0.04057, 0.16418, 0.05938, 0.04498, 0.21543, 0.03584, 0.23697, 0.06311, 0.0919, 0.0411, 0.06671, 0.03766, 0.07378, 0.09078, 0.04452, 0.05002, 0.12403, 0.05256, 0.04015, 0.06398, 0.04793, 0.03991, 0.08849, 0.21212, 0.31314, 0.04022, 0.0402, 0.0486, 0.93816, 0.05681, 0.23726, 0.05933, 0.11825, 0.08527, 0.11521, 0.0785, 0.07759, 0.04215, 0.05637, 0.06362, 0.12312, 0.07983, 0.31763, 0.36133, 0.07442, 0.08861, 0.10531, 0.06819, 0.15822, 0.06251, 0.06578, 0.04055, 0.0429, 0.05153, 0.07986, 0.03845, 0.04272, 0.03977, 0.07932, 0.03867, 0.05421, 0.0398, 0.08333, 0.65387, 0.03979, 0.09913, 0.06589, 0.05971, 0.04482, 0.05766, 0.04637, 0.25874, 0.04725, 0.04025, 0.04778, 0.04348, 0.11009, 0.03973, 0.11459, 0.041, 0.10779, 0.2168, 0.04048, 0.10482, 0.17994, 0.11119, 0.06145, 0.05656, 0.06498, 0.06933, 0.44926, 0.23552, 0.3444, 0.07479, 0.04311, 0.05387, 0.20639, 0.1187, 0.38483, 0.061, 0.99813, 0.04612, 0.05771, 0.29987, 0.0374, 0.10372, 0.20496, 0.05195, 0.04695, 0.0435, 0.37315, 0.07389, 0.05687, 0.06373, 0.03388, 0.08748, 0.08913, 0.03574, 0.07788, 0.04138, 0.05148, 0.11755, 0.07177, 0.04161, 0.97461, 0.21244, 0.04154, 0.04236, 0.1233, 0.05752, 0.06613, 0.03792, 0.05175, 0.034, 0.13131, 0.07804, 0.06184, 0.16416, 0.21801, 0.06094, 0.11009, 0.03625, 0.09951, 0.08885, 0.03971, 0.04303, 0.19862, 0.0802, 0.17466, 0.03786, 0.12555, 0.21615, 0.03909, 0.06657, 0.41251, 0.06095, 0.05554, 0.03501, 0.04326, 0.11703, 0.07983, 0.04037, 0.07972, 0.04747, 0.04509, 0.09149, 0.11915, 0.0413, 0.04287, 0.05577, 0.05765, 0.36009, 0.22935, 0.04279, 0.03869, 0.08938, 0.17537, 0.05928, 0.05274, 0.07565, 0.06382, 0.1309, 0.12553, 0.05886, 0.0678, 0.04133, 0.05568, 0.04011, 0.06805, 0.05648, 0.0692, 0.08028, 0.03477, 0.08616, 0.18707, 0.07426, 0.04458, 0.05351, 0.09546, 0.36695, 0.07001, 0.08372, 0.10006, 0.27368, 0.10299, 0.06456, 0.13585, 0.05848, 0.04946, 0.04522, 0.05201, 0.08045, 0.4272, 0.06943, 0.09816, 0.07409, 0.03704, 0.97983, 0.12233, 0.05782, 0.03276, 0.25551, 0.99213, 0.19585, 0.09819, 0.35863, 0.03751, 0.16206, 0.06152, 0.20379, 0.03904, 0.14702, 0.03849, 0.22564, 0.03841, 0.10353, 0.25188, 0.08425, 0.15872, 0.20598, 0.18183, 0.0652, 0.04434, 0.04454, 0.04686, 0.05621, 0.05286, 0.07055, 0.14525, 0.04204, 0.2324, 0.90926, 0.05546, 0.05542, 0.12099, 0.04697, 0.03779, 0.03929, 0.21473, 0.19507, 0.0488, 0.04156, 0.10849, 0.04786, 0.07272, 0.0994, 0.06236, 0.28195, 0.03962, 0.05681, 0.03243, 0.92853, 0.07982, 0.04481, 0.16723, 0.04974, 0.12099, 0.09078, 0.07995, 0.06275, 0.91512, 0.1221, 0.09402, 0.15872, 0.04995, 0.03892, 0.05252, 0.04635, 0.04462, 0.06245, 0.07856, 0.08962, 0.13436, 0.06632, 0.05067, 0.05183, 0.31512, 0.09817, 0.05993, 0.03789, 0.0739, 0.08031, 0.99642, 0.14465, 0.16212, 0.04105, 0.04872, 0.09384, 0.36349, 0.07077, 0.40002, 0.06708, 0.05681, 0.04115, 0.04904, 0.15665, 0.05799, 0.0363, 0.05281, 0.0412, 0.39222, 0.07919, 0.06602, 0.05581, 0.03976, 0.10851, 0.14701, 0.19962, 0.06128, 0.05227, 0.06282, 0.08084, 0.03817, 0.05879, 0.03683, 0.08176, 0.04429, 0.10511, 0.04208, 0.05687, 0.03471, 0.03859, 0.55241, 0.08241, 0.10181, 0.06097, 0.04298, 0.0504, 0.09854, 0.03741, 0.04136, 0.0536, 0.09935, 0.03799, 0.06639, 0.06925, 0.05708, 0.03993, 0.3239, 0.08933, 0.08117, 0.04953, 0.14036, 0.15843, 0.04022, 0.08216, 0.99478, 0.2212, 0.04099, 0.19273, 0.03933, 0.06452, 0.06401, 0.09073, 0.03569, 0.03935, 0.08024, 0.11083, 0.08885, 0.10648, 0.08944, 0.06847, 0.27377, 0.54771, 0.07947, 0.06638, 0.13304, 0.05652, 0.1012, 0.15247, 0.06897, 0.11858, 0.09645, 0.04095, 0.12379, 0.05881, 0.04752, 0.24447, 0.1906, 0.16965, 0.0486, 0.03786, 0.07092, 0.06725, 0.0893, 0.04396, 0.22994, 0.04279, 0.06582, 0.03449, 0.04433, 0.44819, 0.04003, 0.03428, 0.19421, 0.05098, 0.11414, 0.04299, 0.06038, 0.63843, 0.04627, 0.06105, 0.03916, 0.14196, 0.04194, 0.30327, 0.07607, 0.05225, 0.04151, 0.089, 0.06296, 0.049, 0.14915, 0.19081, 0.08376, 0.08376, 0.0394, 0.10473, 0.98018, 0.17073, 0.09426, 0.23308, 0.04466, 0.04761, 0.23634, 0.04235, 0.06265, 0.11525, 0.03854, 0.37101, 0.07056, 0.04237, 0.23346, 0.19757, 0.17965, 0.31758, 0.04388, 0.03787, 0.03593, 0.1623, 0.0413, 0.05727, 0.99473, 0.04523, 0.10892, 0.0645, 0.05268, 0.08287, 0.12896, 0.0768, 0.23661, 0.06825, 0.12546, 0.0601, 0.77219, 0.05233, 0.12887, 0.06636, 0.06392, 0.09249, 0.03547, 0.05589, 0.07624, 0.05943, 0.03599, 0.07288, 0.0555, 0.05157, 0.04473, 0.03991, 0.06059, 0.0971, 0.05888, 0.27132, 0.03713, 0.11302, 0.098, 0.0755, 0.0963, 0.04182, 0.08284, 0.05428, 0.1323, 0.03844, 0.16646, 0.15842, 0.04864, 0.05577, 0.06377, 0.04298, 0.97596, 0.06099, 0.06516, 0.48709, 0.56413, 0.92678, 0.1178, 0.10371, 0.05284, 0.05774, 0.0754, 0.0543, 0.109, 0.10059, 0.04494, 0.06271, 0.07091, 0.03995, 0.0366, 0.13071, 0.09927, 0.1865, 0.11765, 0.0491, 0.10551, 0.03353, 0.03512, 0.04159, 0.05488, 0.09349, 0.04293, 0.19953, 0.05579, 0.30488, 0.16792, 0.15156, 0.04523, 0.03613, 0.05684, 0.0639, 0.19269, 0.03708, 0.12231, 0.18798, 0.16881, 0.05663, 0.20736, 0.07171, 0.04638, 0.1033, 0.08445, 0.97375, 0.24583, 0.17395, 0.65461, 0.08742, 0.111, 0.16427, 0.17175, 0.09949, 0.04545, 0.0489, 0.04373, 0.08283, 0.36178, 0.14645, 0.15295, 0.09322, 0.0424, 0.04088, 0.09161, 0.08765, 0.06282, 0.44611, 0.08572, 0.1132, 0.04848, 0.06501, 0.05362, 0.04345, 0.04271, 0.89332, 0.05082, 0.10816, 0.12331, 0.21537, 0.10738, 0.35141, 0.05144, 0.05736, 0.21034, 0.11857, 0.03662, 0.06879, 0.04206, 0.47281, 0.06026, 0.20368, 0.99758, 0.04767, 0.30138, 0.05542, 0.04038, 0.05494, 0.08009, 0.03757, 0.04797, 0.08338, 0.17998, 0.04093, 0.04137, 0.07029, 0.04149, 0.13319, 0.03732, 0.09571, 0.06416, 0.04535, 0.3977, 0.03837, 0.29387, 0.04333, 0.18385, 0.08524, 0.04124, 0.07953, 0.08306, 0.03995, 0.08059, 0.13075, 0.04053, 0.0734, 0.04679, 0.05488, 0.10691, 0.05093, 0.0925, 0.08228, 0.12672, 0.146, 0.18433, 0.0639, 0.05743, 0.47263, 0.05209, 0.09581, 0.05383, 0.07823, 0.10533, 0.07212, 0.0398, 0.04341, 0.03754, 0.07639, 0.0768, 0.27437, 0.19134, 0.04386, 0.06852, 0.05531, 0.03944, 0.16301, 0.04974, 0.09536, 0.10184, 0.12367, 0.05144, 0.03659, 0.13768, 0.15934, 0.0526, 0.03814, 0.20462, 0.29559, 0.04013, 0.05516, 0.21208, 0.20803, 0.1429, 0.03904, 0.12742, 0.89394, 0.08985, 0.08943, 0.04848, 0.07177, 0.25426, 0.06668, 0.08122, 0.07595, 0.89306, 0.10973, 0.03423, 0.11576, 0.04283, 0.07908, 0.05453, 0.07024, 0.03978, 0.11093, 0.13353, 0.1478, 0.13808, 0.05098, 0.08494, 0.09518, 0.47643, 0.0892, 0.07538, 0.06025, 0.0572, 0.04488, 0.03353, 0.23708, 0.03339, 0.06046, 0.06696, 0.05658, 0.2296, 0.07288, 0.24815, 0.10124, 0.06643, 0.03769, 0.07213, 0.07394, 0.07433, 0.04244, 0.04109, 0.17668, 0.03788, 0.03851, 0.07086, 0.05368, 0.04384, 