{"model": "bert-base-multilingual-cased", "dataset": "dravidian_malayalam", "train_config": "hardneg", "seed": 99, "thr_cal": 0.5099249809980393, "metrics_05": {"macro": 0.030381383322559793, "toxf1": 0.060762766645119586, "prec": 0.03133333333333333, "rec": 1.0, "prauc": 0.10526446272161084, "ece": 0.47594567120075226, "covert": 0.15436241610738255}, "metrics_cal": {"macro": 0.5720806390262457, "toxf1": 0.18181818181818182, "prec": 0.1411764705882353, "rec": 0.2553191489361702, "prauc": 0.10526446272161084, "ece": 0.47594567120075226, "covert": 0.2641509433962264}, "probs": [0.50531, 0.50681, 0.50746, 0.50779, 0.50616, 0.50593, 0.5054, 0.50638, 0.50821, 0.50477, 0.50545, 0.50777, 0.50941, 0.50664, 0.50561, 0.50816, 0.50632, 0.50692, 0.50555, 0.50577, 0.50635, 0.5073, 0.50807, 0.50495, 0.50537, 0.50497, 0.50792, 0.50636, 0.505, 0.51446, 0.50912, 0.5062, 0.50692, 0.50606, 0.50848, 0.50744, 0.5072, 0.50953, 0.50594, 0.50603, 0.50676, 0.50531, 0.5083, 0.50837, 0.5071, 0.50535, 0.50601, 0.50609, 0.50609, 0.50774, 0.5062, 0.50643, 0.50615, 0.50768, 0.50619, 0.50518, 0.50571, 0.50883, 0.50825, 0.50654, 0.5063, 0.50616, 0.50745, 0.50671, 0.50698, 0.50823, 0.50669, 0.50646, 0.50572, 0.50629, 0.50713, 0.50726, 0.50663, 0.50626, 0.50662, 0.50972, 0.50571, 0.50546, 0.50531, 0.50801, 0.50779, 0.5053, 0.50532, 0.50463, 0.50658, 0.50568, 0.50635, 0.50614, 0.50615, 0.50554, 0.50641, 0.50626, 0.50626, 0.51117, 0.50664, 0.50649, 0.50652, 0.50478, 0.50697, 0.50726, 0.50667, 0.50595, 0.50744, 0.50533, 0.50763, 0.50813, 0.50499, 0.50628, 0.50993, 0.50665, 0.50573, 0.50675, 0.50809, 0.50603, 0.50607, 0.50813, 0.50969, 0.50583, 0.50482, 0.50696, 0.50783, 0.50835, 0.50866, 0.51039, 0.5086, 0.50659, 0.50877, 0.50645, 0.51003, 0.5057, 0.50793, 0.50605, 0.50697, 0.5096, 0.50675, 0.50739, 0.50777, 0.50671, 0.51003, 0.5059, 0.50714, 0.50733, 0.50655, 0.50594, 0.50581, 0.50513, 0.50611, 0.50603, 0.50545, 0.50615, 0.50793, 0.50557, 0.50595, 0.50533, 0.50805, 0.51078, 0.50527, 0.50992, 0.50742, 0.50675, 0.50621, 0.50671, 0.50617, 0.51054, 0.50643, 0.50652, 0.50691, 0.50564, 0.50653, 0.50597, 0.50703, 0.50593, 0.50649, 0.50695, 0.5073, 0.50693, 0.50894, 0.50856, 0.50643, 0.50604, 0.50808, 0.50583, 0.5099, 0.50764, 0.51227, 0.50716, 0.50537, 0.50668, 0.50634, 0.51361, 0.50738, 0.50662, 0.99712, 0.50862, 0.50642, 0.50718, 0.5057, 0.50716, 0.51182, 0.50599, 0.50697, 0.5066, 0.50753, 0.50598, 0.50609, 0.51108, 0.50507, 0.50656, 0.50728, 0.50515, 0.50732, 0.50609, 0.50704, 0.50654, 0.50665, 0.50594, 0.5095, 0.50756, 0.50583, 0.5065, 0.50651, 0.50654, 0.50723, 0.50717, 0.50582, 0.50531, 0.50918, 0.50692, 0.50622, 0.5074, 0.51037, 0.50624, 0.50763, 0.50535, 0.50743, 0.50578, 0.5064, 0.50774, 0.50649, 0.50609, 0.50691, 0.50543, 0.50639, 0.50956, 0.50702, 0.50991, 0.51147, 0.50699, 0.50656, 0.50479, 0.50571, 0.50977, 0.50647, 0.50546, 0.50885, 0.50683, 0.50667, 0.50663, 0.50695, 0.50577, 0.50619, 0.50962, 0.50622, 0.50717, 0.50636, 0.5054, 0.50645, 0.50716, 0.50754, 0.50648, 0.50845, 0.50557, 0.50591, 0.50919, 0.50665, 0.50737, 0.5082, 0.50569, 0.50648, 0.5049, 0.50739, 0.50627, 0.50561, 0.50677, 0.50623, 0.50631, 0.50937, 0.5064, 0.50574, 0.50597, 0.50786, 0.50712, 0.50934, 0.50644, 0.50621, 0.50907, 0.50939, 0.5061, 0.5066, 0.50706, 0.50614, 0.50666, 0.50675, 0.50653, 0.50648, 0.51038, 0.50715, 0.50706, 0.50564, 0.51129, 0.50711, 0.50573, 0.50591, 0.50765, 0.50834, 0.50735, 0.50751, 0.50821, 0.50553, 0.5062, 0.50588, 0.51025, 0.50563, 0.50723, 0.50529, 0.50655, 0.5053, 0.50682, 0.50672, 0.50646, 0.50663, 0.50683, 0.50688, 0.50663, 0.50645, 0.5054, 0.50635, 0.50788, 0.50612, 0.50644, 0.50742, 0.50615, 0.50974, 0.51279, 0.50605, 0.50726, 0.50606, 0.50574, 0.50496, 0.50649, 0.50824, 0.50713, 0.50737, 0.50536, 0.50669, 0.50723, 0.50937, 0.50864, 0.50634, 0.50899, 0.50557, 0.50566, 0.50558, 0.51123, 0.50722, 0.50549, 0.50711, 0.5064, 0.50639, 0.50813, 0.50743, 0.50654, 0.51133, 0.50776, 0.50642, 0.50663, 0.50778, 0.50509, 0.50599, 0.50667, 0.50598, 0.5068, 0.50687, 0.50637, 0.50639, 0.50723, 0.50531, 0.50564, 0.50807, 0.50567, 0.50623, 0.50488, 0.50629, 0.50679, 0.51009, 0.51018, 0.50719, 0.50612, 0.50633, 0.50684, 0.50772, 0.50591, 0.51287, 0.50747, 0.50734, 0.50678, 0.50643, 0.50629, 0.50648, 0.50662, 0.50662, 0.50527, 0.51203, 0.50756, 0.50583, 0.50668, 0.50566, 0.507, 0.50879, 0.50934, 0.50661, 0.50578, 0.50575, 0.50628, 0.50595, 0.50721, 0.50505, 0.50579, 0.50579, 0.50629, 0.50611, 0.50656, 0.50543, 0.50556, 0.50701, 0.50594, 0.50746, 0.508, 0.50666, 0.50564, 0.5066, 0.50623, 0.50634, 0.50628, 0.50658, 0.50513, 0.50702, 0.50704, 0.50883, 0.50605, 0.50681, 0.5061, 0.5055, 0.50622, 0.50717, 0.50877, 0.50583, 0.50616, 0.51451, 0.50749, 0.50478, 0.50814, 0.50565, 0.50506, 0.50573, 0.50653, 0.50551, 0.50581, 0.50642, 0.50616, 0.50578, 0.5067, 0.50605, 0.50743, 0.50701, 0.50678, 0.50594, 0.50625, 0.51125, 0.50626, 0.50618, 0.50726, 0.50624, 0.50611, 0.51105, 0.50583, 0.5071, 0.50653, 0.50561, 0.50734, 0.50786, 0.51066, 0.50696, 0.50543, 0.50578, 0.50842, 0.5061, 0.50566, 0.50792, 0.50645, 0.50859, 0.50505, 0.50588, 0.50941, 0.50605, 0.50506, 0.50731, 0.50567, 0.50579, 0.5075, 0.50693, 0.50754, 0.50609, 0.5054, 0.5058, 0.50696, 0.50588, 0.50816, 0.50745, 0.50668, 0.50704, 0.50726, 0.50644, 0.50541, 0.50755, 0.5071, 0.50858, 0.50629, 0.5062, 0.50666, 0.51055, 0.50824, 0.51009, 0.50779, 0.50528, 0.50589, 0.50656, 0.50594, 0.50635, 0.50693, 0.50533, 0.51219, 0.50666, 0.50487, 0.5075, 0.50744, 0.50915, 0.50662, 0.5073, 0.50542, 0.50487, 0.50695, 0.50571, 0.5056, 0.51351, 0.50691, 0.50692, 0.50844, 0.50669, 0.50836, 0.50757, 0.50709, 0.50784, 0.50683, 0.50712, 0.50612, 0.50756, 0.50673, 0.50675, 0.50587, 0.50596, 0.50622, 0.50565, 0.50673, 0.51022, 0.50647, 0.50575, 0.50568, 0.50604, 0.50778, 0.5072, 0.50555, 0.50591, 0.50717, 0.5057, 0.50785, 0.50547, 0.50669, 0.50719, 0.50709, 0.50675, 0.50631, 0.50629, 0.50687, 0.50718, 0.50531, 0.51382, 0.50755, 0.50659, 0.50962, 0.50651, 0.50591, 0.50884, 0.50695, 0.50639, 0.51117, 0.51166, 0.50912, 0.50662, 0.50663, 0.5062, 0.50588, 0.50605, 0.50619, 0.50661, 0.50923, 0.50599, 0.50622, 0.5084, 0.50597, 0.50537, 0.51025, 0.50844, 0.50648, 0.50623, 0.50556, 0.50759, 0.50498, 0.50556, 0.50656, 0.50643, 0.50979, 0.50587, 0.51116, 0.5068, 0.5069, 0.50754, 0.50643, 0.5074, 0.50494, 0.50609, 0.50844, 0.50636, 0.50568, 0.50642, 0.51083, 0.50621, 0.50685, 0.50956, 0.50653, 0.50591, 0.5057, 0.50894, 0.50969, 0.50693, 0.50626, 0.51384, 0.50755, 0.50934, 0.50585, 0.50695, 0.50726, 0.50561, 0.50581, 0.50503, 0.50639, 0.50796, 0.50819, 0.50883, 0.5071, 0.50855, 0.50662, 0.50735, 0.50682, 0.50575, 0.51075, 0.50687, 0.50727, 0.50535, 0.50754, 0.50769, 0.5072, 0.50557, 0.5089, 0.50588, 0.50643, 0.50874, 0.50668, 0.50632, 0.50968, 0.50645, 0.50739, 0.5072, 0.50697, 0.50626, 0.50781, 0.50646, 0.50862, 0.50819, 0.50798, 0.5118, 0.50806, 0.50701, 0.50757, 0.50637, 0.50553, 0.50649, 0.50515, 0.50653, 0.50677, 0.50684, 0.50503, 0.50615, 0.5076, 0.50623, 0.50855, 0.50618, 0.50669, 0.50686, 0.50559, 0.50674, 0.50709, 0.50794, 0.50526, 0.50778, 0.50642, 0.50562, 0.50586, 0.50595, 0.50566, 0.50634, 0.5071, 0.50531, 0.50603, 0.50806, 0.50562, 0.50821, 0.50599, 0.50642, 0.50671, 0.50696, 0.51155, 0.51102, 0.50731, 0.50681, 0.50687, 0.50605, 0.50724, 0.50652, 0.506, 0.50663, 0.50678, 0.50593, 0.50591, 0.50553, 0.50589, 0.50723, 0.5073, 0.51061, 0.50719, 0.5063, 0.50693, 0.50597, 0.50719, 0.5064, 0.51066, 0.50655, 0.50747, 0.50645, 0.5055, 0.51172, 0.50752, 0.50664, 0.50546, 0.50875, 0.51157, 0.5063, 0.50598, 0.50746, 0.51208, 0.50637, 0.50563, 0.50949, 0.506, 0.50758, 0.50621, 0.50535, 0.50665, 0.50677, 0.50611, 0.50904, 0.50979, 0.50728, 0.50829, 0.50583, 0.50824, 0.50549, 0.50686, 0.50686, 0.50728, 0.50699, 0.50665, 0.50744, 0.50827, 0.50729, 0.50625, 0.50659, 0.50637, 0.50848, 0.50705, 0.50662, 0.50746, 0.50561, 0.50603, 0.50498, 0.50708, 0.50631, 0.50607, 0.50623, 0.50586, 0.507, 0.50695, 0.51039, 0.50708, 0.50814, 0.50572, 0.50602, 0.50842, 0.50661, 0.50676, 0.50647, 0.5066, 0.50783,