{"model": "bert-base-multilingual-cased", "dataset": "dravidian_tamil", "train_config": "ce", "seed": 123, "thr_cal": 0.5073185563087458, "metrics_05": {"macro": 0.7368888888888889, "toxf1": 0.6053333333333333, "prec": 0.5646766169154229, "rec": 0.6522988505747126, "prauc": 0.6146963036296453, "ece": 0.10395024792229138, "covert": 0.694300518134715}, "metrics_cal": {"macro": 0.7370752428266105, "toxf1": 0.6050870147255689, "prec": 0.5664160401002506, "rec": 0.6494252873563219, "prauc": 0.6146963036296453, "ece": 0.10395024792229138, "covert": 0.6979166666666666}, "probs": [0.00303, 3e-05, 0.01549, 0.00066, 0.26133, 0.00623, 0.0001, 0.00195, 0.00675, 0.00991, 2e-05, 0.00129, 5e-05, 4e-05, 0.69025, 0.02782, 0.43841, 0.30268, 2e-05, 0.40751, 0.10766, 0.02672, 0.00654, 0.04177, 0.0042, 0.13424, 0.97208, 3e-05, 0.20752, 0.00484, 0.00163, 0.36804, 0.00083, 0.03242, 0.01559, 0.92954, 0.0282, 0.07105, 4e-05, 0.07577, 0.2557, 0.01044, 0.0897, 0.1767, 0.00044, 0.95443, 0.00011, 0.00091, 0.53491, 0.00015, 0.00036, 0.00094, 0.09587, 0.06318, 0.1095, 0.50584, 0.44097, 0.5055, 0.89312, 0.07611, 0.0091, 2e-05, 0.68477, 0.00195, 0.00143, 0.00356, 0.02726, 0.24644, 0.85635, 0.11089, 0.70086, 0.02786, 0.00107, 0.00043, 0.20482, 0.7927, 0.5452, 0.83398, 0.00253, 0.00208, 0.6583, 0.71742, 0.01022, 3e-05, 0.00255, 3e-05, 0.01994, 0.00034, 0.00081, 0.45542, 0.00017, 0.90523, 6e-05, 0.46343, 0.11191, 0.23456, 0.45184, 0.00064, 0.00085, 0.00022, 0.86035, 8e-05, 0.0144, 0.00782, 0.78927, 0.54369, 0.01668, 0.00056, 2e-05, 0.60016, 0.26954, 0.0482, 0.97727, 0.02029, 0.0157, 0.00574, 2e-05, 0.01724, 0.01839, 0.00017, 0.00155, 3e-05, 0.00066, 0.01394, 0.87277, 0.00219, 0.43738, 0.23077, 3e-05, 0.00285, 0.04315, 0.32804, 0.46455, 0.00905, 0.5511, 0.64053, 0.20601, 0.00179, 0.00578, 0.95803, 0.88162, 2e-05, 0.79848, 0.93155, 0.6898, 0.07097, 0.00021, 0.20662, 0.16522, 0.13428, 0.74363, 0.02509, 0.42895, 0.00113, 0.1506, 0.00594, 8e-05, 0.93777, 0.0001, 0.66916, 0.0002, 0.92832, 0.01882, 0.95904, 0.0002, 0.05635, 0.4256, 0.09368, 0.85531, 0.17045, 0.46013, 0.44015, 0.25862, 0.31345, 0.00433, 0.02458, 0.60929, 0.00271, 5e-05, 0.10504, 0.06569, 0.47319, 0.65869, 0.8486, 0.00095, 0.00987, 0.6212, 0.0002, 0.00011, 0.00137, 0.00072, 0.00861, 0.38191, 0.00055, 3e-05, 0.41199, 0.00016, 0.93477, 0.01033, 2e-05, 0.04419, 0.96205, 0.64025, 0.00281, 0.10548, 0.07502, 0.32263, 5e-05, 0.00195, 0.42476, 0.67236, 0.00251, 0.21405, 0.00249, 6e-05, 0.16703, 0.00931, 0.00457, 0.69014, 4e-05, 0.00091, 2e-05, 0.00378, 0.97795, 0.00892, 0.44632, 0.93348, 0.00474, 2e-05, 0.00177, 0.02245, 0.00054, 0.00476, 0.96513, 0.00034, 0.00428, 0.10672, 4e-05, 0.82297, 0.0632, 0.97716, 0.00629, 0.00307, 0.50773, 0.01382, 0.00832, 0.00126, 0.72596, 0.09353, 0.03697, 0.00966, 0.00125, 0.00012, 0.00013, 0.44387, 0.0011, 0.00028, 0.04912, 0.15068, 0.00125, 0.77344, 0.93823, 0.12351, 0.00379, 0.16243, 0.00528, 0.57321, 0.02385, 0.29184, 0.00475, 0.00281, 0.90852, 0.89227, 0.0002, 0.00685, 0.00021, 0.73496, 0.15023, 0.00033, 0.04052, 0.03854, 0.00045, 7e-05, 0.00053, 0.00169, 0.00237, 0.06166, 0.30014, 0.60522, 0.40212, 0.00058, 3e-05, 0.00011, 0.65387, 0.44383, 0.19109, 0.0681, 0.17134, 0.9621, 0.00263, 1e-05, 0.02871, 0.08302, 0.87888, 0.68738, 0.00292, 0.08275, 0.00871, 0.05062, 0.00016, 0.18754, 0.90583, 0.24401, 0.18228, 0.35965, 0.69444, 0.62794, 0.03781, 0.27832, 0.01765, 7e-05, 0.49353, 0.94497, 0.19867, 0.00178, 0.81326, 0.96446, 0.01073, 0.09064, 1e-05, 0.05825, 0.78059, 0.02813, 0.01184, 0.0011, 4e-05, 0.00497, 0.87858, 0.01527, 0.39863, 1e-05, 9e-05, 0.00111, 0.73928, 0.40163, 0.0001, 0.22382, 0.01179, 0.36152, 0.02493, 0.5639, 0.70012, 0.011, 0.90186, 0.03436, 0.09978, 0.02245, 0.15121, 0.0002, 0.12634, 0.58435, 0.48776, 0.00061, 0.03602, 0.18961, 0.43835, 0.00022, 0.93139, 4e-05, 0.94733, 0.00164, 0.11006, 0.53974, 0.2747, 0.00068, 0.00927, 0.0015, 0.37762, 0.91967, 0.00145, 0.54423, 0.00073, 0.00078, 0.18324, 0.03209, 0.55772, 0.23998, 0.57187, 8e-05, 0.56561, 0.40927, 0.07995, 0.00035, 0.01083, 0.01704, 0.82845, 0.72518, 0.38141, 0.00091, 2e-05, 0.48523, 0.07338, 0.0067, 0.00019, 5e-05, 7e-05, 0.03764, 0.89453, 0.00187, 0.95294, 0.9804, 0.04261, 0.00929, 0.6157, 0.60671, 0.17194, 0.1105, 0.1169, 0.4528, 0.67442, 0.9272, 0.32763, 0.00734, 0.02189, 0.86884, 0.00043, 0.00733, 0.00561, 0.41961, 0.07346, 0.00272, 0.87995, 0.06962, 0.65685, 0.69337, 0.00015, 0.01774, 0.48733, 0.01773, 0.00024, 0.91834, 0.01016, 0.96924, 0.41569, 0.05322, 0.01492, 0.69427, 1e-05, 0.51741, 0.39305, 0.01222, 0.73496, 0.02057, 0.00194, 0.00454, 0.81609, 0.04872, 0.54871, 0.00143, 0.00601, 0.00013, 0.0001, 0.06819, 7e-05, 0.00011, 0.90686, 0.00179, 0.00702, 0.68656, 0.15059, 0.00021, 0.00046, 0.47136, 0.02968, 0.21778, 0.0245, 0.00014, 0.88483, 0.78288, 0.79575, 0.40154, 0.00314, 0.00222, 0.78018, 0.00233, 0.97698, 0.98126, 0.02586, 0.00013, 0.0741, 0.05755, 0.95049, 0.01405, 0.00025, 0.97456, 0.48617, 0.83817, 3e-05, 0.14848, 0.77916, 0.33211, 0.77649, 0.00429, 0.00782, 0.0747, 0.00217, 0.00154, 0.00331, 0.93577, 0.01513, 3e-05, 0.00092, 0.00018, 0.00241, 0.00418, 0.11326, 0.30245, 0.06409, 0.33624, 0.00788, 0.95361, 0.03604, 0.0002, 0.2014, 0.54113, 0.00413, 0.04125, 0.0021, 0.29268, 0.57909, 0.1029, 0.00464, 0.9402, 0.52023, 0.40455, 0.00032, 0.00736, 0.00022, 2e-05, 0.11988, 0.02487, 0.44951, 0.00024, 0.00149, 0.03983, 0.96636, 0.00249, 0.7589, 0.00058, 0.00027, 0.00042, 0.00221, 0.09447, 0.17012, 0.38097, 0.045, 0.8126, 0.90378, 0.85392, 0.39899, 0.56506, 0.11348, 0.05035, 0.00559, 0.0036, 0.00656, 0.84006, 0.88932, 3e-05, 0.97372, 0.00036, 0.06032, 0.00141, 0.00028, 0.17449, 0.82983, 0.08768, 0.35057, 0.44961, 0.0002, 0.62774, 0.20996, 3e-05, 0.06298, 0.00027, 0.00106, 0.73213, 0.00016, 0.82648, 0.98508, 0.00037, 0.86612, 0.72648, 0.8328, 0.01295, 0.00104, 9e-05, 9e-05, 2e-05, 0.09628, 0.00803, 0.7872, 0.842, 0.00875, 0.01628, 0.00334, 0.00324, 0.00096, 0.66051, 0.92977, 0.49599, 0.79098, 0.00053, 0.69197, 0.3303, 0.02753, 0.00327, 0.09755, 0.08006, 0.88223, 0.00044, 0.00072, 0.96722, 0.00645, 0.1406, 0.35823, 5e-05, 0.00012, 0.81356, 0.02269, 0.04265, 0.59974, 0.00039, 0.12085, 0.00301, 0.15202, 0.87734, 0.00017, 0.8293, 0.001, 0.00038, 0.00924, 0.92331, 0.31209, 0.32158, 0.00237, 0.27851, 0.83642, 0.82572, 0.97287, 0.0006, 0.02105, 0.92286, 0.00711, 0.02917, 0.00026, 3e-05, 0.93373, 0.93359, 0.86208, 0.46145, 0.4069, 0.02801, 4e-05, 0.88192, 0.05388, 0.00371, 0.00027, 0.67943, 0.43327, 0.92009, 0.00019, 0.14158, 0.06214, 0.00471, 0.01997, 0.00027, 0.70332, 0.00851, 0.96437, 0.03167, 0.52198, 0.89197, 6e-05, 0.26705, 4e-05, 0.00048, 0.91472, 0.00665, 0.34797, 0.16854, 0.01246, 0.00168, 0.04538, 0.80052, 0.10051, 6e-05, 0.00306, 0.00209, 0.1534, 0.03535, 0.00019, 0.13752, 0.96219, 0.00807, 0.36955, 0.02269, 0.22457, 8e-05, 3e-05, 0.00077, 0.00021, 0.00559, 2e-05, 0.89302, 0.12406, 0.90169, 8e-05, 0.95846, 0.00182, 0.97181, 0.04769, 0.13113, 0.03417, 0.00017, 0.00023, 0.06003, 0.88178, 0.08262, 0.4323, 3e-05, 0.31243, 0.79633, 0.02281, 0.16914, 0.00023, 0.00133, 0.00112, 0.40588, 3e-05, 0.00042, 0.00473, 0.98266, 0.79781, 0.07103, 0.49555, 0.00042, 0.00281, 0.38909, 0.25068, 0.00598, 0.09745, 0.4105, 0.68668, 0.12726, 0.00012, 0.72921, 0.05522, 0.0015, 0.00208, 0.03654, 0.90752, 0.00035, 0.00489, 0.01609, 0.00949, 0.90862, 0.0049, 0.95766, 0.00492, 0.17966, 3e-05, 0.00335, 0.00288, 0.0322, 0.7187, 0.0114, 0.95834, 0.06987, 2e-05, 0.95635, 0.26092, 0.30046, 0.17221, 0.02275, 0.00661, 0.72371, 0.00614, 0.84625, 0.83321, 0.03768, 0.36176, 0.86757, 7e-05, 0.00172, 0.86301, 0.08105, 0.01061, 0.02323, 0.26192, 0.02152, 0.06271, 4e-05, 0.91649, 0.13213, 0.83076, 0.00027, 0.77872, 0.31303, 0.11716, 0.0119, 0.51844, 0.85001, 0.00803, 0.01658, 0.05742, 0.08709, 0.01011, 7e-05, 0.75661, 0.87774, 0.9107, 0.11048, 0.02929, 0.91127, 0.71388, 0.03809, 0.00089, 0.82182, 0.00696, 0.01033, 0.00415, 0.60524, 0.07374, 0.78178, 0.19337, 0.01737, 0.48867, 1e-05, 0.09668, 0.89143, 0.005, 0.53532, 0.89184, 0.08383, 0.82692, 0.03932, 0.87028, 