{"model": "bert-base-multilingual-cased", "dataset": "dravidian_kannada", "train_config": "supcon", "seed": 7, "thr_cal": 0.20130424499511726, "metrics_05": {"macro": 0.7218076238003548, "toxf1": 0.5874587458745875, "prec": 0.6223776223776224, "rec": 0.55625, "prauc": 0.6817339967334212, "ece": 0.09917474276173238, "covert": 0.7792207792207793}, "metrics_cal": {"macro": 0.7063964816567389, "toxf1": 0.6086956521739131, "prec": 0.5151515151515151, "rec": 0.74375, "prauc": 0.6817339967334212, "ece": 0.09917474276173238, "covert": 0.8439306358381503}, "probs": [0.04376, 0.16879, 0.58442, 0.0603, 0.10895, 0.63932, 0.04835, 0.01088, 0.00235, 0.1323, 0.42132, 0.07036, 0.01695, 0.91102, 0.05545, 0.00812, 0.01171, 0.78772, 0.01334, 0.22792, 0.2472, 0.02375, 0.95799, 0.88148, 0.99928, 0.28312, 0.99269, 0.10646, 0.27504, 0.87574, 0.99868, 0.54932, 0.16501, 0.40094, 0.21891, 0.02246, 0.23791, 0.02988, 0.05541, 0.01607, 0.06246, 0.04162, 0.70454, 0.04088, 0.07104, 0.04736, 0.30158, 0.01408, 0.01643, 0.84284, 0.13408, 0.16027, 0.02197, 0.33567, 0.34609, 0.86378, 0.01987, 0.13074, 0.14392, 0.83137, 0.40282, 0.00616, 0.02052, 0.12369, 0.00496, 0.01149, 0.01195, 0.0687, 0.11611, 0.99823, 0.03806, 0.0107, 0.00856, 0.45674, 0.26251, 0.67507, 0.31787, 0.03796, 0.71962, 0.68295, 0.06691, 0.85676, 0.68269, 0.66224, 0.44763, 0.00965, 0.97568, 0.01074, 0.39629, 0.04725, 0.02154, 0.04355, 0.01363, 0.22533, 0.01011, 0.05982, 0.0509, 0.03172, 0.02147, 0.01038, 0.04236, 0.93523, 0.01933, 0.87056, 0.1074, 0.05241, 0.84335, 0.07084, 0.08929, 0.04823, 0.9, 0.00869, 0.0117, 0.0107, 0.01394, 0.00917, 0.16501, 0.09909, 0.70821, 0.43931, 0.14822, 0.08399, 0.13227, 0.56486, 0.0463, 0.0372, 0.30158, 0.85236, 0.01299, 0.11853, 0.81067, 0.02051, 0.00605, 0.61466, 0.93396, 0.17617, 0.00988, 0.98653, 0.02547, 0.50568, 0.01381, 0.15409, 0.65532, 0.92375, 0.74896, 0.42351, 0.06955, 0.10455, 0.19955, 0.03409, 0.00316, 0.00501, 0.88946, 0.64826, 0.03931, 0.87496, 0.02101, 0.35303, 0.60601, 0.44464, 0.0746, 0.00598, 0.01331, 0.07477, 0.07948, 0.00819, 0.08394, 0.11844, 0.08873, 0.26278, 0.01933, 0.83876, 0.07667, 0.01152, 0.47738, 0.00367, 0.30158, 0.02868, 0.01616, 0.86596, 0.04807, 0.00598, 0.30158, 0.96614, 0.85268, 0.01831, 0.91947, 0.02457, 0.16371, 0.00823, 0.30679, 0.92764, 0.01192, 0.30158, 0.12663, 0.96827, 0.03234, 0.07306, 0.89135, 0.03165, 0.05446, 0.00424, 0.0075, 0.32241, 0.05613, 0.56869, 0.52321, 0.02374, 0.98808, 0.00435, 0.76431, 0.86533, 0.28846, 0.00348, 0.01127, 0.00738, 0.56966, 0.08089, 0.00393, 0.0159, 0.02448, 0.30704, 0.08329, 0.45013, 0.94143, 0.21271, 0.01011, 0.04325, 0.02387, 0.01748, 0.01066, 0.01997, 0.01995, 0.18846, 0.01948, 0.63453, 0.99897, 0.04144, 0.00337, 0.00364, 0.0623, 0.30158, 0.87781, 0.99509, 0.99885, 0.01309, 0.01054, 0.02782, 0.53264, 0.57198, 0.69566, 0.06962, 0.69482, 0.1759, 0.09107, 0.00881, 0.0953, 0.25962, 0.01785, 0.07493, 0.32725, 0.1074, 0.85422, 0.12002, 0.15306, 0.03605, 0.30158, 0.00657, 0.01189, 0.00317, 0.01643, 0.06745, 0.56481, 0.1592, 0.03657, 0.04767, 0.81366, 0.00517, 0.92288, 0.91247, 0.1065, 0.87486, 0.97226, 0.21706, 0.14995, 0.45617, 0.05791, 0.53543, 0.0036, 0.07769, 0.23117, 0.01825, 0.01014, 0.61583, 0.07786, 0.30158, 0.18388, 0.61007, 0.14153, 0.03393, 0.00747, 0.02675, 0.01848, 0.79719, 0.00654, 0.01032, 0.19948, 0.30158, 0.01386, 0.01976, 0.03454, 0.06382, 0.07379, 0.33868, 0.89825, 0.02398, 0.0164, 0.06148, 0.07728, 0.06776, 0.40107, 0.05092, 0.00288, 0.02239, 0.96942, 0.01134, 0.09689, 0.00957, 0.28928, 0.92986, 0.0235, 0.36284, 0.00912, 0.11292, 0.01825, 0.0098, 0.51533, 0.4118, 0.08527, 0.15669, 0.0181, 0.04001, 0.17093, 0.00667, 0.16401, 0.06918, 0.98764, 0.79612, 0.30158, 0.27974, 0.0147, 0.14333, 0.39322, 0.17552, 0.05808, 0.30588, 0.77326, 0.89421, 0.00723, 0.13944, 0.15414, 0.00374, 0.00647, 0.24448, 0.04716, 0.02315, 0.9662, 0.11811, 0.00283, 0.37767, 0.99875, 0.16067, 0.01656, 0.30158, 0.01821, 0.03123, 0.01589, 0.79592, 0.99193, 0.01845, 0.89694, 0.03452, 0.01758, 0.82983, 0.34932, 0.9151, 0.02073, 0.0089, 0.16698, 0.7673, 0.05344, 0.04166, 0.04526, 0.27229, 0.21209, 0.00298, 0.65653, 0.21385, 0.02264, 0.9402, 0.03741, 0.18379, 0.88063, 0.91202, 0.0066, 0.02565, 0.03877, 0.99891, 0.33554, 0.22074, 0.02794, 0.03714, 0.35748, 0.06711, 0.21243, 0.23739, 0.02586, 0.18737, 0.06286, 0.14865, 0.0357, 0.4082, 0.06993, 0.01878, 0.83904, 0.97993, 0.12932, 0.99116, 0.98948, 0.00795, 0.03189, 0.13415, 0.02508, 0.04259, 0.16523, 0.38397, 0.85337, 0.0257, 0.87775, 0.0425, 0.15677, 0.48796, 0.00712, 0.00805, 0.9988, 0.97659, 0.0253, 0.95048, 0.14811, 0.28004, 0.39723, 0.0348, 0.00622, 0.0034, 0.27356, 0.35397, 0.11933, 0.34509, 0.08193, 0.02031, 0.26099, 0.01857, 0.02337, 0.00517, 0.08994, 0.02688, 0.01787, 0.92901, 0.95023, 0.32616, 0.75925, 0.75282, 0.04628, 0.03218, 0.17068, 0.01097, 0.44851, 0.99473, 0.15561, 0.01022, 0.84487, 0.91356, 0.01151, 0.13276, 0.68386, 0.29559, 0.92678, 0.85869, 0.11044, 0.00367, 0.01803, 0.07492, 0.90198, 0.98115, 0.01955, 0.20599, 0.12751, 0.04967, 0.88254, 0.88721, 0.00256, 0.0228, 0.13967, 0.0462, 0.01886, 0.86535, 0.04509, 0.02768, 0.01472, 0.90909, 0.00623, 0.98999, 0.03483, 0.01257, 0.01459, 0.28684, 0.08365, 0.14546, 0.08503, 0.13511, 0.01056, 0.96799, 0.94737, 0.01123, 0.12762, 0.8535, 0.30158, 0.51791, 0.14869, 0.01961, 0.07472, 0.15385, 0.81807, 0.00951, 0.06491, 0.30158, 0.17549, 0.02084, 0.0327, 0.84923, 0.20202, 0.46308, 0.66068, 0.33128, 0.00546, 0.80478, 0.78265, 0.29677, 0.13457, 0.69235, 0.98026, 0.00215, 0.01088, 0.09166, 0.00221, 0.99295, 0.00842, 0.80477, 0.38974, 0.0119, 0.02838, 0.02061, 0.04039, 0.8145, 0.9238, 0.25103, 0.03315, 0.016, 0.9692, 0.049, 0.94569, 0.98174, 0.05167, 0.6502, 0.01414, 0.01173, 0.04073, 0.23072, 0.03122, 0.41638, 0.17111, 0.09723, 0.1319, 0.04488, 0.04812, 0.08913], "labels": [0, 0, 0, 0, 0, 0, 0, 0, 0, 0, 0, 0, 0, 0, 1, 0, 0, 1, 0, 0, 0, 0, 0, 1, 1, 1, 1, 1, 1, 0, 1, 0, 1, 1, 1, 0, 1, 0, 0, 1, 0, 0, 1, 0, 0, 0, 0, 0, 0, 1, 0, 0, 0, 1, 0, 0, 0, 0, 1, 0, 0, 0, 0, 1, 0, 0, 0, 0, 1, 1, 1, 0, 0, 0, 0, 1, 0, 0, 0, 1, 0, 1, 1, 0, 0, 0, 1, 0, 1, 0, 0, 0, 0, 0, 0, 0, 0, 1, 0, 0, 0, 1, 0, 1, 0, 0, 1, 0, 0, 0, 0, 0, 0, 0, 0, 0, 0, 0, 1, 0, 0, 0, 1, 1, 0, 0, 0, 0, 0, 0, 0, 0, 0, 1, 1, 0, 0, 1, 0, 0, 0, 0, 1, 1, 1, 0, 0, 0, 1, 0, 0, 0, 0, 0, 0, 1, 0, 0, 0, 1, 1, 1, 0, 1, 0, 0, 0, 0, 0, 0, 0, 1, 0, 0, 1, 0, 0, 0, 0, 0, 0, 0, 0, 0, 1, 0, 0, 0, 0, 0, 0, 1, 0, 1, 0, 1, 1, 0, 0, 0, 0, 0, 0, 0, 1, 1, 0, 0, 1, 0, 1, 0, 1, 0, 0, 0, 1, 0, 0, 0, 1, 0, 0, 0, 1, 0, 0, 0, 0, 0, 0, 0, 0, 0, 0, 1, 1, 0, 0, 0, 0, 0, 0, 1, 1, 0, 0, 0, 0, 0, 0, 0, 0, 1, 0, 0, 0, 0, 1, 0, 1, 0, 0, 0, 0, 0, 0, 0, 0, 0, 0, 0, 0, 1, 0, 0, 0, 0, 1, 1, 0, 1, 1, 0, 0, 1, 0, 1, 0, 0, 1, 0, 0, 1, 0, 0, 0, 1, 0, 0, 0, 0, 0, 0, 0, 0, 0, 1, 0, 0, 0, 0, 0, 0, 1, 1, 0, 0, 0, 0, 1, 1, 0, 0, 1, 0, 1, 0, 1, 1, 0, 0, 0, 0, 0, 0, 0, 1, 0, 0, 0, 0, 0, 0, 0, 0, 1, 0, 0, 0, 0, 0, 1, 0, 0, 1, 0, 1, 0, 0, 1, 0, 0, 0, 0, 0, 1, 0, 0, 1, 1, 0, 0, 0, 0, 0, 0, 1, 1, 0, 1, 0, 0, 1, 1, 1, 0, 0, 1, 1, 0, 0, 0, 0, 0, 0, 0, 0, 0, 1, 1, 1, 0, 1, 0, 0, 0, 1, 0, 0, 0, 0, 0, 0, 0, 0, 0, 1, 0, 1, 0, 0, 1, 0, 0, 0, 1, 1, 1, 0, 0, 0, 0, 0, 0, 1, 1, 0, 1, 0, 0, 0, 0, 0, 1, 1, 0, 1, 0, 1, 0, 0, 0, 0, 0, 0, 0, 0, 0, 0, 0, 0, 0, 0, 0, 0, 0, 1, 0, 1, 0, 0, 1, 1, 1, 0, 0, 1, 0, 0, 1, 1, 0, 0, 1, 0, 1, 1, 0, 0, 0, 0, 1, 1, 0, 1, 0, 0, 1, 0, 0, 0, 0, 0, 0, 0, 0, 0, 0, 1, 0, 1, 0, 0, 0, 1, 0, 1, 0, 0, 0, 1, 0, 0, 0, 0, 0, 0, 0, 0, 0, 0, 0, 0, 1, 0, 0, 1, 1, 1, 0, 0, 0, 1, 0, 0, 0, 1, 0, 1, 1, 0, 0, 0, 0, 1, 0, 0, 0, 0, 0, 0, 0, 1, 1, 1, 1, 0, 0, 0, 1, 1, 0, 0, 0, 0, 0, 0, 0, 0, 0, 0, 0, 1, 0, 1], "n": {"train": 3400, "val": 600, "test": 586, "toxic_frac": 0.23911764705882352}}