{"model": "bert-base-multilingual-cased", "dataset": "dravidian_tamil", "train_config": "supcon", "seed": 7, "thr_cal": 0.1793532647192478, "metrics_05": {"macro": 0.7253545367768585, "toxf1": 0.5821727019498607, "prec": 0.5648648648648649, "rec": 0.6005747126436781, "prauc": 0.5855941205989217, "ece": 0.07855604326973359, "covert": 0.6738544474393531}, "metrics_cal": {"macro": 0.6771119811776607, "toxf1": 0.56797583081571, "prec": 0.4372093023255814, "rec": 0.8103448275862069, "prauc": 0.5855941205989217, "ece": 0.07855604326973359, "covert": 0.7180616740088106}, "probs": [0.02435, 0.00336, 0.0143, 0.02823, 0.75055, 0.07486, 0.0124, 0.02863, 0.04212, 0.02738, 0.00282, 0.03456, 0.00975, 0.01057, 0.24941, 0.06785, 0.6365, 0.6192, 0.00655, 0.24646, 0.2378, 0.13209, 0.1501, 0.23077, 0.03534, 0.03472, 0.95884, 0.00847, 0.16497, 0.01069, 0.06973, 0.22984, 0.03531, 0.05218, 0.05103, 0.89096, 0.13922, 0.17634, 0.00374, 0.11454, 0.41726, 0.06024, 0.49609, 0.21868, 0.00902, 0.91865, 0.01235, 0.0273, 0.77911, 0.03689, 0.02263, 0.05986, 0.16201, 0.10097, 0.08005, 0.23287, 0.486, 0.26091, 0.7947, 0.18398, 0.01981, 0.00467, 0.34545, 0.08621, 0.05395, 0.04609, 0.04922, 0.50209, 0.81678, 0.32529, 0.94398, 0.16054, 0.02673, 0.02687, 0.6933, 0.58981, 0.40568, 0.85286, 0.01825, 0.02944, 0.30128, 0.3085, 0.11066, 0.00529, 0.02595, 0.00848, 0.06119, 0.02892, 0.01451, 0.40241, 0.01815, 0.39121, 0.01574, 0.11862, 0.08994, 0.11332, 0.3052, 0.01181, 0.03095, 0.02201, 0.73071, 0.00926, 0.03394, 0.1224, 0.67561, 0.8028, 0.14004, 0.05832, 0.0035, 0.67958, 0.21979, 0.1281, 0.98416, 0.33999, 0.07015, 0.03643, 0.02187, 0.09704, 0.03373, 0.00494, 0.0442, 0.00517, 0.04576, 0.06882, 0.72728, 0.09395, 0.33275, 0.45909, 0.0106, 0.03345, 0.08239, 0.04781, 0.26967, 0.07314, 0.8628, 0.4377, 0.21892, 0.01151, 0.02019, 0.96962, 0.67921, 0.01815, 0.8492, 0.8458, 0.13109, 0.34421, 0.00687, 0.3947, 0.08539, 0.37195, 0.4881, 0.06075, 0.40258, 0.0935, 0.74103, 0.03221, 0.01957, 0.85994, 0.02096, 0.18697, 0.02984, 0.94487, 0.08609, 0.96836, 0.01171, 0.32422, 0.27765, 0.11666, 0.62779, 0.13253, 0.6688, 0.30437, 0.33419, 0.40116, 0.13647, 0.13798, 0.49717, 0.04817, 0.01022, 0.37331, 0.11751, 0.73741, 0.31264, 0.92193, 0.04248, 0.03871, 0.67557, 0.02522, 0.01064, 0.07971, 0.01274, 0.03905, 0.26049, 0.03892, 0.00639, 0.31225, 0.02597, 0.96864, 0.03843, 0.00785, 0.51849, 0.97647, 0.65836, 0.02925, 0.0761, 0.17118, 0.38945, 0.0104, 0.05272, 0.30887, 0.78158, 0.07448, 0.27089, 0.01212, 0.03756, 0.25622, 0.02264, 0.02865, 0.36449, 0.01417, 0.02512, 0.01005, 0.02787, 0.97831, 0.01752, 0.45024, 0.95746, 0.01485, 0.00735, 0.01733, 0.13673, 0.12645, 0.06227, 0.9703, 0.05122, 0.09671, 0.63628, 0.0033, 0.45369, 0.13653, 0.97999, 0.11537, 0.02906, 0.2416, 0.08637, 0.09758, 0.08704, 0.59542, 0.13488, 0.0972, 0.0392, 0.05997, 0.01857, 0.01889, 0.49061, 0.12629, 0.01419, 0.38129, 0.15701, 0.01225, 0.71495, 0.94683, 0.25212, 0.24285, 0.26154, 0.01599, 0.22941, 0.15059, 0.5146, 0.22149, 0.03574, 0.76037, 0.72384, 0.00995, 0.08369, 0.0084, 0.75676, 0.39944, 0.02041, 0.3151, 0.06192, 0.01284, 0.01184, 0.03868, 0.04192, 0.02562, 0.07306, 0.15467, 0.38779, 0.20347, 0.02909, 0.00201, 0.02121, 0.69466, 0.38597, 0.32076, 0.16275, 0.16545, 0.72633, 0.0274, 0.00755, 0.04591, 0.07232, 0.80795, 0.52449, 0.07804, 0.198, 0.06357, 0.07006, 0.01389, 0.24773, 0.95424, 0.13631, 0.35943, 0.59422, 0.68633, 0.71211, 0.10202, 0.13188, 0.23863, 0.01565, 0.39093, 0.96906, 0.31639, 0.03904, 0.91803, 0.92934, 0.34559, 0.19633, 0.00434, 0.04894, 0.33457, 0.10529, 0.09148, 0.04146, 0.0091, 0.05415, 0.17053, 0.07772, 0.21311, 0.00548, 0.0121, 0.1248, 0.53431, 0.0572, 0.01165, 0.22206, 0.04676, 0.09963, 0.09478, 0.64549, 0.28031, 0.49576, 0.92436, 0.11678, 0.14194, 0.08442, 0.23038, 0.00977, 0.13044, 0.25575, 0.68631, 0.06048, 0.10588, 0.41704, 0.77627, 0.01978, 0.76123, 0.0043, 0.98957, 0.03174, 0.08139, 0.6368, 0.08358, 0.04588, 0.24288, 0.01808, 0.23566, 0.78608, 0.03957, 0.27338, 0.02349, 0.16242, 0.27257, 0.44785, 0.63001, 0.31216, 0.77949, 0.01567, 0.08487, 0.29269, 0.01827, 0.01856, 0.05337, 0.11978, 0.85563, 0.67442, 0.608, 0.01544, 0.02348, 0.69186, 0.08799, 0.04266, 0.02196, 0.01012, 0.00522, 0.05682, 0.80686, 0.0369, 0.9393, 0.99435, 0.09033, 0.05004, 0.67273, 0.36316, 0.36832, 0.19931, 0.14053, 0.55104, 0.16738, 0.83918, 0.30243, 0.01852, 0.08741, 0.38943, 0.01919, 0.05986, 0.00963, 0.21533, 0.17041, 0.02387, 0.77151, 0.75345, 0.70727, 0.40665, 0.01215, 0.0515, 0.36429, 0.14565, 0.0341, 0.86683, 0.07585, 0.86949, 0.545, 0.10235, 0.1379, 0.59155, 0.00658, 0.46701, 0.6081, 0.11391, 0.79269, 0.04676, 0.06483, 0.03333, 0.54652, 0.19417, 0.07846, 0.08529, 0.17578, 0.01175, 0.01629, 0.14552, 0.00774, 0.01635, 0.93096, 0.0326, 0.06563, 0.58157, 0.08219, 0.04864, 0.03615, 0.74167, 0.04411, 0.6232, 0.39785, 0.02147, 0.83916, 0.87671, 0.33882, 0.70344, 0.03808, 0.07119, 0.78004, 0.04244, 0.96553, 0.9867, 0.04658, 0.01354, 0.12312, 0.04102, 0.9145, 0.07467, 0.0135, 0.77346, 0.1303, 0.87249, 0.01102, 0.13344, 0.4422, 0.19716, 0.53238, 0.07259, 0.05877, 0.22831, 0.10702, 0.01038, 0.02148, 0.93785, 0.049, 0.00545, 0.05514, 0.03413, 0.07595, 0.02829, 0.5129, 0.15941, 0.09032, 0.42944, 0.23013, 0.84275, 0.33664, 0.05884, 0.36061, 0.57915, 0.09282, 0.13074, 0.10128, 0.57473, 0.15519, 0.0979, 0.02947, 0.97435, 0.29865, 0.47539, 0.01449, 0.08642, 0.01429, 0.01337, 0.05372, 0.30141, 0.13751, 0.01682, 0.02764, 0.10356, 0.97146, 0.07999, 0.81436, 0.00998, 0.01428, 0.04754, 0.01466, 0.23728, 0.17411, 0.3284, 0.12989, 0.39209, 0.82806, 0.94387, 0.33635, 0.62021, 0.24857, 0.27832, 0.05276, 0.2963, 0.09082, 0.86949, 0.89842, 0.02252, 0.94349, 0.06718, 0.30307, 0.01473, 0.00785, 0.09286, 0.62388, 0.0747, 0.14578, 0.59307, 0.00677, 0.23874, 0.46265, 0.02279, 0.39102, 0.00557, 0.0134, 0.58657, 0.02999, 0.93039, 0.98693, 0.00599, 0.92445, 0.57146, 0.64523, 0.0221, 0.06035, 0.0398, 0.06328, 0.00444, 0.15428, 0.02171, 0.81515, 0.76084, 0.14655, 0.06054, 0.26373, 0.08558, 0.01015, 0.85737, 0.90272, 0.23714, 0.14557, 0.06744, 0.32999, 0.67438, 0.18215, 0.08804, 0.28877, 0.09905, 0.83574, 0.03838, 0.01633, 0.9506, 0.08317, 0.20158, 0.42304, 0.01509, 0.00872, 0.58508, 0.11247, 0.36356, 0.21899, 0.06964, 0.25343, 0.06178, 0.16376, 0.73455, 0.00962, 0.82131, 0.00783, 0.02418, 0.16001, 0.49065, 0.41992, 0.13887, 0.0385, 0.17642, 0.72088, 0.74524, 0.95682, 0.02604, 0.17959, 0.89408, 0.07596, 0.12834, 0.01353, 0.00312, 0.75585, 0.85473, 0.39526, 0.86077, 0.13112, 0.0984, 0.00524, 0.61932, 0.15283, 0.15199, 0.02206, 0.7446, 0.705, 0.81821, 0.01588, 0.57348, 0.19465, 0.04667, 0.05464, 0.03843, 0.13552, 0.05664, 0.93739, 0.07115, 0.59316, 0.69264, 0.01838, 0.13653, 0.03162, 0.01779, 0.81207, 0.05495, 0.37002, 0.17351, 0.13376, 0.01634, 0.11817, 0.48864, 0.06645, 0.00633, 0.0747, 0.02595, 0.13929, 0.10161, 0.05879, 0.34272, 0.96266, 0.14004, 0.17919, 0.0584, 0.06562, 0.04056, 0.03059, 0.01538, 0.01535, 0.09494, 0.00483, 0.53629, 0.61383, 0.82081, 0.01884, 0.95619, 0.06068, 0.9052, 0.24132, 0.1391, 0.14466, 0.0196, 0.02549, 0.10093, 0.24561, 0.07944, 0.46562, 0.00165, 0.40597, 0.66313, 0.23124, 0.32867, 0.01442, 0.10068, 0.03208, 0.64381, 0.0048, 0.00776, 0.10488, 0.97736, 0.43343, 0.06244, 0.80802, 0.05767, 0.038, 0.81788, 0.5229, 0.18514, 0.11754, 0.22479, 0.79078, 0.10055, 0.00412, 0.82957, 0.1435, 0.02963, 0.00771, 0.16371, 0.7175, 0.01587, 0.0203, 0.09208, 0.05018, 0.8901, 0.0689, 0.94698, 0.05305, 0.51473, 0.00094, 0.03806, 0.05662, 0.40746, 0.15565, 0.04796, 0.90675, 0.05102, 0.01754, 0.96988, 0.21002, 0.5006, 0.12548, 0.08202, 0.26322, 0.44384, 0.07198, 0.41164, 0.89777, 0.04483, 0.44078, 0.71042, 0.01779, 0.04191, 0.90904, 0.1941, 0.08838, 0.23334, 0.31245, 0.03116, 0.17008, 0.01375, 0.90998, 0.04773, 0.56423, 0.0226, 0.82887, 0.17161, 0.44494, 0.08189, 0.25441, 0.92939, 0.09339, 0.04095, 0.16184, 0.15114, 0.04601, 0.0085, 0.76533, 0.87257, 0.90532, 0.09764, 0.03815, 0.8414, 0.46838, 0.05873, 0.011, 0.81815, 0.21087, 0.06518, 0.11818, 0.80788, 0.14723, 0.80136, 