{"model": "bert-base-multilingual-cased", "dataset": "dravidian_malayalam", "train_config": "ce", "seed": 99, "thr_cal": 0.8609346389770508, "metrics_05": {"macro": 0.6046288187329416, "toxf1": 0.25301204819277107, "prec": 0.17647058823529413, "rec": 0.44680851063829785, "prauc": 0.2492095474454648, "ece": 0.10472722731530666, "covert": 0.3287671232876712}, "metrics_cal": {"macro": 0.6396992124248667, "toxf1": 0.3089430894308943, "prec": 0.25, "rec": 0.40425531914893614, "prauc": 0.2492095474454648, "ece": 0.10472722731530666, "covert": 0.3283582089552239}, "probs": [0.00384, 0.03624, 0.0818, 0.18653, 0.09949, 0.01876, 0.00532, 0.05125, 0.22648, 0.00133, 0.0028, 0.00143, 0.02293, 0.0018, 0.09385, 0.00112, 0.04335, 0.06105, 0.06321, 0.0727, 0.00643, 0.00535, 0.40148, 0.00095, 0.00577, 0.00293, 0.00299, 0.01752, 0.03671, 0.97011, 0.10098, 0.03845, 0.9108, 0.00337, 0.12024, 0.08867, 0.46013, 0.85835, 0.00199, 0.06927, 0.04286, 0.01163, 0.07797, 0.08378, 0.99812, 0.00406, 0.00128, 0.06118, 0.11639, 0.00158, 0.00346, 0.01734, 0.06057, 0.00883, 0.09901, 0.00634, 0.00135, 0.01124, 0.0679, 0.15334, 0.05015, 0.04503, 0.31742, 0.03949, 0.14416, 0.33481, 0.00084, 0.04437, 0.00119, 0.06481, 0.60831, 0.09872, 0.02678, 0.01905, 0.11576, 0.19005, 0.00113, 0.05301, 0.0469, 0.0861, 0.13747, 0.05035, 0.0019, 0.00158, 0.00219, 0.00117, 0.07189, 0.04461, 0.09297, 0.00108, 0.06507, 0.0776, 0.00145, 0.17648, 0.05457, 0.00262, 0.06393, 0.00138, 0.40484, 0.0216, 0.06654, 0.0131, 0.00217, 0.00319, 0.09751, 0.05047, 0.02966, 0.0164, 0.20309, 0.001, 0.00333, 0.1065, 0.00582, 0.01631, 0.02531, 0.61517, 0.54803, 0.06723, 0.00167, 0.10747, 0.99746, 0.05465, 0.25615, 0.06093, 0.21991, 0.17184, 0.12122, 0.05699, 0.13253, 0.00086, 0.13926, 0.05375, 0.28565, 0.12262, 0.10993, 0.22703, 0.15849, 0.19812, 0.16002, 0.10014, 0.22582, 0.00128, 0.07375, 0.00288, 0.00118, 0.00127, 0.01716, 0.00126, 0.06746, 0.05731, 0.14584, 0.00102, 0.0683, 0.00101, 0.15388, 0.97743, 0.03362, 0.58972, 0.11796, 0.18014, 0.00371, 0.14726, 0.00188, 0.94426, 0.02607, 0.03061, 0.00079, 0.02477, 0.04615, 0.00401, 0.24711, 0.05346, 0.23724, 0.15895, 0.00091, 0.00099, 0.17243, 0.12506, 0.04875, 0.08812, 0.33295, 0.00683, 0.99035, 0.10278, 0.82344, 0.15464, 0.00191, 0.04064, 0.22288, 0.39726, 0.25502, 0.01443, 0.99766, 0.00652, 0.05144, 0.12678, 0.00105, 0.11016, 0.17788, 0.03398, 0.04656, 0.02923, 0.38062, 0.14737, 0.06189, 0.20425, 0.00315, 0.11623, 0.13785, 0.01415, 0.1193, 0.05864, 0.0847, 0.00258, 0.01548, 0.06484, 0.99802, 0.22173, 0.06281, 0.05141, 0.06626, 0.00108, 0.0017, 0.00098, 0.00088, 0.00176, 0.04321, 0.1209, 0.125, 0.14473, 0.67506, 0.03254, 0.07849, 0.00406, 0.14506, 0.09273, 0.00167, 0.07623, 0.18275, 0.13122, 0.2097, 0.00245, 0.01447, 0.12142, 0.00089, 0.17107, 0.98857, 0.0016, 0.07992, 0.0014, 0.00449, 0.12203, 0.06568, 0.00142, 0.00201, 0.00207, 0.0301, 0.14307, 0.07601, 0.00452, 0.06045, 0.00216, 0.04461, 0.99656, 0.16709, 0.04257, 0.0015, 0.19059, 0.13898, 0.09119, 0.00687, 0.10723, 0.00899, 0.14826, 0.06219, 0.04652, 0.17969, 0.07342, 0.00287, 0.00158, 0.17106, 0.03651, 0.14146, 0.22264, 0.00296, 0.08837, 0.37834, 0.04168, 0.07072, 0.00483, 0.00159, 0.42644, 0.10691, 0.10113, 0.09077, 0.26702, 0.15609, 0.09086, 0.03141, 0.13437, 0.00108, 0.00149, 0.03881, 0.01963, 0.06386, 0.30089, 0.69515, 0.00113, 0.00312, 0.99786, 0.09893, 0.00124, 0.00089, 0.15395, 0.99704, 0.83105, 0.00129, 0.99231, 0.00606, 0.04732, 0.01144, 0.07325, 0.00162, 0.23594, 0.00239, 0.38137, 0.05035, 0.01729, 0.31031, 0.16117, 0.25036, 0.14421, 0.09852, 0.07501, 0.00844, 0.00111, 0.04751, 0.05658, 0.07118, 0.00907, 0.00555, 0.00389, 0.0381, 0.99721, 0.01439, 0.00517, 0.1146, 0.00349, 0.0012, 0.00092, 0.83248, 0.1866, 0.02711, 0.00466, 0.11035, 0.00521, 0.06884, 0.03971, 0.09417, 0.99286, 0.00411, 0.04358, 0.02191, 0.924, 0.11338, 0.0676, 0.13561, 0.03319, 0.09213, 0.05047, 0.02844, 0.02872, 0.99824, 0.09067, 0.03095, 0.25036, 0.01866, 0.00147, 0.01188, 0.00637, 0.00365, 0.00145, 0.09782, 0.11001, 0.0719, 0.18563, 0.02155, 0.0024, 0.29488, 0.21533, 0.0849, 0.00149, 0.05274, 0.10381, 0.99843, 0.98024, 0.1198, 0.00735, 0.00357, 0.00159, 0.24435, 0.08522, 0.99787, 0.00364, 0.08333, 0.01414, 0.05521, 0.16293, 0.01966, 0.00294, 0.002, 0.00742, 0.71329, 0.09394, 0.07758, 0.01359, 0.00238, 0.13021, 0.27459, 0.31122, 0.00775, 0.00805, 0.03868, 0.09209, 0.01185, 0.00237, 0.00153, 0.0106, 0.00079, 0.09239, 0.03322, 0.0245, 0.03998, 0.05156, 0.29222, 0.07691, 0.17982, 0.02558, 0.00105, 0.0144, 0.01771, 0.0822, 0.08335, 0.04934, 0.01161, 0.07516, 0.01068, 0.00106, 0.06844, 0.00104, 0.47274, 0.01517, 0.0354, 0.01971, 0.08509, 0.4694, 0.06723, 0.14602, 0.99774, 0.1543, 0.02287, 0.49969, 0.00136, 0.00453, 0.00166, 0.11558, 0.0012, 0.00259, 0.06614, 0.03708, 0.09273, 0.09753, 0.07644, 0.09219, 0.09873, 0.15335, 0.13257, 0.05723, 0.77205, 0.06224, 0.03443, 0.11323, 0.11855, 0.1499, 0.29277, 0.00213, 0.05646, 0.01505, 0.00394, 0.289, 0.03414, 0.05392, 0.10747, 0.00245, 0.00107, 0.00336, 0.07104, 0.02176, 0.98369, 0.07535, 0.00535, 0.00099, 0.02784, 0.50168, 0.03074, 0.00133, 0.20115, 0.06948, 0.04627, 0.00089, 0.08448, 0.94277, 0.00089, 0.00294, 0.05719, 0.27682, 0.01246, 0.78128, 0.01561, 0.03526, 0.0985, 0.05712, 0.0124, 0.01306, 0.18535, 0.26626, 0.06116, 0.06927, 0.00271, 0.07208, 0.99576, 0.024, 0.00853, 0.9685, 0.00254, 0.03386, 0.1716, 0.01037, 0.05095, 0.02946, 0.0015, 0.99571, 0.10807, 0.00356, 0.08648, 0.09363, 0.84442, 0.9222, 0.02711, 0.00088, 0.01698, 0.26185, 0.06706, 0.10457, 0.99664, 0.01919, 0.05685, 0.15991, 0.05208, 0.04847, 0.19175, 0.1625, 0.19738, 0.18016, 0.04548, 0.05756, 0.15353, 0.07233, 0.05799, 0.07136, 0.00364, 0.0477, 0.00155, 0.00245, 0.77676, 0.08859, 0.00087, 0.04268, 0.0505, 0.00814, 0.12103, 0.05858, 0.03106, 0.00601, 0.01469, 0.32111, 0.00163, 0.06626, 0.10621, 0.05326, 0.15779, 0.01798, 0.16697, 0.07731, 0.12437, 0.00342, 0.89047, 0.13184, 0.12911, 0.00216, 0.00105, 0.05347, 0.99569, 0.14231, 0.07867, 0.84867, 0.97611, 0.99818, 0.08713, 0.05771, 0.10793, 0.11762, 0.06175, 0.0281, 0.1014, 0.01121, 0.06876, 0.09816, 0.02985, 0.01041, 0.00577, 0.02463, 0.00614, 0.06928, 0.16095, 0.08849, 0.55659, 0.00143, 0.00385, 0.1045, 0.23693, 0.00167, 0.03123, 0.15212, 0.06564, 0.39684, 0.00124, 0.05563, 0.07677, 0.003, 0.08172, 0.05432, 0.1199, 0.001, 0.25768, 0.06008, 0.14208, 0.02349, 0.13594, 0.07758, 0.04695, 0.06633, 0.22194, 0.99812, 0.83759, 0.15807, 0.95024, 0.10693, 0.00256, 0.13399, 0.15069, 0.06099, 0.04178, 0.01518, 0.00227, 0.01188, 0.1113, 0.21924, 0.23801, 0.00446, 0.00381, 0.02405, 0.14419, 0.1242, 0.03868, 0.99816, 0.10984, 0.04083, 0.00223, 0.0019, 0.00458, 0.01087, 0.00364, 0.61242, 0.07775, 0.05803, 0.26292, 0.18252, 0.16605, 0.28525, 0.0011, 0.00925, 0.22014, 0.03565, 0.00127, 0.09194, 0.00388, 0.2045, 0.09884, 0.23793, 0.99801, 0.03269, 0.09984, 0.04586, 0.07127, 0.04745, 0.08145, 0.05188, 0.07576, 0.08967, 0.0326, 0.00128, 0.05312, 0.03479, 0.02629, 0.24984, 0.00512, 0.15914, 0.09086, 0.00501, 0.13231, 0.08598, 0.24828, 0.00354, 0.23012, 0.08068, 0.04574, 0.0663, 0.01897, 0.00301, 0.03336, 0.03006, 0.00925, 0.03634, 0.00226, 0.00108, 0.13806, 0.07555, 0.10735, 0.07598, 0.04519, 0.12933, 0.38838, 0.07192, 0.00104, 0.07592, 0.0351, 0.02445, 0.00096, 0.13139, 0.06241, 0.07907, 0.00158, 0.00571, 0.00316, 0.06773, 0.01681, 0.06347, 0.99763, 0.07181, 0.07601, 0.03664, 0.0015, 0.03721, 0.03319, 0.90789, 0.0487, 0.1565, 0.0011, 0.05133, 0.30464, 0.10492, 0.00092, 0.00301, 0.99456, 0.90056, 0.06671, 0.00613, 0.24894, 0.30756, 0.08714, 0.00162, 0.80559, 0.94856, 0.11721, 0.02949, 0.00223, 0.01548, 0.07632, 0.09509, 0.14545, 0.11537, 0.73599, 0.00535, 0.00146, 0.10894, 0.15976, 0.08148, 0.00189, 0.15585, 0.08647, 0.06964, 0.99776, 0.08339, 0.01927, 0.03498, 0.16878, 0.05596, 0.99718, 0.00696, 0.05898, 0.19235, 0.02364, 0.00182, 0.00143, 0.39126, 0.00888, 0.0426, 0.10368, 0.07831, 0.06192, 0.01621, 0.04096, 0.02305, 0.00377, 0.00278, 0.00296, 0.85967, 0.00677, 0.02254, 0.00463, 0.08159, 0.00073, 0.08535, 