{"model": "bert-base-multilingual-cased", "dataset": "dravidian_tamil", "train_config": "hardneg", "seed": 123, "thr_cal": 0.625643101334572, "metrics_05": {"macro": 0.7171967856006944, "toxf1": 0.6080347448425625, "prec": 0.4886561954624782, "rec": 0.8045977011494253, "prauc": 0.6184268759309959, "ece": 0.16315661777059237, "covert": 0.7344110854503464}, "metrics_cal": {"macro": 0.7248984783141865, "toxf1": 0.6078886310904872, "prec": 0.5097276264591439, "rec": 0.7528735632183908, "prauc": 0.6184268759309959, "ece": 0.16315661777059237, "covert": 0.7281323877068558}, "probs": [0.00554, 0.00038, 0.00222, 0.0006, 0.91206, 0.02498, 0.0016, 0.00387, 0.00241, 0.10303, 0.00028, 0.00324, 0.00048, 0.00047, 0.77834, 0.02707, 0.77179, 0.66818, 0.00036, 0.95606, 0.56449, 0.02033, 0.00363, 0.11049, 0.00911, 0.80283, 0.98419, 0.00124, 0.3367, 0.00376, 0.00738, 0.80036, 0.00067, 0.07146, 0.11994, 0.97002, 0.23881, 0.39426, 0.00038, 0.3947, 0.55417, 0.02808, 0.2809, 0.18445, 0.00348, 0.96693, 0.00118, 0.00662, 0.36273, 0.00034, 0.00161, 0.00492, 0.05261, 0.31811, 0.01745, 0.8343, 0.77089, 0.53477, 0.92837, 0.04213, 0.0079, 0.00044, 0.90242, 0.01364, 0.00599, 0.15017, 0.03562, 0.58659, 0.9358, 0.52847, 0.82685, 0.0925, 0.01716, 0.0019, 0.68088, 0.94619, 0.78399, 0.92984, 0.00722, 0.15718, 0.87351, 0.69622, 0.04972, 0.00042, 0.01744, 0.00045, 0.07635, 0.00079, 0.00555, 0.55746, 0.00093, 0.90275, 0.00056, 0.87692, 0.22533, 0.84892, 0.78614, 0.00182, 0.03576, 0.00234, 0.75296, 0.00319, 0.20053, 0.036, 0.83087, 0.81994, 0.05028, 0.00169, 0.0002, 0.66545, 0.8632, 0.05307, 0.98709, 0.3074, 0.08426, 0.02097, 0.00071, 0.02893, 0.02878, 0.00082, 0.00213, 0.00039, 0.00853, 0.11807, 0.74609, 0.00383, 0.61997, 0.56003, 0.0018, 0.0064, 0.05061, 0.16053, 0.68251, 0.05302, 0.78809, 0.87055, 0.04516, 0.07057, 0.007, 0.98012, 0.938, 0.00031, 0.92227, 0.9757, 0.95169, 0.68452, 0.00081, 0.78975, 0.93364, 0.78015, 0.91757, 0.02516, 0.74483, 0.00337, 0.84178, 0.04266, 0.00139, 0.92579, 0.00154, 0.71389, 0.00858, 0.96284, 0.13861, 0.96145, 0.00164, 0.12107, 0.83477, 0.36223, 0.79282, 0.27638, 0.89811, 0.65066, 0.538, 0.44062, 0.11644, 0.13041, 0.7567, 0.021, 0.00137, 0.4122, 0.11734, 0.85451, 0.8569, 0.82704, 0.00307, 0.00752, 0.93708, 0.00069, 0.00258, 0.00909, 0.00275, 0.03325, 0.4244, 0.00175, 0.0005, 0.70466, 0.00245, 0.85663, 0.03744, 0.00028, 0.40113, 0.98085, 0.86284, 0.01808, 0.0679, 0.07886, 0.70261, 0.00103, 0.00467, 0.61558, 0.84016, 0.00451, 0.52163, 0.00039, 0.00106, 0.78998, 0.00519, 0.04099, 0.42248, 0.00045, 0.00349, 0.00072, 0.01893, 0.98241, 0.05651, 0.61144, 0.96904, 0.02567, 0.00058, 0.01765, 0.0605, 0.00778, 0.03772, 0.97274, 0.01204, 0.03039, 0.3272, 0.00046, 0.93076, 0.2182, 0.9854, 0.03597, 0.03111, 0.78972, 0.19024, 0.01334, 0.00666, 0.87937, 0.12458, 0.15114, 0.00717, 0.00199, 0.00089, 0.00327, 0.67694, 0.02374, 0.00173, 0.28249, 0.62938, 0.00239, 0.92351, 0.98129, 0.18959, 0.02351, 0.50794, 0.02476, 0.82052, 0.11701, 0.68607, 0.02305, 0.00826, 0.95463, 0.96447, 0.0008, 0.01828, 0.00045, 0.90262, 0.75736, 0.04798, 0.1191, 0.11696, 0.00183, 0.00146, 0.00211, 0.0196, 0.01775, 0.05714, 0.37676, 0.77798, 0.45812, 0.00105, 0.00043, 0.00055, 0.85766, 0.41228, 0.41269, 0.12068, 0.4523, 0.93626, 0.01306, 0.00022, 0.00209, 0.12123, 0.88543, 0.79906, 0.03903, 0.17627, 0.04784, 0.04423, 0.00458, 0.3443, 0.97248, 0.25362, 0.49639, 0.78648, 0.82768, 0.83107, 0.16847, 0.40019, 0.15054, 0.00058, 0.74738, 0.95295, 0.56262, 0.00577, 0.85153, 0.97992, 0.16102, 0.24014, 0.00023, 0.06631, 0.86015, 0.02759, 0.00944, 0.0467, 0.00239, 0.01361, 0.96708, 0.04902, 0.49738, 0.00043, 0.00179, 0.00713, 0.76737, 0.08233, 0.00357, 0.66742, 0.03527, 0.54204, 0.09099, 0.85787, 0.71451, 0.13656, 0.96896, 0.09069, 0.48392, 0.04468, 0.57657, 0.00702, 0.13364, 0.76017, 0.85804, 0.00475, 0.09047, 0.60049, 0.82293, 0.00307, 0.94649, 0.0005, 0.98834, 0.02318, 0.10361, 0.96085, 0.5543, 0.01316, 0.10945, 0.01883, 0.75592, 0.96689, 0.00837, 0.71668, 0.00084, 0.00442, 0.34705, 0.10724, 0.92019, 0.59255, 0.81015, 0.00078, 0.10773, 0.29313, 0.02057, 0.00178, 0.00965, 0.15417, 0.93647, 0.85226, 0.698, 0.00746, 0.00044, 0.80892, 0.12075, 0.0149, 0.00209, 0.00064, 0.00052, 0.16399, 0.96903, 0.0095, 0.96994, 0.99099, 0.03607, 0.03383, 0.92115, 0.78653, 0.73945, 0.14325, 0.5572, 0.93398, 0.75168, 0.95499, 0.64517, 0.0089, 0.23245, 0.97158, 0.00357, 0.05905, 0.03485, 0.84595, 0.14111, 0.00057, 0.96682, 0.72995, 0.89157, 0.85158, 0.00092, 0.10794, 0.79231, 0.18504, 0.0019, 0.96103, 0.04673, 0.98025, 0.76397, 0.14368, 0.04197, 0.85212, 0.00026, 0.79198, 0.76578, 0.10859, 0.89017, 0.09866, 0.0215, 0.01415, 0.59084, 0.16725, 0.58898, 0.00658, 0.02823, 0.00507, 0.00057, 0.14882, 0.00055, 0.00124, 0.92657, 0.00884, 0.02848, 0.91925, 0.65712, 0.00201, 0.01584, 0.91083, 0.01371, 0.47978, 0.14685, 0.00341, 0.92922, 0.90541, 0.75812, 0.77095, 0.00914, 0.05973, 0.94129, 0.00867, 0.98475, 0.99125, 0.03689, 0.00094, 0.61532, 0.1381, 0.9659, 0.02811, 0.0219, 0.9748, 0.1398, 0.89482, 0.00033, 0.59031, 0.88963, 0.80903, 0.82539, 0.00562, 0.03143, 0.12342, 0.00888, 0.00268, 0.01187, 0.97105, 0.28701, 0.00035, 0.03623, 0.00332, 0.02128, 0.01413, 0.51895, 0.33686, 0.12697, 0.70089, 0.03506, 0.97922, 0.57054, 0.00093, 0.49929, 0.81255, 0.07148, 0.1094, 0.01936, 0.25979, 0.83354, 0.4123, 0.02807, 0.97453, 0.78755, 0.7722, 0.00239, 0.02503, 0.00138, 0.00067, 0.07019, 0.09628, 0.40182, 0.00069, 0.00307, 0.04268, 0.98039, 0.02261, 0.92696, 0.00063, 0.0113, 0.00326, 0.03885, 0.1309, 0.14534, 0.4147, 0.06336, 0.79571, 0.94752, 0.93584, 0.81164, 0.86197, 0.40482, 0.3914, 0.03981, 0.13145, 0.03402, 0.92239, 0.94153, 0.00067, 0.98673, 0.00568, 0.47206, 0.01006, 0.00045, 0.11652, 0.78801, 0.42402, 0.59513, 0.84561, 0.00397, 0.87331, 0.28049, 0.00031, 0.35234, 0.00066, 0.00921, 0.87607, 0.00072, 0.93858, 0.97827, 0.0014, 0.95877, 0.88617, 0.93059, 0.01831, 0.01901, 0.00389, 0.00088, 0.0004, 0.65346, 0.01015, 0.90063, 0.93585, 0.00728, 0.03236, 0.01164, 0.01897, 0.00167, 0.92721, 0.96311, 0.41174, 0.91193, 0.00494, 0.49724, 0.34519, 0.30708, 0.02973, 0.17775, 0.07239, 0.95079, 0.16906, 0.04113, 0.97395, 0.07442, 0.34454, 0.51876, 0.00059, 0.00075, 0.89937, 0.04687, 0.16854, 0.79323, 0.02049, 0.76187, 0.00691, 0.13998, 0.91598, 0.00037, 0.96793, 0.00301, 0.00635, 0.10751, 0.93428, 0.25967, 0.25281, 0.13451, 0.68145, 0.84981, 0.89804, 0.97805, 0.04133, 0.30563, 0.92988, 0.02967, 0.15802, 0.0078, 0.00031, 0.98096, 0.93365, 0.93631, 0.89502, 0.37031, 0.23881, 0.00049, 0.91781, 0.02709, 0.10332, 0.0016, 0.82132, 0.77423, 0.91374, 0.00083, 0.42458, 0.19794, 0.00258, 0.00357, 0.00273, 0.9028, 0.00455, 0.9741, 0.02837, 0.58703, 0.95892, 0.00048, 0.34841, 0.00032, 0.00928, 0.95829, 0.03839, 0.60254, 0.26111, 0.10117, 0.01535, 0.26888, 0.72154, 0.08641, 0.00055, 0.02195, 0.01316, 0.55332, 0.42778, 0.01497, 0.40604, 0.96142, 0.03097, 0.22346, 0.03948, 0.40511, 0.00038, 0.00089, 0.01954, 0.00064, 0.02421, 0.00034, 0.94261, 0.54975, 0.88154, 0.00094, 0.98099, 0.02824, 0.99079, 0.19667, 0.63544, 0.20371, 0.0012, 0.00137, 0.09216, 0.94217, 0.0468, 0.46691, 0.00031, 0.83702, 0.86628, 0.50889, 0.86478, 0.00487, 0.01346, 0.00077, 0.63272, 0.00033, 0.00081, 0.00641, 0.99068, 0.94873, 0.12786, 0.82677, 0.00256, 0.00514, 0.85228, 0.94522, 0.06229, 0.27936, 0.7912, 0.81793, 0.28855, 0.0009, 0.91077, 0.13926, 0.01741, 0.04657, 0.10646, 0.96086, 0.00118, 0.08782, 0.07365, 0.45571, 0.96236, 0.01549, 0.95827, 0.02079, 0.69529, 0.0003, 0.0275, 0.00508, 0.24668, 0.89233, 0.0188, 0.98175, 0.07167, 0.00041, 0.97656, 0.50516, 0.79838, 0.34915, 0.08343, 0.07891, 0.29297, 0.02391, 0.91787, 0.9494, 0.04535, 0.61434, 0.93115, 0.00086, 0.0044, 0.88723, 0.43054, 0.00515, 0.12601, 0.32217, 0.01131, 0.19054, 0.00048, 0.89413, 0.03225, 0.58968, 0.0007, 0.9614, 0.24523, 0.62686, 0.01204, 0.79881, 0.95239, 0.01121, 0.00625, 0.19393, 0.19384, 0.13621, 0.00035, 0.92277, 0.97955, 0.97362, 0.08777, 0.01864, 0.92057, 0.86211, 0.03037, 0.0052, 0.85422, 0.06618, 0.00961, 0.02663, 0.91935, 