{"model": "bert-base-multilingual-cased", "dataset": "hatexplain", "train_config": "supcon", "seed": 42, "thr_cal": 0.3292995929718017, "metrics_05": {"macro": 0.7262116336039195, "toxf1": 0.8010471204188482, "prec": 0.7673019057171514, "rec": 0.8378970427163198, "prauc": 0.8860956435663538, "ece": 0.15139376348257064, "covert": 0.8998384491114702}, "metrics_cal": {"macro": 0.7147267675208397, "toxf1": 0.8050632911392405, "prec": 0.748587570621469, "rec": 0.8707557502738226, "prauc": 0.8860956435663538, "ece": 0.15139376348257064, "covert": 0.9054805401111994}, "probs": [0.07353, 0.74073, 0.45218, 0.88852, 0.6893, 0.96819, 0.99762, 0.02618, 0.63862, 0.0188, 0.47915, 0.02702, 0.02757, 0.20107, 0.51939, 0.04445, 0.03559, 0.12796, 0.99867, 0.0707, 0.03559, 0.99153, 0.03519, 0.92501, 0.92186, 0.96133, 0.99788, 0.84409, 0.05045, 0.41641, 0.99772, 0.92636, 0.64303, 0.95834, 0.99804, 0.02545, 0.95206, 0.95082, 0.9958, 0.006, 0.99328, 0.58339, 0.88079, 0.0658, 0.4424, 0.97596, 0.03209, 0.89243, 0.98463, 0.83479, 0.00816, 0.97572, 0.99558, 0.22204, 0.22275, 0.99811, 0.93836, 0.32754, 0.98613, 0.97307, 0.02214, 0.99529, 0.9978, 0.87924, 0.99714, 0.6911, 0.98911, 0.63421, 0.89758, 0.93835, 0.07534, 0.99657, 0.96398, 0.99521, 0.12678, 0.89843, 0.99789, 0.95354, 0.89278, 0.98263, 0.99797, 0.38677, 0.58916, 0.37744, 0.30936, 0.98486, 0.99907, 0.08698, 0.88744, 0.99461, 0.0702, 0.99806, 0.76194, 0.82269, 0.98888, 0.06206, 0.36228, 0.39258, 0.62914, 0.99782, 0.01917, 0.98914, 0.99677, 0.9496, 0.01464, 0.87522, 0.98589, 0.82221, 0.99837, 0.26622, 0.0388, 0.20332, 0.31719, 0.08844, 0.95783, 0.969, 0.91762, 0.58835, 0.99184, 0.97051, 0.99404, 0.18497, 0.11603, 0.99812, 0.12096, 0.03807, 0.08862, 0.2006, 0.02313, 0.99672, 0.15637, 0.99314, 0.04765, 0.91627, 0.90036, 0.78084, 0.21883, 0.99817, 0.99702, 0.12999, 0.39782, 0.9971, 0.99387, 0.99844, 0.85326, 0.53457, 0.99804, 0.17537, 0.97898, 0.95708, 0.92021, 0.95809, 0.99528, 0.1847, 0.99384, 0.99303, 0.99463, 0.97986, 0.0418, 0.95181, 0.4458, 0.99235, 0.93574, 0.98842, 0.9888, 0.82904, 0.97087, 0.35759, 0.99634, 0.99142, 0.04306, 0.34148, 0.05715, 0.69901, 0.9832, 0.27264, 0.78863, 0.76445, 0.98748, 0.0967, 0.99887, 0.20553, 0.0663, 0.98263, 0.994, 0.13248, 0.99248, 0.95144, 0.78712, 0.99509, 0.70717, 0.97306, 0.9904, 0.99806, 0.97867, 0.98872, 0.95319, 0.97077, 0.99822, 0.16889, 0.97826, 0.1451, 0.52656, 0.02007, 0.871, 0.31991, 0.78039, 0.43643, 0.73596, 0.11294, 0.34048, 0.04746, 0.48141, 0.99451, 0.90728, 0.97413, 0.00847, 0.10111, 0.98971, 0.88924, 0.8731, 0.05742, 0.95873, 0.99578, 0.07075, 0.97478, 0.99838, 0.17122, 0.51417, 0.99667, 0.99195, 0.88569, 0.75353, 0.80432, 0.99527, 0.64646, 0.99254, 0.93875, 0.99778, 0.89427, 0.05284, 0.99027, 0.94144, 0.91966, 0.98387, 0.99608, 0.10524, 0.00672, 0.06359, 0.74925, 0.93345, 0.98511, 0.88637, 0.97748, 0.54743, 0.98364, 0.99229, 0.46621, 0.06099, 0.93278, 0.12166, 0.98784, 0.93441, 0.99631, 0.98993, 0.16482, 0.99574, 0.01431, 0.01458, 0.06398, 0.96014, 0.89417, 0.08824, 0.98678, 0.05108, 0.75073, 0.99633, 0.99844, 0.99107, 0.90147, 0.99881, 0.99475, 0.99584, 0.99627, 0.95208, 0.70169, 0.12586, 0.90001, 0.00992, 0.38895, 0.06751, 0.11379, 0.01656, 0.32416, 0.99883, 0.83777, 0.91812, 0.20588, 0.98743, 0.1458, 0.96793, 0.04962, 0.98141, 0.99836, 0.97545, 0.06013, 0.99024, 0.99722, 0.01747, 0.0234, 0.93658, 0.47175, 0.97355, 0.83853, 0.98894, 0.35811, 0.99207, 0.07587, 0.9972, 0.99894, 0.81953, 0.0637, 0.37901, 0.99714, 0.14687, 0.99913, 0.28599, 0.75885, 0.98944, 0.99048, 0.99259, 0.99777, 0.32095, 0.98579, 0.98671, 0.30615, 0.0359, 0.98864, 0.97777, 0.06842, 0.97535, 0.99742, 0.79312, 0.74823, 0.05259, 0.97091, 0.03996, 0.14989, 0.89445, 0.93458, 0.13861, 0.92105, 0.57831, 0.99302, 0.98223, 0.99879, 0.00439, 0.97884, 0.99114, 0.98113, 0.05555, 0.99487, 0.998, 0.0013, 0.99727, 0.20104, 0.99857, 0.99871, 0.7967, 0.98682, 0.018, 0.97667, 0.99656, 0.99781, 0.97072, 0.98428, 0.67327, 0.99619, 0.86671, 0.9986, 0.99296, 0.99896, 0.0303, 0.99807, 0.86667, 0.01589, 0.37965, 0.02385, 0.56745, 0.98593, 0.9684, 0.735, 0.87583, 0.16864, 0.99805, 0.97282, 0.89721, 0.95904, 0.92092, 0.0616, 0.99605, 0.48218, 0.96457, 0.93019, 0.93969, 0.99074, 0.99221, 0.98323, 0.05897, 0.00584, 0.40049, 0.14442, 0.19938, 0.15131, 0.18178, 0.98544, 0.02951, 0.98372, 0.99824, 0.09898, 0.98336, 0.98407, 0.8188, 0.99326, 0.1836, 0.64873, 0.62968, 0.96332, 0.99194, 0.7959, 0.08536, 0.02273, 0.8211, 0.09558, 0.94017, 0.96652, 0.99803, 0.94231, 0.99524, 0.7863, 0.98748, 0.73351, 0.82183, 0.84207, 0.52597, 0.99877, 0.98566, 0.28323, 0.11731, 0.95477, 0.33173, 0.56327, 0.09146, 0.88427, 0.99301, 0.38693, 0.09928, 0.27131, 0.99564, 0.92798, 0.32486, 0.99366, 0.99109, 0.92827, 0.51417, 0.15802, 0.89443, 0.96704, 0.99386, 0.81244, 0.01108, 0.88129, 0.91554, 0.03176, 0.99471, 0.88069, 0.86301, 0.86895, 0.99331, 0.96672, 0.98718, 0.99015, 0.05455, 0.99616, 0.03595, 0.23949, 0.07629, 0.81979, 0.80827, 0.99608, 0.998, 0.96242, 0.9942, 0.7172, 0.66068, 0.02, 0.03617, 0.96071, 0.99722, 0.99285, 0.99827, 0.5274, 0.12972, 0.00581, 0.99219, 0.99789, 0.98886, 0.96271, 0.23563, 0.98555, 0.05841, 0.8289, 0.9901, 0.02879, 0.03867, 0.77871, 0.99647, 0.80668, 0.98301, 0.73627, 0.1666, 0.98037, 0.99825, 0.19053, 0.99664, 0.90625, 0.99866, 0.0281, 0.99753, 0.99025, 0.93429, 0.96631, 0.02473, 0.03165, 0.99358, 0.6766, 0.77367, 0.06083, 0.34696, 0.99823, 0.05605, 0.58386, 0.99568, 0.94501, 0.68424, 0.91093, 0.9391, 0.99045, 0.80655, 0.86172, 0.33811, 0.91734, 0.99751, 0.9777, 0.22888, 0.99757, 0.83409, 0.53909, 0.99341, 0.21017, 0.0045, 0.32475, 0.70556, 0.74016, 0.98717, 0.01454, 0.99655, 0.01309, 0.98319, 0.94551, 0.99728, 0.99812, 0.82334, 0.95735, 0.52051, 0.93901, 0.99707, 0.96706, 0.60464, 0.99782, 0.08403, 0.90245, 0.98223, 0.99796, 0.99764, 0.95258, 0.02984, 0.09955, 0.99578, 0.00545, 0.99608, 0.02061, 0.86705, 0.20417, 0.06852, 0.99635, 0.98877, 0.03223, 0.95343, 0.84375, 0.99506, 0.26465, 0.64121, 0.96386, 0.81456, 0.99029, 0.85387, 0.9053, 0.10438, 0.98127, 0.18355, 0.99789, 0.92415, 0.02835, 0.0463, 0.96696, 0.99743, 0.97582, 0.99313, 0.97847, 0.99345, 0.7284, 0.01525, 0.9848, 0.76265, 0.03885, 0.862, 0.99741, 0.99736, 0.93322, 0.98056, 0.07335, 0.05371, 0.9937, 0.4337, 0.99658, 0.94762, 0.87474, 0.12674, 0.12293, 0.00226, 0.02877, 0.94846, 0.98242, 0.9873, 0.99686, 0.03931, 0.00775, 0.4719, 0.99788, 0.99857, 0.99763, 0.87811, 0.99735, 0.53099, 0.2087, 0.98209, 0.97565, 0.25231, 0.9962, 0.49559, 0.88023, 0.07075, 0.63223, 0.20886, 0.36406, 0.4222, 0.03268, 0.17744, 0.93447, 0.03913, 0.93621, 0.9427, 0.98989, 0.69325, 0.40742, 0.12459, 0.11196, 0.99353, 0.99855, 0.99654, 0.99878, 0.98786, 0.99685, 0.48334, 0.02286, 0.60352, 0.89254, 0.42403, 0.96823, 0.97763, 0.69097, 0.79138, 0.11468, 0.99465, 0.99882, 0.99784, 0.52538, 0.04922, 0.39392, 0.99627, 0.87142, 0.99534, 0.95301, 0.98654, 0.99497, 0.06033, 0.70009, 0.29767, 0.9978, 0.09319, 0.03413, 0.98777, 0.09007, 0.02984, 0.79349, 0.98298, 0.67449, 0.96956, 0.00625, 0.41873, 0.9903, 0.9975, 0.80833, 0.02284, 0.99737, 0.03687, 0.39297, 0.95188, 0.9988, 0.93601, 0.95446, 0.98233, 0.78308, 0.99774, 0.98642, 0.00663, 0.192, 0.46731, 0.684, 0.99848, 0.89273, 0.98053, 0.13216, 0.04592, 0.2827, 0.99857, 0.70918, 0.99011, 0.04512, 0.25092, 0.98046, 0.02972, 0.29044, 0.99829, 0.99187, 0.16023, 0.24391, 0.78389, 0.31992, 0.05277, 0.02087, 0.07145, 0.87009, 0.04072, 0.07178, 0.10425, 0.96829, 0.79168, 0.2837, 0.98518, 0.64639, 0.08897, 0.90433, 0.99815, 0.47314, 0.99237, 0.99771, 0.09095, 0.19241, 0.99543, 0.99795, 0.98682, 0.98841, 0.97009, 0.99881, 0.99008, 0.98998, 0.07846, 0.96758, 0.6775, 0.2891, 0.94722, 0.98588, 0.08645, 0.33815, 0.93012, 0.05179, 0.23908, 0.99425, 0.98414, 0.99486, 0.99726, 0.99864, 0.17272, 0.98335, 0.99847, 0.84459, 0.71385, 0.99809, 0.11237, 0.20222, 0.90761, 0.0084, 0.31831, 0.86298, 0.07091, 0.03291, 0.06873, 0.18207, 0.99467, 0.05657, 0.99809, 0.93764, 0.09716, 0.96004, 0.99683, 0.01736, 0.97738, 0.97675, 0.99027, 0.35031, 0.47393, 0.09995, 0.99904, 