{"model": "bert-base-multilingual-cased", "dataset": "hatexplain", "train_config": "ce", "seed": 7, "thr_cal": 0.2296237051486969, "metrics_05": {"macro": 0.7389435733403681, "toxf1": 0.7838452787258248, "prec": 0.8153846153846154, "rec": 0.7546549835706462, "prauc": 0.8852824679225355, "ece": 0.11333474946767091, "covert": 0.8890742285237698}, "metrics_cal": {"macro": 0.7068741014295371, "toxf1": 0.8034102306920762, "prec": 0.7409805735430157, "rec": 0.8773274917853231, "prauc": 0.8852824679225355, "ece": 0.11333474946767091, "covert": 0.9036334913112164}, "probs": [0.10912, 0.32475, 0.05346, 0.3215, 0.16808, 0.82793, 0.99754, 0.17757, 0.46597, 0.01227, 0.1169, 0.0513, 0.01705, 0.21012, 0.57707, 0.04395, 0.09823, 0.10289, 0.99774, 0.2542, 0.07172, 0.98357, 0.04584, 0.58907, 0.85548, 0.27867, 0.99717, 0.32438, 0.33635, 0.49295, 0.99813, 0.58032, 0.78561, 0.85049, 0.9957, 0.01504, 0.73411, 0.47905, 0.99377, 0.02554, 0.99553, 0.6621, 0.12736, 0.20513, 0.35381, 0.93002, 0.05705, 0.8815, 0.9764, 0.93274, 0.02336, 0.59327, 0.98962, 0.02734, 0.24236, 0.99245, 0.29875, 0.23857, 0.39107, 0.97635, 0.05767, 0.97823, 0.99718, 0.32786, 0.99382, 0.759, 0.93029, 0.4156, 0.7677, 0.99163, 0.05822, 0.99372, 0.82119, 0.99177, 0.23471, 0.48769, 0.98932, 0.84183, 0.23863, 0.96303, 0.9914, 0.1884, 0.43868, 0.06114, 0.18877, 0.95123, 0.99705, 0.09101, 0.9701, 0.99383, 0.1194, 0.99819, 0.90494, 0.34487, 0.96703, 0.17703, 0.5899, 0.32775, 0.22124, 0.99289, 0.01791, 0.97765, 0.94909, 0.51123, 0.02682, 0.35993, 0.98152, 0.87521, 0.99458, 0.29718, 0.01823, 0.36407, 0.26366, 0.15269, 0.64022, 0.80112, 0.7217, 0.34448, 0.9594, 0.96651, 0.74426, 0.04052, 0.08883, 0.99343, 0.1708, 0.1336, 0.11891, 0.26973, 0.38165, 0.99692, 0.17543, 0.99451, 0.01353, 0.72421, 0.89028, 0.58736, 0.34886, 0.99184, 0.9856, 0.18764, 0.53762, 0.99647, 0.94184, 0.99567, 0.94813, 0.22435, 0.99354, 0.36075, 0.97578, 0.91612, 0.89671, 0.28784, 0.96854, 0.35695, 0.98943, 0.96847, 0.99461, 0.83933, 0.4207, 0.95334, 0.19749, 0.96773, 0.7986, 0.80653, 0.91462, 0.1384, 0.9683, 0.15157, 0.98908, 0.57706, 0.16085, 0.32017, 0.0779, 0.46915, 0.91265, 0.13377, 0.53781, 0.87962, 0.96221, 0.0452, 0.9979, 0.09004, 0.21407, 0.93265, 0.99013, 0.45516, 0.97771, 0.42574, 0.66436, 0.9909, 0.57846, 0.95825, 0.97623, 0.99833, 0.75454, 0.94232, 0.92261, 0.59967, 0.99558, 0.23434, 0.94983, 0.04059, 0.45428, 0.09199, 0.70421, 0.32901, 0.32934, 0.24768, 0.12152, 0.08499, 0.33819, 0.05114, 0.90423, 0.98796, 0.93371, 0.61322, 0.0128, 0.28718, 0.94884, 0.3554, 0.49042, 0.01399, 0.57879, 0.99564, 0.0643, 0.9496, 0.99339, 0.28008, 0.35962, 0.90958, 0.97953, 0.9144, 0.67517, 0.88613, 0.9926, 0.22052, 0.98931, 0.39574, 0.99186, 0.44298, 0.03929, 0.93395, 0.10137, 0.74381, 0.91633, 0.97597, 0.41048, 0.06374, 0.09399, 0.49199, 0.66276, 0.99641, 0.42637, 0.90887, 0.14023, 0.97222, 0.98994, 0.08536, 0.06762, 0.97008, 0.06255, 0.98391, 0.58082, 0.98928, 0.98831, 0.24885, 0.99141, 0.05347, 0.01725, 0.08299, 0.97685, 0.52679, 0.10073, 0.59899, 0.08434, 0.38701, 0.98702, 0.99774, 0.97906, 0.98364, 0.99832, 0.99085, 0.98281, 0.98772, 0.85464, 0.85141, 0.32637, 0.8724, 0.0139, 0.1655, 0.0578, 0.07294, 0.04822, 0.12123, 0.9974, 0.45907, 0.23171, 0.33951, 0.9469, 0.18922, 0.83999, 0.04537, 0.83426, 0.99891, 0.92218, 0.09527, 0.97597, 0.99306, 0.01258, 0.03699, 0.69152, 0.25758, 0.97784, 0.6889, 0.85856, 0.38422, 0.96878, 0.08464, 0.98052, 0.99904, 0.8474, 0.02467, 0.49467, 0.96382, 0.14314, 0.99868, 0.19671, 0.53377, 0.987, 0.99708, 0.92021, 0.99653, 0.17451, 0.92385, 0.99067, 0.09124, 0.1873, 0.97933, 0.95562, 0.17081, 0.85489, 0.9964, 0.93134, 0.66837, 0.04497, 0.57191, 0.01124, 0.15031, 0.43709, 0.93804, 0.36162, 0.95197, 0.26013, 0.97664, 0.95622, 0.99775, 0.00928, 0.80477, 0.96643, 0.82085, 0.10396, 0.98902, 0.99758, 0.00208, 0.99341, 0.60464, 0.99727, 0.99738, 0.95977, 0.90045, 0.02795, 0.98679, 0.95304, 0.9939, 0.90286, 0.95029, 0.51848, 0.97882, 0.42457, 0.99367, 0.99286, 0.99334, 0.09236, 0.99744, 0.63617, 0.01722, 0.22179, 0.04482, 0.17498, 0.89529, 0.98369, 0.46101, 0.43177, 0.29452, 0.99567, 0.99216, 0.39292, 0.47445, 0.93288, 0.41538, 0.80581, 0.26484, 0.55796, 0.48883, 0.39315, 0.86711, 0.85752, 0.88072, 0.11142, 0.01373, 0.23901, 0.11074, 0.13086, 0.07257, 0.18582, 0.98044, 0.02582, 0.97974, 0.99773, 0.08687, 0.96023, 0.65218, 0.77073, 0.90861, 0.39016, 0.17073, 0.20052, 0.97762, 0.9699, 0.22713, 0.10536, 0.07553, 0.24137, 0.21753, 0.52098, 0.95458, 0.98262, 0.9818, 0.98211, 0.162, 0.97346, 0.236, 0.65397, 0.77614, 0.25126, 0.99584, 0.87179, 0.18027, 0.04826, 0.67971, 0.51998, 0.1572, 0.04228, 0.70211, 0.72784, 0.21584, 0.17024, 0.1126, 0.96892, 0.29904, 0.11303, 0.98397, 0.99225, 0.9203, 0.11988, 0.31308, 0.874, 0.74169, 0.98927, 0.13319, 0.05623, 0.83101, 0.93158, 0.02779, 0.99483, 0.78234, 0.36787, 0.6551, 0.97127, 0.81706, 0.93764, 0.96976, 0.07924, 0.98544, 0.0331, 0.16581, 0.09389, 0.93769, 0.9842, 0.98462, 0.99683, 0.98951, 0.99748, 0.25658, 0.0896, 0.04225, 0.26041, 0.52923, 0.94613, 0.964, 0.99705, 0.42307, 0.07403, 0.01308, 0.98246, 0.99755, 0.9867, 0.76432, 0.21554, 0.94779, 0.04919, 0.85554, 0.99173, 0.02466, 0.02143, 0.46625, 0.99795, 0.18714, 0.40426, 0.77774, 0.13094, 0.3437, 0.99566, 0.51433, 0.9423, 0.88148, 0.99834, 0.04524, 0.99579, 0.9652, 0.96383, 0.53673, 0.02282, 0.099, 0.84244, 0.39573, 0.25197, 0.09459, 0.15265, 0.99664, 0.1041, 0.57704, 0.98459, 0.41056, 0.18879, 0.88008, 0.91247, 0.96552, 0.2382, 0.55987, 0.66955, 0.6141, 0.99703, 0.9557, 0.11773, 0.96909, 0.90942, 0.35954, 0.99306, 0.11146, 0.01077, 0.29694, 0.6175, 0.88516, 0.96009, 0.11934, 0.97572, 0.02921, 0.95954, 0.8818, 0.99562, 0.99562, 0.8149, 0.80013, 0.48862, 0.96853, 0.99441, 0.80788, 0.28202, 0.99769, 0.07679, 0.47662, 0.89202, 0.97078, 0.9951, 0.95434, 0.0336, 0.36083, 0.99603, 0.01749, 0.9802, 0.04104, 0.28182, 0.13704, 0.10255, 0.99092, 0.9781, 0.01952, 0.47654, 0.83704, 0.9932, 0.17135, 0.35759, 0.64741, 0.72398, 0.94313, 0.8037, 0.43467, 0.20105, 0.95664, 0.05234, 0.95674, 0.27341, 0.2722, 0.03694, 0.91723, 0.99584, 0.84644, 0.97753, 0.93597, 0.95037, 0.70997, 0.04693, 0.96941, 0.65053, 0.10442, 0.16445, 0.99811, 0.96755, 0.78071, 0.98459, 0.73352, 0.07843, 0.91131, 0.69561, 0.99806, 0.89284, 0.28923, 0.06852, 0.12351, 0.00543, 0.10942, 0.93137, 0.90492, 0.96775, 0.99724, 0.27861, 0.01146, 0.12509, 0.99145, 0.9965, 0.97252, 0.40109, 0.82432, 0.52342, 0.62331, 0.93413, 0.19052, 0.23642, 0.98617, 0.33674, 0.96742, 0.09423, 0.53712, 0.21166, 0.13319, 0.37296, 0.08842, 0.12908, 0.58843, 0.05047, 0.87525, 0.91266, 0.99563, 0.62982, 0.18574, 0.33207, 0.15878, 0.8368, 0.99797, 0.99157, 0.99771, 0.99196, 0.99005, 0.47116, 0.01791, 0.7787, 0.98736, 0.14728, 0.8937, 0.33821, 0.29016, 0.34265, 0.18026, 0.97799, 0.99855, 0.99288, 0.16187, 0.08735, 0.24607, 0.99536, 0.79171, 0.90078, 0.84306, 0.96411, 0.9474, 0.04532, 0.18313, 0.77163, 0.99779, 0.02211, 0.1634, 0.56442, 0.13228, 0.03715, 0.68357, 0.96855, 0.3357, 0.22513, 0.00878, 0.15546, 0.62595, 0.9943, 0.27719, 0.0404, 0.99524, 0.06038, 0.16485, 0.60855, 0.99781, 0.91716, 0.94771, 0.97706, 0.76431, 0.99535, 0.94026, 0.01262, 0.51085, 0.38322, 0.70259, 0.99612, 0.82247, 0.90817, 0.11098, 0.05195, 0.20694, 0.97982, 0.49221, 0.97637, 0.03783, 0.06631, 0.88071, 0.03478, 0.13324, 0.99598, 0.99485, 0.05717, 0.04082, 0.9306, 0.08098, 0.04121, 0.10444, 0.09676, 0.17191, 0.02693, 0.08198, 0.03053, 0.91124, 0.15338, 0.78588, 0.95844, 0.58778, 0.17326, 0.61207, 0.97406, 0.15448, 0.95216, 0.99605, 0.11921, 0.3163, 0.98673, 0.99748, 0.97108, 0.94343, 0.99261, 0.99135, 0.6329, 0.78353, 0.10061, 0.45758, 0.22323, 0.16857, 0.95074, 0.97721, 0.07747, 0.28089, 0.1226, 0.28587, 0.14146, 0.98868, 0.9817, 0.99069, 0.99273, 0.99816, 0.24421, 0.97657, 0.99668, 0.97651, 0.40861, 0.99492, 0.07361, 0.45441, 0.97223, 0.01526, 0.21983, 0.64727, 0.18254, 0.0555, 0.07147, 0.15966, 0.99415, 0.05335, 0.992, 0.85261, 0.07684, 0.97873, 0.99559, 0.01684, 0.98909, 0.43973, 0.97622, 0.41255, 0.27031, 0.93799, 0.99407, 0.54895, 