{"model": "bert-base-multilingual-cased", "dataset": "dravidian_malayalam", "train_config": "hardneg", "seed": 42, "thr_cal": 0.4280917376279831, "metrics_05": {"macro": 0.4920419911953945, "toxf1": 0.0, "prec": 0.0, "rec": 0.0, "prauc": 0.043604009531052805, "ece": 0.3967308043638865, "covert": 0.0}, "metrics_cal": {"macro": 0.520087755381873, "toxf1": 0.10256410256410256, "prec": 0.06756756756756757, "rec": 0.2127659574468085, "prauc": 0.043604009531052805, "ece": 0.3967308043638865, "covert": 0.19672131147540983}, "probs": [0.42809, 0.42808, 0.42828, 0.42792, 0.42799, 0.42809, 0.42809, 0.42809, 0.42808, 0.42808, 0.42809, 0.42809, 0.42809, 0.42809, 0.428, 0.42805, 0.42809, 0.42809, 0.42807, 0.42806, 0.42809, 0.42809, 0.42809, 0.42802, 0.42809, 0.42809, 0.42809, 0.42809, 0.42808, 0.42809, 0.42808, 0.42822, 0.42809, 0.42809, 0.42808, 0.42809, 0.42809, 0.42806, 0.42809, 0.42792, 0.42808, 0.42808, 0.42809, 0.42809, 0.42806, 0.42809, 0.42809, 0.42809, 0.42809, 0.42809, 0.4279, 0.42809, 0.42785, 0.42808, 0.42808, 0.42809, 0.42807, 0.42808, 0.42808, 0.42803, 0.42809, 0.42809, 0.42808, 0.42809, 0.42804, 0.42809, 0.42809, 0.42809, 0.42809, 0.42814, 0.428, 0.42801, 0.42809, 0.42809, 0.42802, 0.42808, 0.42809, 0.42808, 0.42809, 0.42809, 0.42803, 0.42789, 0.42809, 0.42809, 0.42808, 0.42808, 0.42808, 0.42809, 0.42808, 0.42809, 0.42807, 0.42803, 0.42809, 0.42809, 0.42807, 0.42795, 0.42809, 0.42809, 0.42809, 0.42809, 0.42809, 0.42807, 0.42809, 0.42775, 0.42809, 0.42816, 0.42805, 0.42799, 0.42809, 0.42809, 0.42809, 0.428, 0.42809, 0.42801, 0.428, 0.42808, 0.42809, 0.42803, 0.42809, 0.42717, 0.42809, 0.42808, 0.42809, 0.42808, 0.42808, 0.428, 0.42809, 0.42809, 0.42809, 0.42809, 0.42808, 0.42809, 0.42792, 0.42809, 0.42798, 0.42809, 0.42808, 0.42785, 0.42808, 0.42809, 0.42809, 0.42809, 0.42809, 0.42809, 0.42809, 0.42809, 0.42809, 0.42807, 0.42797, 0.42808, 0.42809, 0.42808, 0.42809, 0.42809, 0.42808, 0.42809, 0.42809, 0.42808, 0.42803, 0.42803, 0.42809, 0.4279, 0.42809, 0.42809, 0.42809, 0.42809, 0.42807, 0.42809, 0.42813, 0.42802, 0.42809, 0.42808, 0.42808, 0.42808, 0.42809, 0.42809, 0.42809, 0.42809, 0.42809, 0.42809, 0.42809, 0.42804, 0.42809, 0.42808, 0.42809, 0.42809, 0.42808, 0.42808, 0.42843, 0.42809, 0.42797, 0.42809, 0.42806, 0.42805, 0.42809, 0.42808, 0.42808, 0.428, 0.42809, 0.42809, 0.42808, 0.42809, 0.42807, 0.42807, 0.42809, 0.42808, 0.42809, 0.42808, 0.42806, 0.42809, 0.42787, 0.42807, 0.42772, 0.42809, 0.42809, 0.42808, 0.42809, 0.42809, 0.42807, 0.42809, 0.42809, 0.42809, 0.42809, 0.42809, 0.42808, 0.42809, 0.42809, 0.42806, 0.42808, 0.42807, 0.42809, 0.42808, 0.42809, 0.42809, 0.42809, 0.42806, 0.42809, 0.42809, 0.42809, 0.42808, 0.42845, 0.42809, 0.42809, 0.42809, 0.42808, 0.42809, 0.42809, 0.42809, 0.428, 0.42808, 0.42809, 0.42809, 0.42809, 0.42809, 0.42809, 0.42808, 0.42809, 0.42814, 0.42808, 0.42809, 0.42825, 0.42809, 0.42809, 0.42809, 0.42806, 0.42808, 0.42799, 0.42809, 0.42806, 0.42809, 0.42809, 0.42808, 0.42808, 0.42808, 0.42809, 0.42824, 0.42806, 0.42794, 0.42809, 0.42809, 0.42807, 0.42805, 0.42808, 0.42802, 0.42785, 0.42809, 0.42808, 0.42809, 0.42807, 0.42808, 0.42809, 0.42809, 0.42809, 0.42806, 0.42809, 0.42809, 0.42809, 0.42806, 0.42811, 0.42807, 0.42809, 0.42809, 0.42809, 0.42805, 0.42809, 0.42808, 0.42809, 0.42809, 0.42809, 0.42809, 0.42808, 0.42809, 0.42809, 0.42805, 0.42809, 0.42809, 0.42809, 0.42809, 0.42809, 0.42794, 0.42809, 0.42809, 0.42809, 0.42807, 0.42808, 0.42808, 0.42789, 0.42809, 0.42808, 0.42809, 0.42809, 0.42804, 0.42808, 0.42807, 0.42809, 0.42809, 0.42809, 0.42809, 0.42761, 0.42809, 0.42809, 0.42808, 0.42809, 0.42809, 0.42809, 0.42809, 0.42808, 0.42809, 0.42809, 0.42809, 0.42808, 0.42809, 0.42809, 0.42809, 0.42803, 0.42809, 0.42809, 0.42809, 0.42809, 0.42808, 0.42809, 0.42805, 0.42809, 0.42809, 0.42809, 0.42802, 0.42803, 0.42804, 0.42809, 0.42816, 0.42809, 0.42804, 0.42809, 0.42809, 0.42809, 0.42809, 0.42809, 0.42809, 0.42807, 0.42809, 0.42809, 0.42809, 0.42807, 0.42808, 0.42806, 0.42802, 0.42809, 0.42809, 0.42806, 0.42808, 0.42809, 0.42809, 0.42809, 0.42779, 0.42808, 0.42808, 0.42805, 0.42808, 0.42809, 0.42809, 0.42807, 0.42806, 0.42809, 0.42809, 0.42808, 0.42809, 0.42808, 0.42804, 0.42808, 0.42809, 0.42809, 0.42808, 0.42809, 0.42803, 0.428, 0.42809, 0.42809, 0.42808, 0.42809, 0.42808, 0.42809, 0.42808, 0.42809, 0.42791, 0.42808, 0.42809, 0.42789, 0.42809, 0.42735, 0.42808, 0.42809, 0.42809, 0.42809, 0.42807, 0.42815, 0.42808, 0.42809, 0.42808, 0.42809, 0.42809, 0.42809, 0.42807, 0.42747, 0.42809, 0.42809, 0.42808, 0.42809, 0.42809, 0.42807, 0.42809, 0.4282, 0.42825, 0.42808, 0.42808, 0.42809, 0.42809, 0.42803, 0.42808, 0.42809, 0.42809, 0.42809, 0.42808, 0.42809, 0.42809, 0.42809, 0.42808, 0.42808, 0.42809, 0.42809, 0.42823, 0.42806, 0.42803, 0.42801, 0.42809, 0.42804, 0.42801, 0.42807, 0.42807, 0.42809, 0.42806, 0.42809, 0.42802, 0.42809, 0.42808, 0.42809, 0.42808, 0.42805, 0.42843, 0.42809, 0.42809, 0.42809, 0.42809, 0.42717, 0.42809, 0.42809, 0.42809, 0.42814, 0.42808, 0.42808, 0.42795, 0.42809, 0.42807, 0.42808, 0.42809, 0.42808, 0.42809, 0.4281, 0.42809, 0.42808, 0.42808, 0.42809, 0.42823, 0.42809, 0.42809, 0.42771, 0.42808, 0.42808, 0.42805, 0.42809, 0.42809, 0.42797, 0.42805, 0.42809, 0.42809, 0.42809, 0.42804, 0.42809, 0.42809, 0.42808, 0.42808, 0.428, 0.42809, 0.42809, 0.42807, 0.42807, 0.42809, 0.42809, 0.42809, 0.42809, 0.42809, 0.42777, 0.42809, 0.42808, 0.42808, 0.42807, 0.42807, 0.42809, 0.42809, 0.42765, 0.42809, 0.42808, 0.42808, 0.42808, 0.42807, 0.42807, 0.42814, 0.42806, 0.42809, 0.42808, 0.42809, 0.42808, 0.42809, 0.42804, 0.42807, 0.42798, 0.42809, 0.42808, 0.42806, 0.42824, 0.42809, 0.42809, 0.42809, 0.42808, 0.42809, 0.428, 0.42809, 0.42809, 0.42809, 0.42801, 0.42809, 0.42797, 0.42807, 0.42808, 0.42809, 0.42809, 0.42802, 0.42808, 0.42809, 0.42809, 0.42809, 0.42809, 0.42809, 0.42809, 0.42808, 0.42809, 0.42809, 0.42809, 0.42801, 0.42763, 0.42809, 0.42809, 0.42809, 0.42808, 0.428, 0.42807, 0.42809, 0.42803, 0.42809, 0.42809, 0.42809, 0.42813, 0.42811, 0.42809, 0.42802, 0.42809, 0.42809, 0.42805, 0.42808, 0.42809, 0.42809, 0.42809, 0.42808, 0.42809, 0.42809, 0.42809, 0.42798, 0.42803, 0.42809, 0.42809, 0.42808, 0.4275, 0.42809, 0.42809, 0.42809, 0.42809, 0.42808, 0.42809, 0.42802, 0.42808, 0.42807, 0.42808, 0.42809, 0.42808, 0.42809, 0.42809, 0.42809, 0.42808, 0.42809, 0.42809, 0.42808, 0.42809, 0.42778, 0.42808, 0.42809, 0.42809, 0.42809, 0.42809, 0.42792, 0.42809, 0.42808, 0.42802, 0.42809, 0.42809, 0.42775, 0.42809, 0.42809, 0.42809, 0.42786, 0.42808, 0.42809, 0.42805, 0.42808, 0.42803, 0.42809, 0.42809, 0.42809, 0.42894, 0.42809, 0.42809, 0.42808, 0.42809, 0.42782, 0.42809, 0.42809, 0.42801, 0.42806, 0.42809, 0.42806, 0.42806, 0.42804, 0.42808, 0.42808, 0.42795, 0.42809, 0.42808, 0.42809, 0.42809, 0.42809, 0.42809, 0.42807, 0.42809, 0.42809, 0.42807, 0.42809, 0.4279, 0.42809, 0.42809, 0.42793, 0.42807, 0.42809, 0.42809, 0.42809, 0.42809, 0.42809, 0.42809, 0.42808, 0.42809, 0.42808, 0.42761, 0.42807, 0.42804, 0.42807, 0.42795, 0.42809, 0.42807, 0.42808, 0.428, 0.42791, 0.42809, 0.42804, 0.42809, 0.42809, 0.42809, 0.42808, 0.42808, 0.42808, 0.42793, 0.42793, 0.42785, 0.42809, 0.42804, 0.42809, 0.42809, 0.42809, 0.42809, 0.42806, 0.42809, 0.42808, 0.42809, 0.42808, 0.42809, 0.42809, 0.42808, 0.42807, 0.42809, 0.42809, 0.42809, 0.42809, 0.42809, 0.42793, 0.42808, 0.42809, 0.42809, 0.42807, 0.42804, 0.42809, 0.42807, 0.42813, 0.42808, 0.42785, 0.42775, 0.42804, 0.42809, 0.42808, 0.42808, 0.42809, 0.42795, 0.42809, 0.42808, 0.42808, 0.42809, 0.42809, 0.42809, 0.42807, 0.42807, 0.42809, 0.42809, 0.42809, 0.42809, 0.42807, 0.42806, 0.42809, 0.42808, 0.42809, 0.42808, 0.42809, 0.42806, 0.42805, 0.42809, 0.42808, 0.42808, 0.42789, 0.42809, 0.42809, 0.42809, 0.42802, 0.42802, 0.42807, 0.42809, 0.42809, 0.42809, 0.42765, 0.42809, 0.42809, 0.42809, 0.42809, 0.42811, 0.42808, 0.42809, 0.42787, 0.42805, 0.42809, 0.42809, 0.42809, 0.42808, 0.42809, 0.42809, 0.42803, 0.42809, 0.42798, 0.42809, 0.42802, 0.42809, 