{"model": "bert-base-multilingual-cased", "dataset": "dravidian_tamil", "train_config": "hardneg", "seed": 2024, "thr_cal": 0.08920146152377126, "metrics_05": {"macro": 0.7149199022616355, "toxf1": 0.5725699067909454, "prec": 0.533498759305211, "rec": 0.617816091954023, "prauc": 0.588185652819385, "ece": 0.11183947061002254, "covert": 0.6916890080428955}, "metrics_cal": {"macro": 0.6449435499048333, "toxf1": 0.5422138836772983, "prec": 0.4025069637883008, "rec": 0.8304597701149425, "prauc": 0.588185652819385, "ece": 0.11183947061002254, "covert": 0.6984815618221258}, "probs": [0.00909, 0.00271, 0.03387, 0.00896, 0.94198, 0.12486, 0.00976, 0.00568, 0.0054, 0.00733, 0.01157, 0.00868, 0.00635, 0.01195, 0.63141, 0.30376, 0.8232, 0.93989, 0.0042, 0.95482, 0.16933, 0.02618, 0.05606, 0.20836, 0.00633, 0.03876, 0.97379, 0.01438, 0.33426, 0.01209, 0.03034, 0.02788, 0.01267, 0.02936, 0.03917, 0.8971, 0.12316, 0.06705, 0.00255, 0.13131, 0.1324, 0.01744, 0.36901, 0.22642, 0.0322, 0.94367, 0.01556, 0.02952, 0.0335, 0.01072, 0.0125, 0.011, 0.01619, 0.01654, 0.0473, 0.46276, 0.02076, 0.13535, 0.88264, 0.04671, 0.02668, 0.00518, 0.75904, 0.03645, 0.06697, 0.04378, 0.03652, 0.91765, 0.80649, 0.82533, 0.8988, 0.04152, 0.02854, 0.00693, 0.08143, 0.47134, 0.12495, 0.92701, 0.01894, 0.04887, 0.15077, 0.93833, 0.06866, 0.00313, 0.04879, 0.01103, 0.06322, 0.01186, 0.00837, 0.14908, 0.01527, 0.89271, 0.00659, 0.62877, 0.02658, 0.26921, 0.27477, 0.00708, 0.2359, 0.00963, 0.77236, 0.03522, 0.0397, 0.02479, 0.89822, 0.97243, 0.1153, 0.00764, 0.00655, 0.27059, 0.13329, 0.13007, 0.98586, 0.75572, 0.15241, 0.03725, 0.00915, 0.03283, 0.07809, 0.00501, 0.061, 0.00749, 0.05255, 0.06768, 0.10639, 0.03886, 0.14076, 0.50357, 0.0074, 0.03376, 0.01746, 0.10523, 0.06057, 0.02912, 0.90872, 0.71838, 0.0513, 0.03498, 0.04507, 0.94636, 0.85144, 0.00724, 0.45381, 0.92332, 0.03075, 0.10394, 0.00479, 0.15003, 0.52144, 0.51045, 0.84458, 0.02216, 0.91447, 0.00574, 0.31125, 0.10638, 0.00533, 0.26162, 0.0072, 0.0751, 0.03211, 0.98, 0.04191, 0.94898, 0.00759, 0.03862, 0.4841, 0.87923, 0.8033, 0.14812, 0.95964, 0.88932, 0.02854, 0.35163, 0.06855, 0.00837, 0.03637, 0.00955, 0.00454, 0.86918, 0.08785, 0.74207, 0.01642, 0.33041, 0.00652, 0.00877, 0.20182, 0.00819, 0.00445, 0.01478, 0.00699, 0.00983, 0.10659, 0.02108, 0.00313, 0.73606, 0.02198, 0.75365, 0.02275, 0.00663, 0.41241, 0.98825, 0.08712, 0.00628, 0.07471, 0.24913, 0.21177, 0.00727, 0.01823, 0.13735, 0.61424, 0.02513, 0.59815, 0.00728, 0.00486, 0.05708, 0.01271, 0.05903, 0.51537, 0.00855, 0.01176, 0.00676, 0.0179, 0.98157, 0.09356, 0.85201, 0.91605, 0.06103, 0.00931, 0.02031, 0.01381, 0.01677, 0.02379, 0.98643, 0.00787, 0.19821, 0.80776, 0.00239, 0.76588, 0.1108, 0.9866, 0.18066, 0.00782, 0.66485, 0.54276, 0.30805, 0.0375, 0.30599, 0.18049, 0.23294, 0.01953, 0.01098, 0.01755, 0.01272, 0.73957, 0.02523, 0.00567, 0.17211, 0.00942, 0.00522, 0.79527, 0.91266, 0.11232, 0.02249, 0.08144, 0.01233, 0.14213, 0.07545, 0.82983, 0.10736, 0.10563, 0.96943, 0.90234, 0.0054, 0.00643, 0.00725, 0.92183, 0.69324, 0.01507, 0.12617, 0.03603, 0.01925, 0.01289, 0.01, 0.01275, 0.00776, 0.05249, 0.58764, 0.14526, 0.03444, 0.00978, 0.00243, 0.03033, 0.61419, 0.05338, 0.11963, 0.03419, 0.21008, 0.94822, 0.60248, 0.00533, 0.00805, 0.02348, 0.80743, 0.85198, 0.14426, 0.15129, 0.08496, 0.04243, 0.00485, 0.2825, 0.96324, 0.084, 0.36358, 0.06069, 0.21198, 0.82023, 0.04878, 0.11446, 0.53068, 0.00593, 0.89196, 0.75724, 0.5402, 0.00508, 0.90648, 0.67214, 0.0855, 0.15031, 0.00833, 0.04163, 0.41343, 0.08001, 0.02044, 0.01414, 0.00949, 0.02003, 0.31291, 0.04053, 0.20641, 0.00415, 0.00821, 0.05623, 0.80225, 0.04819, 0.01357, 0.0957, 0.0102, 0.02858, 0.01349, 0.20359, 0.04997, 0.11132, 0.84857, 0.08811, 0.1224, 0.0614, 0.06628, 0.02765, 0.04256, 0.09813, 0.48212, 0.02928, 0.03819, 0.62117, 0.65908, 0.00856, 0.83042, 0.0026, 0.96992, 0.02372, 0.6472, 0.76523, 0.05586, 0.03849, 0.15434, 0.01439, 0.20229, 0.83501, 0.05115, 0.32587, 0.00553, 0.04553, 0.18772, 0.94312, 0.64426, 0.16695, 0.81001, 0.00517, 0.19607, 0.72975, 0.06873, 0.01629, 0.01323, 0.06036, 0.70571, 0.14902, 0.19687, 0.00965, 0.01097, 0.84875, 0.08499, 0.00562, 0.01384, 0.00666, 0.01102, 0.09883, 0.9597, 0.10944, 0.9589, 0.9884, 0.00688, 0.12217, 0.4834, 0.49308, 0.92767, 0.62783, 0.19598, 0.90953, 0.54571, 0.55773, 0.39855, 0.02757, 0.01446, 0.85635, 0.01219, 0.08422, 0.038, 0.83876, 0.60087, 0.00614, 0.75255, 0.05013, 0.4361, 0.29713, 0.005, 0.01014, 0.85292, 0.03022, 0.01207, 0.95828, 0.04644, 0.9594, 0.56027, 0.18845, 0.02111, 0.93569, 0.0081, 0.65319, 0.63422, 0.20123, 0.88978, 0.02353, 0.04141, 0.0277, 0.63892, 0.13609, 0.05866, 0.02179, 0.08684, 0.0264, 0.00905, 0.56084, 0.00675, 0.01332, 0.76502, 0.01283, 0.01808, 0.61448, 0.02085, 0.00575, 0.13793, 0.9177, 0.01332, 0.52735, 0.09828, 0.01133, 0.95953, 0.69159, 0.94526, 0.88922, 0.02349, 0.03424, 0.50591, 0.03296, 0.98319, 0.99105, 0.01459, 0.00347, 0.13377, 0.063, 0.98537, 0.02888, 0.04764, 0.92515, 0.14094, 0.63039, 0.00639, 0.60607, 0.06379, 0.64729, 0.19492, 0.00532, 0.2054, 0.22959, 0.00875, 0.00755, 0.01234, 0.92713, 0.08388, 0.00298, 0.13041, 0.00687, 0.16811, 0.05474, 0.50668, 0.10119, 0.07551, 0.13771, 0.13575, 0.88289, 0.01992, 0.01806, 0.71308, 0.17678, 0.01274, 0.05992, 0.00764, 0.23663, 0.72376, 0.22449, 0.02089, 0.97704, 0.03882, 0.04492, 0.01129, 0.04413, 0.00762, 0.00736, 0.03323, 0.25483, 0.12481, 0.02927, 0.0062, 0.03109, 0.95601, 0.05282, 0.88844, 0.01268, 0.01275, 0.00672, 0.0092, 0.15207, 0.00957, 0.04151, 0.03853, 0.16518, 0.8758, 0.96169, 0.86998, 0.40676, 0.154, 0.44943, 0.09155, 0.39834, 0.10689, 0.8676, 0.31447, 0.00335, 0.98385, 0.01813, 0.5709, 0.02593, 0.00887, 0.05397, 0.01301, 0.0865, 0.02172, 0.20357, 0.02484, 0.34154, 0.0538, 0.01141, 0.06681, 0.02576, 0.13628, 0.79, 0.00909, 0.96243, 0.94376, 0.00516, 0.88567, 0.3357, 0.35816, 0.02096, 0.02644, 0.0089, 0.01081, 0.00992, 0.05775, 0.008, 0.19437, 0.78646, 0.0085, 0.06948, 0.46505, 0.03535, 0.03138, 0.93586, 0.88516, 0.02569, 0.74145, 0.01156, 0.88055, 0.21426, 0.26697, 0.02491, 0.26097, 0.03512, 0.81585, 0.01901, 0.03499, 0.97226, 0.05748, 0.61424, 0.53795, 0.00863, 0.00558, 0.58583, 0.04153, 0.39413, 0.05562, 0.01343, 0.57466, 0.00824, 0.36874, 0.89437, 0.00963, 0.96082, 0.06697, 0.01534, 0.03655, 0.30209, 0.08685, 0.66321, 0.01883, 0.68215, 0.39365, 0.63743, 0.96889, 0.04428, 0.28493, 0.93313, 0.01882, 0.0347, 0.03882, 0.00298, 0.87531, 0.90205, 0.74855, 0.90847, 0.16798, 0.02553, 0.00472, 0.96938, 0.0182, 0.05161, 0.03872, 0.01524, 0.0656, 0.93373, 0.01563, 0.38815, 0.0886, 0.00349, 0.03417, 0.00413, 0.60099, 0.01587, 0.94823, 0.00908, 0.2887, 0.83796, 0.00754, 0.3126, 0.00724, 0.03629, 0.95852, 0.02919, 0.5033, 0.00943, 0.23152, 0.0073, 0.07813, 0.56599, 0.02394, 0.00886, 0.02423, 0.01771, 0.25765, 0.06909, 0.04081, 0.28162, 0.92061, 0.3067, 0.0156, 0.05981, 0.06119, 0.00644, 0.00771, 0.00604, 0.00989, 0.02391, 0.00455, 0.19729, 0.3036, 0.82308, 0.00979, 0.94068, 0.03231, 0.98123, 0.0963, 0.04749, 0.21721, 0.01072, 0.00519, 0.45933, 0.64445, 0.0397, 0.05828, 0.00301, 0.7, 0.93457, 0.18086, 0.21374, 0.01067, 0.00909, 0.00472, 0.27802, 0.0057, 0.00516, 0.01743, 0.98441, 0.82786, 0.04443, 0.16141, 0.04866, 0.00875, 0.65957, 0.77074, 0.04685, 0.0103, 0.78047, 0.68271, 0.0303, 0.00812, 0.43324, 0.0805, 0.03501, 0.24106, 0.55123, 0.93194, 0.0127, 0.01884, 0.03621, 0.04167, 0.7714, 0.08711, 0.90852, 0.02165, 0.52064, 0.0078, 0.33895, 0.11617, 0.29326, 0.09133, 0.00544, 0.9025, 0.0737, 0.02538, 0.94356, 0.92402, 0.68592, 0.21639, 0.04045, 0.06323, 0.64814, 0.02151, 0.6459, 0.33401, 0.03154, 0.60779, 0.60224, 0.00908, 0.08246, 0.7656, 0.58389, 0.02364, 0.0204, 0.11789, 0.02738, 0.66631, 0.00598, 0.78773, 0.0696, 0.30425, 0.00684, 0.95996, 0.03298, 0.74669, 0.007, 0.74621, 0.35354, 0.02419, 0.01946, 0.21299, 0.0153, 0.10025, 0.02929, 0.58694, 0.9371, 0.97837, 0.04094, 0.01741, 0.8178, 0.134, 0.06606, 0.02978, 0.33409, 0.24909, 0.03201, 0.05085, 0.89926, 0.03886, 0.87321, 0.88321, 0.02628,