{"model": "bert-base-multilingual-cased", "dataset": "dravidian_malayalam", "train_config": "hardneg", "seed": 2024, "thr_cal": 0.6625244766473765, "metrics_05": {"macro": 0.6167746491406854, "toxf1": 0.2644628099173554, "prec": 0.21621621621621623, "rec": 0.3404255319148936, "prauc": 0.21050619177383065, "ece": 0.04288550953070323, "covert": 0.36}, "metrics_cal": {"macro": 0.6049111605456986, "toxf1": 0.23853211009174313, "prec": 0.20967741935483872, "rec": 0.2765957446808511, "prauc": 0.21050619177383065, "ece": 0.04288550953070323, "covert": 0.3111111111111111}, "probs": [0.0052, 0.00492, 0.01318, 0.55378, 0.00813, 0.00593, 0.00338, 0.01828, 0.01992, 0.00263, 0.00363, 0.00585, 0.03247, 0.00457, 0.00875, 0.00338, 0.03277, 0.02961, 0.00857, 0.01244, 0.00525, 0.00836, 0.19815, 0.0026, 0.003, 0.00277, 0.01121, 0.00521, 0.00377, 0.42601, 0.0251, 0.02004, 0.05492, 0.00417, 0.02451, 0.56996, 0.09447, 0.22183, 0.00259, 0.00364, 0.00484, 0.00335, 0.00958, 0.00666, 0.99928, 0.00281, 0.00374, 0.00906, 0.01947, 0.03414, 0.00315, 0.01278, 0.00597, 0.00873, 0.99944, 0.00295, 0.00476, 0.00391, 0.00709, 0.05126, 0.02152, 0.00951, 0.37143, 0.02605, 0.10083, 0.06757, 0.00465, 0.01871, 0.0035, 0.01383, 0.80378, 0.00738, 0.00432, 0.01068, 0.03857, 0.70311, 0.00251, 0.02214, 0.00374, 0.00909, 0.11695, 0.00531, 0.00373, 0.00281, 0.0041, 0.00412, 0.01317, 0.00999, 0.01917, 0.00681, 0.00628, 0.02464, 0.00445, 0.57727, 0.01731, 0.00366, 0.01149, 0.00295, 0.11849, 0.0172, 0.05063, 0.00335, 0.01627, 0.0027, 0.04426, 0.02652, 0.00404, 0.00496, 0.49826, 0.00937, 0.00769, 0.02857, 0.01122, 0.00499, 0.01765, 0.05577, 0.63988, 0.00575, 0.00316, 0.00837, 0.0327, 0.01319, 0.03645, 0.01369, 0.03925, 0.01869, 0.02482, 0.02252, 0.01962, 0.00283, 0.03092, 0.00635, 0.05117, 0.13265, 0.02593, 0.25757, 0.00586, 0.01467, 0.34579, 0.02505, 0.04055, 0.00397, 0.00827, 0.00366, 0.00505, 0.00476, 0.00372, 0.00318, 0.00434, 0.00461, 0.01093, 0.00246, 0.01809, 0.00273, 0.03495, 0.87325, 0.005, 0.03049, 0.01339, 0.0412, 0.00398, 0.00737, 0.02304, 0.15064, 0.00485, 0.00778, 0.00385, 0.00354, 0.02189, 0.00275, 0.08028, 0.00438, 0.0792, 0.03699, 0.00415, 0.00831, 0.32103, 0.08571, 0.00985, 0.01577, 0.02835, 0.00543, 0.96958, 0.02316, 0.11585, 0.04886, 0.01325, 0.00779, 0.66438, 0.01909, 0.91848, 0.01343, 0.99975, 0.00588, 0.0084, 0.04482, 0.00368, 0.01281, 0.05205, 0.01167, 0.00576, 0.00751, 0.09574, 0.01595, 0.01398, 0.01096, 0.00307, 0.03439, 0.07277, 0.00281, 0.0235, 0.00482, 0.00493, 0.0174, 0.00683, 0.0083, 0.29474, 0.03378, 0.00435, 0.00457, 0.00408, 0.00487, 0.00418, 0.005, 0.00503, 0.00339, 0.01452, 0.00727, 0.10369, 0.08613, 0.05756, 0.00687, 0.03462, 0.00281, 0.01143, 0.21459, 0.00613, 0.00554, 0.04612, 0.05142, 0.04028, 0.00305, 0.00809, 0.05493, 0.00421, 0.04561, 0.99916, 0.00425, 0.00695, 0.00228, 0.0046, 0.13534, 0.01616, 0.00358, 0.00651, 0.00593, 0.00579, 0.00635, 0.00761, 0.00292, 0.004, 0.01019, 0.00644, 0.00765, 0.35654, 0.00485, 0.00366, 0.02903, 0.07208, 0.00863, 0.01695, 0.00848, 0.00815, 0.05952, 0.01743, 0.00865, 0.03617, 0.00539, 0.01084, 0.00372, 0.02809, 0.00846, 0.04481, 0.02315, 0.00299, 0.00771, 0.72134, 0.00837, 0.00838, 0.01649, 0.00707, 0.0495, 0.02016, 0.04516, 0.01005, 0.13423, 0.7429, 0.02087, 0.02029, 0.00971, 0.00492, 0.00302, 0.0106, 0.02545, 0.67816, 0.01378, 0.06012, 0.00627, 0.00294, 0.24658, 0.00836, 0.00371, 0.00556, 0.08376, 0.08144, 0.04076, 0.00799, 0.00713, 0.00371, 0.01217, 0.01351, 0.09678, 0.0041, 0.10947, 0.00394, 0.07213, 0.00531, 0.01977, 0.87588, 0.01653, 0.11261, 0.09148, 0.02879, 0.0137, 0.00804, 0.00314, 0.01937, 0.00842, 0.00333, 0.01172, 0.0167, 0.00392, 0.09364, 0.98904, 0.00478, 0.0072, 0.04406, 0.01136, 0.0037, 0.01231, 0.05997, 0.02346, 0.01243, 0.00582, 0.01087, 0.00803, 0.01834, 0.00781, 0.97973, 0.3841, 0.00615, 0.01044, 0.00287, 0.81767, 0.02259, 0.0037, 0.07629, 0.00506, 0.0357, 0.02652, 0.0154, 0.00512, 0.99943, 0.04435, 0.00726, 0.11261, 0.00746, 0.00273, 0.0034, 0.0092, 0.00624, 0.00566, 0.00602, 0.02011, 0.01236, 0.07813, 0.01091, 0.00426, 0.05154, 0.09398, 0.02355, 0.0045, 0.00895, 0.03834, 0.49101, 0.00796, 0.03323, 0.01971, 0.00392, 0.01544, 0.06884, 0.0088, 0.23812, 0.00467, 0.01003, 0.00858, 0.01769, 0.05343, 0.00878, 0.00371, 0.01415, 0.00533, 0.99968, 0.039, 0.01578, 0.01768, 0.00518, 0.03233, 0.22655, 0.4796, 0.00689, 0.00817, 0.01027, 0.02361, 0.00586, 0.00944, 0.0032, 0.00463, 0.00477, 0.01058, 0.00503, 0.0068, 0.00343, 0.00481, 0.19778, 0.02603, 0.02347, 0.00741, 0.00567, 0.00435, 0.00863, 0.00983, 0.00683, 0.00791, 0.00685, 0.00473, 0.00331, 0.0145, 0.00496, 0.00379, 0.32908, 0.00864, 0.00485, 0.00454, 0.02082, 0.13686, 0.00575, 0.40156, 0.99974, 0.16475, 0.00431, 0.03534, 0.00389, 0.00364, 0.00396, 0.05577, 0.00295, 0.00703, 0.01265, 0.00916, 0.21459, 0.06886, 0.01661, 0.00932, 0.03097, 0.06752, 0.01006, 0.01452, 0.01424, 0.0075, 0.01754, 0.02349, 0.0545, 0.05667, 0.31577, 0.00316, 0.02323, 0.02117, 0.00517, 0.11095, 0.34853, 0.06068, 0.00837, 0.00305, 0.00799, 0.00987, 0.00977, 0.00359, 0.93621, 0.00676, 0.01178, 0.00254, 0.00658, 0.92483, 0.00434, 0.00305, 0.11652, 0.00517, 0.00706, 0.00718, 0.0106, 0.17655, 0.00432, 0.00493, 0.00341, 0.04028, 0.00295, 0.05921, 0.10284, 0.00818, 0.00725, 0.01852, 0.00837, 0.00376, 0.0077, 0.21427, 0.01419, 0.0133, 0.00298, 0.01089, 0.11359, 0.99946, 0.00803, 0.03471, 0.00386, 0.00681, 0.06419, 0.00306, 0.00927, 0.00841, 0.00294, 0.85432, 0.04442, 0.00733, 0.10582, 0.09408, 0.82972, 0.23192, 0.00635, 0.00299, 0.0027, 0.04539, 0.00458, 0.00719, 0.99161, 0.00681, 0.01303, 0.0134, 0.00858, 0.01732, 0.16015, 0.03468, 0.04072, 0.21498, 0.01472, 0.01037, 0.1296, 0.00903, 0.01507, 0.12636, 0.00546, 0.01021, 0.00304, 0.01067, 0.12854, 0.01268, 0.00305, 0.01392, 0.01129, 0.01964, 0.01543, 0.00518, 0.01025, 0.0074, 0.01397, 0.52918, 0.00289, 0.01232, 0.04166, 0.01069, 0.0438, 0.00419, 0.05026, 0.00927, 0.0521, 0.00422, 0.90137, 0.0689, 0.01147, 0.01019, 0.02222, 0.00561, 0.99963, 0.26437, 0.01322, 0.99871, 0.46303, 0.14913, 0.00927, 0.04908, 0.01195, 0.00974, 0.01361, 0.02822, 0.03593, 0.01543, 0.01329, 0.02418, 0.01741, 0.00595, 0.003, 0.027, 0.01372, 0.02289, 0.02536, 0.00655, 0.10526, 0.00322, 0.00256, 0.01531, 0.00617, 0.01628, 0.00486, 0.03232, 0.01187, 0.05976, 0.00587, 0.02945, 0.00568, 0.00339, 0.00594, 0.00583, 0.1164, 0.00373, 0.0142, 0.02167, 0.05693, 0.00438, 0.02826, 0.02841, 0.00551, 0.01337, 0.05298, 0.79579, 0.05876, 0.02817, 0.36163, 0.01574, 0.01316, 0.00745, 0.63674, 0.02037, 0.00724, 0.00315, 0.00323, 0.00657, 0.22251, 0.03388, 0.01456, 0.01203, 0.00603, 0.00462, 0.07183, 0.01429, 0.01027, 0.22492, 0.01523, 0.02256, 0.00383, 0.00336, 0.00689, 0.0105, 0.00452, 0.01092, 0.00964, 0.02918, 0.07598, 0.02889, 0.04683, 0.05838, 0.00517, 0.00516, 0.06426, 0.00776, 0.00341, 0.04984, 0.01541, 0.2865, 0.08121, 0.1776, 0.99978, 0.01409, 0.07637, 0.01086, 0.00476, 0.0063, 0.0146, 0.00343, 0.01064, 0.05473, 0.06969, 0.00402, 0.00584, 0.02629, 0.00574, 0.01009, 0.00655, 0.05247, 0.00433, 0.01134, 0.01532, 0.00355, 0.13941, 0.00343, 0.07527, 0.06539, 0.00617, 0.01444, 0.00542, 0.00475, 0.00597, 0.01806, 0.01121, 0.0429, 0.00454, 0.00458, 0.01057, 0.01164, 0.01697, 0.02821, 0.04439, 0.01952, 0.35048, 0.0102, 0.00615, 0.05161, 0.00654, 0.01137, 0.0061, 0.00735, 0.04042, 0.02276, 0.0046, 0.0131, 0.00316, 0.01703, 0.03456, 0.06358, 0.25972, 0.0072, 0.01064, 0.00565, 0.00417, 0.11568, 0.00506, 0.09532, 0.03777, 0.18488, 0.00517, 0.00295, 0.28805, 0.02525, 0.00605, 0.00336, 0.02111, 0.99601, 0.00678, 0.00566, 0.30745, 0.04074, 0.03475, 0.0041, 0.02346, 0.56038, 0.0128, 0.00851, 0.00383, 0.00683, 0.02286, 0.01328, 0.02475, 0.0205, 0.91302, 0.03478, 0.00281, 0.02322, 0.00416, 0.01833, 0.00501, 0.00713, 0.01445, 0.00947, 0.01756, 0.02955, 0.01855, 0.00688, 0.07785, 0.06173, 0.24961, 0.01589, 0.00475, 0.01752, 0.00714, 0.00386, 0.00322, 0.99686, 0.00265, 0.01018, 0.03546, 0.00432, 0.08681, 0.01211, 0.64194, 0.03496, 0.00522, 0.00429, 0.01185, 0.04239, 0.00529, 0.00934, 0.00825, 0.06022, 