{"model": "bert-base-multilingual-cased", "dataset": "dravidian_tamil", "train_config": "supcon", "seed": 42, "thr_cal": 0.1040141701698303, "metrics_05": {"macro": 0.7032549100882564, "toxf1": 0.5303514376996805, "prec": 0.5971223021582733, "rec": 0.47701149425287354, "prauc": 0.6077769159455286, "ece": 0.0948761861709257, "covert": 0.6312684365781711}, "metrics_cal": {"macro": 0.706380860244996, "toxf1": 0.5985247629083246, "prec": 0.47254575707154745, "rec": 0.8160919540229885, "prauc": 0.6077769159455286, "ece": 0.0948761861709257, "covert": 0.7289293849658315}, "probs": [0.0069, 0.00124, 0.00646, 0.00463, 0.31547, 0.03031, 0.00255, 0.01252, 0.00674, 0.0038, 0.00184, 0.00487, 0.00211, 0.00356, 0.06556, 0.00811, 0.45788, 0.65489, 0.00295, 0.03911, 0.08043, 0.00837, 0.03119, 0.06308, 0.02353, 0.01703, 0.97162, 0.00467, 0.0598, 0.01226, 0.00464, 0.03076, 0.02149, 0.0363, 0.04828, 0.85418, 0.02344, 0.1316, 0.00178, 0.11972, 0.33651, 0.02031, 0.048, 0.11721, 0.01094, 0.94339, 0.00389, 0.00292, 0.19085, 0.00606, 0.01102, 0.01286, 0.01294, 0.02021, 0.02402, 0.33892, 0.33081, 0.27424, 0.36167, 0.16564, 0.04661, 0.00168, 0.77066, 0.01851, 0.0047, 0.01322, 0.00861, 0.39506, 0.88849, 0.05062, 0.7147, 0.11174, 0.00512, 0.00189, 0.27951, 0.63296, 0.22259, 0.46449, 0.00749, 0.00629, 0.47929, 0.1854, 0.12973, 0.00134, 0.00723, 0.00352, 0.05486, 0.01851, 0.00496, 0.69483, 0.00356, 0.59065, 0.01021, 0.43678, 0.09264, 0.113, 0.19981, 0.01107, 0.00762, 0.02612, 0.1257, 0.00944, 0.06052, 0.03464, 0.76733, 0.6987, 0.01659, 0.00468, 0.00154, 0.45153, 0.11733, 0.0383, 0.97653, 0.02522, 0.01732, 0.01154, 0.00289, 0.03383, 0.08795, 0.0028, 0.07064, 0.00123, 0.00693, 0.02504, 0.0513, 0.03508, 0.15161, 0.11972, 0.00579, 0.01438, 0.04362, 0.03815, 0.13197, 0.03329, 0.72571, 0.11861, 0.01719, 0.00976, 0.00995, 0.85281, 0.78356, 0.00341, 0.74923, 0.80623, 0.08079, 0.2631, 0.0041, 0.37416, 0.08262, 0.23997, 0.11747, 0.02759, 0.21104, 0.06203, 0.49284, 0.03352, 0.0028, 0.79753, 0.00674, 0.21488, 0.00357, 0.96033, 0.11047, 0.95623, 0.00365, 0.01245, 0.18176, 0.03891, 0.34777, 0.06137, 0.7096, 0.62684, 0.12696, 0.02394, 0.01743, 0.01645, 0.15455, 0.02878, 0.00215, 0.23542, 0.01501, 0.14714, 0.68798, 0.80122, 0.00653, 0.0076, 0.49084, 0.00934, 0.00282, 0.00941, 0.00476, 0.02121, 0.16225, 0.02475, 0.00183, 0.0966, 0.0092, 0.53694, 0.02085, 0.00317, 0.07288, 0.98378, 0.63544, 0.00959, 0.01058, 0.03941, 0.11431, 0.0068, 0.0213, 0.10309, 0.81805, 0.00559, 0.2431, 0.00593, 0.00506, 0.31628, 0.00788, 0.01281, 0.14648, 0.00374, 0.00621, 0.00439, 0.00781, 0.97561, 0.00483, 0.75743, 0.92292, 0.01676, 0.00218, 0.00596, 0.02029, 0.0056, 0.01647, 0.9685, 0.043, 0.02567, 0.23083, 0.00131, 0.76337, 0.04222, 0.98874, 0.07032, 0.00612, 0.44194, 0.10267, 0.03271, 0.01825, 0.47038, 0.09429, 0.03297, 0.02243, 0.00363, 0.00559, 0.00703, 0.46686, 0.0158, 0.00384, 0.2215, 0.01695, 0.0034, 0.20513, 0.94445, 0.08374, 0.01889, 0.20286, 0.02795, 0.30466, 0.10594, 0.17389, 0.02005, 0.01143, 0.86823, 0.85496, 0.00138, 0.04525, 0.00218, 0.81786, 0.27974, 0.00991, 0.08979, 0.00966, 0.00406, 0.00331, 0.0143, 0.00527, 0.00558, 0.01525, 0.0447, 0.09512, 0.19861, 0.01153, 0.00124, 0.00835, 0.54881, 0.17521, 0.02962, 0.01908, 0.14705, 0.92307, 0.01357, 0.00238, 0.00974, 0.02308, 0.83051, 0.66228, 0.01006, 0.08701, 0.04003, 0.04743, 0.00504, 0.04204, 0.91186, 0.02844, 0.12111, 0.10921, 0.44559, 0.54141, 0.17753, 0.03006, 0.06182, 0.00398, 0.19475, 0.88446, 0.28921, 0.00746, 0.82052, 0.83551, 0.12199, 0.04027, 0.00356, 0.0235, 0.38088, 0.02279, 0.03112, 0.00498, 0.00378, 0.02296, 0.26078, 0.03317, 0.07397, 0.00205, 0.00158, 0.01323, 0.15114, 0.07747, 0.00549, 0.17954, 0.02887, 0.10999, 0.04431, 0.59879, 0.79317, 0.00819, 0.77869, 0.02641, 0.201, 0.03389, 0.14679, 0.00816, 0.06274, 0.14686, 0.46459, 0.01899, 0.02885, 0.44187, 0.54709, 0.00586, 0.81486, 0.00146, 0.987, 0.01232, 0.22875, 0.45225, 0.06573, 0.0101, 0.02704, 0.01229, 0.28015, 0.87238, 0.00672, 0.28546, 0.00229, 0.00641, 0.09763, 0.27376, 0.10475, 0.17117, 0.17743, 0.00339, 0.03798, 0.28057, 0.02529, 0.00699, 0.01609, 0.01738, 0.91987, 0.4952, 0.34996, 0.00737, 0.00529, 0.63178, 0.03135, 0.01065, 0.0055, 0.0026, 0.00565, 0.02641, 0.95469, 0.02718, 0.96989, 0.99387, 0.01864, 0.00981, 0.86248, 0.0043, 0.46024, 0.0626, 0.04276, 0.30136, 0.21382, 0.60283, 0.25335, 0.02243, 0.09656, 0.17871, 0.00267, 0.02662, 0.01833, 0.0964, 0.10612, 0.01427, 0.61846, 0.06868, 0.56038, 0.12376, 0.00281, 0.03727, 0.64516, 0.07002, 0.01002, 0.94796, 0.02035, 0.94219, 0.76172, 0.02223, 0.05452, 0.31775, 0.00147, 0.38252, 0.57458, 0.02839, 0.53096, 0.00885, 0.04338, 0.00928, 0.16049, 0.21989, 0.10679, 0.01041, 0.04194, 0.00306, 0.00253, 0.02586, 0.00243, 0.00214, 0.74109, 0.01015, 0.05108, 0.11125, 0.062, 0.00875, 0.02755, 0.66018, 0.01372, 0.15065, 0.04834, 0.01028, 0.80326, 0.92675, 0.33437, 0.78315, 0.17055, 0.02314, 0.04655, 0.01982, 0.97652, 0.99643, 0.05269, 0.00192, 0.06136, 0.03371, 0.97765, 0.01112, 0.00457, 0.91202, 0.08815, 0.55316, 0.00193, 0.11563, 0.43272, 0.14659, 0.36925, 0.00577, 0.00722, 0.06184, 0.0126, 0.00372, 0.00265, 0.96376, 0.01266, 0.00126, 0.02436, 0.00906, 0.02809, 0.01099, 0.09743, 0.12002, 0.01456, 0.26537, 0.02538, 0.90094, 0.26838, 0.00547, 0.31167, 0.77417, 0.00906, 0.03414, 0.02019, 0.21696, 0.27136, 0.03505, 0.02207, 0.97183, 0.51778, 0.16791, 0.0031, 0.02424, 0.00457, 0.00465, 0.07148, 0.02545, 0.12609, 0.00439, 0.00424, 0.08284, 0.9565, 0.02752, 0.49616, 0.00376, 0.0051, 0.00619, 0.00688, 0.17857, 0.35891, 0.04958, 0.03924, 0.21753, 0.75809, 0.88072, 0.89963, 0.78006, 0.06031, 0.03171, 0.03253, 0.04082, 0.13167, 0.89742, 0.79489, 0.00237, 0.97161, 0.00913, 0.11768, 0.00319, 0.00332, 0.03703, 0.14339, 0.01263, 0.01522, 0.48619, 0.01354, 0.18144, 0.24875, 0.00683, 0.06519, 0.00255, 0.00449, 0.22346, 0.0036, 0.06102, 0.98489, 0.00501, 0.92798, 0.45261, 0.01815, 0.0066, 0.00794, 0.00262, 0.01795, 0.00154, 0.38306, 0.0076, 0.74742, 0.534, 0.02022, 0.03115, 0.0328, 0.0058, 0.0044, 0.411, 0.80806, 0.13104, 0.43816, 0.02035, 0.10759, 0.49495, 0.04702, 0.00761, 0.01291, 0.0148, 0.8477, 0.00604, 0.00296, 0.92798, 0.00703, 0.15599, 0.45426, 0.00527, 0.0022, 0.81499, 0.01993, 0.15635, 0.21439, 0.02059, 0.29635, 0.01972, 0.12403, 0.74423, 0.00324, 0.67892, 0.00364, 0.00283, 0.02753, 0.5509, 0.40481, 0.31672, 0.01119, 0.12263, 0.77268, 0.65137, 0.95704, 0.01948, 0.05767, 0.85039, 0.01386, 0.03038, 0.01281, 0.00141, 0.80203, 0.88359, 0.70687, 0.3948, 0.20848, 0.01423, 0.00214, 0.79441, 0.01302, 0.03948, 0.02074, 0.20405, 0.19411, 0.92282, 0.00962, 0.43347, 0.09386, 0.00683, 0.0574, 0.00694, 0.08277, 0.01936, 0.90105, 0.02589, 0.08685, 0.67721, 0.00504, 0.28774, 0.00771, 0.0123, 0.82282, 0.0117, 0.12492, 0.04943, 0.02015, 0.01143, 0.02767, 0.71189, 0.0602, 0.00242, 0.00577, 0.00617, 0.17188, 0.04647, 0.01823, 0.03237, 0.95841, 0.05043, 0.07241, 0.01373, 0.07025, 0.00768, 0.0032, 0.00678, 0.00592, 0.06054, 0.00172, 0.69225, 0.04365, 0.28762, 0.00247, 0.94297, 0.01358, 0.93519, 0.22521, 0.64086, 0.05993, 0.00317, 0.00331, 0.12651, 0.14352, 0.08442, 0.18871, 0.00139, 0.04548, 0.3212, 0.03775, 0.12889, 0.01248, 0.02924, 0.0067, 0.02083, 0.00151, 0.00643, 0.01374, 0.983, 0.6446, 0.02327, 0.42174, 0.03943, 0.01032, 0.46126, 0.1848, 0.08283, 0.08258, 0.51507, 0.73739, 0.1508, 0.00392, 0.66411, 0.04768, 0.00544, 0.00274, 0.23328, 0.90261, 0.0043, 0.01786, 0.02438, 0.04161, 0.94311, 0.01358, 0.24532, 0.02634, 0.16677, 0.00203, 0.01413, 0.0199, 0.05557, 0.53081, 0.0175, 0.94328, 0.0212, 0.00169, 0.98774, 0.28897, 0.39168, 0.18226, 0.00462, 0.01918, 0.12623, 0.01824, 0.58395, 0.52951, 0.01616, 0.15201, 0.69146, 0.0044, 0.02078, 0.46026, 0.08375, 0.00933, 0.06259, 0.11506, 0.01226, 0.09893, 0.00308, 0.72757, 0.12169, 0.58477, 0.00738, 0.91527, 0.26271, 0.09776, 0.01309, 0.08328, 0.52835, 0.01803, 0.01059, 0.02479, 0.06668, 0.01579, 0.00187, 0.44416, 0.83674, 0.5443, 0.01884, 0.0514, 0.90593, 0.65224, 0.0256, 0.00649, 0.87581, 0.1349, 0.00673, 0.01013, 0.87197, 0.19212, 