{"model": "bert-base-multilingual-cased", "dataset": "dravidian_kannada", "train_config": "supcon", "seed": 2024, "thr_cal": 0.5128145962953568, "metrics_05": {"macro": 0.7391455404158298, "toxf1": 0.6238532110091743, "prec": 0.6107784431137725, "rec": 0.6375, "prauc": 0.7257464400826996, "ece": 0.09213657843730963, "covert": 0.7777777777777778}, "metrics_cal": {"macro": 0.7397944327975774, "toxf1": 0.6234567901234568, "prec": 0.6158536585365854, "rec": 0.63125, "prauc": 0.7257464400826996, "ece": 0.09213657843730963, "covert": 0.782608695652174}, "probs": [0.01908, 0.50648, 0.63761, 0.0253, 0.07484, 0.07204, 0.0942, 0.00226, 0.00186, 0.10821, 0.44806, 0.01653, 0.00124, 0.771, 0.16595, 0.03462, 0.07153, 0.78153, 0.00527, 0.39885, 0.10988, 0.30632, 0.88601, 0.90248, 0.9985, 0.80285, 0.99588, 0.36668, 0.44332, 0.79739, 0.99896, 0.5152, 0.07148, 0.10126, 0.75512, 0.01077, 0.33928, 0.00454, 0.33107, 0.06156, 0.03239, 0.01262, 0.51434, 0.00758, 0.03355, 0.81776, 0.03575, 0.22049, 0.00551, 0.20152, 0.40895, 0.26152, 0.01452, 0.537, 0.52451, 0.92062, 0.00543, 0.62965, 0.24979, 0.85361, 0.20072, 0.00181, 0.10589, 0.68472, 0.00561, 0.00201, 0.01239, 0.01387, 0.84875, 0.99551, 0.04761, 0.00192, 0.01007, 0.83941, 0.0285, 0.57393, 0.09895, 0.19687, 0.52845, 0.79344, 0.02901, 0.91674, 0.33083, 0.5621, 0.32463, 0.01108, 0.94831, 0.03565, 0.75415, 0.01561, 0.00257, 0.0515, 0.00129, 0.0529, 0.01187, 0.00611, 0.00851, 0.00664, 0.00226, 0.01016, 0.0029, 0.89396, 0.03469, 0.77249, 0.41568, 0.07294, 0.95873, 0.03961, 0.05395, 0.07784, 0.37082, 0.03516, 0.00176, 0.00367, 0.00847, 0.00724, 0.07148, 0.03324, 0.58196, 0.7742, 0.33676, 0.03836, 0.10869, 0.04448, 0.04088, 0.01367, 0.03575, 0.80085, 0.00144, 0.02493, 0.80612, 0.01889, 0.00472, 0.74789, 0.93913, 0.35346, 0.00235, 0.996, 0.02211, 0.18706, 0.00141, 0.04687, 0.20284, 0.70146, 0.90436, 0.82227, 0.15909, 0.44572, 0.06037, 0.3338, 0.00132, 0.00432, 0.83293, 0.56087, 0.02601, 0.91689, 0.01351, 0.53356, 0.57058, 0.35103, 0.23256, 0.01258, 0.00371, 0.05721, 0.01605, 0.01309, 0.10583, 0.22192, 0.25781, 0.85636, 0.04121, 0.84119, 0.0692, 0.02494, 0.49859, 0.00183, 0.03575, 0.04312, 0.0142, 0.92371, 0.00478, 0.01421, 0.03575, 0.97405, 0.91598, 0.00698, 0.64957, 0.0382, 0.13927, 0.00459, 0.4972, 0.97811, 0.00675, 0.03575, 0.01385, 0.99411, 0.07095, 0.13813, 0.65372, 0.0358, 0.55383, 0.00354, 0.02198, 0.23294, 0.10969, 0.09403, 0.77441, 0.09321, 0.96995, 0.00346, 0.92754, 0.60425, 0.62217, 0.007, 0.02145, 0.00319, 0.89113, 0.56586, 0.00072, 0.0047, 0.00378, 0.01051, 0.00768, 0.16552, 0.82041, 0.38973, 0.00711, 0.01567, 0.00638, 0.0966, 0.00519, 0.04349, 0.01123, 0.11545, 0.01238, 0.74486, 0.99881, 0.0421, 0.00509, 0.00302, 0.16189, 0.03575, 0.16571, 0.99624, 0.9981, 0.0103, 0.00309, 0.04527, 0.10815, 0.18158, 0.16007, 0.03794, 0.42803, 0.38156, 0.03445, 0.00712, 0.09409, 0.15517, 0.13696, 0.05962, 0.95241, 0.41568, 0.83464, 0.07655, 0.00465, 0.0058, 0.03575, 0.00764, 0.00652, 0.00847, 0.00301, 0.05692, 0.76431, 0.12431, 0.01777, 0.045, 0.51857, 0.00046, 0.93324, 0.85717, 0.02616, 0.36273, 0.94462, 0.02651, 0.24292, 0.44535, 0.02935, 0.91592, 0.01331, 0.05731, 0.87064, 0.00122, 0.00372, 0.6503, 0.06837, 0.03575, 0.76755, 0.57843, 0.21244, 0.09101, 0.0048, 0.03733, 0.00562, 0.94882, 0.00426, 0.00958, 0.20249, 0.03575, 0.01325, 0.02458, 0.05486, 0.00957, 0.00442, 0.1001, 0.84658, 0.2884, 0.00378, 0.0228, 0.20159, 0.0761, 0.86539, 0.0204, 0.01909, 0.22735, 0.3916, 0.09309, 0.80008, 0.00543, 0.17932, 0.98035, 0.00928, 0.03205, 0.26045, 0.11136, 0.00891, 0.00238, 0.04977, 0.33286, 0.02729, 0.05745, 0.06414, 0.00329, 0.79563, 0.01376, 0.07757, 0.05579, 0.99213, 0.78463, 0.03575, 0.17621, 0.00702, 0.39002, 0.924, 0.55047, 0.58401, 0.40423, 0.9573, 0.93902, 0.00417, 0.00432, 0.07548, 0.00298, 0.02725, 0.29758, 0.02235, 0.0083, 0.92112, 0.04536, 0.00271, 0.07978, 0.99892, 0.13787, 0.01124, 0.03575, 0.00505, 0.0013, 0.00957, 0.84018, 0.98337, 0.0112, 0.83521, 0.01127, 0.04745, 0.87655, 0.91468, 0.70473, 0.00111, 0.01145, 0.35884, 0.90166, 0.14324, 0.02319, 0.00351, 0.37099, 0.0477, 0.00321, 0.47614, 0.44412, 0.00614, 0.9638, 0.03382, 0.43274, 0.80721, 0.86023, 0.00226, 0.086, 0.03319, 0.99889, 0.09816, 0.20535, 0.00853, 0.03954, 0.57203, 0.01709, 0.11414, 0.71468, 0.00294, 0.14765, 0.00685, 0.14771, 0.1269, 0.62305, 0.00965, 0.00225, 0.889, 0.22771, 0.42897, 0.9505, 0.99428, 0.00079, 0.10956, 0.76833, 0.00521, 0.09638, 0.45507, 0.94602, 0.8522, 0.02651, 0.97347, 0.00967, 0.02748, 0.31795, 0.04128, 0.00144, 0.99701, 0.95416, 0.01113, 0.83132, 0.08172, 0.52102, 0.41299, 0.01207, 0.00853, 0.00207, 0.01968, 0.07696, 0.07524, 0.08734, 0.01311, 0.00369, 0.03408, 0.00178, 0.00416, 0.00075, 0.0549, 0.0139, 0.03248, 0.95451, 0.69063, 0.49194, 0.86975, 0.94759, 0.46174, 0.01841, 0.33186, 0.00103, 0.32197, 0.98532, 0.13372, 0.00976, 0.81598, 0.91626, 0.01348, 0.07193, 0.192, 0.60383, 0.96089, 0.88381, 0.27387, 0.00374, 0.01331, 0.15022, 0.8704, 0.98607, 0.00873, 0.57095, 0.50583, 0.02971, 0.95849, 0.96305, 0.00372, 0.00369, 0.05684, 0.01481, 0.00631, 0.53389, 0.00309, 0.00997, 0.00192, 0.92965, 0.00346, 0.96617, 0.00233, 0.02416, 0.00876, 0.48793, 0.04222, 0.51767, 0.08445, 0.29873, 0.02069, 0.9935, 0.70277, 0.02063, 0.66639, 0.31613, 0.03575, 0.84831, 0.24302, 0.04006, 0.00668, 0.3838, 0.6477, 0.00446, 0.25088, 0.03575, 0.07777, 0.03255, 0.22682, 0.92506, 0.53122, 0.32916, 0.52711, 0.5108, 0.00238, 0.70138, 0.92386, 0.90738, 0.39205, 0.58564, 0.98864, 0.00113, 0.00574, 0.04967, 0.00133, 0.99423, 0.00146, 0.36276, 0.66466, 0.06477, 0.00397, 0.00681, 0.01835, 0.93617, 0.92964, 0.03817, 0.3139, 0.00272, 0.97437, 0.48391, 0.95813, 0.9823, 0.35884, 0.8249, 0.16179, 0.03901, 0.12563, 0.07165, 0.02616, 0.41916, 0.02946, 0.03141, 0.41348, 0.77603, 0.00436, 0.73359], "labels": [0, 0, 0, 0, 0, 0, 0, 0, 0, 0, 0, 0, 0, 0, 1, 0, 0, 1, 0, 0, 0, 0, 0, 1, 1, 1, 1, 1, 1, 0, 1, 0, 1, 1, 1, 0, 1, 0, 0, 1, 0, 0, 1, 0, 0, 0, 0, 0, 0, 1, 0, 0, 0, 1, 0, 0, 0, 0, 1, 0, 0, 0, 0, 1, 0, 0, 0, 0, 1, 1, 1, 0, 0, 0, 0, 1, 0, 0, 0, 1, 0, 1, 1, 0, 0, 0, 1, 0, 1, 0, 0, 0, 0, 0, 0, 0, 0, 1, 0, 0, 0, 1, 0, 1, 0, 0, 1, 0, 0, 0, 0, 0, 0, 0, 0, 0, 0, 0, 1, 0, 0, 0, 1, 1, 0, 0, 0, 0, 0, 0, 0, 0, 0, 1, 1, 0, 0, 1, 0, 0, 0, 0, 1, 1, 1, 0, 0, 0, 1, 0, 0, 0, 0, 0, 0, 1, 0, 0, 0, 1, 1, 1, 0, 1, 0, 0, 0, 0, 0, 0, 0, 1, 0, 0, 1, 0, 0, 0, 0, 0, 0, 0, 0, 0, 1, 0, 0, 0, 0, 0, 0, 1, 0, 1, 0, 1, 1, 0, 0, 0, 0, 0, 0, 0, 1, 1, 0, 0, 1, 0, 1, 0, 1, 0, 0, 0, 1, 0, 0, 0, 1, 0, 0, 0, 1, 0, 0, 0, 0, 0, 0, 0, 0, 0, 0, 1, 1, 0, 0, 0, 0, 0, 0, 1, 1, 0, 0, 0, 0, 0, 0, 0, 0, 1, 0, 0, 0, 0, 1, 0, 1, 0, 0, 0, 0, 0, 0, 0, 0, 0, 0, 0, 0, 1, 0, 0, 0, 0, 1, 1, 0, 1, 1, 0, 0, 1, 0, 1, 0, 0, 1, 0, 0, 1, 0, 0, 0, 1, 0, 0, 0, 0, 0, 0, 0, 0, 0, 1, 0, 0, 0, 0, 0, 0, 1, 1, 0, 0, 0, 0, 1, 1, 0, 0, 1, 0, 1, 0, 1, 1, 0, 0, 0, 0, 0, 0, 0, 1, 0, 0, 0, 0, 0, 0, 0, 0, 1, 0, 0, 0, 0, 0, 1, 0, 0, 1, 0, 1, 0, 0, 1, 0, 0, 0, 0, 0, 1, 0, 0, 1, 1, 0, 0, 0, 0, 0, 0, 1, 1, 0, 1, 0, 0, 1, 1, 1, 0, 0, 1, 1, 0, 0, 0, 0, 0, 0, 0, 0, 0, 1, 1, 1, 0, 1, 0, 0, 0, 1, 0, 0, 0, 0, 0, 0, 0, 0, 0, 1, 0, 1, 0, 0, 1, 0, 0, 0, 1, 1, 1, 0, 0, 0, 0, 0, 0, 1, 1, 0, 1, 0, 0, 0, 0, 0, 1, 1, 0, 1, 0, 1, 0, 0, 0, 0, 0, 0, 0, 0, 0, 0, 0, 0, 0, 0, 0, 0, 0, 1, 0, 1, 0, 0, 1, 1, 1, 0, 0, 1, 0, 0, 1, 1, 0, 0, 1, 0, 1, 1, 0, 0, 0, 0, 1, 1, 0, 1, 0, 0, 1, 0, 0, 0, 0, 0, 0, 0, 0, 0, 0, 1, 0, 1, 0, 0, 0, 1, 0, 1, 0, 0, 0, 1, 0, 0, 0, 0, 0, 0, 0, 0, 0, 0, 0, 0, 1, 0, 0, 1, 1, 1, 0, 0, 0, 1, 0, 0, 0, 1, 0, 1, 1, 0, 0, 0, 0, 1, 0, 0, 0, 0, 0, 0, 0, 1, 1, 1, 1, 0, 0, 0, 1, 1, 0, 0, 0, 0, 0, 0, 0, 0, 0, 0, 0, 1, 0, 1], "n": {"train": 3400, "val": 600, "test": 586, "toxic_frac": 0.23911764705882352}}