{"model": "bert-base-multilingual-cased", "dataset": "dravidian_kannada", "train_config": "ce", "seed": 99, "thr_cal": 0.35225657075643546, "metrics_05": {"macro": 0.740983026874116, "toxf1": 0.6428571428571429, "prec": 0.5735294117647058, "rec": 0.73125, "prauc": 0.6976766344620531, "ece": 0.12334877717922166, "covert": 0.8390804597701149}, "metrics_cal": {"macro": 0.7186253662456271, "toxf1": 0.6259541984732825, "prec": 0.5278969957081545, "rec": 0.76875, "prauc": 0.6976766344620531, "ece": 0.12334877717922166, "covert": 0.8248587570621468}, "probs": [0.30612, 0.19991, 0.94572, 0.39457, 0.59614, 0.82978, 0.06256, 0.00286, 0.00687, 0.23333, 0.89896, 0.16618, 0.00159, 0.86691, 0.10516, 0.00396, 0.00447, 0.91036, 0.01628, 0.69303, 0.71744, 0.01876, 0.96737, 0.95912, 0.99883, 0.70813, 0.98627, 0.04329, 0.66553, 0.9709, 0.99883, 0.60996, 0.26844, 0.2669, 0.42938, 0.00696, 0.76413, 0.00569, 0.23705, 0.07815, 0.0908, 0.00567, 0.97893, 0.05797, 0.2052, 0.03651, 0.27379, 0.02538, 0.00633, 0.29395, 0.93509, 0.10739, 0.00912, 0.54795, 0.27323, 0.90428, 0.0066, 0.83677, 0.30918, 0.88771, 0.11723, 0.00162, 0.00892, 0.63029, 0.00453, 0.0041, 0.00326, 0.04963, 0.76269, 0.99722, 0.0357, 0.00456, 0.18739, 0.48668, 0.0297, 0.73118, 0.18956, 0.27824, 0.85781, 0.85196, 0.01678, 0.97289, 0.75926, 0.95131, 0.71563, 0.00273, 0.91581, 0.01075, 0.95635, 0.00534, 0.00608, 0.46282, 0.0145, 0.83378, 0.22368, 0.00957, 0.00522, 0.01909, 0.32933, 0.00294, 0.00707, 0.96385, 0.04707, 0.83753, 0.09116, 0.03916, 0.88183, 0.02725, 0.07645, 0.53455, 0.93502, 0.03664, 0.0056, 0.00535, 0.00939, 0.15649, 0.26844, 0.12023, 0.91817, 0.62139, 0.44591, 0.02512, 0.93299, 0.22583, 0.07234, 0.03396, 0.27379, 0.84717, 0.00507, 0.34591, 0.70032, 0.02574, 0.00145, 0.34622, 0.96863, 0.65621, 0.00678, 0.99563, 0.04984, 0.70727, 0.00917, 0.43362, 0.3928, 0.77232, 0.96949, 0.47735, 0.47343, 0.66792, 0.09552, 0.16137, 0.00378, 0.00882, 0.91793, 0.89163, 0.65555, 0.94183, 0.00436, 0.30404, 0.50287, 0.16281, 0.2877, 0.00123, 0.00999, 0.04716, 0.05361, 0.00325, 0.03715, 0.56103, 0.79257, 0.6385, 0.01959, 0.96208, 0.16565, 0.10254, 0.89448, 0.00241, 0.27379, 0.08523, 0.37407, 0.84972, 0.23139, 0.01137, 0.27379, 0.94868, 0.88942, 0.00895, 0.89179, 0.25755, 0.06413, 0.00146, 0.95667, 0.92861, 0.01598, 0.27379, 0.09073, 0.9977, 0.08405, 0.13828, 0.17546, 0.05164, 0.11672, 0.00085, 0.00082, 0.446, 0.50464, 0.43751, 0.90259, 0.01315, 0.99125, 0.00497, 0.88019, 0.66821, 0.95728, 0.00158, 0.00443, 0.00103, 0.89163, 0.00655, 0.00084, 0.0075, 0.00155, 0.01491, 0.00977, 0.92857, 0.8545, 0.14138, 0.00105, 0.46174, 0.0102, 0.00514, 0.0029, 0.0456, 0.01172, 0.19718, 0.0748, 0.85904, 0.99895, 0.05634, 0.0004, 0.00219, 0.11782, 0.27379, 0.69624, 0.99852, 0.99909, 0.00467, 0.00504, 0.07727, 0.74975, 0.08819, 0.70806, 0.44592, 0.71551, 0.54535, 0.04982, 0.0142, 0.05245, 0.37386, 0.10429, 0.01411, 0.84379, 0.09116, 0.86277, 0.16724, 0.06327, 0.00428, 0.27379, 0.00298, 0.01576, 0.00092, 0.00694, 0.05263, 0.8384, 0.50691, 0.00563, 0.03656, 0.81339, 0.00085, 0.94382, 0.96128, 0.07062, 0.76738, 0.97456, 0.21457, 0.19792, 0.29975, 0.2836, 0.88416, 0.00076, 0.07353, 0.97248, 0.00232, 0.00282, 0.29299, 0.17324, 0.27379, 0.61096, 0.44532, 0.17885, 0.0133, 0.01624, 0.11208, 0.00644, 0.9627, 0.00184, 0.07398, 0.53412, 0.27379, 0.00078, 0.00455, 0.25391, 0.12538, 0.00628, 0.77591, 0.97632, 0.00926, 0.00642, 0.0693, 0.5762, 0.21354, 0.98343, 0.02033, 0.00113, 0.01312, 0.96883, 0.02351, 0.65734, 0.00578, 0.57129, 0.97514, 0.00211, 0.19301, 0.01086, 0.01779, 0.02581, 0.00127, 0.01111, 0.64139, 0.04577, 0.16472, 0.19937, 0.16809, 0.85138, 0.00388, 0.23911, 0.05457, 0.99296, 0.60396, 0.27379, 0.3262, 0.03138, 0.11167, 0.70466, 0.79639, 0.10915, 0.85125, 0.86819, 0.99349, 0.00887, 0.00604, 0.30547, 0.00333, 0.00892, 0.62356, 0.0195, 0.00378, 0.84735, 0.10776, 0.00202, 0.50182, 0.99898, 0.05811, 0.0061, 0.27379, 0.02666, 0.00419, 0.0159, 0.74158, 0.98317, 0.01153, 0.84568, 0.22818, 0.01334, 0.95035, 0.44105, 0.20752, 0.00581, 0.00306, 0.83224, 0.9854, 0.74956, 0.00421, 0.09789, 0.19956, 0.13886, 0.00094, 0.47871, 0.34034, 0.00971, 0.85875, 0.07089, 0.7405, 0.37342, 0.99101, 0.00249, 0.09385, 0.00386, 0.999, 0.16623, 0.39511, 0.03668, 0.02971, 0.68141, 0.01281, 0.31498, 0.54421, 0.00739, 0.05513, 0.08209, 0.76162, 0.06497, 0.82359, 0.21033, 0.00237, 0.93477, 0.9113, 0.23959, 0.99075, 0.98269, 0.00129, 0.06475, 0.29946, 0.01013, 0.26619, 0.48636, 0.98894, 0.85219, 0.01297, 0.96853, 0.00601, 0.21028, 0.48929, 0.00238, 0.00227, 0.99882, 0.82018, 0.0043, 0.86815, 0.30541, 0.45749, 0.81272, 0.01532, 0.00087, 0.00225, 0.02691, 0.53198, 0.07261, 0.21347, 0.01528, 0.00375, 0.85469, 0.00271, 0.02847, 0.00084, 0.01784, 0.05233, 0.04684, 0.85125, 0.9676, 0.79542, 0.88492, 0.9882, 0.68874, 0.19318, 0.76982, 0.00277, 0.7018, 0.99807, 0.22621, 0.09183, 0.78648, 0.96741, 0.00644, 0.18308, 0.65182, 0.89559, 0.97548, 0.89695, 0.7549, 0.01333, 0.01856, 0.11753, 0.62373, 0.98396, 0.0099, 0.8856, 0.46069, 0.3265, 0.9756, 0.88411, 0.00308, 0.00262, 0.68661, 0.00725, 0.00215, 0.47536, 0.02797, 0.04379, 0.004, 0.93577, 0.0154, 0.99001, 0.00103, 0.0072, 0.00454, 0.84592, 0.38793, 0.61626, 0.07838, 0.44698, 0.011, 0.98463, 0.88386, 0.00289, 0.13685, 0.95247, 0.27379, 0.35597, 0.13506, 0.03809, 0.06682, 0.55263, 0.13476, 0.001, 0.18647, 0.27379, 0.85683, 0.26681, 0.08031, 0.85414, 0.51262, 0.52153, 0.80315, 0.73911, 0.00741, 0.85539, 0.89215, 0.73444, 0.34628, 0.75608, 0.95146, 0.00091, 0.00079, 0.60428, 0.00184, 0.97944, 0.00127, 0.48644, 0.06084, 0.00567, 0.20116, 0.00728, 0.006, 0.84464, 0.98622, 0.30247, 0.27259, 0.0081, 0.99801, 0.75488, 0.98078, 0.91485, 0.06529, 0.89137, 0.00205, 0.00733, 0.21434, 0.11294, 0.1116, 0.05355, 0.04695, 0.02474, 0.18432, 0.70052, 0.00332, 0.73476], "labels": [0, 0, 0, 0, 0, 0, 0, 0, 0, 0, 0, 0, 0, 0, 1, 0, 0, 1, 0, 0, 0, 0, 0, 1, 1, 1, 1, 1, 1, 0, 1, 0, 1, 1, 1, 0, 1, 0, 0, 1, 0, 0, 1, 0, 0, 0, 0, 0, 0, 1, 0, 0, 0, 1, 0, 0, 0, 0, 1, 0, 0, 0, 0, 1, 0, 0, 0, 0, 1, 1, 1, 0, 0, 0, 0, 1, 0, 0, 0, 1, 0, 1, 1, 0, 0, 0, 1, 0, 1, 0, 0, 0, 0, 0, 0, 0, 0, 1, 0, 0, 0, 1, 0, 1, 0, 0, 1, 0, 0, 0, 0, 0, 0, 0, 0, 0, 0, 0, 1, 0, 0, 0, 1, 1, 0, 0, 0, 0, 0, 0, 0, 0, 0, 1, 1, 0, 0, 1, 0, 0, 0, 0, 1, 1, 1, 0, 0, 0, 1, 0, 0, 0, 0, 0, 0, 1, 0, 0, 0, 1, 1, 1, 0, 1, 0, 0, 0, 0, 0, 0, 0, 1, 0, 0, 1, 0, 0, 0, 0, 0, 0, 0, 0, 0, 1, 0, 0, 0, 0, 0, 0, 1, 0, 1, 0, 1, 1, 0, 0, 0, 0, 0, 0, 0, 1, 1, 0, 0, 1, 0, 1, 0, 1, 0, 0, 0, 1, 0, 0, 0, 1, 0, 0, 0, 1, 0, 0, 0, 0, 0, 0, 0, 0, 0, 0, 1, 1, 0, 0, 0, 0, 0, 0, 1, 1, 0, 0, 0, 0, 0, 0, 0, 0, 1, 0, 0, 0, 0, 1, 0, 1, 0, 0, 0, 0, 0, 0, 0, 0, 0, 0, 0, 0, 1, 0, 0, 0, 0, 1, 1, 0, 1, 1, 0, 0, 1, 0, 1, 0, 0, 1, 0, 0, 1, 0, 0, 0, 1, 0, 0, 0, 0, 0, 0, 0, 0, 0, 1, 0, 0, 0, 0, 0, 0, 1, 1, 0, 0, 0, 0, 1, 1, 0, 0, 1, 0, 1, 0, 1, 1, 0, 0, 0, 0, 0, 0, 0, 1, 0, 0, 0, 0, 0, 0, 0, 0, 1, 0, 0, 0, 0, 0, 1, 0, 0, 1, 0, 1, 0, 0, 1, 0, 0, 0, 0, 0, 1, 0, 0, 1, 1, 0, 0, 0, 0, 0, 0, 1, 1, 0, 1, 0, 0, 1, 1, 1, 0, 0, 1, 1, 0, 0, 0, 0, 0, 0, 0, 0, 0, 1, 1, 1, 0, 1, 0, 0, 0, 1, 0, 0, 0, 0, 0, 0, 0, 0, 0, 1, 0, 1, 0, 0, 1, 0, 0, 0, 1, 1, 1, 0, 0, 0, 0, 0, 0, 1, 1, 0, 1, 0, 0, 0, 0, 0, 1, 1, 0, 1, 0, 1, 0, 0, 0, 0, 0, 0, 0, 0, 0, 0, 0, 0, 0, 0, 0, 0, 0, 1, 0, 1, 0, 0, 1, 1, 1, 0, 0, 1, 0, 0, 1, 1, 0, 0, 1, 0, 1, 1, 0, 0, 0, 0, 1, 1, 0, 1, 0, 0, 1, 0, 0, 0, 0, 0, 0, 0, 0, 0, 0, 1, 0, 1, 0, 0, 0, 1, 0, 1, 0, 0, 0, 1, 0, 0, 0, 0, 0, 0, 0, 0, 0, 0, 0, 0, 1, 0, 0, 1, 1, 1, 0, 0, 0, 1, 0, 0, 0, 1, 0, 1, 1, 0, 0, 0, 0, 1, 0, 0, 0, 0, 0, 0, 0, 1, 1, 1, 1, 0, 0, 0, 1, 1, 0, 0, 0, 0, 0, 0, 0, 0, 0, 0, 0, 1, 0, 1], "n": {"train": 3400, "val": 600, "test": 586, "toxic_frac": 0.23911764705882352}}