{"model": "bert-base-multilingual-cased", "dataset": "dravidian_kannada", "train_config": "hardneg", "seed": 42, "thr_cal": 0.2579376980662346, "metrics_05": {"macro": 0.7403855772940992, "toxf1": 0.6287425149700598, "prec": 0.603448275862069, "rec": 0.65625, "prauc": 0.6979321578993571, "ece": 0.08719099810785602, "covert": 0.8214285714285714}, "metrics_cal": {"macro": 0.7163526949241235, "toxf1": 0.6224489795918368, "prec": 0.5258620689655172, "rec": 0.7625, "prauc": 0.6979321578993571, "ece": 0.08719099810785602, "covert": 0.8295454545454546}, "probs": [0.03385, 0.29992, 0.57338, 0.10851, 0.24033, 0.55739, 0.1023, 0.03, 0.00996, 0.27612, 0.4741, 0.03816, 0.02606, 0.19923, 0.28466, 0.02733, 0.23271, 0.62846, 0.02594, 0.84869, 0.10625, 0.09672, 0.98502, 0.8235, 0.99876, 0.7833, 0.94836, 0.07499, 0.37916, 0.74804, 0.99887, 0.83604, 0.54498, 0.1628, 0.61445, 0.02729, 0.4205, 0.02031, 0.20387, 0.20528, 0.06158, 0.03822, 0.81556, 0.11885, 0.0637, 0.15705, 0.16696, 0.10678, 0.02235, 0.23761, 0.92557, 0.08528, 0.04504, 0.73559, 0.77504, 0.72003, 0.02707, 0.50585, 0.15516, 0.85832, 0.06713, 0.01005, 0.03408, 0.62391, 0.01757, 0.06428, 0.03767, 0.0531, 0.80195, 0.99672, 0.07519, 0.01595, 0.08761, 0.97278, 0.11433, 0.19749, 0.14655, 0.06678, 0.71893, 0.81735, 0.20301, 0.90361, 0.25963, 0.68754, 0.52581, 0.02658, 0.55244, 0.06806, 0.8505, 0.05295, 0.02391, 0.24541, 0.03052, 0.8124, 0.10406, 0.14899, 0.03343, 0.01016, 0.08889, 0.01584, 0.02523, 0.90954, 0.05245, 0.94234, 0.02554, 0.04854, 0.91104, 0.04455, 0.05824, 0.27436, 0.52987, 0.21253, 0.01052, 0.03895, 0.03473, 0.02797, 0.54498, 0.09475, 0.7159, 0.8887, 0.18048, 0.03213, 0.63617, 0.10646, 0.1856, 0.06494, 0.16696, 0.41282, 0.02031, 0.24236, 0.89763, 0.04021, 0.01065, 0.82716, 0.9608, 0.28745, 0.03062, 0.99675, 0.11769, 0.12925, 0.02437, 0.15481, 0.47524, 0.8819, 0.9598, 0.27125, 0.57022, 0.72665, 0.0515, 0.25967, 0.01529, 0.0187, 0.8926, 0.6742, 0.21343, 0.88377, 0.01702, 0.34102, 0.65286, 0.7143, 0.13739, 0.01121, 0.04614, 0.04571, 0.08003, 0.01891, 0.21281, 0.35569, 0.08356, 0.64106, 0.02755, 0.91873, 0.0458, 0.06945, 0.95193, 0.01787, 0.16696, 0.08702, 0.17515, 0.87187, 0.05114, 0.02901, 0.16696, 0.95667, 0.97727, 0.12214, 0.98716, 0.06287, 0.34254, 0.02384, 0.7656, 0.96962, 0.02726, 0.16696, 0.09004, 0.99621, 0.08712, 0.1566, 0.22219, 0.15633, 0.12261, 0.01033, 0.01717, 0.11026, 0.17545, 0.13632, 0.92004, 0.15548, 0.99695, 0.04157, 0.86996, 0.4196, 0.41991, 0.01409, 0.0269, 0.00919, 0.93386, 0.04378, 0.01155, 0.03796, 0.01244, 0.02755, 0.03772, 0.3593, 0.60226, 0.53824, 0.01075, 0.35756, 0.03022, 0.03819, 0.01465, 0.11011, 0.02447, 0.49185, 0.14154, 0.7084, 0.99846, 0.09817, 0.01263, 0.01647, 0.31653, 0.16696, 0.38441, 0.99045, 0.99856, 0.01666, 0.018, 0.17402, 0.51263, 0.46102, 0.36845, 0.10531, 0.43565, 0.10781, 0.06424, 0.02864, 0.06868, 0.16826, 0.12194, 0.01303, 0.85272, 0.02554, 0.7525, 0.15696, 0.08089, 0.03633, 0.16696, 0.03723, 0.05355, 0.01004, 0.02312, 0.02334, 0.55684, 0.2371, 0.01763, 0.04923, 0.68479, 0.01634, 0.99331, 0.97028, 0.11593, 0.93586, 0.97344, 0.2032, 0.31752, 0.75455, 0.27663, 0.94505, 0.01967, 0.08345, 0.98619, 0.01116, 0.0386, 0.24856, 0.07996, 0.16696, 0.72315, 0.64164, 0.23442, 0.03117, 0.0286, 0.04864, 0.01947, 0.98737, 0.0155, 0.03318, 0.2221, 0.16696, 0.01214, 0.04581, 0.05752, 0.07332, 0.05942, 0.31208, 0.98652, 0.11455, 0.01716, 0.05842, 0.29787, 0.07165, 0.35193, 0.08724, 0.0063, 0.0409, 0.96875, 0.03583, 0.72412, 0.03675, 0.43646, 0.99129, 0.01052, 0.25332, 0.0549, 0.03962, 0.0437, 0.01765, 0.07886, 0.32758, 0.0421, 0.17041, 0.09739, 0.03264, 0.92536, 0.03641, 0.87957, 0.07357, 0.9953, 0.89986, 0.16696, 0.39104, 0.03525, 0.12077, 0.88693, 0.84893, 0.19059, 0.23677, 0.94959, 0.56217, 0.02316, 0.05486, 0.42711, 0.0165, 0.05426, 0.34316, 0.08786, 0.02743, 0.97468, 0.08943, 0.01306, 0.34221, 0.99887, 0.1595, 0.11158, 0.16696, 0.02848, 0.03436, 0.04165, 0.80226, 0.97935, 0.02729, 0.83534, 0.15557, 0.09556, 0.93497, 0.88409, 0.24689, 0.02675, 0.02364, 0.20876, 0.94371, 0.06362, 0.02244, 0.05992, 0.27531, 0.19599, 0.00899, 0.40597, 0.09103, 0.01755, 0.75356, 0.0864, 0.44754, 0.83628, 0.96166, 0.0353, 0.09084, 0.02695, 0.99853, 0.44379, 0.08494, 0.06084, 0.04912, 0.50733, 0.0388, 0.19213, 0.4525, 0.02979, 0.1836, 0.04392, 0.39146, 0.11068, 0.87615, 0.17318, 0.01928, 0.95733, 0.63915, 0.82399, 0.94093, 0.99463, 0.02199, 0.10228, 0.50375, 0.02584, 0.14216, 0.41342, 0.9963, 0.95325, 0.01617, 0.95152, 0.01865, 0.04726, 0.86312, 0.03437, 0.02162, 0.99839, 0.94199, 0.02622, 0.92414, 0.47838, 0.65586, 0.91286, 0.08447, 0.01657, 0.01223, 0.20801, 0.15972, 0.15917, 0.23644, 0.01577, 0.02456, 0.10922, 0.02965, 0.09671, 0.01217, 0.17733, 0.01867, 0.09235, 0.86051, 0.42403, 0.86936, 0.96912, 0.95665, 0.84507, 0.04691, 0.7122, 0.01544, 0.89761, 0.97414, 0.14437, 0.01829, 0.94618, 0.9663, 0.04376, 0.1112, 0.58407, 0.25323, 0.98402, 0.58528, 0.80343, 0.0265, 0.04021, 0.15585, 0.90947, 0.99284, 0.02253, 0.7163, 0.5965, 0.12597, 0.909, 0.91926, 0.02935, 0.02387, 0.24483, 0.03057, 0.01844, 0.83136, 0.02811, 0.13304, 0.0231, 0.98166, 0.01626, 0.98772, 0.01893, 0.01948, 0.02653, 0.07995, 0.18881, 0.60423, 0.06351, 0.14593, 0.05375, 0.74912, 0.68108, 0.03215, 0.02998, 0.74613, 0.16696, 0.52228, 0.36046, 0.0221, 0.08048, 0.48089, 0.66223, 0.01955, 0.13699, 0.16696, 0.12096, 0.06017, 0.15989, 0.94736, 0.70897, 0.5229, 0.27463, 0.48853, 0.03581, 0.34112, 0.77678, 0.94755, 0.18581, 0.25582, 0.99166, 0.02031, 0.03976, 0.49546, 0.04366, 0.97297, 0.01125, 0.50419, 0.17873, 0.06206, 0.11406, 0.36341, 0.03698, 0.87431, 0.96508, 0.31093, 0.2065, 0.04405, 0.9962, 0.62297, 0.98945, 0.93513, 0.37781, 0.76812, 0.01826, 0.01899, 0.06541, 0.06614, 0.03657, 0.19439, 0.04624, 0.05158, 0.37589, 0.49627, 0.03103, 0.3401], "labels": [0, 0, 0, 0, 0, 0, 0, 0, 0, 0, 0, 0, 0, 0, 1, 0, 0, 1, 0, 0, 0, 0, 0, 1, 1, 1, 1, 1, 1, 0, 1, 0, 1, 1, 1, 0, 1, 0, 0, 1, 0, 0, 1, 0, 0, 0, 0, 0, 0, 1, 0, 0, 0, 1, 0, 0, 0, 0, 1, 0, 0, 0, 0, 1, 0, 0, 0, 0, 1, 1, 1, 0, 0, 0, 0, 1, 0, 0, 0, 1, 0, 1, 1, 0, 0, 0, 1, 0, 1, 0, 0, 0, 0, 0, 0, 0, 0, 1, 0, 0, 0, 1, 0, 1, 0, 0, 1, 0, 0, 0, 0, 0, 0, 0, 0, 0, 0, 0, 1, 0, 0, 0, 1, 1, 0, 0, 0, 0, 0, 0, 0, 0, 0, 1, 1, 0, 0, 1, 0, 0, 0, 0, 1, 1, 1, 0, 0, 0, 1, 0, 0, 0, 0, 0, 0, 1, 0, 0, 0, 1, 1, 1, 0, 1, 0, 0, 0, 0, 0, 0, 0, 1, 0, 0, 1, 0, 0, 0, 0, 0, 0, 0, 0, 0, 1, 0, 0, 0, 0, 0, 0, 1, 0, 1, 0, 1, 1, 0, 0, 0, 0, 0, 0, 0, 1, 1, 0, 0, 1, 0, 1, 0, 1, 0, 0, 0, 1, 0, 0, 0, 1, 0, 0, 0, 1, 0, 0, 0, 0, 0, 0, 0, 0, 0, 0, 1, 1, 0, 0, 0, 0, 0, 0, 1, 1, 0, 0, 0, 0, 0, 0, 0, 0, 1, 0, 0, 0, 0, 1, 0, 1, 0, 0, 0, 0, 0, 0, 0, 0, 0, 0, 0, 0, 1, 0, 0, 0, 0, 1, 1, 0, 1, 1, 0, 0, 1, 0, 1, 0, 0, 1, 0, 0, 1, 0, 0, 0, 1, 0, 0, 0, 0, 0, 0, 0, 0, 0, 1, 0, 0, 0, 0, 0, 0, 1, 1, 0, 0, 0, 0, 1, 1, 0, 0, 1, 0, 1, 0, 1, 1, 0, 0, 0, 0, 0, 0, 0, 1, 0, 0, 0, 0, 0, 0, 0, 0, 1, 0, 0, 0, 0, 0, 1, 0, 0, 1, 0, 1, 0, 0, 1, 0, 0, 0, 0, 0, 1, 0, 0, 1, 1, 0, 0, 0, 0, 0, 0, 1, 1, 0, 1, 0, 0, 1, 1, 1, 0, 0, 1, 1, 0, 0, 0, 0, 0, 0, 0, 0, 0, 1, 1, 1, 0, 1, 0, 0, 0, 1, 0, 0, 0, 0, 0, 0, 0, 0, 0, 1, 0, 1, 0, 0, 1, 0, 0, 0, 1, 1, 1, 0, 0, 0, 0, 0, 0, 1, 1, 0, 1, 0, 0, 0, 0, 0, 1, 1, 0, 1, 0, 1, 0, 0, 0, 0, 0, 0, 0, 0, 0, 0, 0, 0, 0, 0, 0, 0, 0, 1, 0, 1, 0, 0, 1, 1, 1, 0, 0, 1, 0, 0, 1, 1, 0, 0, 1, 0, 1, 1, 0, 0, 0, 0, 1, 1, 0, 1, 0, 0, 1, 0, 0, 0, 0, 0, 0, 0, 0, 0, 0, 1, 0, 1, 0, 0, 0, 1, 0, 1, 0, 0, 0, 1, 0, 0, 0, 0, 0, 0, 0, 0, 0, 0, 0, 0, 1, 0, 0, 1, 1, 1, 0, 0, 0, 1, 0, 0, 0, 1, 0, 1, 1, 0, 0, 0, 0, 1, 0, 0, 0, 0, 0, 0, 0, 1, 1, 1, 1, 0, 0, 0, 1, 1, 0, 0, 0, 0, 0, 0, 0, 0, 0, 0, 0, 1, 0, 1], "n": {"train": 3400, "val": 600, "test": 586, "toxic_frac": 0.23911764705882352}}