{"model": "bert-base-multilingual-cased", "dataset": "dravidian_tamil", "train_config": "ce", "seed": 2024, "thr_cal": 0.3471367314457894, "metrics_05": {"macro": 0.7188667556873285, "toxf1": 0.5814863102998696, "prec": 0.5322195704057279, "rec": 0.6408045977011494, "prauc": 0.5848813646394385, "ece": 0.11363445121670762, "covert": 0.7093333333333334}, "metrics_cal": {"macro": 0.7016549951477955, "toxf1": 0.5727699530516432, "prec": 0.48412698412698413, "rec": 0.7011494252873564, "prauc": 0.5848813646394385, "ece": 0.11363445121670762, "covert": 0.7012345679012346}, "probs": [0.00951, 0.00131, 0.03912, 0.00398, 0.85048, 0.31329, 0.00952, 0.00245, 0.00832, 0.01292, 0.01461, 0.02353, 0.00358, 0.00333, 0.55986, 0.01893, 0.71483, 0.70043, 0.00177, 0.88313, 0.08424, 0.03329, 0.03259, 0.22379, 0.01025, 0.03628, 0.96933, 0.00757, 0.05989, 0.01983, 0.02181, 0.01689, 0.00456, 0.03994, 0.03589, 0.96836, 0.07514, 0.10747, 0.00262, 0.21856, 0.31385, 0.02501, 0.40938, 0.1979, 0.03386, 0.90349, 0.00856, 0.03862, 0.05621, 0.01861, 0.00694, 0.00703, 0.015, 0.01, 0.10157, 0.30174, 0.04875, 0.43322, 0.56724, 0.08353, 0.01765, 0.00164, 0.53822, 0.02946, 0.07808, 0.04453, 0.02616, 0.86485, 0.82821, 0.47056, 0.83798, 0.08856, 0.00689, 0.00276, 0.31013, 0.40427, 0.20248, 0.8961, 0.00826, 0.15817, 0.17742, 0.88492, 0.09605, 0.00093, 0.14386, 0.02116, 0.07745, 0.00694, 0.00364, 0.76621, 0.01062, 0.89355, 0.00478, 0.19329, 0.02046, 0.23198, 0.17188, 0.02559, 0.73519, 0.0124, 0.58499, 0.01264, 0.02187, 0.01276, 0.84133, 0.89992, 0.24814, 0.00561, 0.00197, 0.47387, 0.10169, 0.21853, 0.98623, 0.62542, 0.54062, 0.0088, 0.00734, 0.02702, 0.0785, 0.0037, 0.07815, 0.00268, 0.03652, 0.05396, 0.1115, 0.01085, 0.26119, 0.71122, 0.00356, 0.05051, 0.06491, 0.17296, 0.10042, 0.03324, 0.88037, 0.58352, 0.22661, 0.11976, 0.02098, 0.92399, 0.68829, 0.00472, 0.67827, 0.87129, 0.12236, 0.17044, 0.00211, 0.1638, 0.52577, 0.54975, 0.81005, 0.01929, 0.80752, 0.01911, 0.20709, 0.0561, 0.00501, 0.39664, 0.0044, 0.50775, 0.03051, 0.80342, 0.03749, 0.95433, 0.0017, 0.00407, 0.43221, 0.79836, 0.73694, 0.65799, 0.91328, 0.87716, 0.09606, 0.33775, 0.08267, 0.01336, 0.07953, 0.00565, 0.00406, 0.90132, 0.07051, 0.55874, 0.03943, 0.75267, 0.01339, 0.00777, 0.23222, 0.0041, 0.00384, 0.03165, 0.00456, 0.02015, 0.25402, 0.00872, 0.00182, 0.53946, 0.01744, 0.85505, 0.05962, 0.00226, 0.40776, 0.97203, 0.46521, 0.00771, 0.23018, 0.11283, 0.39053, 0.00608, 0.00769, 0.22242, 0.8502, 0.0215, 0.72112, 0.00506, 0.00686, 0.08191, 0.01596, 0.03016, 0.62304, 0.0016, 0.01846, 0.00625, 0.03668, 0.9808, 0.85447, 0.89706, 0.90165, 0.06967, 0.00427, 0.01183, 0.0164, 0.0224, 0.03414, 0.96878, 0.00544, 0.07013, 0.77291, 0.00055, 0.74318, 0.10065, 0.95256, 0.17674, 0.0092, 0.55332, 0.38497, 0.20609, 0.01038, 0.62912, 0.09332, 0.13966, 0.0069, 0.00723, 0.00563, 0.00456, 0.58021, 0.05585, 0.00812, 0.22218, 0.0251, 0.00838, 0.20022, 0.94534, 0.18562, 0.00868, 0.16598, 0.00845, 0.10682, 0.44946, 0.67916, 0.16061, 0.55882, 0.89988, 0.88981, 0.00274, 0.00816, 0.01185, 0.72835, 0.71502, 0.01449, 0.21638, 0.09137, 0.0346, 0.00878, 0.01233, 0.01284, 0.00186, 0.02622, 0.07699, 0.1247, 0.03186, 0.01367, 0.00092, 0.01691, 0.74228, 0.27049, 0.13073, 0.05113, 0.17411, 0.91604, 0.16949, 0.00121, 0.00628, 0.06651, 0.84681, 0.79819, 0.13586, 0.2159, 0.13814, 0.0498, 0.00535, 0.39832, 0.84614, 0.07123, 0.15791, 0.13786, 0.6048, 0.67135, 0.12065, 0.10654, 0.27758, 0.00169, 0.93885, 0.8041, 0.49855, 0.00682, 0.72263, 0.58178, 0.03845, 0.33698, 0.00225, 0.06871, 0.76373, 0.14422, 0.01217, 0.06377, 0.00329, 0.0237, 0.53513, 0.13192, 0.2356, 0.00205, 0.00359, 0.02628, 0.85316, 0.03871, 0.00984, 0.16012, 0.01711, 0.06953, 0.00765, 0.22721, 0.1372, 0.4442, 0.85752, 0.20521, 0.25126, 0.0376, 0.0413, 0.00805, 0.16378, 0.52518, 0.08397, 0.0266, 0.10276, 0.63944, 0.41195, 0.0084, 0.85703, 0.00118, 0.9791, 0.02445, 0.8568, 0.57857, 0.16915, 0.06919, 0.39135, 0.00415, 0.77799, 0.9278, 0.05239, 0.1999, 0.00475, 0.06876, 0.38483, 0.85735, 0.79102, 0.17464, 0.78532, 0.0061, 0.18914, 0.61914, 0.16505, 0.00922, 0.01719, 0.09468, 0.82281, 0.44546, 0.38262, 0.00545, 0.00434, 0.67643, 0.10759, 0.0057, 0.01016, 0.00346, 0.01245, 0.05737, 0.71497, 0.03322, 0.94779, 0.96676, 0.0051, 0.17204, 0.73965, 0.25415, 0.68279, 0.50926, 0.02847, 0.60458, 0.71027, 0.69698, 0.13178, 0.03046, 0.12673, 0.55225, 0.01074, 0.42096, 0.07818, 0.73791, 0.60814, 0.00331, 0.81014, 0.24961, 0.72214, 0.488, 0.00382, 0.01312, 0.87003, 0.06813, 0.01812, 0.96302, 0.07438, 0.88695, 0.50075, 0.20339, 0.04828, 0.94981, 0.00231, 0.80882, 0.16091, 0.17963, 0.81795, 0.0268, 0.02729, 0.04972, 0.56954, 0.17565, 0.1487, 0.02036, 0.01539, 0.01036, 0.00203, 0.64065, 0.00224, 0.00836, 0.6504, 0.01669, 0.02298, 0.71379, 0.13564, 0.00288, 0.25996, 0.8516, 0.0146, 0.64902, 0.415, 0.01561, 0.8838, 0.50494, 0.55956, 0.80692, 0.01575, 0.04111, 0.84599, 0.03701, 0.98492, 0.98932, 0.01017, 0.00156, 0.03968, 0.04138, 0.9716, 0.02305, 0.04386, 0.90771, 0.22886, 0.85549, 0.0028, 0.86361, 0.44795, 0.74726, 0.14278, 0.0038, 0.49996, 0.37303, 0.00972, 0.0062, 0.06905, 0.93818, 0.00938, 0.0014, 0.36399, 0.00415, 0.24352, 0.0938, 0.54529, 0.20995, 0.15489, 0.33874, 0.24799, 0.87852, 0.03982, 0.01128, 0.66891, 0.55536, 0.01172, 0.071, 0.00315, 0.18582, 0.76872, 0.15099, 0.0159, 0.93438, 0.08645, 0.13141, 0.01146, 0.01492, 0.00164, 0.00348, 0.0856, 0.27731, 0.14926, 0.01582, 0.00345, 0.08707, 0.91267, 0.08824, 0.80752, 0.00998, 0.00933, 0.00277, 0.00692, 0.28542, 0.02937, 0.03383, 0.03436, 0.69408, 0.86562, 0.96033, 0.82293, 0.11248, 0.42436, 0.63554, 0.19923, 0.30442, 0.21067, 0.88053, 0.30595, 0.00198, 0.97474, 0.04063, 0.86009, 0.05812, 0.0042, 0.03153, 0.0307, 0.17508, 0.13401, 0.0527, 0.01119, 0.28827, 0.33605, 0.00602, 0.24525, 0.03738, 0.34665, 0.72959, 0.0064, 0.92168, 0.98368, 0.00694, 0.91498, 0.14703, 0.68414, 0.05985, 0.02975, 0.02148, 0.00547, 0.00748, 0.10325, 0.02798, 0.85751, 0.60914, 0.00919, 0.14835, 0.22513, 0.03487, 0.06595, 0.88176, 0.79618, 0.09246, 0.57519, 0.01307, 0.92655, 0.47289, 0.3588, 0.02821, 0.14642, 0.033, 0.88382, 0.03861, 0.03275, 0.96996, 0.06352, 0.50379, 0.76345, 0.00469, 0.00226, 0.74626, 0.02883, 0.36048, 0.54466, 0.0052, 0.23148, 0.01998, 0.25163, 0.85184, 0.00946, 0.8969, 0.07987, 0.013, 0.06099, 0.69784, 0.21042, 0.14507, 0.01461, 0.13349, 0.48343, 0.37908, 0.96488, 0.04309, 0.30145, 0.85229, 0.05553, 0.10672, 0.01998, 0.00102, 0.69094, 0.89929, 0.69825, 0.85534, 0.14771, 0.0329, 0.00148, 0.85667, 0.02013, 0.02776, 0.01506, 0.40308, 0.09107, 0.89987, 0.00275, 0.62381, 0.15799, 0.00377, 0.1121, 0.00257, 0.7295, 0.00713, 0.97808, 0.01204, 0.66322, 0.64298, 0.00427, 0.41985, 0.00267, 0.26531, 0.90534, 0.08164, 0.62162, 0.01323, 0.14196, 0.00607, 0.06203, 0.49341, 0.01958, 0.00455, 0.04349, 0.0082, 0.67262, 0.08645, 0.07812, 0.35441, 0.95366, 0.31107, 0.00863, 0.09227, 0.05, 0.00522, 0.00419, 0.00798, 0.00411, 0.01236, 0.00219, 0.71361, 0.47109, 0.65549, 0.00967, 0.94695, 0.01511, 0.95053, 0.2267, 0.08864, 0.1224, 0.00617, 0.00691, 0.21103, 0.71249, 0.02022, 0.30411, 0.00115, 0.31874, 0.91135, 0.35023, 0.64815, 0.01336, 0.01665, 0.00328, 0.36094, 0.00247, 0.00429, 0.02162, 0.9715, 0.87247, 0.24653, 0.21568, 0.00893, 0.01016, 0.78017, 0.64502, 0.02979, 0.00438, 0.75042, 0.6821, 0.03277, 0.00548, 0.80134, 0.08688, 0.04452, 0.16999, 0.13909, 0.92026, 0.00507, 0.01457, 0.08999, 0.02098, 0.85992, 0.25728, 0.82824, 0.02852, 0.44209, 0.00375, 0.15672, 0.08556, 0.38893, 0.17077, 0.00425, 0.87576, 0.076, 0.00978, 0.89202, 0.92458, 0.88569, 0.12144, 0.1083, 0.10257, 0.93293, 0.04053, 0.4757, 0.23483, 0.04075, 0.6624, 0.80826, 0.00525, 0.02548, 0.86809, 0.67166, 0.02279, 0.02993, 0.35534, 0.00899, 0.40759, 0.00593, 0.79762, 0.04328, 0.4751, 0.00823, 0.92688, 0.13555, 0.567, 0.0212, 0.39715, 0.47518, 0.05758, 0.01333, 0.40931, 0.03522, 0.05055, 0.03812, 0.7432, 0.92997, 0.96094, 0.07988, 0.03576, 0.89326, 0.65872, 0.03313, 0.04787, 0.84511, 0.23245, 0.02319, 0.16908, 0.65171, 0.02701, 0.90097, 