{"model": "bert-base-multilingual-cased", "dataset": "hatexplain", "train_config": "supcon", "seed": 2024, "thr_cal": 0.13202634453773496, "metrics_05": {"macro": 0.7357346128332305, "toxf1": 0.7635705669481303, "prec": 0.8496644295302014, "rec": 0.6933187294633077, "prauc": 0.8756241157582085, "ece": 0.14033563539137445, "covert": 0.868122270742358}, "metrics_cal": {"macro": 0.7143083530725509, "toxf1": 0.8032536858159633, "prec": 0.7495256166982922, "rec": 0.8652792990142387, "prauc": 0.8756241157582085, "ece": 0.14033563539137445, "covert": 0.8967173738991193}, "probs": [0.1204, 0.17125, 0.04779, 0.08306, 0.04149, 0.85773, 0.98966, 0.01799, 0.23395, 0.02052, 0.69312, 0.03392, 0.12711, 0.11436, 0.93714, 0.01795, 0.08335, 0.02573, 0.96806, 0.33087, 0.03222, 0.93985, 0.02985, 0.15631, 0.86396, 0.78388, 0.97102, 0.39421, 0.16096, 0.05035, 0.97531, 0.42278, 0.42142, 0.96706, 0.98157, 0.01536, 0.83001, 0.44764, 0.9831, 0.02129, 0.97309, 0.36607, 0.37659, 0.02747, 0.13946, 0.88639, 0.02764, 0.33725, 0.87259, 0.15362, 0.08454, 0.85572, 0.85298, 0.11036, 0.03606, 0.95783, 0.23027, 0.39754, 0.69948, 0.435, 0.03733, 0.75029, 0.98124, 0.68386, 0.98936, 0.06819, 0.35977, 0.36658, 0.6998, 0.9542, 0.02741, 0.98727, 0.5193, 0.85237, 0.09038, 0.27304, 0.92913, 0.83871, 0.47162, 0.88191, 0.96315, 0.06827, 0.86252, 0.11271, 0.04366, 0.68172, 0.99165, 0.02928, 0.94046, 0.87566, 0.05698, 0.9946, 0.11988, 0.87415, 0.14975, 0.05033, 0.20899, 0.2862, 0.11205, 0.96422, 0.01079, 0.89377, 0.95217, 0.75429, 0.02442, 0.40914, 0.96744, 0.69058, 0.93519, 0.2348, 0.01594, 0.30552, 0.06427, 0.05997, 0.70655, 0.68307, 0.79822, 0.81137, 0.94819, 0.27366, 0.62319, 0.0637, 0.03541, 0.98295, 0.23605, 0.09662, 0.13976, 0.07085, 0.12406, 0.9763, 0.03941, 0.84261, 0.02792, 0.22229, 0.8552, 0.22997, 0.28039, 0.67238, 0.94204, 0.22644, 0.16887, 0.98196, 0.70548, 0.97293, 0.15591, 0.3665, 0.97569, 0.07661, 0.73668, 0.91863, 0.50537, 0.57095, 0.94906, 0.33237, 0.98217, 0.94105, 0.98569, 0.83806, 0.01947, 0.68913, 0.02698, 0.55932, 0.6408, 0.38407, 0.94007, 0.20134, 0.88678, 0.08894, 0.98898, 0.74729, 0.08955, 0.04619, 0.14907, 0.9327, 0.82405, 0.10759, 0.78533, 0.58301, 0.77732, 0.04738, 0.99538, 0.14484, 0.17306, 0.54588, 0.73405, 0.30006, 0.97115, 0.42141, 0.30728, 0.93786, 0.09905, 0.77539, 0.54202, 0.99257, 0.83889, 0.96473, 0.40433, 0.79313, 0.9296, 0.13653, 0.72396, 0.06288, 0.2374, 0.03696, 0.30063, 0.101, 0.31838, 0.2168, 0.04604, 0.12079, 0.03558, 0.02207, 0.83376, 0.9799, 0.59405, 0.27246, 0.00607, 0.01117, 0.89869, 0.66763, 0.08973, 0.02096, 0.64566, 0.97501, 0.01463, 0.96417, 0.91121, 0.53264, 0.20442, 0.95674, 0.9887, 0.63707, 0.45571, 0.91929, 0.98014, 0.26865, 0.98347, 0.63954, 0.91685, 0.9113, 0.02388, 0.86348, 0.05343, 0.75135, 0.56763, 0.94091, 0.1753, 0.01088, 0.04674, 0.23566, 0.95449, 0.98943, 0.29681, 0.91973, 0.05167, 0.96934, 0.81259, 0.06944, 0.04491, 0.89337, 0.01798, 0.9703, 0.2196, 0.88662, 0.98195, 0.14477, 0.89845, 0.01192, 0.01133, 0.03406, 0.82341, 0.86331, 0.07034, 0.36332, 0.02835, 0.10297, 0.9447, 0.98518, 0.96995, 0.11906, 0.98697, 0.84019, 0.83819, 0.95741, 0.95125, 0.15204, 0.20653, 0.62026, 0.00936, 0.05634, 0.02381, 0.04716, 0.02983, 0.1647, 0.99214, 0.35495, 0.67913, 0.04781, 0.93642, 0.02041, 0.73811, 0.0874, 0.85475, 0.98362, 0.74462, 0.04421, 0.94248, 0.98347, 0.0106, 0.04497, 0.75922, 0.62786, 0.88038, 0.25995, 0.65185, 0.42182, 0.75457, 0.02479, 0.95648, 0.98715, 0.23052, 0.03118, 0.19649, 0.81874, 0.1536, 0.9894, 0.17625, 0.1273, 0.96324, 0.98336, 0.79836, 0.91061, 0.1937, 0.79908, 0.98427, 0.06775, 0.26555, 0.74493, 0.48118, 0.03093, 0.8084, 0.99326, 0.12422, 0.64161, 0.0162, 0.76641, 0.00719, 0.05602, 0.20917, 0.93142, 0.30258, 0.95503, 0.06969, 0.30137, 0.79203, 0.99401, 0.00593, 0.16209, 0.35646, 0.91703, 0.02693, 0.86282, 0.99011, 0.00207, 0.90445, 0.46463, 0.98828, 0.96853, 0.89481, 0.88098, 0.00965, 0.89979, 0.70656, 0.96381, 0.38996, 0.39568, 0.1293, 0.96777, 0.82629, 0.98235, 0.99069, 0.99294, 0.07151, 0.98512, 0.75769, 0.01706, 0.09865, 0.02256, 0.10969, 0.77644, 0.89642, 0.28951, 0.30951, 0.16331, 0.9474, 0.93137, 0.18819, 0.88253, 0.31272, 0.03736, 0.47487, 0.19619, 0.63802, 0.17463, 0.25362, 0.16857, 0.59059, 0.76676, 0.10135, 0.00438, 0.68268, 0.12068, 0.15751, 0.0246, 0.06502, 0.79023, 0.02177, 0.86156, 0.96822, 0.03451, 0.82157, 0.21751, 0.73445, 0.38278, 0.11298, 0.14448, 0.04784, 0.91955, 0.72634, 0.06443, 0.02212, 0.01284, 0.15035, 0.21473, 0.97384, 0.86433, 0.95845, 0.52727, 0.97521, 0.16511, 0.95025, 0.16272, 0.57543, 0.6796, 0.13809, 0.99308, 0.53939, 0.13868, 0.07838, 0.97583, 0.09046, 0.33218, 0.02922, 0.16032, 0.85189, 0.06125, 0.11034, 0.15825, 0.97597, 0.25641, 0.02784, 0.9549, 0.89107, 0.50122, 0.26851, 0.29514, 0.77565, 0.52785, 0.92954, 0.01379, 0.01438, 0.19335, 0.39468, 0.01442, 0.82551, 0.51274, 0.13598, 0.68825, 0.96438, 0.64549, 0.74971, 0.92845, 0.0181, 0.96053, 0.02338, 0.44605, 0.05658, 0.16186, 0.1522, 0.98541, 0.96714, 0.92251, 0.98441, 0.22418, 0.08234, 0.00625, 0.21198, 0.2443, 0.77264, 0.86046, 0.97543, 0.15064, 0.11718, 0.00757, 0.97105, 0.98926, 0.97015, 0.10307, 0.16105, 0.94093, 0.10475, 0.54792, 0.97097, 0.0165, 0.02646, 0.31434, 0.87226, 0.07423, 0.05078, 0.50685, 0.03156, 0.25045, 0.98043, 0.43369, 0.80424, 0.91511, 0.99246, 0.00796, 0.85481, 0.74029, 0.95678, 0.60857, 0.01046, 0.0484, 0.2076, 0.12394, 0.1546, 0.01981, 0.1314, 0.97119, 0.02136, 0.35357, 0.99018, 0.6705, 0.02956, 0.3461, 0.70119, 0.89123, 0.31956, 0.55233, 0.66925, 0.88522, 0.99166, 0.85414, 0.05013, 0.9533, 0.86119, 0.04182, 0.77993, 0.1026, 0.00448, 0.4181, 0.25054, 0.80618, 0.93543, 0.0217, 0.97454, 0.01871, 0.9685, 0.6928, 0.98601, 0.99102, 0.46065, 0.93897, 0.50493, 0.90812, 0.96317, 0.73808, 0.48715, 0.98715, 0.05333, 0.67945, 0.95214, 0.92453, 0.96904, 0.79539, 0.02247, 0.19458, 0.99183, 0.00707, 0.91261, 0.01333, 0.19653, 0.14213, 0.07043, 0.97868, 0.67421, 0.01962, 0.4484, 0.81614, 0.98387, 0.03213, 0.34904, 0.42251, 0.94463, 0.92924, 0.08462, 0.68716, 0.06068, 0.25735, 0.01561, 0.91759, 0.56557, 0.0431, 0.04285, 0.85482, 0.95277, 0.45643, 0.969, 0.9576, 0.98022, 0.86287, 0.02767, 0.98914, 0.3456, 0.04316, 0.69959, 0.9923, 0.82515, 0.63557, 0.85831, 0.07213, 0.0384, 0.57932, 0.65688, 0.99241, 0.9588, 0.37567, 0.03869, 0.04616, 0.00426, 0.07119, 0.86275, 0.92535, 0.22847, 0.99159, 0.03567, 0.0224, 0.03103, 0.9145, 0.98089, 0.93573, 0.53686, 0.95696, 0.12409, 0.43786, 0.89935, 0.06464, 0.11444, 0.93416, 0.53556, 0.33619, 0.04039, 0.73026, 0.08787, 0.09037, 0.25668, 0.05158, 0.06263, 0.61715, 0.02978, 0.73094, 0.66928, 0.982, 0.22994, 0.20148, 0.12585, 0.12621, 0.85844, 0.97824, 0.95479, 0.98399, 0.94331, 0.89991, 0.07789, 0.00742, 0.43448, 0.91762, 0.20681, 0.95914, 0.83203, 0.21157, 0.70916, 0.05101, 0.83573, 0.99094, 0.96534, 0.09546, 0.04071, 0.11501, 0.9758, 0.84695, 0.66969, 0.70215, 0.88724, 0.60385, 0.03935, 0.05287, 0.24265, 0.98768, 0.02916, 0.03533, 0.48129, 0.1038, 0.01315, 0.83063, 0.83842, 0.12657, 0.40387, 0.00613, 0.60544, 0.89665, 0.97718, 0.23324, 0.021, 0.96316, 0.10826, 0.03878, 0.69743, 0.98658, 0.86941, 0.59215, 0.8687, 0.82699, 0.89946, 0.97396, 0.00683, 0.05631, 0.15043, 0.38586, 0.98572, 0.11093, 0.60325, 0.07397, 0.04238, 0.08517, 0.88381, 0.05456, 0.97208, 0.06137, 0.03019, 0.81394, 0.05514, 0.1106, 0.98469, 0.98519, 0.07181, 0.18688, 0.64578, 0.08116, 0.11847, 0.02637, 0.04478, 0.19652, 0.04163, 0.02361, 0.02206, 0.30248, 0.42383, 0.16017, 0.56902, 0.0967, 0.08048, 0.74454, 0.98864, 0.03099, 0.92776, 0.97353, 0.06185, 0.10428, 0.97714, 0.99172, 0.70383, 0.8231, 0.94234, 0.98791, 0.46885, 0.88655, 0.05058, 0.94398, 0.22961, 0.07962, 0.86459, 0.90384, 0.0427, 0.07264, 0.0985, 0.11887, 0.04802, 0.63732, 0.96477, 0.96967, 0.9872, 0.99126, 0.13355, 0.31318, 0.98936, 0.29661, 0.19402, 0.96765, 0.10951, 0.21311, 0.93151, 0.01019, 0.2208, 0.92271, 0.04545, 0.04199, 0.11625, 0.04739, 0.91104, 0.02632, 0.96585, 0.78362, 0.07925, 0.96529, 0.93866, 0.01646, 0.6854, 0.39006, 0.936, 0.2216, 0.18968, 0.42605, 