{"model": "bert-base-multilingual-cased", "dataset": "hatexplain", "train_config": "hardneg", "seed": 42, "thr_cal": 0.3017203286290169, "metrics_05": {"macro": 0.714549804262723, "toxf1": 0.7975206611570248, "prec": 0.7546432062561095, "rec": 0.8455640744797371, "prauc": 0.8828372437970085, "ece": 0.1529043110311031, "covert": 0.8995983935742972}, "metrics_cal": {"macro": 0.6965427164928146, "toxf1": 0.8031573754316724, "prec": 0.7307001795332136, "rec": 0.891566265060241, "prauc": 0.8828372437970085, "ece": 0.1529043110311031, "covert": 0.9025157232704403}, "probs": [0.22738, 0.75622, 0.28038, 0.74441, 0.74597, 0.96223, 0.99629, 0.03927, 0.58374, 0.01292, 0.19198, 0.02231, 0.06215, 0.24213, 0.65675, 0.04763, 0.06343, 0.03223, 0.9977, 0.06821, 0.05746, 0.98725, 0.05064, 0.88669, 0.95784, 0.94579, 0.99449, 0.94519, 0.06833, 0.64743, 0.99501, 0.81517, 0.60019, 0.98019, 0.99577, 0.00782, 0.94887, 0.96902, 0.99405, 0.00779, 0.99198, 0.72058, 0.94348, 0.11135, 0.69911, 0.95619, 0.04372, 0.94544, 0.97812, 0.87785, 0.0161, 0.98214, 0.99492, 0.13013, 0.5974, 0.99654, 0.92622, 0.6339, 0.98438, 0.97259, 0.01572, 0.99267, 0.99609, 0.87828, 0.99355, 0.66756, 0.98884, 0.66936, 0.89264, 0.98487, 0.05542, 0.9951, 0.98354, 0.99282, 0.24536, 0.91415, 0.99223, 0.96741, 0.76316, 0.98173, 0.99606, 0.74944, 0.93997, 0.32625, 0.45474, 0.96986, 0.99693, 0.08411, 0.94244, 0.98484, 0.09867, 0.99682, 0.70001, 0.80107, 0.97186, 0.07611, 0.1105, 0.35595, 0.39357, 0.99505, 0.01281, 0.98883, 0.99532, 0.78685, 0.0327, 0.90281, 0.97791, 0.93557, 0.99631, 0.51016, 0.02117, 0.16765, 0.31742, 0.19536, 0.92727, 0.98595, 0.93224, 0.41319, 0.98895, 0.973, 0.99502, 0.35556, 0.11423, 0.99712, 0.31582, 0.10709, 0.15941, 0.57438, 0.02238, 0.99308, 0.38655, 0.98889, 0.06828, 0.97793, 0.75841, 0.81935, 0.25981, 0.9957, 0.99611, 0.115, 0.33481, 0.99516, 0.98423, 0.99713, 0.88743, 0.63105, 0.99544, 0.05842, 0.98517, 0.95493, 0.91886, 0.76744, 0.99514, 0.11277, 0.99445, 0.99204, 0.99568, 0.97559, 0.04806, 0.70572, 0.69666, 0.99081, 0.91039, 0.97423, 0.98891, 0.51855, 0.96603, 0.55716, 0.99531, 0.98813, 0.13643, 0.18879, 0.21928, 0.96302, 0.93531, 0.31351, 0.87734, 0.76389, 0.98834, 0.11246, 0.99723, 0.36264, 0.04547, 0.96394, 0.99122, 0.43923, 0.99296, 0.49241, 0.63952, 0.99042, 0.57734, 0.98871, 0.99076, 0.99615, 0.97704, 0.99179, 0.98549, 0.91826, 0.99602, 0.17358, 0.98721, 0.13188, 0.41438, 0.01772, 0.83256, 0.50109, 0.90267, 0.38274, 0.30097, 0.07489, 0.08554, 0.04469, 0.78433, 0.99051, 0.9625, 0.979, 0.00795, 0.09823, 0.99259, 0.78029, 0.40632, 0.03805, 0.95198, 0.99257, 0.0523, 0.96971, 0.99501, 0.31872, 0.42429, 0.99526, 0.99452, 0.74092, 0.69797, 0.95613, 0.99566, 0.91457, 0.9937, 0.59995, 0.99503, 0.90005, 0.08216, 0.99226, 0.73342, 0.90755, 0.91718, 0.99166, 0.18339, 0.00657, 0.04479, 0.67935, 0.91293, 0.99092, 0.96023, 0.98527, 0.5948, 0.99073, 0.99006, 0.67718, 0.06369, 0.84422, 0.20547, 0.99656, 0.86404, 0.99225, 0.98285, 0.13008, 0.99317, 0.01867, 0.03696, 0.06463, 0.98387, 0.66476, 0.08417, 0.93231, 0.11938, 0.73583, 0.99299, 0.99717, 0.98799, 0.92121, 0.99723, 0.99243, 0.98997, 0.99002, 0.84588, 0.87615, 0.18097, 0.89592, 0.00758, 0.26737, 0.08603, 0.07699, 0.01668, 0.54219, 0.99764, 0.77327, 0.78388, 0.15943, 0.9753, 0.11509, 0.95023, 0.0335, 0.97933, 0.99687, 0.97935, 0.10691, 0.98255, 0.99614, 0.00727, 0.0415, 0.93422, 0.30824, 0.98396, 0.92838, 0.98225, 0.59714, 0.99133, 0.13728, 0.99387, 0.99764, 0.96167, 0.03835, 0.47664, 0.96153, 0.21088, 0.99743, 0.43459, 0.64794, 0.99293, 0.98602, 0.97181, 0.99682, 0.16253, 0.98358, 0.99052, 0.34448, 0.03479, 0.99467, 0.98037, 0.04304, 0.96216, 0.99411, 0.55317, 0.90213, 0.05242, 0.9592, 0.21451, 0.20382, 0.88082, 0.9841, 0.22948, 0.98744, 0.35529, 0.95783, 0.98511, 0.99681, 0.00321, 0.97002, 0.98645, 0.96519, 0.06682, 0.99478, 0.99743, 0.00143, 0.99448, 0.43854, 0.99651, 0.99717, 0.86001, 0.98733, 0.02007, 0.96676, 0.99404, 0.9943, 0.98677, 0.96599, 0.79697, 0.99452, 0.91791, 0.99683, 0.99089, 0.99791, 0.03641, 0.9972, 0.7558, 0.01735, 0.54196, 0.01535, 0.52937, 0.98284, 0.95703, 0.69654, 0.89959, 0.30252, 0.99438, 0.97762, 0.90263, 0.94339, 0.91607, 0.06793, 0.97795, 0.52987, 0.98284, 0.64846, 0.9718, 0.97809, 0.98741, 0.98527, 0.0545, 0.01189, 0.32251, 0.1238, 0.19933, 0.33013, 0.27868, 0.96686, 0.01836, 0.98676, 0.99634, 0.28839, 0.98716, 0.97943, 0.44427, 0.99227, 0.55388, 0.8631, 0.54655, 0.94203, 0.98552, 0.8756, 0.1177, 0.01703, 0.8528, 0.28632, 0.91578, 0.92857, 0.99098, 0.98343, 0.99224, 0.89117, 0.98676, 0.78798, 0.92162, 0.93341, 0.51849, 0.99738, 0.97857, 0.13446, 0.16765, 0.98668, 0.19093, 0.42083, 0.11296, 0.95066, 0.97903, 0.18516, 0.1193, 0.29667, 0.98642, 0.92173, 0.39445, 0.98416, 0.98623, 0.94231, 0.86677, 0.23699, 0.86913, 0.98696, 0.98886, 0.73075, 0.01446, 0.81517, 0.9237, 0.07148, 0.99062, 0.97911, 0.93562, 0.67407, 0.99222, 0.9901, 0.98775, 0.98757, 0.05343, 0.99573, 0.07171, 0.54653, 0.06978, 0.89602, 0.61541, 0.99411, 0.99593, 0.9804, 0.99656, 0.47786, 0.38371, 0.0322, 0.05362, 0.79782, 0.99454, 0.98709, 0.99697, 0.54635, 0.16795, 0.00684, 0.98564, 0.99563, 0.98249, 0.98666, 0.24881, 0.98326, 0.12895, 0.84605, 0.99165, 0.05466, 0.05759, 0.93111, 0.99127, 0.94529, 0.85131, 0.43876, 0.1228, 0.9581, 0.99423, 0.33285, 0.98878, 0.95164, 0.99688, 0.0361, 0.99463, 0.9897, 0.92275, 0.9475, 0.01282, 0.07194, 0.98824, 0.97631, 0.97276, 0.0458, 0.15199, 0.99604, 0.08177, 0.65198, 0.99486, 0.91874, 0.8266, 0.97085, 0.94645, 0.96601, 0.56742, 0.82486, 0.12594, 0.65322, 0.99622, 0.99289, 0.20177, 0.99624, 0.78923, 0.68976, 0.99141, 0.28703, 0.0025, 0.53857, 0.70161, 0.94044, 0.99159, 0.0206, 0.99593, 0.00737, 0.98356, 0.98975, 0.99474, 0.99469, 0.81509, 0.89524, 0.72276, 0.96516, 0.9935, 0.94213, 0.26127, 0.99646, 0.04918, 0.94765, 0.9858, 0.99425, 0.99576, 0.92711, 0.01484, 0.11984, 0.99476, 0.00502, 0.99376, 0.02384, 0.84508, 0.48296, 0.11545, 0.99545, 0.99148, 0.05754, 0.96462, 0.96658, 0.98727, 0.64399, 0.48251, 0.92604, 0.9741, 0.98564, 0.72407, 0.92618, 0.07941, 0.97895, 0.15274, 0.99647, 0.93263, 0.03455, 0.06751, 0.96991, 0.99477, 0.987, 0.99051, 0.97837, 0.99023, 0.88062, 0.02984, 0.99015, 0.8789, 0.05179, 0.8219, 0.99601, 0.99365, 0.97863, 0.99017, 0.11545, 0.03915, 0.98328, 0.77579, 0.99646, 0.98231, 0.85768, 0.08968, 0.06102, 0.00142, 0.03453, 0.93174, 0.98129, 0.95526, 0.9959, 0.01672, 0.00828, 0.61348, 0.99667, 0.99547, 0.9963, 0.84797, 0.99647, 0.73176, 0.32395, 0.9642, 0.93578, 0.329, 0.9918, 0.51541, 0.91829, 0.08736, 0.67404, 0.50662, 0.20518, 0.80044, 0.03162, 0.42789, 0.93944, 0.02218, 0.91343, 0.93783, 0.99119, 0.78496, 0.61589, 0.43031, 0.06965, 0.99151, 0.99682, 0.99346, 0.99711, 0.9894, 0.98655, 0.38367, 0.01964, 0.36835, 0.91267, 0.82023, 0.96226, 0.98235, 0.86066, 0.84405, 0.39243, 0.99158, 0.99791, 0.99607, 0.62686, 0.06445, 0.51507, 0.99629, 0.91304, 0.98275, 0.94837, 0.9841, 0.97984, 0.1889, 0.3159, 0.62879, 0.99574, 0.30876, 0.02401, 0.98802, 0.08135, 0.0554, 0.96167, 0.97543, 0.67577, 0.92551, 0.00721, 0.64381, 0.988, 0.99627, 0.84919, 0.04476, 0.99471, 0.02759, 0.66565, 0.95867, 0.99774, 0.9553, 0.97736, 0.97429, 0.66189, 0.99747, 0.98336, 0.00683, 0.08974, 0.36995, 0.93304, 0.99547, 0.88798, 0.98911, 0.08978, 0.1029, 0.27697, 0.99709, 0.24472, 0.98997, 0.07426, 0.67963, 0.98229, 0.0184, 0.42278, 0.99534, 0.98986, 0.21905, 0.83699, 0.88272, 0.55214, 0.08385, 0.03877, 0.07117, 0.68426, 0.04854, 0.13491, 0.36961, 0.97361, 0.84258, 0.48926, 0.98041, 0.53882, 0.03381, 0.95651, 0.99699, 0.29618, 0.99397, 0.99635, 0.24892, 0.74665, 0.99316, 0.9961, 0.98383, 0.9838, 0.98463, 0.9969, 0.98782, 0.98758, 0.04377, 0.96038, 0.75169, 0.19091, 0.97281, 0.994, 0.15209, 0.48627, 0.91215, 0.1363, 0.33104, 0.98862, 0.98609, 0.99123, 0.99173, 0.99725, 0.18965, 0.99309, 0.9976, 0.86779, 0.86655, 0.99554, 0.10184, 0.3905, 0.85909, 0.01093, 0.55076, 0.901, 0.11307, 0.03707, 0.11662, 0.06819, 0.99614, 0.08566, 0.99194, 0.90006, 0.08304, 0.92459, 0.99618, 0.03156, 0.9578, 0.96826, 0.98689, 0.7632, 0.32148, 0.24235, 