{"model": "bert-base-multilingual-cased", "dataset": "hatexplain", "train_config": "ce", "seed": 42, "thr_cal": 0.5538324415683746, "metrics_05": {"macro": 0.7147267675208397, "toxf1": 0.8050632911392405, "prec": 0.748587570621469, "rec": 0.8707557502738226, "prauc": 0.8828761838119468, "ece": 0.13532093143711488, "covert": 0.9027667984189723}, "metrics_cal": {"macro": 0.7234436184431563, "toxf1": 0.8069636456733231, "prec": 0.7576923076923077, "rec": 0.8630887185104053, "prauc": 0.8828761838119468, "ece": 0.13532093143711488, "covert": 0.9038919777601271}, "probs": [0.19146, 0.8769, 0.13006, 0.73446, 0.88402, 0.93754, 0.99608, 0.14433, 0.59648, 0.05957, 0.72218, 0.08863, 0.14057, 0.27338, 0.86205, 0.04791, 0.30539, 0.31808, 0.99749, 0.18508, 0.10644, 0.99247, 0.12563, 0.85982, 0.92775, 0.94849, 0.99677, 0.85388, 0.12921, 0.33288, 0.99323, 0.88827, 0.63313, 0.90158, 0.9971, 0.01936, 0.9683, 0.89123, 0.99322, 0.0131, 0.98795, 0.78282, 0.64798, 0.18079, 0.27345, 0.88056, 0.27136, 0.97336, 0.97543, 0.46601, 0.03826, 0.98476, 0.9939, 0.11803, 0.69113, 0.99631, 0.9141, 0.34587, 0.98663, 0.95692, 0.06761, 0.98943, 0.99651, 0.90101, 0.99539, 0.95854, 0.97511, 0.8381, 0.95613, 0.97747, 0.19066, 0.9922, 0.96519, 0.98805, 0.64723, 0.89067, 0.9957, 0.96784, 0.88961, 0.97971, 0.99675, 0.8064, 0.88649, 0.35845, 0.35505, 0.97984, 0.99721, 0.08266, 0.9599, 0.99238, 0.1053, 0.99682, 0.81755, 0.87991, 0.97986, 0.25485, 0.16082, 0.4387, 0.71758, 0.99627, 0.03841, 0.98466, 0.99136, 0.93566, 0.22655, 0.88163, 0.99183, 0.97178, 0.99613, 0.78596, 0.09232, 0.52092, 0.77404, 0.37734, 0.89784, 0.95484, 0.89762, 0.75778, 0.98553, 0.96566, 0.99525, 0.48343, 0.2063, 0.99583, 0.35117, 0.18207, 0.312, 0.34539, 0.17168, 0.99471, 0.22566, 0.99054, 0.20006, 0.91295, 0.90904, 0.9351, 0.63898, 0.9969, 0.99586, 0.30886, 0.72928, 0.99673, 0.98832, 0.99737, 0.98545, 0.65029, 0.9965, 0.13432, 0.98883, 0.94922, 0.96665, 0.87186, 0.99434, 0.52092, 0.99076, 0.99717, 0.99582, 0.95895, 0.10953, 0.92569, 0.38905, 0.9859, 0.94342, 0.96929, 0.95623, 0.7194, 0.9905, 0.34275, 0.99245, 0.9818, 0.12078, 0.30025, 0.24179, 0.92383, 0.98254, 0.45278, 0.70835, 0.97074, 0.97865, 0.14198, 0.99548, 0.39159, 0.01809, 0.65646, 0.98895, 0.16752, 0.98752, 0.89577, 0.79734, 0.99413, 0.45239, 0.99017, 0.99466, 0.99659, 0.96206, 0.99232, 0.99329, 0.90605, 0.99675, 0.32489, 0.99006, 0.4229, 0.23383, 0.03309, 0.96055, 0.26354, 0.91211, 0.33952, 0.40811, 0.4976, 0.20215, 0.08446, 0.88992, 0.99022, 0.97806, 0.96444, 0.00773, 0.20946, 0.98878, 0.77065, 0.27903, 0.08638, 0.86025, 0.99641, 0.23572, 0.97217, 0.99701, 0.76612, 0.41495, 0.99212, 0.99772, 0.68816, 0.80166, 0.87445, 0.98971, 0.38012, 0.99617, 0.94035, 0.99706, 0.94332, 0.10663, 0.97513, 0.89302, 0.97184, 0.98596, 0.995, 0.3742, 0.04327, 0.28313, 0.70619, 0.94373, 0.99457, 0.9211, 0.97853, 0.60576, 0.98605, 0.99357, 0.43188, 0.15459, 0.933, 0.31105, 0.99587, 0.94602, 0.99329, 0.99, 0.19568, 0.99628, 0.0185, 0.08022, 0.17056, 0.84703, 0.87349, 0.37484, 0.82953, 0.21513, 0.81447, 0.99795, 0.99796, 0.98465, 0.94962, 0.99713, 0.99, 0.99549, 0.99695, 0.97712, 0.81977, 0.12012, 0.91894, 0.01213, 0.40974, 0.10207, 0.2656, 0.10073, 0.89827, 0.99819, 0.54564, 0.93358, 0.51686, 0.98794, 0.41804, 0.9552, 0.101, 0.97154, 0.99704, 0.98187, 0.22172, 0.98703, 0.99228, 0.02522, 0.0964, 0.76104, 0.18984, 0.98789, 0.78202, 0.97582, 0.59864, 0.99508, 0.08131, 0.99577, 0.99746, 0.72907, 0.10854, 0.76794, 0.9945, 0.24257, 0.99674, 0.54839, 0.52673, 0.99153, 0.99482, 0.98965, 0.99694, 0.22098, 0.98095, 0.98924, 0.38218, 0.11209, 0.96515, 0.98977, 0.06905, 0.95403, 0.99459, 0.85073, 0.77279, 0.04947, 0.92953, 0.0659, 0.39949, 0.92276, 0.97629, 0.52621, 0.79275, 0.46726, 0.95863, 0.98394, 0.99709, 0.00662, 0.81556, 0.96831, 0.91274, 0.16168, 0.99209, 0.99765, 0.00135, 0.99571, 0.58882, 0.99724, 0.99784, 0.90436, 0.96182, 0.21294, 0.96551, 0.9914, 0.99637, 0.90975, 0.95256, 0.38717, 0.99132, 0.87522, 0.99432, 0.99369, 0.99616, 0.08246, 0.99589, 0.91068, 0.08515, 0.49172, 0.07744, 0.50998, 0.96062, 0.9536, 0.83529, 0.92645, 0.63346, 0.9963, 0.99285, 0.96008, 0.96974, 0.98307, 0.20343, 0.96291, 0.38126, 0.92932, 0.86945, 0.96514, 0.97167, 0.99117, 0.97623, 0.308, 0.01252, 0.96739, 0.30138, 0.3244, 0.78657, 0.33927, 0.97248, 0.05196, 0.98701, 0.9969, 0.43491, 0.98064, 0.89837, 0.86987, 0.98809, 0.56356, 0.8822, 0.58014, 0.89246, 0.99462, 0.91845, 0.27463, 0.06262, 0.70949, 0.5218, 0.93689, 0.97567, 0.99273, 0.93295, 0.99062, 0.96205, 0.98772, 0.68929, 0.91525, 0.94851, 0.6532, 0.9973, 0.94886, 0.19945, 0.31792, 0.98422, 0.21726, 0.13779, 0.20011, 0.97536, 0.97455, 0.61519, 0.21808, 0.19801, 0.9943, 0.81663, 0.2509, 0.99043, 0.98087, 0.91325, 0.40707, 0.68918, 0.84553, 0.94608, 0.98896, 0.61951, 0.04907, 0.93429, 0.91745, 0.0344, 0.99512, 0.98877, 0.97127, 0.95097, 0.99264, 0.97755, 0.97152, 0.98184, 0.08295, 0.9966, 0.24348, 0.62457, 0.11595, 0.98457, 0.69189, 0.99611, 0.99744, 0.93281, 0.99534, 0.70131, 0.66254, 0.11045, 0.27201, 0.61672, 0.99073, 0.99526, 0.99564, 0.37017, 0.27385, 0.01506, 0.99478, 0.99619, 0.94827, 0.98155, 0.5174, 0.98867, 0.38576, 0.9411, 0.99353, 0.153, 0.08108, 0.59871, 0.9971, 0.14952, 0.88916, 0.90824, 0.48105, 0.97256, 0.99221, 0.4726, 0.98744, 0.945, 0.99719, 0.11142, 0.99428, 0.98898, 0.92792, 0.89895, 0.01496, 0.12069, 0.96065, 0.95323, 0.9197, 0.08009, 0.15067, 0.99697, 0.20184, 0.68725, 0.99474, 0.89106, 0.38509, 0.96222, 0.93564, 0.99197, 0.5568, 0.93358, 0.81681, 0.87725, 0.99532, 0.98778, 0.15862, 0.99461, 0.97829, 0.71949, 0.9864, 0.32067, 0.00683, 0.88988, 0.73218, 0.90016, 0.99328, 0.09651, 0.99265, 0.01165, 0.98372, 0.97498, 0.99296, 0.9952, 0.92806, 0.91515, 0.75507, 0.98225, 0.98886, 0.97315, 0.46306, 0.99702, 0.07621, 0.94066, 0.88609, 0.99483, 0.99511, 0.94824, 0.28363, 0.36382, 0.99357, 0.03945, 0.9955, 0.09101, 0.72221, 0.64188, 0.18952, 0.995, 0.97409, 0.17547, 0.78649, 0.8928, 0.9881, 0.21289, 0.84911, 0.79478, 0.8609, 0.97346, 0.81406, 0.80633, 0.1796, 0.95643, 0.16164, 0.99575, 0.94965, 0.32366, 0.30961, 0.963, 0.99464, 0.97189, 0.98889, 0.94734, 0.98499, 0.92424, 0.1186, 0.99285, 0.78691, 0.26057, 0.95428, 0.99728, 0.98578, 0.93735, 0.9869, 0.40394, 0.17164, 0.99228, 0.78199, 0.99327, 0.92329, 0.1991, 0.09893, 0.04447, 0.0037, 0.12665, 0.97992, 0.94755, 0.96846, 0.99694, 0.04492, 0.00682, 0.71718, 0.99634, 0.99597, 0.99413, 0.93391, 0.99277, 0.85212, 0.68022, 0.97967, 0.91602, 0.49643, 0.99002, 0.54477, 0.89809, 0.1353, 0.81989, 0.22945, 0.26871, 0.58045, 0.17756, 0.3033, 0.96996, 0.06394, 0.96721, 0.96451, 0.98837, 0.52823, 0.34214, 0.33251, 0.31617, 0.98984, 0.99738, 0.9887, 0.99742, 0.99179, 0.98989, 0.59886, 0.04469, 0.34507, 0.9082, 0.29643, 0.94609, 0.96198, 0.90924, 0.89195, 0.51151, 0.988, 0.9972, 0.99655, 0.17577, 0.12769, 0.44332, 0.99708, 0.82807, 0.99015, 0.89874, 0.99362, 0.9682, 0.22069, 0.78898, 0.44186, 0.99709, 0.75396, 0.0454, 0.98468, 0.24994, 0.28676, 0.95182, 0.98198, 0.88933, 0.87364, 0.01406, 0.896, 0.9812, 0.99478, 0.70366, 0.08873, 0.99704, 0.11303, 0.61619, 0.86844, 0.9978, 0.91559, 0.98339, 0.97172, 0.52454, 0.99645, 0.94567, 0.01271, 0.42685, 0.79906, 0.88156, 0.99528, 0.8525, 0.97468, 0.29778, 0.04666, 0.56671, 0.99573, 0.8595, 0.98298, 0.23379, 0.51695, 0.98637, 0.11585, 0.57053, 0.99707, 0.99568, 0.37034, 0.70146, 0.7716, 0.6677, 0.25976, 0.08804, 0.12382, 0.8135, 0.08135, 0.56151, 0.62728, 0.923, 0.79789, 0.90369, 0.98388, 0.75381, 0.19858, 0.94622, 0.9957, 0.31638, 0.99117, 0.99653, 0.35996, 0.90347, 0.99429, 0.99498, 0.98289, 0.97663, 0.96273, 0.99724, 0.97227, 0.9765, 0.19959, 0.90746, 0.5761, 0.26767, 0.79172, 0.97307, 0.29802, 0.7654, 0.82774, 0.40197, 0.22726, 0.99356, 0.98712, 0.98181, 0.99581, 0.99506, 0.51002, 0.9846, 0.99716, 0.98642, 0.77468, 0.99718, 0.11343, 0.65295, 0.93013, 0.00841, 0.51825, 0.9186, 0.20714, 0.10702, 0.20802, 0.21298, 0.99239, 0.18828, 0.9956, 0.95015, 0.17029, 0.94125, 0.99721, 0.10943, 0.93441, 0.99094, 0.95705, 0.78534, 0.42332, 0.26085, 0.9979, 0.67915, 0.88118, 