{"model": "bert-base-multilingual-cased", "dataset": "dravidian_malayalam", "train_config": "supcon", "seed": 99, "thr_cal": 0.4505805343389511, "metrics_05": {"macro": 0.5846640640357126, "toxf1": 0.2155688622754491, "prec": 0.15, "rec": 0.3829787234042553, "prauc": 0.1987076494000857, "ece": 0.3507230883638064, "covert": 0.2702702702702703}, "metrics_cal": {"macro": 0.571536680911681, "toxf1": 0.19791666666666666, "prec": 0.1310344827586207, "rec": 0.40425531914893614, "prauc": 0.1987076494000857, "ece": 0.3507230883638064, "covert": 0.27848101265822783}, "probs": [0.3093, 0.33756, 0.3632, 0.39063, 0.35529, 0.31962, 0.31042, 0.34817, 0.58419, 0.29746, 0.29842, 0.3296, 0.40954, 0.31744, 0.34688, 0.34577, 0.3555, 0.35628, 0.31762, 0.32606, 0.32906, 0.32036, 0.5119, 0.29504, 0.30648, 0.30784, 0.33374, 0.32584, 0.30254, 0.93839, 0.36015, 0.3627, 0.42982, 0.32212, 0.41543, 0.38805, 0.38145, 0.46506, 0.30661, 0.33261, 0.3429, 0.31153, 0.38903, 0.38199, 0.39107, 0.30498, 0.30712, 0.32363, 0.38723, 0.37659, 0.33209, 0.33542, 0.34585, 0.37127, 0.36318, 0.30613, 0.30532, 0.34305, 0.34064, 0.34746, 0.33887, 0.34888, 0.41799, 0.36004, 0.35892, 0.36155, 0.30252, 0.35105, 0.30948, 0.34353, 0.42498, 0.37991, 0.35856, 0.36457, 0.36512, 0.41094, 0.29787, 0.34137, 0.31048, 0.37474, 0.38467, 0.32725, 0.31489, 0.2999, 0.31771, 0.30246, 0.34228, 0.33863, 0.33698, 0.30911, 0.33021, 0.33854, 0.33273, 0.48063, 0.35773, 0.31202, 0.35236, 0.29931, 0.38134, 0.33035, 0.34417, 0.34323, 0.40138, 0.30683, 0.35905, 0.34606, 0.30367, 0.33103, 0.58151, 0.31131, 0.31708, 0.35311, 0.33544, 0.34725, 0.34727, 0.42787, 0.47801, 0.31854, 0.30328, 0.35004, 0.62989, 0.33262, 0.39244, 0.41083, 0.54822, 0.3931, 0.57246, 0.35241, 0.43156, 0.32143, 0.36406, 0.33538, 0.38358, 0.37573, 0.37539, 0.37517, 0.38751, 0.39168, 0.41113, 0.35078, 0.38857, 0.35186, 0.36136, 0.30534, 0.30709, 0.30458, 0.33704, 0.31507, 0.30761, 0.31854, 0.41211, 0.30962, 0.33913, 0.2987, 0.40364, 0.95347, 0.30808, 0.39865, 0.3804, 0.35319, 0.30804, 0.36538, 0.33648, 0.74666, 0.31649, 0.33311, 0.30476, 0.30728, 0.36474, 0.30996, 0.35482, 0.32309, 0.36071, 0.40019, 0.31036, 0.34206, 0.56212, 0.40707, 0.33047, 0.36535, 0.38694, 0.32975, 0.97241, 0.3678, 0.75845, 0.36866, 0.32844, 0.34782, 0.39751, 0.5033, 0.40236, 0.34128, 0.99884, 0.32635, 0.34753, 0.39186, 0.30842, 0.3635, 0.71921, 0.33785, 0.34665, 0.32882, 0.38523, 0.39478, 0.34076, 0.44563, 0.30179, 0.34799, 0.37059, 0.30417, 0.3727, 0.31693, 0.36671, 0.35341, 0.37016, 0.3227, 0.96974, 0.84007, 0.30831, 0.33069, 0.34164, 0.32166, 0.32838, 0.30731, 0.30558, 0.30071, 0.45217, 0.37777, 0.33127, 0.36947, 0.63487, 0.34982, 0.36695, 0.30498, 0.39363, 0.387, 0.31884, 0.33816, 0.37744, 0.35003, 0.3782, 0.30976, 0.3217, 0.70089, 0.31688, 0.3988, 0.96782, 0.33731, 0.3389, 0.29584, 0.32316, 0.40635, 0.35611, 0.30534, 0.35095, 0.32752, 0.30652, 0.35654, 0.35641, 0.32266, 0.32411, 0.35864, 0.35392, 0.40745, 0.37262, 0.30492, 0.30225, 0.36962, 0.39658, 0.35913, 0.34981, 0.33021, 0.32074, 0.4186, 0.36534, 0.37046, 0.37459, 0.31671, 0.32728, 0.30654, 0.36924, 0.34129, 0.34654, 0.33844, 0.30444, 0.34844, 0.65418, 0.34258, 0.32216, 0.33922, 0.3597, 0.3924, 0.39453, 0.33539, 0.34179, 0.60225, 0.38052, 0.33212, 0.3666, 0.38623, 0.34617, 0.32585, 0.33715, 0.35534, 0.39379, 0.59467, 0.48751, 0.3429, 0.31392, 0.99282, 0.37485, 0.32421, 0.3024, 0.38352, 0.81204, 0.4131, 0.35379, 0.4741, 0.31096, 0.34872, 0.32889, 0.41813, 0.31109, 0.37056, 0.30419, 0.42587, 0.32725, 0.34732, 0.3426, 0.42627, 0.39498, 0.37171, 0.34669, 0.34636, 0.32999, 0.30856, 0.33363, 0.33547, 0.31946, 0.33541, 0.35203, 0.32994, 0.58191, 0.94548, 0.33645, 0.35711, 0.35666, 0.31544, 0.30261, 0.30921, 0.69484, 0.41555, 0.37685, 0.31237, 0.36794, 0.3223, 0.58032, 0.35503, 0.34497, 0.9445, 0.30788, 0.33066, 0.30162, 0.84097, 0.35775, 0.32977, 0.38325, 0.33825, 0.36791, 0.34606, 0.35265, 0.34439, 0.99372, 0.36312, 0.35817, 0.39498, 0.34747, 0.29794, 0.33432, 0.35864, 0.32737, 0.31567, 0.47112, 0.35606, 0.36195, 0.40931, 0.31977, 0.31729, 0.38877, 0.36507, 0.346, 0.30675, 0.33558, 0.35432, 0.97757, 0.46268, 0.37599, 0.31735, 0.31757, 0.34691, 0.36358, 0.35986, 0.87092, 0.32643, 0.36817, 0.32495, 0.34241, 0.36528, 0.335, 0.30563, 0.33521, 0.32732, 0.70161, 0.33676, 0.34307, 0.34058, 0.30677, 0.39813, 0.46714, 0.66439, 0.33384, 0.36462, 0.34161, 0.34771, 0.3184, 0.34645, 0.31076, 0.37633, 0.32747, 0.38509, 0.33633, 0.32626, 0.3131, 0.31157, 0.407, 0.34529, 0.40562, 0.33675, 0.34151, 0.3235, 0.35395, 0.33361, 0.32007, 0.34202, 0.37086, 0.31741, 0.38275, 0.32491, 0.37501, 0.31305, 0.42836, 0.32774, 0.35336, 0.33834, 0.36565, 0.47738, 0.31854, 0.35664, 0.99547, 0.38177, 0.30131, 0.43562, 0.31572, 0.32341, 0.31886, 0.39712, 0.30538, 0.30445, 0.33425, 0.34049, 0.387, 0.36075, 0.36104, 0.36666, 0.38486, 0.36972, 0.36173, 0.34221, 0.52544, 0.36528, 0.33699, 0.35697, 0.34709, 0.3381, 0.4061, 0.31791, 0.36665, 0.35202, 0.3148, 0.49571, 0.40143, 0.55843, 0.35004, 0.30976, 0.32519, 0.3537, 0.35049, 0.31061, 0.40277, 0.33485, 0.34028, 0.29881, 0.33033, 0.62258, 0.34973, 0.30028, 0.387, 0.32636, 0.33972, 0.33035, 0.34916, 0.68025, 0.32736, 0.31984, 0.32449, 0.37818, 0.31514, 0.48693, 0.41422, 0.33585, 0.32641, 0.34904, 0.34526, 0.32389, 0.37174, 0.38806, 0.39099, 0.34931, 0.32336, 0.39692, 0.93561, 0.36711, 0.35884, 0.62624, 0.34092, 0.33234, 0.36407, 0.30844, 0.33528, 0.32566, 0.3093, 0.97087, 0.36026, 0.30824, 0.37698, 0.36164, 0.97694, 0.42851, 0.34135, 0.31563, 0.30197, 0.37463, 0.30633, 0.3335, 0.99294, 0.35784, 0.36574, 0.40359, 0.39048, 0.37582, 0.3744, 0.34963, 0.41434, 0.40232, 0.35797, 0.34688, 0.38493, 0.34604, 0.36461, 0.36539, 0.30654, 0.34542, 0.30424, 0.35195, 0.44609, 0.44126, 0.30281, 0.34688, 0.33018, 0.34989, 0.37236, 0.3125, 0.34553, 0.35811, 0.33034, 0.38508, 0.30359, 0.34794, 0.37868, 0.3671, 0.36302, 0.32101, 0.36151, 0.34661, 0.36505, 0.29813, 0.97182, 0.36747, 0.33206, 0.35864, 0.32813, 0.32981, 0.98417, 0.34926, 0.339, 0.64134, 0.8567, 0.60023, 0.36541, 0.34255, 0.34791, 0.3336, 0.33083, 0.34512, 0.35759, 0.41401, 0.34637, 0.33345, 0.37234, 0.33113, 0.30648, 0.38491, 0.38183, 0.33861, 0.35577, 0.33547, 0.44087, 0.29594, 0.30245, 0.34295, 0.36891, 0.38162, 0.3187, 0.62648, 0.37763, 0.43394, 0.33899, 0.35219, 0.34475, 0.30451, 0.34851, 0.37583, 0.35362, 0.30546, 0.35447, 0.41297, 0.38417, 0.33854, 0.76813, 0.38134, 0.34161, 0.38334, 0.4096, 0.9521, 0.43185, 0.35065, 0.85684, 0.3738, 0.4023, 0.37384, 0.40176, 0.37484, 0.30836, 0.31999, 0.31292, 0.33647, 0.47408, 0.38696, 0.40817, 0.3359, 0.31049, 0.33301, 0.37096, 0.45958, 0.34161, 0.68474, 0.38408, 0.34098, 0.30766, 0.32541, 0.39474, 0.32997, 0.30292, 0.57678, 0.32881, 0.34713, 0.40032, 0.4079, 0.36625, 0.5706, 0.33369, 0.35877, 0.39747, 0.36921, 0.29942, 0.38326, 0.31601, 0.74532, 0.45567, 0.40293, 0.99387, 0.37304, 0.36988, 0.3381, 0.3385, 0.31921, 0.34828, 0.3205, 0.32922, 0.33919, 0.38338, 0.30203, 0.3126, 0.36561, 0.32023, 0.38652, 0.32372, 0.36009, 0.37337, 0.33956, 0.37119, 0.31686, 0.38753, 0.30459, 0.40016, 0.35284, 0.32256, 0.34557, 0.33745, 0.30619, 0.336, 0.34894, 0.34123, 0.34044, 0.35705, 0.31307, 0.40384, 0.33495, 0.35653, 0.34666, 0.35733, 0.41298, 0.73068, 0.34068, 0.3266, 0.36859, 0.35611, 0.36722, 0.32282, 0.33451, 0.34552, 0.3925, 0.31313, 0.32476, 0.31371, 0.33251, 0.33793, 0.3815, 0.84522, 0.33072, 0.33721, 0.33944, 0.30254, 0.3574, 0.33825, 0.60026, 0.34497, 0.36736, 0.33369, 0.30635, 0.58792, 0.37042, 0.32353, 0.32977, 0.73812, 0.86896, 0.3349, 0.32716, 0.38741, 0.78371, 0.37492, 0.31109, 0.39446, 0.39486, 0.47081, 0.34246, 0.30766, 0.37016, 0.36662, 0.35136, 0.39327, 0.37609, 0.4323, 0.35053, 0.30919, 0.37654, 0.31556, 0.39779, 0.36906, 0.35874, 0.33326, 0.38334, 0.5486, 0.41164, 0.36189, 0.32779, 0.3647, 0.35642, 0.85442, 0.35793, 0.33126, 0.40014, 0.32478, 0.3111, 0.29594, 0.40991, 0.32064, 0.34332, 0.37776, 0.32994, 0.36145, 0.39803, 0.6291, 0.34691, 0.34121, 0.31901, 0.32859, 0.44836, 0.35918, 0.33845, 0.3526, 0.34693, 0.31076, 0.34263, 