{"model": "bert-base-multilingual-cased", "dataset": "dravidian_kannada", "train_config": "supcon", "seed": 99, "thr_cal": 0.6963633000850675, "metrics_05": {"macro": 0.6944190069190068, "toxf1": 0.6057692307692307, "prec": 0.4921875, "rec": 0.7875, "prauc": 0.6871094445896084, "ece": 0.18792788309296243, "covert": 0.8379888268156425}, "metrics_cal": {"macro": 0.7393831372748723, "toxf1": 0.6410958904109589, "prec": 0.5707317073170731, "rec": 0.73125, "prauc": 0.6871094445896084, "ece": 0.18792788309296243, "covert": 0.8255813953488372}, "probs": [0.13347, 0.4309, 0.97799, 0.16186, 0.64876, 0.65719, 0.41885, 0.03549, 0.00566, 0.43415, 0.85664, 0.50413, 0.00762, 0.87881, 0.06142, 0.01857, 0.01289, 0.95305, 0.01387, 0.84255, 0.85262, 0.26307, 0.99268, 0.95054, 0.99895, 0.77589, 0.99608, 0.51855, 0.8195, 0.96824, 0.99873, 0.55438, 0.17729, 0.96278, 0.39536, 0.02241, 0.9244, 0.01029, 0.25017, 0.04498, 0.30119, 0.04305, 0.97562, 0.53649, 0.22231, 0.09384, 0.29027, 0.17528, 0.01969, 0.89095, 0.87894, 0.8453, 0.17804, 0.27288, 0.57776, 0.97058, 0.03154, 0.77961, 0.60216, 0.86076, 0.28641, 0.00729, 0.04709, 0.8617, 0.01049, 0.00851, 0.01321, 0.03563, 0.97549, 0.99669, 0.03866, 0.006, 0.03583, 0.86859, 0.14797, 0.94631, 0.60611, 0.53364, 0.89905, 0.60937, 0.04608, 0.98459, 0.77216, 0.88734, 0.81585, 0.01109, 0.97963, 0.01146, 0.98461, 0.10236, 0.0073, 0.14634, 0.01005, 0.86506, 0.53857, 0.05226, 0.02617, 0.0093, 0.17627, 0.02223, 0.02245, 0.94516, 0.02527, 0.97793, 0.68132, 0.18061, 0.96133, 0.09477, 0.12818, 0.38841, 0.99223, 0.03121, 0.00526, 0.01735, 0.01652, 0.20528, 0.17729, 0.15861, 0.8495, 0.75096, 0.17901, 0.05079, 0.95057, 0.26221, 0.20716, 0.05307, 0.29027, 0.9843, 0.01949, 0.48353, 0.92986, 0.07293, 0.00465, 0.39215, 0.9246, 0.84448, 0.02043, 0.99572, 0.02836, 0.74557, 0.08775, 0.34867, 0.40524, 0.92053, 0.94828, 0.54272, 0.36798, 0.42358, 0.34539, 0.2828, 0.00755, 0.01918, 0.92228, 0.90074, 0.21036, 0.97046, 0.0304, 0.72132, 0.81403, 0.18414, 0.2855, 0.00475, 0.01333, 0.17864, 0.09072, 0.00619, 0.6027, 0.77585, 0.66075, 0.64372, 0.01025, 0.98232, 0.56232, 0.46051, 0.9581, 0.01002, 0.29027, 0.26628, 0.04517, 0.85727, 0.83088, 0.1186, 0.29027, 0.98208, 0.96544, 0.01063, 0.98888, 0.56668, 0.49006, 0.0191, 0.96006, 0.94486, 0.04369, 0.29027, 0.24271, 0.9937, 0.19124, 0.27666, 0.77993, 0.23916, 0.2027, 0.00793, 0.11501, 0.94735, 0.49043, 0.93474, 0.93877, 0.07765, 0.99492, 0.01841, 0.99173, 0.82508, 0.94755, 0.00466, 0.06533, 0.00317, 0.91915, 0.07309, 0.00248, 0.04053, 0.0639, 0.45561, 0.03421, 0.93744, 0.96499, 0.13955, 0.00651, 0.38656, 0.04133, 0.02394, 0.00499, 0.05196, 0.02463, 0.23365, 0.05685, 0.87485, 0.99871, 0.05767, 0.00267, 0.0084, 0.16609, 0.29027, 0.92277, 0.99725, 0.99809, 0.00654, 0.04646, 0.30999, 0.68494, 0.15072, 0.98069, 0.18342, 0.44721, 0.5254, 0.17568, 0.01801, 0.39548, 0.39962, 0.42764, 0.14783, 0.82187, 0.68132, 0.52394, 0.24109, 0.05262, 0.036, 0.29027, 0.04726, 0.0519, 0.00422, 0.00555, 0.02323, 0.84344, 0.93313, 0.00619, 0.47235, 0.94901, 0.0024, 0.96792, 0.98021, 0.46886, 0.84074, 0.95601, 0.21553, 0.7221, 0.48408, 0.0479, 0.90032, 0.00323, 0.08198, 0.98458, 0.00381, 0.00777, 0.72624, 0.73251, 0.29027, 0.88359, 0.44526, 0.71736, 0.08385, 0.03043, 0.35656, 0.01188, 0.97567, 0.01496, 0.0529, 0.58359, 0.29027, 0.00684, 0.0774, 0.40252, 0.2397, 0.02416, 0.62532, 0.97593, 0.08396, 0.01413, 0.34647, 0.35622, 0.64316, 0.96512, 0.29944, 0.00425, 0.8377, 0.98727, 0.01762, 0.75572, 0.00936, 0.68312, 0.99494, 0.00349, 0.5632, 0.01648, 0.03217, 0.31667, 0.06413, 0.31124, 0.92371, 0.11473, 0.31089, 0.69235, 0.36884, 0.84381, 0.02816, 0.53813, 0.08427, 0.98718, 0.66972, 0.29027, 0.21139, 0.0669, 0.44948, 0.85475, 0.82996, 0.09804, 0.90029, 0.8383, 0.96729, 0.00678, 0.05656, 0.72828, 0.00503, 0.03994, 0.81708, 0.262, 0.04567, 0.86581, 0.27109, 0.00409, 0.90887, 0.99882, 0.31753, 0.01993, 0.29027, 0.04972, 0.07982, 0.02861, 0.87104, 0.99449, 0.08533, 0.82588, 0.45335, 0.14425, 0.90557, 0.94233, 0.9275, 0.004, 0.0068, 0.94237, 0.95962, 0.91422, 0.0082, 0.17938, 0.61265, 0.88449, 0.00547, 0.54906, 0.87593, 0.03826, 0.7923, 0.19899, 0.48124, 0.95444, 0.9922, 0.01591, 0.03078, 0.00748, 0.99887, 0.47788, 0.8938, 0.1246, 0.02233, 0.35882, 0.04499, 0.29003, 0.96471, 0.03061, 0.37221, 0.56541, 0.92498, 0.27015, 0.8862, 0.66565, 0.00484, 0.93574, 0.94, 0.46433, 0.99466, 0.99406, 0.00882, 0.12557, 0.16807, 0.01278, 0.9674, 0.91005, 0.99711, 0.92256, 0.07262, 0.96907, 0.00506, 0.28137, 0.6131, 0.00544, 0.02644, 0.998, 0.96367, 0.01759, 0.94247, 0.66591, 0.36143, 0.89693, 0.33343, 0.00528, 0.01411, 0.67915, 0.48657, 0.53314, 0.54229, 0.42923, 0.01704, 0.43341, 0.02357, 0.05035, 0.00236, 0.06623, 0.19283, 0.1269, 0.89845, 0.9681, 0.92712, 0.84896, 0.98639, 0.82103, 0.07847, 0.6962, 0.00358, 0.77574, 0.99694, 0.5936, 0.34654, 0.87117, 0.99734, 0.01508, 0.2048, 0.96764, 0.9402, 0.9542, 0.94688, 0.91692, 0.0275, 0.0196, 0.19432, 0.89649, 0.98536, 0.00703, 0.91845, 0.33761, 0.16115, 0.99558, 0.99053, 0.0138, 0.00611, 0.61157, 0.06513, 0.00618, 0.68298, 0.04148, 0.05532, 0.06449, 0.95522, 0.02556, 0.9956, 0.01833, 0.01594, 0.01558, 0.88962, 0.29163, 0.5619, 0.1799, 0.65121, 0.03825, 0.98408, 0.96824, 0.02837, 0.77122, 0.95032, 0.29027, 0.8542, 0.30146, 0.01276, 0.10731, 0.63332, 0.65049, 0.0187, 0.69875, 0.29027, 0.88821, 0.79297, 0.08472, 0.98902, 0.96452, 0.81732, 0.92096, 0.94819, 0.00725, 0.93873, 0.88394, 0.42459, 0.728, 0.8605, 0.97629, 0.00647, 0.02914, 0.60011, 0.00693, 0.99412, 0.00555, 0.9625, 0.24696, 0.13201, 0.24647, 0.25772, 0.02347, 0.87132, 0.97964, 0.9224, 0.23085, 0.00412, 0.99564, 0.63778, 0.97811, 0.94824, 0.89635, 0.92865, 0.02663, 0.00727, 0.75323, 0.04315, 0.14065, 0.80827, 0.23981, 0.06812, 0.13215, 0.94083, 0.01099, 0.57549], "labels": [0, 0, 0, 0, 0, 0, 0, 0, 0, 0, 0, 0, 0, 0, 1, 0, 0, 1, 0, 0, 0, 0, 0, 1, 1, 1, 1, 1, 1, 0, 1, 0, 1, 1, 1, 0, 1, 0, 0, 1, 0, 0, 1, 0, 0, 0, 0, 0, 0, 1, 0, 0, 0, 1, 0, 0, 0, 0, 1, 0, 0, 0, 0, 1, 0, 0, 0, 0, 1, 1, 1, 0, 0, 0, 0, 1, 0, 0, 0, 1, 0, 1, 1, 0, 0, 0, 1, 0, 1, 0, 0, 0, 0, 0, 0, 0, 0, 1, 0, 0, 0, 1, 0, 1, 0, 0, 1, 0, 0, 0, 0, 0, 0, 0, 0, 0, 0, 0, 1, 0, 0, 0, 1, 1, 0, 0, 0, 0, 0, 0, 0, 0, 0, 1, 1, 0, 0, 1, 0, 0, 0, 0, 1, 1, 1, 0, 0, 0, 1, 0, 0, 0, 0, 0, 0, 1, 0, 0, 0, 1, 1, 1, 0, 1, 0, 0, 0, 0, 0, 0, 0, 1, 0, 0, 1, 0, 0, 0, 0, 0, 0, 0, 0, 0, 1, 0, 0, 0, 0, 0, 0, 1, 0, 1, 0, 1, 1, 0, 0, 0, 0, 0, 0, 0, 1, 1, 0, 0, 1, 0, 1, 0, 1, 0, 0, 0, 1, 0, 0, 0, 1, 0, 0, 0, 1, 0, 0, 0, 0, 0, 0, 0, 0, 0, 0, 1, 1, 0, 0, 0, 0, 0, 0, 1, 1, 0, 0, 0, 0, 0, 0, 0, 0, 1, 0, 0, 0, 0, 1, 0, 1, 0, 0, 0, 0, 0, 0, 0, 0, 0, 0, 0, 0, 1, 0, 0, 0, 0, 1, 1, 0, 1, 1, 0, 0, 1, 0, 1, 0, 0, 1, 0, 0, 1, 0, 0, 0, 1, 0, 0, 0, 0, 0, 0, 0, 0, 0, 1, 0, 0, 0, 0, 0, 0, 1, 1, 0, 0, 0, 0, 1, 1, 0, 0, 1, 0, 1, 0, 1, 1, 0, 0, 0, 0, 0, 0, 0, 1, 0, 0, 0, 0, 0, 0, 0, 0, 1, 0, 0, 0, 0, 0, 1, 0, 0, 1, 0, 1, 0, 0, 1, 0, 0, 0, 0, 0, 1, 0, 0, 1, 1, 0, 0, 0, 0, 0, 0, 1, 1, 0, 1, 0, 0, 1, 1, 1, 0, 0, 1, 1, 0, 0, 0, 0, 0, 0, 0, 0, 0, 1, 1, 1, 0, 1, 0, 0, 0, 1, 0, 0, 0, 0, 0, 0, 0, 0, 0, 1, 0, 1, 0, 0, 1, 0, 0, 0, 1, 1, 1, 0, 0, 0, 0, 0, 0, 1, 1, 0, 1, 0, 0, 0, 0, 0, 1, 1, 0, 1, 0, 1, 0, 0, 0, 0, 0, 0, 0, 0, 0, 0, 0, 0, 0, 0, 0, 0, 0, 1, 0, 1, 0, 0, 1, 1, 1, 0, 0, 1, 0, 0, 1, 1, 0, 0, 1, 0, 1, 1, 0, 0, 0, 0, 1, 1, 0, 1, 0, 0, 1, 0, 0, 0, 0, 0, 0, 0, 0, 0, 0, 1, 0, 1, 0, 0, 0, 1, 0, 1, 0, 0, 0, 1, 0, 0, 0, 0, 0, 0, 0, 0, 0, 0, 0, 0, 1, 0, 0, 1, 1, 1, 0, 0, 0, 1, 0, 0, 0, 1, 0, 1, 1, 0, 0, 0, 0, 1, 0, 0, 0, 0, 0, 0, 0, 1, 1, 1, 1, 0, 0, 0, 1, 1, 0, 0, 0, 0, 0, 0, 0, 0, 0, 0, 0, 1, 0, 1], "n": {"train": 3400, "val": 600, "test": 586, "toxic_frac": 0.23911764705882352}}