{"model": "bert-base-multilingual-cased", "dataset": "dravidian_tamil", "train_config": "supcon", "seed": 123, "thr_cal": 0.6663017272949219, "metrics_05": {"macro": 0.7073741708934842, "toxf1": 0.5965665236051502, "prec": 0.476027397260274, "rec": 0.7988505747126436, "prauc": 0.6250763500217287, "ece": 0.1695287549768885, "covert": 0.7276887871853547}, "metrics_cal": {"macro": 0.7200826765552599, "toxf1": 0.5995316159250585, "prec": 0.5059288537549407, "rec": 0.735632183908046, "prauc": 0.6250763500217287, "ece": 0.1695287549768885, "covert": 0.7135922330097088}, "probs": [0.00894, 0.00034, 0.00183, 0.00103, 0.89878, 0.0479, 0.00958, 0.00702, 0.00444, 0.08935, 0.00039, 0.00403, 0.0006, 0.00055, 0.8883, 0.01541, 0.79313, 0.60458, 0.00044, 0.95609, 0.4251, 0.04184, 0.01079, 0.22338, 0.00919, 0.83317, 0.98637, 0.00124, 0.09574, 0.00292, 0.01032, 0.9029, 0.00059, 0.06118, 0.12179, 0.97521, 0.16565, 0.4245, 0.0005, 0.46354, 0.81962, 0.05836, 0.27868, 0.15958, 0.00427, 0.96425, 0.00266, 0.0039, 0.30497, 0.00034, 0.00336, 0.0051, 0.16399, 0.3826, 0.02452, 0.81367, 0.68224, 0.73647, 0.93101, 0.1136, 0.01132, 0.00052, 0.89308, 0.03411, 0.01946, 0.09271, 0.05106, 0.66648, 0.93746, 0.64018, 0.88168, 0.04487, 0.00762, 0.00107, 0.65225, 0.92599, 0.80245, 0.90369, 0.00762, 0.08963, 0.90403, 0.6804, 0.06075, 0.00044, 0.02532, 0.00058, 0.12587, 0.00116, 0.00582, 0.56113, 0.00115, 0.94127, 0.00081, 0.8674, 0.31274, 0.83137, 0.76749, 0.00154, 0.04811, 0.00296, 0.85142, 0.00375, 0.50168, 0.02879, 0.83817, 0.84804, 0.04679, 0.00256, 0.00028, 0.55303, 0.91104, 0.0649, 0.98936, 0.3812, 0.17788, 0.01616, 0.00069, 0.0298, 0.0202, 0.00121, 0.00373, 0.00047, 0.00898, 0.09938, 0.79571, 0.00487, 0.72607, 0.64722, 0.00222, 0.00631, 0.10652, 0.26007, 0.77125, 0.08053, 0.77864, 0.83931, 0.07168, 0.03442, 0.01629, 0.98022, 0.9379, 0.00025, 0.94187, 0.97426, 0.94408, 0.70046, 0.00045, 0.83212, 0.9417, 0.69558, 0.89375, 0.05732, 0.55943, 0.00525, 0.68476, 0.04672, 0.0018, 0.93001, 0.00179, 0.79657, 0.00899, 0.97426, 0.08107, 0.97066, 0.00131, 0.12283, 0.88512, 0.28523, 0.82763, 0.36743, 0.89428, 0.74725, 0.56855, 0.41076, 0.26867, 0.09318, 0.82729, 0.00675, 0.00201, 0.52942, 0.11462, 0.87497, 0.74112, 0.88596, 0.00449, 0.00565, 0.8978, 0.00078, 0.0027, 0.01338, 0.00175, 0.02371, 0.51878, 0.00117, 0.00051, 0.79044, 0.00318, 0.92251, 0.02853, 0.00025, 0.43425, 0.98005, 0.88487, 0.01431, 0.05185, 0.10895, 0.64488, 0.0011, 0.01133, 0.55844, 0.84135, 0.00849, 0.6219, 0.00035, 0.0011, 0.54259, 0.00711, 0.02486, 0.51287, 0.00062, 0.0067, 0.00094, 0.00987, 0.98513, 0.1013, 0.82694, 0.95769, 0.03009, 0.00071, 0.03586, 0.03594, 0.00585, 0.0244, 0.98022, 0.00902, 0.03264, 0.24159, 0.00048, 0.93239, 0.22133, 0.98885, 0.08211, 0.008, 0.84059, 0.09771, 0.01105, 0.0208, 0.89639, 0.09816, 0.12055, 0.00748, 0.00494, 0.00187, 0.0043, 0.59694, 0.04117, 0.00186, 0.40675, 0.58346, 0.00248, 0.89499, 0.98143, 0.17415, 0.02684, 0.31852, 0.01454, 0.87984, 0.25225, 0.78166, 0.01931, 0.0082, 0.95877, 0.95625, 0.00151, 0.01338, 0.00051, 0.93168, 0.76641, 0.03119, 0.14927, 0.13605, 0.00105, 0.00121, 0.00489, 0.08098, 0.05162, 0.09806, 0.44872, 0.69698, 0.40523, 0.00085, 0.00037, 0.00076, 0.73299, 0.78993, 0.38146, 0.06183, 0.34566, 0.96702, 0.00915, 0.00032, 0.0014, 0.10745, 0.91225, 0.85733, 0.03042, 0.17837, 0.06466, 0.08474, 0.00915, 0.3141, 0.97124, 0.34519, 0.46395, 0.67484, 0.89559, 0.84035, 0.25826, 0.36695, 0.29815, 0.00056, 0.89474, 0.95635, 0.61281, 0.00392, 0.89772, 0.98212, 0.34207, 0.24851, 0.00022, 0.09988, 0.90718, 0.03303, 0.01125, 0.029, 0.00283, 0.01444, 0.96431, 0.07098, 0.5746, 0.00031, 0.00448, 0.04071, 0.82293, 0.22344, 0.006, 0.61799, 0.02793, 0.84282, 0.08915, 0.80769, 0.77904, 0.03503, 0.96504, 0.06005, 0.15439, 0.12077, 0.28859, 0.00545, 0.45571, 0.81239, 0.71349, 0.0057, 0.12621, 0.7279, 0.87642, 0.00411, 0.94848, 0.00053, 0.99067, 0.03837, 0.21707, 0.95398, 0.68063, 0.02114, 0.16634, 0.01358, 0.84496, 0.95569, 0.0075, 0.82374, 0.00052, 0.00707, 0.20975, 0.09004, 0.9496, 0.5618, 0.90277, 0.00053, 0.29447, 0.41427, 0.05482, 0.00247, 0.01029, 0.25642, 0.94314, 0.83706, 0.66789, 0.00875, 0.00056, 0.87397, 0.26044, 0.01337, 0.00492, 0.00068, 0.00072, 0.23672, 0.97828, 0.02106, 0.97357, 0.9926, 0.04139, 0.06872, 0.89691, 0.86097, 0.88332, 0.21736, 0.83735, 0.94794, 0.73077, 0.9617, 0.5515, 0.00731, 0.32718, 0.98086, 0.00338, 0.06461, 0.09204, 0.77328, 0.13677, 0.00044, 0.95619, 0.50187, 0.88795, 0.84389, 0.00142, 0.02912, 0.7417, 0.30397, 0.00324, 0.9697, 0.06023, 0.97863, 0.89274, 0.07882, 0.02616, 0.86299, 0.00032, 0.74624, 0.78418, 0.10069, 0.8797, 0.03551, 0.01572, 0.02949, 0.64503, 0.11957, 0.60734, 0.00557, 0.08399, 0.00402, 0.00053, 0.13853, 0.00098, 0.00139, 0.93235, 0.00734, 0.02878, 0.92593, 0.60186, 0.00141, 0.05876, 0.86412, 0.02091, 0.61193, 0.16874, 0.00226, 0.93037, 0.94893, 0.88344, 0.87403, 0.01241, 0.06776, 0.94124, 0.0056, 0.98862, 0.99216, 0.12371, 0.00136, 0.5734, 0.17255, 0.97269, 0.01302, 0.01537, 0.97277, 0.6134, 0.92999, 0.00033, 0.69293, 0.90078, 0.7379, 0.84181, 0.0067, 0.03145, 0.15025, 0.01406, 0.00135, 0.04958, 0.97897, 0.26869, 0.00045, 0.11858, 0.00389, 0.06722, 0.01456, 0.72887, 0.27201, 0.16667, 0.73277, 0.04248, 0.97816, 0.30786, 0.00132, 0.45203, 0.8175, 0.01559, 0.18986, 0.02765, 0.32363, 0.84694, 0.50762, 0.01741, 0.97674, 0.78927, 0.64069, 0.00171, 0.10384, 0.00086, 0.00078, 0.18506, 0.12525, 0.66951, 0.00063, 0.00943, 0.05833, 0.9864, 0.02053, 0.91757, 0.0014, 0.01039, 0.00122, 0.02345, 0.12309, 0.13082, 0.36474, 0.09765, 0.8025, 0.93667, 0.95177, 0.83884, 0.91141, 0.17924, 0.55826, 0.04607, 0.13681, 0.03949, 0.93249, 0.93245, 0.00057, 0.99001, 0.00696, 0.31032, 0.00625, 0.00059, 0.11854, 0.54761, 0.5379, 0.67103, 0.91521, 0.00326, 0.93182, 0.20296, 0.00099, 0.15564, 0.00069, 0.01141, 0.83744, 0.00088, 0.95378, 0.9795, 0.00216, 0.94162, 0.93106, 0.94985, 0.08972, 0.00813, 0.00382, 0.00225, 0.00039, 0.55619, 0.01555, 0.9246, 0.9374, 0.00745, 0.01593, 0.01935, 0.03541, 0.00198, 0.91484, 0.96323, 0.49924, 0.94184, 0.00329, 0.73564, 0.32398, 0.42544, 0.02277, 0.19977, 0.08364, 0.95185, 0.13431, 0.05411, 0.9823, 0.06887, 0.24833, 0.73228, 0.00052, 0.00108, 0.93362, 0.02303, 0.19684, 0.69741, 0.00803, 0.76886, 0.01132, 0.30932, 0.90635, 0.00056, 0.96107, 0.00279, 0.00243, 0.06706, 0.94758, 0.20896, 0.3394, 0.08188, 0.59871, 0.9083, 0.92777, 0.97999, 0.03982, 0.17791, 0.94395, 0.03859, 0.12178, 0.00561, 0.00049, 0.97704, 0.93775, 0.95384, 0.91397, 0.32043, 0.11833, 0.00053, 0.94481, 0.04619, 0.08006, 0.00171, 0.78061, 0.72661, 0.93562, 0.00209, 0.32832, 0.19877, 0.00163, 0.00527, 0.00144, 0.88931, 0.00872, 0.98068, 0.09763, 0.85163, 0.95374, 0.00092, 0.66404, 0.00058, 0.02223, 0.95768, 0.09046, 0.70759, 0.26184, 0.17694, 0.00783, 0.16663, 0.86101, 0.02317, 0.00155, 0.0203, 0.00925, 0.45301, 0.20442, 0.0101, 0.56057, 0.96236, 0.03321, 0.25816, 0.07849, 0.47415, 0.00044, 0.00137, 0.00895, 0.00067, 0.00856, 0.00044, 0.95417, 0.70815, 0.91236, 0.00133, 0.97906, 0.03963, 0.98934, 0.28415, 0.68971, 0.24994, 0.00232, 0.00153, 0.18132, 0.93122, 0.14421, 0.53253, 0.00038, 0.88146, 0.89288, 0.49545, 0.82111, 0.00474, 0.01764, 0.00078, 0.67545, 0.00046, 0.00063, 0.0045, 0.99164, 0.93591, 0.11749, 0.80076, 0.00336, 0.00399, 0.85067, 0.94714, 0.08501, 0.13241, 0.79328, 0.83426, 0.29094, 0.0012, 0.90641, 0.20049, 0.02595, 0.03942, 0.16364, 0.97039, 0.00096, 0.04639, 0.11009, 0.16614, 0.9732, 0.01605, 0.96599, 0.02687, 0.81157, 0.00034, 0.05872, 0.00905, 0.27655, 0.93249, 0.00866, 0.98608, 0.04006, 0.00045, 0.97368, 0.43813, 0.83113, 0.481, 0.11349, 0.05882, 0.38722, 0.01715, 0.86958, 0.93831, 0.102, 0.74619, 0.93627, 0.00099, 0.00802, 0.90766, 0.30283, 0.0042, 0.11416, 0.65082, 0.08477, 0.28969, 0.00061, 0.94282, 0.05463, 0.64105, 0.00054, 0.9643, 0.45852, 0.73131, 0.02803, 0.68724, 0.93704, 0.06926, 0.00685, 0.20626, 0.12197, 0.11777, 0.00056, 0.91731, 0.97962, 0.97883, 0.07258, 0.02548, 0.94113, 0.88267, 0.04785, 0.00561, 0.87545, 0.0948, 0.00948, 0.02708, 0.93983, 