{"model": "bert-base-multilingual-cased", "dataset": "hatexplain", "train_config": "hardneg", "seed": 123, "thr_cal": 0.07391548715531826, "metrics_05": {"macro": 0.7318383020716386, "toxf1": 0.7518610421836228, "prec": 0.8669527896995708, "rec": 0.6637458926615553, "prauc": 0.8920100073862016, "ece": 0.1590344890306393, "covert": 0.8682581786030061}, "metrics_cal": {"macro": 0.7072084372515823, "toxf1": 0.8090999010880316, "prec": 0.7376014427412083, "rec": 0.895947426067908, "prauc": 0.8920100073862016, "ece": 0.1590344890306393, "covert": 0.9043478260869565}, "probs": [0.01955, 0.8349, 0.02967, 0.16814, 0.07801, 0.77557, 0.95008, 0.03641, 0.13364, 0.00736, 0.08559, 0.01082, 0.01678, 0.02723, 0.10638, 0.01103, 0.03447, 0.02902, 0.97394, 0.04127, 0.01847, 0.79552, 0.04061, 0.30579, 0.72467, 0.5015, 0.97684, 0.11993, 0.05104, 0.29002, 0.98068, 0.49561, 0.56947, 0.88114, 0.96618, 0.02906, 0.91112, 0.60722, 0.9627, 0.01772, 0.97536, 0.53728, 0.08821, 0.05911, 0.07068, 0.69393, 0.01235, 0.1585, 0.85333, 0.64498, 0.01165, 0.59084, 0.96612, 0.07912, 0.10021, 0.97689, 0.12243, 0.12791, 0.67202, 0.4152, 0.01723, 0.89514, 0.98962, 0.15852, 0.96955, 0.04685, 0.92555, 0.0781, 0.53165, 0.92914, 0.06874, 0.95372, 0.82065, 0.88434, 0.05079, 0.21696, 0.9778, 0.41454, 0.41438, 0.82767, 0.96947, 0.24954, 0.02387, 0.0488, 0.04483, 0.86882, 0.98592, 0.05125, 0.81886, 0.92109, 0.04414, 0.9842, 0.23428, 0.49005, 0.85703, 0.06418, 0.06973, 0.09088, 0.04948, 0.97758, 0.01628, 0.87969, 0.94289, 0.21311, 0.0067, 0.09454, 0.85582, 0.22428, 0.98017, 0.10826, 0.02634, 0.05636, 0.10746, 0.03343, 0.34304, 0.52129, 0.81624, 0.18589, 0.92712, 0.71246, 0.12317, 0.05121, 0.02513, 0.99355, 0.04555, 0.05356, 0.30296, 0.41317, 0.04821, 0.92881, 0.20837, 0.96944, 0.02133, 0.46849, 0.29305, 0.48699, 0.15116, 0.98104, 0.92871, 0.12732, 0.12228, 0.97232, 0.83738, 0.92771, 0.31886, 0.20238, 0.94818, 0.13108, 0.46732, 0.71665, 0.24193, 0.29393, 0.86203, 0.05202, 0.97531, 0.41304, 0.95869, 0.57671, 0.04288, 0.84703, 0.03202, 0.6143, 0.46565, 0.28463, 0.92278, 0.32053, 0.76434, 0.24391, 0.97229, 0.7019, 0.06667, 0.11523, 0.21918, 0.59385, 0.88634, 0.23521, 0.83999, 0.08816, 0.50063, 0.02321, 0.9938, 0.06351, 0.02923, 0.88751, 0.97256, 0.24115, 0.9647, 0.22916, 0.15, 0.96231, 0.22992, 0.91635, 0.94792, 0.97553, 0.42297, 0.96672, 0.76541, 0.39898, 0.98054, 0.08005, 0.87148, 0.03263, 0.23545, 0.01901, 0.59449, 0.66081, 0.11878, 0.12441, 0.11134, 0.09339, 0.05143, 0.03401, 0.74535, 0.96436, 0.17133, 0.40824, 0.01223, 0.03194, 0.69948, 0.08474, 0.31102, 0.01037, 0.70153, 0.97048, 0.03084, 0.91348, 0.94406, 0.21502, 0.03526, 0.95964, 0.98186, 0.76961, 0.6887, 0.95674, 0.97525, 0.161, 0.93956, 0.02238, 0.97812, 0.10588, 0.02359, 0.63726, 0.10611, 0.40295, 0.8784, 0.33618, 0.29442, 0.01468, 0.03502, 0.1655, 0.44135, 0.99276, 0.12096, 0.85266, 0.04149, 0.88616, 0.95302, 0.11444, 0.0238, 0.93872, 0.01931, 0.9683, 0.0827, 0.9647, 0.90514, 0.11476, 0.89908, 0.01778, 0.01427, 0.03428, 0.79198, 0.84173, 0.06943, 0.54778, 0.01437, 0.26933, 0.95531, 0.97785, 0.69041, 0.77301, 0.98825, 0.92646, 0.80093, 0.97191, 0.80694, 0.10653, 0.19103, 0.37083, 0.00557, 0.14657, 0.04877, 0.0976, 0.01273, 0.03675, 0.98663, 0.22155, 0.05168, 0.13914, 0.92245, 0.0337, 0.35758, 0.02228, 0.79818, 0.99157, 0.83957, 0.02486, 0.89706, 0.96505, 0.01329, 0.02245, 0.87247, 0.43325, 0.96709, 0.13399, 0.5985, 0.04676, 0.74863, 0.01875, 0.96604, 0.98722, 0.53964, 0.01541, 0.09133, 0.72764, 0.07047, 0.99263, 0.08496, 0.06515, 0.79969, 0.98099, 0.87868, 0.96307, 0.05388, 0.69389, 0.98068, 0.06231, 0.07514, 0.82473, 0.87829, 0.04464, 0.84509, 0.96915, 0.30633, 0.74736, 0.01198, 0.84063, 0.013, 0.06993, 0.01529, 0.8543, 0.57765, 0.75749, 0.1776, 0.59575, 0.21378, 0.99478, 0.01097, 0.79984, 0.76255, 0.31491, 0.02433, 0.9195, 0.99217, 0.00157, 0.9291, 0.05346, 0.98798, 0.98468, 0.52187, 0.81298, 0.02664, 0.89713, 0.94874, 0.97797, 0.89936, 0.15555, 0.1256, 0.4315, 0.72601, 0.98673, 0.95894, 0.97695, 0.03331, 0.98423, 0.33994, 0.00512, 0.0749, 0.01264, 0.45347, 0.86882, 0.91754, 0.12851, 0.45117, 0.26003, 0.9877, 0.81075, 0.10322, 0.81814, 0.17387, 0.01483, 0.94572, 0.12304, 0.47149, 0.43592, 0.73593, 0.78332, 0.66333, 0.70993, 0.08279, 0.01085, 0.02586, 0.03362, 0.0358, 0.02691, 0.01965, 0.91885, 0.01465, 0.7318, 0.93635, 0.03208, 0.87352, 0.35727, 0.39919, 0.83043, 0.06078, 0.09307, 0.0649, 0.80141, 0.4072, 0.10806, 0.02365, 0.01626, 0.08025, 0.03883, 0.95466, 0.9424, 0.98938, 0.19937, 0.9688, 0.03487, 0.65121, 0.38153, 0.6722, 0.03689, 0.15563, 0.99039, 0.53092, 0.43774, 0.01608, 0.64804, 0.06091, 0.11305, 0.02101, 0.75738, 0.81137, 0.03246, 0.049, 0.39684, 0.92943, 0.77944, 0.11508, 0.91379, 0.66929, 0.41962, 0.25745, 0.21219, 0.17576, 0.51169, 0.94957, 0.02646, 0.01041, 0.19191, 0.5426, 0.01338, 0.96926, 0.32355, 0.55555, 0.13834, 0.90754, 0.70312, 0.83635, 0.75276, 0.0163, 0.98022, 0.01891, 0.22, 0.05174, 0.04141, 0.52195, 0.95102, 0.98665, 0.81194, 0.94738, 0.13879, 0.03043, 0.01848, 0.05513, 0.15601, 0.93215, 0.90653, 0.94058, 0.28353, 0.03235, 0.00822, 0.85874, 0.9859, 0.89836, 0.10555, 0.05792, 0.48839, 0.0829, 0.49152, 0.98348, 0.01998, 0.04076, 0.16588, 0.97177, 0.04463, 0.19376, 0.20461, 0.05326, 0.29403, 0.98296, 0.13787, 0.97579, 0.56896, 0.9937, 0.01465, 0.94948, 0.93559, 0.49707, 0.31732, 0.00932, 0.02254, 0.78528, 0.51243, 0.41896, 0.02673, 0.12804, 0.94647, 0.04218, 0.11413, 0.98085, 0.54612, 0.60048, 0.63749, 0.17064, 0.52799, 0.10182, 0.21584, 0.2322, 0.06056, 0.98427, 0.94712, 0.08118, 0.9539, 0.57859, 0.10059, 0.8163, 0.06756, 0.0041, 0.07935, 0.29328, 0.38197, 0.95311, 0.02038, 0.92239, 0.00869, 0.90533, 0.64814, 0.9095, 0.98592, 0.15006, 0.35332, 0.15051, 0.88773, 0.96049, 0.80902, 0.6913, 0.98883, 0.02944, 0.35142, 0.15614, 0.93818, 0.97988, 0.74296, 0.01357, 0.7136, 0.95146, 0.0132, 0.76409, 0.01195, 0.09458, 0.24367, 0.07492, 0.85681, 0.90067, 0.01033, 0.68356, 0.79339, 0.9699, 0.13405, 0.18493, 0.46636, 0.67723, 0.76439, 0.05678, 0.83815, 0.05413, 0.77602, 0.0436, 0.97975, 0.06333, 0.04416, 0.02366, 0.79614, 0.96765, 0.93425, 0.95381, 0.60422, 0.85277, 0.83909, 0.00836, 0.91853, 0.72732, 0.03085, 0.1221, 0.99167, 0.97276, 0.74167, 0.59543, 0.05113, 0.01495, 0.96309, 0.06274, 0.98082, 0.88069, 0.58151, 0.02359, 0.03178, 0.00461, 0.08579, 0.63373, 0.78938, 0.92855, 0.9897, 0.05553, 0.00716, 0.03061, 0.91932, 0.96822, 0.96154, 0.38738, 0.98001, 0.02914, 0.05751, 0.92763, 0.33892, 0.1576, 0.95288, 0.80058, 0.16726, 0.04432, 0.32769, 0.03394, 0.30445, 0.03539, 0.00855, 0.05986, 0.20082, 0.03438, 0.38564, 0.10362, 0.95327, 0.15282, 0.28514, 0.08331, 0.05141, 0.47517, 0.98502, 0.9722, 0.98626, 0.64582, 0.87558, 0.36069, 0.01799, 0.27298, 0.83102, 0.08432, 0.9484, 0.96285, 0.62652, 0.19558, 0.06779, 0.91101, 0.97727, 0.97842, 0.04773, 0.03608, 0.10165, 0.97831, 0.83086, 0.81449, 0.39691, 0.85281, 0.97466, 0.037, 0.63666, 0.16287, 0.98716, 0.00967, 0.03634, 0.35693, 0.10361, 0.01723, 0.65387, 0.9042, 0.15804, 0.30172, 0.00681, 0.2428, 0.96892, 0.97419, 0.92537, 0.0112, 0.98037, 0.04737, 0.20159, 0.86845, 0.97582, 0.73214, 0.67669, 0.74567, 0.39002, 0.97924, 0.95176, 0.01402, 0.05855, 0.04419, 0.75005, 0.97687, 0.89549, 0.3448, 0.01896, 0.02847, 0.0875, 0.91876, 0.61875, 0.90202, 0.02825, 0.04438, 0.74522, 0.02912, 0.07935, 0.97677, 0.97251, 0.03815, 0.02988, 0.92298, 0.01847, 0.14707, 0.01671, 0.02405, 0.11164, 0.01815, 0.01288, 0.01123, 0.25294, 0.53836, 0.25371, 0.5606, 0.17449, 0.03738, 0.23761, 0.98455, 0.01369, 0.95991, 0.98077, 0.03218, 0.22158, 0.97205, 0.98713, 0.87908, 0.96075, 0.89228, 0.98447, 0.92323, 0.86116, 0.05454, 0.48585, 0.17703, 0.39969, 0.22797, 0.89392, 0.04939, 0.05325, 0.18911, 0.05563, 0.097, 0.97139, 0.96352, 0.95596, 0.97394, 0.96601, 0.03356, 0.15354, 0.93982, 0.67757, 0.35314, 0.97319, 0.05259, 0.11068, 0.87007, 0.01131, 0.07248, 0.6221, 0.05461, 0.05408, 0.01976, 0.0165, 0.97372, 0.02316, 0.96953, 0.91275, 0.0659, 0.90542, 0.97653, 0.01228, 0.67624, 0.899, 0.96019, 0.05813, 0.29758, 0.8739, 