{"model": "bert-base-multilingual-cased", "dataset": "hatexplain", "train_config": "ce", "seed": 99, "thr_cal": 0.17006802186369896, "metrics_05": {"macro": 0.7261725754664285, "toxf1": 0.7683419988445985, "prec": 0.812958435207824, "rec": 0.7283680175246441, "prauc": 0.8746176693369262, "ece": 0.10053137989342215, "covert": 0.8837606837606837}, "metrics_cal": {"macro": 0.6847832961670057, "toxf1": 0.7978410206084396, "prec": 0.7226666666666667, "rec": 0.8904709748083242, "prauc": 0.8746176693369262, "ece": 0.10053137989342215, "covert": 0.9008723235527359}, "probs": [0.01593, 0.44874, 0.00761, 0.50632, 0.02102, 0.75255, 0.98303, 0.0725, 0.37968, 0.01966, 0.82017, 0.02851, 0.17382, 0.23688, 0.59386, 0.04468, 0.18685, 0.31136, 0.93507, 0.02242, 0.09648, 0.91017, 0.0345, 0.28915, 0.71113, 0.36691, 0.96096, 0.65633, 0.04898, 0.09821, 0.99427, 0.22911, 0.44976, 0.92823, 0.97861, 0.00982, 0.79827, 0.5289, 0.99045, 0.03196, 0.94373, 0.61124, 0.34795, 0.10399, 0.32779, 0.68466, 0.08731, 0.24781, 0.68611, 0.27019, 0.05322, 0.88632, 0.9618, 0.04788, 0.13866, 0.9772, 0.50535, 0.39374, 0.9631, 0.84093, 0.04446, 0.98333, 0.99307, 0.38399, 0.99191, 0.33594, 0.7392, 0.31396, 0.8048, 0.96025, 0.06952, 0.96547, 0.43805, 0.8273, 0.14972, 0.30567, 0.96886, 0.87844, 0.38961, 0.74961, 0.98248, 0.31369, 0.28554, 0.17125, 0.05829, 0.90718, 0.96964, 0.05701, 0.93586, 0.71063, 0.04006, 0.98626, 0.61094, 0.45298, 0.70993, 0.05723, 0.64778, 0.51748, 0.03128, 0.97833, 0.00972, 0.88593, 0.91364, 0.47012, 0.0149, 0.18603, 0.8348, 0.83445, 0.97217, 0.66769, 0.04808, 0.19921, 0.3747, 0.29323, 0.66228, 0.92914, 0.90106, 0.29201, 0.9398, 0.69406, 0.42917, 0.2559, 0.10651, 0.97339, 0.08124, 0.10717, 0.20187, 0.24655, 0.11614, 0.91171, 0.15159, 0.90204, 0.09141, 0.70859, 0.63065, 0.35974, 0.20076, 0.95701, 0.77733, 0.2325, 0.48492, 0.97427, 0.91885, 0.98521, 0.16841, 0.86918, 0.96751, 0.1194, 0.70983, 0.93951, 0.66573, 0.25071, 0.94064, 0.08149, 0.92183, 0.8857, 0.97506, 0.69976, 0.0322, 0.84329, 0.05738, 0.8051, 0.77542, 0.69079, 0.7912, 0.0506, 0.85794, 0.162, 0.96878, 0.76859, 0.16679, 0.1389, 0.64074, 0.79719, 0.86915, 0.46876, 0.86386, 0.66067, 0.76498, 0.02272, 0.99577, 0.33044, 0.01305, 0.65073, 0.91546, 0.75683, 0.97316, 0.19855, 0.32341, 0.90651, 0.19411, 0.91661, 0.82021, 0.99208, 0.19125, 0.95475, 0.80503, 0.44188, 0.98075, 0.23146, 0.89891, 0.09923, 0.11455, 0.0189, 0.6025, 0.38205, 0.68517, 0.16339, 0.06335, 0.14047, 0.0519, 0.04651, 0.78862, 0.90278, 0.79243, 0.60737, 0.00178, 0.09223, 0.80802, 0.29726, 0.39025, 0.01626, 0.18587, 0.97926, 0.05957, 0.92507, 0.96973, 0.25386, 0.24017, 0.94069, 0.94923, 0.63343, 0.51036, 0.93701, 0.96815, 0.65671, 0.95938, 0.64891, 0.98545, 0.9815, 0.00733, 0.85228, 0.08968, 0.44038, 0.82871, 0.91496, 0.33134, 0.00573, 0.02258, 0.55783, 0.64758, 0.96542, 0.88801, 0.8131, 0.17425, 0.98241, 0.81014, 0.07082, 0.0542, 0.87007, 0.08918, 0.97507, 0.56916, 0.95505, 0.94105, 0.10245, 0.91519, 0.00303, 0.02359, 0.19957, 0.92122, 0.57758, 0.46231, 0.21315, 0.10661, 0.30324, 0.94285, 0.9691, 0.95209, 0.58827, 0.98707, 0.7337, 0.97739, 0.97031, 0.59864, 0.3778, 0.34848, 0.87561, 0.00267, 0.19304, 0.02368, 0.11051, 0.09171, 0.17196, 0.99628, 0.19398, 0.55292, 0.25681, 0.83749, 0.15627, 0.3572, 0.02669, 0.91455, 0.99511, 0.66232, 0.05567, 0.89607, 0.95339, 0.01174, 0.02358, 0.88846, 0.06641, 0.9273, 0.4291, 0.67546, 0.32031, 0.82724, 0.01512, 0.96814, 0.99177, 0.71904, 0.02553, 0.13197, 0.93498, 0.1257, 0.99706, 0.26109, 0.28279, 0.85183, 0.97565, 0.88983, 0.94984, 0.14176, 0.84581, 0.95775, 0.29009, 0.37109, 0.85885, 0.71608, 0.00777, 0.45362, 0.9811, 0.26267, 0.7428, 0.01354, 0.64291, 0.02323, 0.04792, 0.04944, 0.70879, 0.29193, 0.9702, 0.38914, 0.87119, 0.72305, 0.99485, 0.00291, 0.42296, 0.82563, 0.79753, 0.09901, 0.94974, 0.98966, 0.00045, 0.93807, 0.61602, 0.98574, 0.92704, 0.69764, 0.6369, 0.09864, 0.91806, 0.95146, 0.96059, 0.95163, 0.41646, 0.12874, 0.89441, 0.59712, 0.98124, 0.9692, 0.93152, 0.07351, 0.98983, 0.71947, 0.01878, 0.17641, 0.01167, 0.55451, 0.85112, 0.91269, 0.46222, 0.23539, 0.48989, 0.94644, 0.90831, 0.45188, 0.88204, 0.07558, 0.01423, 0.79907, 0.19023, 0.87308, 0.66483, 0.63731, 0.7835, 0.58557, 0.79111, 0.12555, 0.00421, 0.23023, 0.18351, 0.1676, 0.17942, 0.08183, 0.9271, 0.03482, 0.7736, 0.9675, 0.10103, 0.7765, 0.84559, 0.70194, 0.91241, 0.1632, 0.69513, 0.24683, 0.59611, 0.77422, 0.09034, 0.0308, 0.02124, 0.42942, 0.13011, 0.79418, 0.92949, 0.95429, 0.4119, 0.98951, 0.14717, 0.94308, 0.68898, 0.32424, 0.23458, 0.48709, 0.98457, 0.54368, 0.53458, 0.11119, 0.87304, 0.39707, 0.03233, 0.04252, 0.60562, 0.92907, 0.20739, 0.04272, 0.20046, 0.95312, 0.7762, 0.12315, 0.88927, 0.89547, 0.46979, 0.26061, 0.75896, 0.74633, 0.57982, 0.97807, 0.04954, 0.01718, 0.25445, 0.81662, 0.0632, 0.9609, 0.45243, 0.45995, 0.75397, 0.95073, 0.73268, 0.6921, 0.72625, 0.02234, 0.99298, 0.13009, 0.54353, 0.16312, 0.83662, 0.45734, 0.96132, 0.97439, 0.92583, 0.9548, 0.60762, 0.03159, 0.02972, 0.12323, 0.72233, 0.96372, 0.93344, 0.89218, 0.39455, 0.37697, 0.00239, 0.9728, 0.99164, 0.90397, 0.40281, 0.60493, 0.69218, 0.52021, 0.89282, 0.974, 0.04114, 0.01364, 0.53328, 0.95704, 0.12266, 0.43563, 0.51874, 0.07395, 0.62198, 0.98109, 0.25836, 0.89191, 0.98079, 0.99699, 0.03225, 0.84203, 0.93898, 0.91564, 0.23248, 0.0024, 0.18711, 0.44576, 0.82612, 0.8019, 0.02785, 0.06121, 0.94279, 0.06369, 0.26454, 0.98015, 0.81227, 0.26512, 0.52625, 0.53247, 0.90439, 0.65086, 0.50642, 0.5213, 0.02776, 0.97636, 0.59853, 0.08395, 0.97416, 0.75646, 0.21852, 0.60175, 0.35788, 0.00176, 0.40746, 0.48957, 0.65811, 0.82316, 0.04376, 0.90455, 0.00964, 0.95508, 0.30546, 0.97814, 0.99192, 0.78799, 0.69307, 0.3875, 0.57952, 0.98309, 0.91684, 0.26913, 0.98107, 0.10845, 0.48745, 0.92909, 0.97713, 0.99079, 0.66432, 0.16255, 0.18383, 0.9895, 0.00373, 0.91592, 0.01948, 0.17491, 0.19477, 0.07667, 0.97285, 0.85226, 0.03326, 0.72681, 0.40539, 0.98194, 0.25023, 0.59157, 0.59497, 0.92128, 0.52336, 0.46608, 0.90323, 0.04777, 0.8585, 0.03437, 0.98307, 0.14337, 0.12208, 0.05707, 0.77546, 0.8869, 0.91686, 0.96238, 0.76956, 0.97658, 0.30249, 0.01408, 0.92352, 0.8343, 0.08045, 0.19458, 0.99063, 0.89755, 0.63033, 0.8089, 0.38089, 0.03992, 0.85437, 0.77681, 0.99372, 0.98269, 0.62378, 0.01317, 0.01636, 0.00115, 0.02374, 0.77354, 0.82411, 0.77394, 0.9785, 0.05008, 0.00213, 0.02797, 0.93394, 0.98725, 0.5803, 0.27614, 0.94451, 0.20722, 0.54883, 0.92321, 0.78277, 0.41458, 0.84161, 0.53942, 0.55902, 0.08528, 0.61196, 0.04703, 0.18471, 0.36074, 0.0189, 0.05469, 0.58448, 0.03386, 0.1967, 0.34022, 0.9885, 0.12369, 0.22388, 0.18601, 0.10616, 0.76168, 0.98996, 0.95705, 0.99525, 0.9267, 0.94294, 0.26189, 0.01061, 0.40593, 0.9495, 0.62077, 0.74816, 0.91681, 0.72607, 0.82714, 0.17257, 0.94279, 0.97809, 0.95789, 0.01546, 0.14865, 0.06056, 0.8988, 0.83274, 0.71407, 0.62877, 0.8316, 0.92621, 0.1728, 0.09673, 0.38382, 0.97038, 0.02756, 0.01821, 0.3197, 0.28641, 0.04054, 0.31784, 0.86039, 0.35066, 0.67875, 0.00604, 0.06417, 0.86047, 0.97673, 0.60403, 0.02222, 0.97443, 0.08241, 0.21145, 0.64278, 0.9876, 0.84554, 0.69506, 0.71182, 0.76763, 0.9941, 0.96551, 0.00101, 0.1254, 0.35414, 0.82107, 0.98566, 0.59569, 0.77779, 0.4918, 0.01234, 0.47026, 0.91689, 0.22437, 0.80196, 0.15864, 0.2587, 0.57451, 0.186, 0.07402, 0.96153, 0.97147, 0.0737, 0.59264, 0.81964, 0.12962, 0.07033, 0.04693, 0.09023, 0.22537, 0.02679, 0.04684, 0.03237, 0.75453, 0.09842, 0.38472, 0.66851, 0.65246, 0.0815, 0.55037, 0.98223, 0.02816, 0.75544, 0.97774, 0.09241, 0.7059, 0.95009, 0.99069, 0.7825, 0.88823, 0.74688, 0.99368, 0.61599, 0.7728, 0.08548, 0.64403, 0.23272, 0.26414, 0.60345, 0.93163, 0.24699, 0.21929, 0.28859, 0.03875, 0.14325, 0.95528, 0.8323, 0.95681, 0.98088, 0.97065, 0.23296, 0.11597, 0.98923, 0.70929, 0.4955, 0.93663, 0.04297, 0.19502, 0.37127, 0.00175, 0.68135, 0.86208, 0.08544, 0.06895, 0.04923, 0.08519, 0.93968, 0.0355, 0.97117, 0.96872, 0.06059, 0.88634, 0.91293, 0.03194, 0.8742, 0.80014, 0.87378, 0.21959, 0.49002, 0.72998, 0.98162, 