{"model": "bert-base-multilingual-cased", "dataset": "dravidian_malayalam", "train_config": "supcon", "seed": 2024, "thr_cal": 0.10170745588839034, "metrics_05": {"macro": 0.627568493150685, "toxf1": 0.275, "prec": 0.3333333333333333, "rec": 0.23404255319148937, "prauc": 0.2809995010581046, "ece": 0.026788507655573383, "covert": 0.3902439024390244}, "metrics_cal": {"macro": 0.6462618437672629, "toxf1": 0.3177570093457944, "prec": 0.2833333333333333, "rec": 0.3617021276595745, "prauc": 0.2809995010581046, "ece": 0.026788507655573383, "covert": 0.46153846153846156}, "probs": [0.00134, 0.0022, 0.00247, 0.00923, 0.00274, 0.00147, 0.00109, 0.00356, 0.00656, 0.00072, 0.00094, 0.00166, 0.01298, 0.00104, 0.00123, 0.00189, 0.00605, 0.00606, 0.00135, 0.00211, 0.00106, 0.00675, 0.02643, 0.00092, 0.00093, 0.00077, 0.00179, 0.00217, 0.00098, 0.09796, 0.00242, 0.0052, 0.00717, 0.00131, 0.00432, 0.01722, 0.01016, 0.89047, 0.00118, 0.00093, 0.00169, 0.00125, 0.00538, 0.0021, 0.99975, 0.00077, 0.00119, 0.00197, 0.00589, 0.01454, 0.00102, 0.0014, 0.0027, 0.00554, 0.99998, 0.00096, 0.00284, 0.00117, 0.00179, 0.00592, 0.00542, 0.00211, 0.01162, 0.00652, 0.01154, 0.02329, 0.00156, 0.00333, 0.00133, 0.00258, 0.02992, 0.00172, 0.00097, 0.00188, 0.00868, 0.01132, 0.00106, 0.01437, 0.00093, 0.00325, 0.0096, 0.00092, 0.00099, 0.00086, 0.00097, 0.00086, 0.00321, 0.00303, 0.0042, 0.00196, 0.00187, 0.0045, 0.00108, 0.01931, 0.00375, 0.00127, 0.03467, 0.00081, 0.02045, 0.0041, 0.00898, 0.0017, 0.00455, 0.00078, 0.00457, 0.00366, 0.0009, 0.00141, 0.00917, 0.00171, 0.0024, 0.004, 0.00523, 0.00153, 0.00562, 0.01213, 0.64323, 0.00133, 0.00069, 0.0024, 0.01638, 0.00252, 0.03111, 0.00583, 0.01865, 0.00557, 0.01793, 0.00843, 0.00363, 0.00107, 0.0084, 0.00365, 0.03166, 0.00648, 0.00824, 0.02947, 0.00481, 0.01473, 0.03741, 0.00877, 0.00817, 0.00123, 0.00345, 0.00095, 0.00106, 0.00115, 0.00116, 0.00109, 0.00099, 0.00128, 0.00317, 0.00083, 0.00455, 0.00088, 0.00287, 0.12467, 0.00077, 0.02292, 0.00424, 0.00688, 0.00124, 0.00341, 0.0035, 0.05476, 0.00143, 0.00176, 0.00148, 0.00079, 0.00453, 0.00087, 0.0139, 0.00091, 0.00688, 0.01049, 0.00185, 0.00304, 0.21195, 0.01203, 0.00231, 0.00369, 0.0057, 0.00172, 0.91845, 0.00659, 0.01487, 0.01146, 0.00183, 0.00219, 0.03305, 0.0068, 0.02746, 0.00215, 0.99944, 0.00525, 0.00306, 0.01075, 0.00104, 0.00346, 0.01019, 0.00297, 0.00253, 0.00213, 0.01821, 0.0034, 0.00466, 0.00173, 0.00094, 0.00738, 0.01161, 0.00114, 0.00189, 0.00135, 0.00163, 0.00344, 0.00189, 0.00209, 0.95971, 0.00959, 0.00117, 0.00105, 0.00128, 0.00198, 0.00225, 0.0016, 0.00109, 0.00073, 0.00381, 0.00266, 0.00916, 0.01503, 0.01638, 0.00203, 0.00484, 0.00077, 0.00397, 0.00872, 0.00137, 0.00134, 0.00611, 0.0069, 0.00719, 0.00084, 0.00154, 0.01184, 0.00107, 0.00256, 0.99263, 0.00157, 0.00162, 0.00073, 0.0013, 0.01032, 0.00207, 0.00087, 0.0028, 0.00197, 0.00131, 0.002, 0.00228, 0.00085, 0.00149, 0.0026, 0.00266, 0.00312, 0.03054, 0.00139, 0.00103, 0.00696, 0.00772, 0.00162, 0.00246, 0.00219, 0.002, 0.01031, 0.00894, 0.0026, 0.00705, 0.00101, 0.0034, 0.00093, 0.00416, 0.00232, 0.012, 0.00767, 0.00084, 0.00433, 0.08731, 0.00336, 0.00204, 0.00334, 0.00519, 0.00477, 0.00379, 0.00382, 0.0046, 0.02732, 0.01124, 0.00241, 0.00349, 0.003, 0.00127, 0.00108, 0.00331, 0.00474, 0.02409, 0.00355, 0.00788, 0.00254, 0.00085, 0.24338, 0.00709, 0.00163, 0.00125, 0.01109, 0.00964, 0.00909, 0.006, 0.00249, 0.00138, 0.00475, 0.00359, 0.01559, 0.00107, 0.01183, 0.00096, 0.0095, 0.00092, 0.0039, 0.12022, 0.00568, 0.0648, 0.01405, 0.00711, 0.00261, 0.00193, 0.00133, 0.0042, 0.00295, 0.00108, 0.00346, 0.00445, 0.00099, 0.01542, 0.5472, 0.00145, 0.00206, 0.00599, 0.00608, 0.00107, 0.00333, 0.01144, 0.00416, 0.00165, 0.00109, 0.00261, 0.00236, 0.00875, 0.00359, 0.00814, 0.99817, 0.00127, 0.00269, 0.00069, 0.15734, 0.00523, 0.00119, 0.00589, 0.00134, 0.00817, 0.00366, 0.00322, 0.00147, 0.9933, 0.0075, 0.00403, 0.0648, 0.00158, 0.00087, 0.00106, 0.00268, 0.0017, 0.00138, 0.00203, 0.00513, 0.00439, 0.01511, 0.00178, 0.00098, 0.01018, 0.0137, 0.00807, 0.00096, 0.00236, 0.00299, 0.40038, 0.0482, 0.00624, 0.00283, 0.00094, 0.00278, 0.00857, 0.00183, 0.01765, 0.00148, 0.00164, 0.00129, 0.00296, 0.01172, 0.00291, 0.0014, 0.00373, 0.00118, 0.99816, 0.00258, 0.00566, 0.0035, 0.00105, 0.00843, 0.00582, 0.03027, 0.00182, 0.00159, 0.00186, 0.00243, 0.00166, 0.00192, 0.00089, 0.0018, 0.00126, 0.00273, 0.00109, 0.00214, 0.00095, 0.00101, 0.02308, 0.00389, 0.01261, 0.00192, 0.00119, 0.00108, 0.00363, 0.00332, 0.00151, 0.00251, 0.00231, 0.00133, 0.00139, 0.00338, 0.00293, 0.0008, 0.02842, 0.00281, 0.00258, 0.00189, 0.00516, 0.0898, 0.00133, 0.01301, 0.99978, 0.01797, 0.00086, 0.00622, 0.00102, 0.00142, 0.00165, 0.00712, 0.00077, 0.00164, 0.00291, 0.00213, 0.00872, 0.01769, 0.00375, 0.00256, 0.00922, 0.01098, 0.00332, 0.00402, 0.00199, 0.00284, 0.00595, 0.00735, 0.00425, 0.01927, 0.00667, 0.00102, 0.00323, 0.0051, 0.00137, 0.03343, 0.03092, 0.00995, 0.0024, 0.00084, 0.00258, 0.00664, 0.0028, 0.00142, 0.05184, 0.00173, 0.00243, 0.00085, 0.00142, 0.0835, 0.00167, 0.00093, 0.01463, 0.00114, 0.00254, 0.00404, 0.0028, 0.01667, 0.00142, 0.00212, 0.00116, 0.01128, 0.00095, 0.01157, 0.00369, 0.00208, 0.00164, 0.00406, 0.00227, 0.00124, 0.00261, 0.00932, 0.0024, 0.00445, 0.00136, 0.00767, 0.05943, 0.9757, 0.00264, 0.00892, 0.00154, 0.00175, 0.00762, 0.0011, 0.00309, 0.00203, 0.001, 0.36715, 0.00537, 0.00208, 0.01608, 0.01452, 0.09854, 0.00841, 0.0017, 0.00095, 0.00081, 0.0078, 0.00126, 0.00261, 0.18004, 0.00251, 0.00513, 0.00345, 0.00255, 0.00477, 0.0366, 0.00735, 0.00574, 0.00849, 0.00347, 0.00291, 0.01233, 0.0016, 0.00386, 0.01014, 0.00144, 0.0035, 0.00077, 0.00159, 0.01614, 0.00457, 0.00109, 0.00262, 0.00305, 0.00372, 0.00295, 0.00106, 0.00315, 0.00249, 0.00273, 0.0282, 0.00096, 0.00403, 0.0052, 0.00501, 0.0071, 0.00295, 0.00769, 0.00254, 0.01278, 0.00095, 0.11078, 0.00643, 0.00376, 0.0026, 0.00522, 0.00123, 0.9999, 0.00998, 0.00381, 0.90845, 0.75787, 0.01042, 0.00364, 0.00499, 0.00308, 0.00338, 0.00536, 0.00432, 0.00784, 0.00658, 0.00322, 0.00343, 0.00354, 0.00167, 0.00093, 0.00596, 0.00509, 0.00614, 0.00669, 0.00196, 0.06453, 0.00102, 0.00089, 0.0052, 0.00253, 0.00653, 0.0013, 0.01419, 0.00206, 0.01345, 0.00241, 0.00606, 0.00381, 0.00118, 0.00176, 0.00188, 0.018, 0.00112, 0.00511, 0.0063, 0.01121, 0.00131, 0.00671, 0.00519, 0.00236, 0.00475, 0.00807, 0.10598, 0.00791, 0.00626, 0.00964, 0.00601, 0.00451, 0.00181, 0.03075, 0.00287, 0.00136, 0.00153, 0.00155, 0.00198, 0.17884, 0.01329, 0.00746, 0.00225, 0.00272, 0.00211, 0.00732, 0.00871, 0.00186, 0.01947, 0.0114, 0.00337, 0.00104, 0.00115, 0.00152, 0.00646, 0.00103, 0.00364, 0.00272, 0.00728, 0.02498, 0.00695, 0.01121, 0.03392, 0.00266, 0.00258, 0.01142, 0.00409, 0.00106, 0.00389, 0.0023, 0.10054, 0.01491, 0.01401, 0.99996, 0.0054, 0.01023, 0.00174, 0.00139, 0.00126, 0.00547, 0.00107, 0.0015, 0.00554, 0.00922, 0.00157, 0.00119, 0.0069, 0.00186, 0.00214, 0.00139, 0.00667, 0.00207, 0.00142, 0.0023, 0.00134, 0.01382, 0.00085, 0.00656, 0.00565, 0.00213, 0.00309, 0.00118, 0.00201, 0.00193, 0.00343, 0.00142, 0.01042, 0.00156, 0.00225, 0.00481, 0.00617, 0.00567, 0.00476, 0.0038, 0.00362, 0.06537, 0.00496, 0.00221, 0.00705, 0.00246, 0.00745, 0.00131, 0.00235, 0.01564, 0.00443, 0.00097, 0.00228, 0.00118, 0.00457, 0.0053, 0.01417, 0.07421, 0.00157, 0.00374, 0.00104, 0.00107, 0.00874, 0.00134, 0.02561, 0.0068, 0.01138, 0.00266, 0.00082, 0.03706, 0.00499, 0.00214, 0.00134, 0.03574, 0.84761, 0.0012, 0.0016, 0.01972, 0.0094, 0.01053, 0.00107, 0.00879, 0.1929, 0.00304, 0.00284, 0.00104, 0.00189, 0.00342, 0.00482, 0.00536, 0.00371, 0.13333, 0.00545, 0.00108, 0.00463, 0.00091, 0.00338, 0.00136, 0.00406, 0.00332, 0.00534, 0.00315, 0.01348, 0.00349, 0.00235, 0.00562, 0.00818, 0.2907, 0.00235, 0.0013, 0.00811, 0.00291, 0.00117, 0.00102, 0.70612, 0.00106, 0.0029, 0.0089, 0.00122, 0.00676, 0.00177, 0.03519, 0.00301, 0.00213, 0.00134, 0.00227, 0.01166, 0.00187, 0.00194, 0.00269, 0.01475, 0.0014, 0.0011, 0.00444, 