{"model": "bert-base-multilingual-cased", "dataset": "hatexplain", "train_config": "ce", "seed": 123, "thr_cal": 0.043724817782640465, "metrics_05": {"macro": 0.6780433586089336, "toxf1": 0.6638772663877266, "prec": 0.9136276391554703, "rec": 0.5213581599123768, "prauc": 0.884403990584769, "ece": 0.2330463586250941, "covert": 0.7992240543161979}, "metrics_cal": {"macro": 0.6444075321882734, "toxf1": 0.7939934303144064, "prec": 0.6945812807881774, "rec": 0.9266155531215772, "prauc": 0.884403990584769, "ece": 0.2330463586250941, "covert": 0.9039812646370023}, "probs": [0.05559, 0.07367, 0.01686, 0.02718, 0.07398, 0.22665, 0.87655, 0.04215, 0.16871, 0.01322, 0.03128, 0.04118, 0.02701, 0.02651, 0.18604, 0.00763, 0.07927, 0.02861, 0.99254, 0.04509, 0.01627, 0.47643, 0.01549, 0.13026, 0.79532, 0.81037, 0.97741, 0.38032, 0.07108, 0.16777, 0.78461, 0.18588, 0.20503, 0.21731, 0.95152, 0.02205, 0.75032, 0.1995, 0.96973, 0.01851, 0.89701, 0.12849, 0.12729, 0.06657, 0.0755, 0.57917, 0.01624, 0.13287, 0.77275, 0.61011, 0.03834, 0.47175, 0.90168, 0.19022, 0.09512, 0.846, 0.11435, 0.14345, 0.17343, 0.23534, 0.02874, 0.8665, 0.96514, 0.46781, 0.98173, 0.08699, 0.81183, 0.30626, 0.47529, 0.88965, 0.03661, 0.85238, 0.25514, 0.94037, 0.0476, 0.29767, 0.926, 0.24723, 0.21783, 0.41318, 0.9197, 0.19993, 0.03155, 0.22877, 0.05933, 0.82608, 0.9833, 0.03896, 0.70736, 0.29798, 0.02775, 0.96019, 0.58259, 0.74801, 0.60313, 0.01203, 0.05046, 0.16524, 0.08215, 0.92993, 0.01025, 0.76587, 0.88715, 0.10292, 0.00894, 0.17181, 0.60886, 0.22509, 0.97666, 0.19963, 0.01009, 0.05821, 0.0338, 0.04857, 0.55269, 0.61058, 0.2347, 0.0791, 0.45281, 0.56171, 0.29488, 0.08868, 0.00543, 0.95311, 0.1031, 0.06105, 0.02052, 0.13245, 0.03102, 0.87488, 0.08466, 0.81302, 0.04228, 0.63037, 0.22382, 0.14003, 0.07973, 0.85635, 0.60548, 0.12973, 0.08234, 0.98771, 0.75961, 0.94849, 0.08927, 0.06026, 0.95883, 0.15365, 0.47081, 0.14124, 0.12639, 0.06905, 0.36924, 0.06513, 0.92151, 0.11971, 0.9557, 0.08413, 0.02254, 0.43599, 0.0774, 0.59257, 0.232, 0.19524, 0.8307, 0.48439, 0.61855, 0.08151, 0.96507, 0.52593, 0.06347, 0.03543, 0.12717, 0.26817, 0.33882, 0.1273, 0.11593, 0.11527, 0.5645, 0.05708, 0.99311, 0.05596, 0.01156, 0.29775, 0.94737, 0.21312, 0.92899, 0.08963, 0.0706, 0.87298, 0.10027, 0.64406, 0.82547, 0.84892, 0.08918, 0.51442, 0.32783, 0.26872, 0.92922, 0.10736, 0.51975, 0.08702, 0.12259, 0.00937, 0.30746, 0.19474, 0.21336, 0.22557, 0.03928, 0.01611, 0.10686, 0.05098, 0.30393, 0.94813, 0.23321, 0.31169, 0.00609, 0.02702, 0.45015, 0.04282, 0.30983, 0.02653, 0.13279, 0.9637, 0.02002, 0.92862, 0.88427, 0.12717, 0.12213, 0.90214, 0.95951, 0.24309, 0.83479, 0.51411, 0.85878, 0.02865, 0.95579, 0.06684, 0.94503, 0.10559, 0.01459, 0.58551, 0.07677, 0.69103, 0.58456, 0.36135, 0.12409, 0.01241, 0.04413, 0.18896, 0.39027, 0.97144, 0.28352, 0.34108, 0.05197, 0.28241, 0.91101, 0.04656, 0.02953, 0.46397, 0.03895, 0.97328, 0.16966, 0.94002, 0.70319, 0.1222, 0.95009, 0.00817, 0.01237, 0.24397, 0.12559, 0.50101, 0.13168, 0.15333, 0.02838, 0.18251, 0.88379, 0.97219, 0.94467, 0.34618, 0.99223, 0.93567, 0.82397, 0.95233, 0.81759, 0.09019, 0.10791, 0.25571, 0.00259, 0.08176, 0.06607, 0.05965, 0.01971, 0.10918, 0.99134, 0.20558, 0.08228, 0.05737, 0.50717, 0.03265, 0.26678, 0.03384, 0.51627, 0.99563, 0.57662, 0.0171, 0.8476, 0.68115, 0.00961, 0.02282, 0.58792, 0.09865, 0.57482, 0.15921, 0.21107, 0.09575, 0.73493, 0.0123, 0.94311, 0.9928, 0.05719, 0.05242, 0.0584, 0.2427, 0.05481, 0.98322, 0.10861, 0.02882, 0.75655, 0.96897, 0.78667, 0.9523, 0.01962, 0.44749, 0.8349, 0.11459, 0.17494, 0.48816, 0.45579, 0.11023, 0.84588, 0.88745, 0.11189, 0.3542, 0.00264, 0.47733, 0.00872, 0.12634, 0.05388, 0.57051, 0.10603, 0.34402, 0.2918, 0.88827, 0.13373, 0.99068, 0.00907, 0.31439, 0.64285, 0.38311, 0.01486, 0.85203, 0.98477, 0.00098, 0.97949, 0.13645, 0.94364, 0.95082, 0.13385, 0.72783, 0.01425, 0.46779, 0.3861, 0.82074, 0.60376, 0.13279, 0.12578, 0.40925, 0.10567, 0.9825, 0.73994, 0.91293, 0.02285, 0.97154, 0.44357, 0.01794, 0.06596, 0.02289, 0.22311, 0.71622, 0.84946, 0.18953, 0.10959, 0.15912, 0.97393, 0.1905, 0.17608, 0.56222, 0.11127, 0.03736, 0.64205, 0.08485, 0.10255, 0.23066, 0.09602, 0.30507, 0.34061, 0.68874, 0.07018, 0.01167, 0.04298, 0.22371, 0.04867, 0.0315, 0.05226, 0.75928, 0.01959, 0.68264, 0.74365, 0.06199, 0.86128, 0.3597, 0.107, 0.60732, 0.13936, 0.10722, 0.03369, 0.45292, 0.84609, 0.15061, 0.02855, 0.01674, 0.17272, 0.18079, 0.74269, 0.90773, 0.86539, 0.17719, 0.86434, 0.07241, 0.88434, 0.12802, 0.07206, 0.12975, 0.1834, 0.9466, 0.60455, 0.02171, 0.082, 0.75936, 0.0742, 0.18827, 0.04798, 0.55465, 0.73505, 0.02678, 0.01852, 0.0295, 0.9505, 0.11442, 0.04106, 0.77841, 0.55096, 0.61038, 0.08519, 0.15757, 0.09468, 0.1982, 0.9687, 0.04009, 0.00978, 0.24088, 0.20042, 0.03488, 0.5584, 0.35821, 0.08741, 0.10871, 0.7071, 0.44303, 0.17706, 0.56802, 0.01575, 0.95192, 0.02075, 0.06486, 0.20948, 0.0812, 0.14001, 0.958, 0.92716, 0.95851, 0.78636, 0.1367, 0.06507, 0.01553, 0.03096, 0.14491, 0.86561, 0.61409, 0.90427, 0.18801, 0.06136, 0.00799, 0.85661, 0.95612, 0.43856, 0.06577, 0.14508, 0.63612, 0.07238, 0.31906, 0.96954, 0.01189, 0.00486, 0.07401, 0.92863, 0.09481, 0.25469, 0.22324, 0.06768, 0.44272, 0.88364, 0.0222, 0.83897, 0.44312, 0.98477, 0.01113, 0.83459, 0.40609, 0.22843, 0.43316, 0.0069, 0.07678, 0.62227, 0.11547, 0.08724, 0.02511, 0.14177, 0.95404, 0.02476, 0.15599, 0.92701, 0.65161, 0.03363, 0.13362, 0.4438, 0.34305, 0.10241, 0.40686, 0.27086, 0.03198, 0.97762, 0.76918, 0.05691, 0.96386, 0.0644, 0.49175, 0.69838, 0.02829, 0.00636, 0.16162, 0.28585, 0.26731, 0.58195, 0.01498, 0.8029, 0.0045, 0.62446, 0.2592, 0.81291, 0.92946, 0.2986, 0.3048, 0.10183, 0.55694, 0.83987, 0.90668, 0.51118, 0.96095, 0.03066, 0.52259, 0.77514, 0.94223, 0.73729, 0.476, 0.02563, 0.08267, 0.93282, 0.01838, 0.82823, 0.0027, 0.05785, 0.06641, 0.02582, 0.84009, 0.87503, 0.03159, 0.11636, 0.07441, 0.76962, 0.076, 0.08539, 0.1923, 0.1858, 0.4316, 0.05638, 0.19231, 0.03303, 0.37008, 0.0361, 0.93252, 0.48438, 0.0411, 0.04654, 0.51171, 0.86611, 0.6507, 0.94975, 0.2089, 0.66326, 0.36565, 0.01205, 0.66482, 0.42064, 0.08151, 0.13324, 0.96762, 0.67978, 0.47915, 0.37485, 0.02371, 0.04226, 0.63318, 0.24125, 0.93292, 0.74295, 0.4129, 0.01715, 0.02374, 0.0133, 0.02694, 0.01701, 0.48063, 0.69906, 0.97201, 0.02098, 0.00408, 0.02413, 0.74185, 0.97998, 0.8236, 0.0952, 0.97948, 0.04637, 0.07218, 0.09877, 0.16791, 0.12453, 0.83378, 0.12038, 0.15694, 0.02066, 0.23878, 0.11673, 0.13194, 0.03592, 0.01973, 0.06177, 0.31262, 0.05504, 0.15298, 0.12566, 0.86273, 0.09806, 0.04262, 0.06997, 0.0307, 0.35041, 0.99065, 0.88221, 0.99104, 0.41004, 0.91795, 0.14695, 0.01096, 0.34016, 0.50767, 0.1623, 0.77424, 0.90993, 0.19706, 0.09926, 0.06147, 0.88996, 0.98556, 0.8013, 0.08697, 0.04409, 0.02126, 0.77826, 0.10498, 0.6418, 0.4973, 0.81284, 0.75158, 0.04063, 0.07643, 0.10537, 0.99581, 0.02537, 0.02882, 0.2937, 0.15827, 0.01285, 0.7205, 0.43021, 0.12573, 0.2354, 0.00901, 0.06079, 0.86211, 0.86346, 0.27693, 0.01245, 0.89605, 0.06101, 0.0372, 0.1889, 0.78625, 0.4911, 0.74113, 0.09743, 0.60214, 0.97165, 0.52095, 0.00976, 0.03975, 0.03887, 0.14891, 0.98747, 0.34739, 0.4743, 0.01867, 0.08095, 0.09275, 0.96534, 0.2382, 0.48747, 0.1132, 0.04345, 0.64406, 0.08325, 0.12474, 0.9615, 0.94345, 0.06783, 0.07471, 0.89252, 0.05037, 0.04035, 0.02227, 0.01182, 0.16696, 0.02324, 0.04761, 0.01758, 0.49377, 0.1437, 0.18463, 0.38042, 0.20321, 0.05221, 0.26849, 0.89687, 0.04798, 0.91331, 0.92873, 0.03904, 0.25163, 0.90354, 0.95636, 0.47021, 0.76563, 0.87582, 0.9386, 0.72984, 0.88699, 0.01833, 0.27645, 0.05093, 0.07457, 0.14678, 0.78285, 0.07845, 0.11729, 0.30879, 0.02258, 0.07045, 0.87857, 0.58746, 0.94075, 0.64067, 0.97765, 0.04207, 0.56249, 0.92945, 0.48957, 0.12592, 0.95341, 0.01453, 0.09476, 0.1846, 0.00766, 0.03043, 0.50558, 0.02471, 0.05284, 0.01853, 0.04518, 0.93606, 0.01824, 0.95898, 0.44587, 0.05036, 0.18368, 0.90282, 0.01283, 0.64159, 0.51188, 0.79001, 0.02973, 0.12816, 0.7806, 0.94048, 0.0445, 