{"model": "bert-base-multilingual-cased", "dataset": "dravidian_tamil", "train_config": "ce", "seed": 42, "thr_cal": 0.1802201718091964, "metrics_05": {"macro": 0.7214941729672313, "toxf1": 0.5742574257425742, "prec": 0.5654596100278552, "rec": 0.5833333333333334, "prauc": 0.5910541060202422, "ece": 0.09153700352956852, "covert": 0.7005347593582888}, "metrics_cal": {"macro": 0.7153943741094448, "toxf1": 0.6002239641657335, "prec": 0.4917431192660551, "rec": 0.7701149425287356, "prauc": 0.5910541060202422, "ece": 0.09153700352956852, "covert": 0.7517401392111369}, "probs": [0.00611, 0.00076, 0.00282, 0.00308, 0.22277, 0.03333, 0.00319, 0.00558, 0.00719, 0.00397, 0.00158, 0.00495, 0.00133, 0.00395, 0.04824, 0.00503, 0.70808, 0.71003, 0.00095, 0.25182, 0.3101, 0.0365, 0.01583, 0.12024, 0.02538, 0.0305, 0.95323, 0.00452, 0.09538, 0.00633, 0.00558, 0.08001, 0.00609, 0.0445, 0.03872, 0.88253, 0.05209, 0.07573, 0.00083, 0.13801, 0.25121, 0.00822, 0.04909, 0.10278, 0.00817, 0.91386, 0.00112, 0.00257, 0.84311, 0.00216, 0.0067, 0.0119, 0.0202, 0.05604, 0.0271, 0.28, 0.68848, 0.73916, 0.77228, 0.23965, 0.04559, 0.00109, 0.81033, 0.02235, 0.00763, 0.00543, 0.00604, 0.36827, 0.83275, 0.05963, 0.42368, 0.08847, 0.00506, 0.00307, 0.40743, 0.8065, 0.21864, 0.8122, 0.00757, 0.01339, 0.59363, 0.03898, 0.06417, 0.00067, 0.04065, 0.00236, 0.02851, 0.00431, 0.00462, 0.4975, 0.00348, 0.83679, 0.02159, 0.56131, 0.03897, 0.01966, 0.49877, 0.02184, 0.01157, 0.00614, 0.3005, 0.00653, 0.04227, 0.09121, 0.68749, 0.61782, 0.02847, 0.02284, 0.00079, 0.55621, 0.5264, 0.04792, 0.96613, 0.0929, 0.01815, 0.01606, 0.00364, 0.0748, 0.03902, 0.00149, 0.2233, 0.00118, 0.01488, 0.00693, 0.06952, 0.00606, 0.48037, 0.14588, 0.00674, 0.00494, 0.13135, 0.0053, 0.09052, 0.06911, 0.25941, 0.51683, 0.01275, 0.01958, 0.01514, 0.77851, 0.85395, 0.00178, 0.79918, 0.88488, 0.13688, 0.21961, 0.00205, 0.45978, 0.14804, 0.18673, 0.5819, 0.00668, 0.19381, 0.03974, 0.31238, 0.02421, 0.00325, 0.89295, 0.00593, 0.02658, 0.0123, 0.94783, 0.10757, 0.92078, 0.0049, 0.04787, 0.35516, 0.01521, 0.41339, 0.10852, 0.69195, 0.50485, 0.18726, 0.07421, 0.02747, 0.01298, 0.11078, 0.00368, 0.00191, 0.17547, 0.01253, 0.1378, 0.43774, 0.88935, 0.00391, 0.01411, 0.49133, 0.00574, 0.00126, 0.00618, 0.0048, 0.08506, 0.17487, 0.01682, 0.00111, 0.16588, 0.00636, 0.25453, 0.01639, 0.00263, 0.05332, 0.94731, 0.79393, 0.00428, 0.02695, 0.22014, 0.13793, 0.00518, 0.00903, 0.05145, 0.73319, 0.00702, 0.18713, 0.00212, 0.00504, 0.68041, 0.01283, 0.00666, 0.17033, 0.00276, 0.00659, 0.00076, 0.00864, 0.96281, 0.00938, 0.72071, 0.9137, 0.04538, 0.00231, 0.00619, 0.0681, 0.00949, 0.00561, 0.94455, 0.39699, 0.04228, 0.18094, 0.00058, 0.8423, 0.11582, 0.9709, 0.04637, 0.00556, 0.54264, 0.10527, 0.0094, 0.03788, 0.89299, 0.05514, 0.01596, 0.02249, 0.00472, 0.00392, 0.00298, 0.48956, 0.01999, 0.00222, 0.15612, 0.12026, 0.00274, 0.38535, 0.93796, 0.08643, 0.07109, 0.37028, 0.00599, 0.4521, 0.14424, 0.11467, 0.0365, 0.00776, 0.89483, 0.66927, 0.00083, 0.0211, 0.00228, 0.78983, 0.26425, 0.01088, 0.01704, 0.01381, 0.00245, 0.00364, 0.0184, 0.00462, 0.00581, 0.01164, 0.04044, 0.55731, 0.72405, 0.00733, 0.00075, 0.00597, 0.68761, 0.09658, 0.03745, 0.02841, 0.18481, 0.81659, 0.00797, 0.00208, 0.00691, 0.27233, 0.7435, 0.49233, 0.00864, 0.12674, 0.0625, 0.0386, 0.01038, 0.05004, 0.92843, 0.14423, 0.15922, 0.05384, 0.55011, 0.50322, 0.17247, 0.03983, 0.09675, 0.00289, 0.31789, 0.90835, 0.29042, 0.0141, 0.80396, 0.92876, 0.43424, 0.02199, 0.00099, 0.00543, 0.81892, 0.01824, 0.01339, 0.00455, 0.00611, 0.01591, 0.13381, 0.21289, 0.08987, 0.00197, 0.00108, 0.02135, 0.21291, 0.1185, 0.00616, 0.16131, 0.0183, 0.15534, 0.09053, 0.63289, 0.79705, 0.00221, 0.86957, 0.04367, 0.45373, 0.04289, 0.12944, 0.0047, 0.41573, 0.5683, 0.74238, 0.00432, 0.0291, 0.32693, 0.82843, 0.00614, 0.84216, 0.00072, 0.96091, 0.01995, 0.13301, 0.77113, 0.17603, 0.00802, 0.05552, 0.01644, 0.43924, 0.90272, 0.00506, 0.38907, 0.00156, 0.01718, 0.0638, 0.18388, 0.1293, 0.19761, 0.59726, 0.00505, 0.29099, 0.22683, 0.03079, 0.00573, 0.01382, 0.02653, 0.86072, 0.55351, 0.6101, 0.00424, 0.00479, 0.62862, 0.06221, 0.0164, 0.00404, 0.00224, 0.0021, 0.02756, 0.8183, 0.00865, 0.9359, 0.95699, 0.08173, 0.00609, 0.81313, 0.01988, 0.7656, 0.09777, 0.04617, 0.36164, 0.66282, 0.83498, 0.08389, 0.01999, 0.21683, 0.74887, 0.00291, 0.00814, 0.02455, 0.46074, 0.05397, 0.00179, 0.81256, 0.45445, 0.83249, 0.25833, 0.00137, 0.03286, 0.72558, 0.08394, 0.00685, 0.92152, 0.03424, 0.93631, 0.87637, 0.01352, 0.22648, 0.25363, 0.00105, 0.66977, 0.18462, 0.01113, 0.64594, 0.00972, 0.00962, 0.00614, 0.46305, 0.28638, 0.1055, 0.01902, 0.03029, 0.00331, 0.00344, 0.05261, 0.00146, 0.00144, 0.73852, 0.00591, 0.05856, 0.16133, 0.22843, 0.00824, 0.07076, 0.47245, 0.01733, 0.1739, 0.03433, 0.01227, 0.87057, 0.83602, 0.16502, 0.66619, 0.14058, 0.01394, 0.63679, 0.01403, 0.95495, 0.97149, 0.02969, 0.00095, 0.04098, 0.1152, 0.90261, 0.01168, 0.00522, 0.91346, 0.17398, 0.60974, 0.00116, 0.14643, 0.60522, 0.24154, 0.71539, 0.01126, 0.00124, 0.09075, 0.02663, 0.00139, 0.00288, 0.90357, 0.01124, 0.0012, 0.02562, 0.00498, 0.04008, 0.00427, 0.05938, 0.11842, 0.01831, 0.62017, 0.00824, 0.9081, 0.18966, 0.00232, 0.3059, 0.76895, 0.02156, 0.0552, 0.04779, 0.32049, 0.2748, 0.013, 0.02583, 0.92828, 0.29892, 0.16088, 0.00222, 0.01353, 0.00195, 0.00172, 0.16551, 0.03762, 0.06745, 0.00304, 0.004, 0.47887, 0.95018, 0.01942, 0.61752, 0.00302, 0.00756, 0.0033, 0.00562, 0.24892, 0.69196, 0.26037, 0.03994, 0.72779, 0.80764, 0.81731, 0.86973, 0.89172, 0.08472, 0.08773, 0.02846, 0.08432, 0.03471, 0.9123, 0.90488, 0.00205, 0.90542, 0.00986, 0.26281, 0.00567, 0.00345, 0.18229, 0.69978, 0.00465, 0.09983, 0.56956, 0.01484, 0.64016, 0.07385, 0.00294, 0.01762, 0.00131, 0.00294, 0.38214, 0.00095, 0.20258, 0.97086, 0.0031, 0.81112, 0.69636, 0.13824, 0.00404, 0.01306, 0.00617, 0.01145, 0.00119, 0.19932, 0.00899, 0.92549, 0.74637, 0.01655, 0.03053, 0.04111, 0.00753, 0.00338, 0.92087, 0.73696, 0.08228, 0.7859, 0.00976, 0.20178, 0.29234, 0.05436, 0.03842, 0.03035, 0.02425, 0.87326, 0.00633, 0.00446, 0.85239, 0.00868, 0.14758, 0.69928, 0.00538, 0.00188, 0.78284, 0.03142, 0.08385, 0.58026, 0.00443, 0.59747, 0.05132, 0.2485, 0.75684, 0.00144, 0.62707, 0.00072, 0.00655, 0.1146, 0.36822, 0.52227, 0.33429, 0.01067, 0.09176, 0.8542, 0.68109, 0.92272, 0.0146, 0.09512, 0.84371, 0.01348, 0.11561, 0.01234, 0.00062, 0.85292, 0.84314, 0.87414, 0.54741, 0.09827, 0.00834, 0.0012, 0.81497, 0.0105, 0.05194, 0.00436, 0.71509, 0.37585, 0.86953, 0.00303, 0.4856, 0.20502, 0.01007, 0.04156, 0.01884, 0.15055, 0.01764, 0.91761, 0.0266, 0.41182, 0.74347, 0.00331, 0.33331, 0.00351, 0.00376, 0.80531, 0.01051, 0.13328, 0.00865, 0.02778, 0.01144, 0.04758, 0.74824, 0.05009, 0.00261, 0.00696, 0.00937, 0.31044, 0.06023, 0.01134, 0.03712, 0.92297, 0.03657, 0.16065, 0.01544, 0.01478, 0.00272, 0.00408, 0.00864, 0.00137, 0.02135, 0.00127, 0.86992, 0.05617, 0.18288, 0.00187, 0.92641, 0.01115, 0.96633, 0.09607, 0.37017, 0.074, 0.00413, 0.0025, 0.02065, 0.31069, 0.07282, 0.18087, 0.00068, 0.20075, 0.35392, 0.05162, 0.55389, 0.00612, 0.05865, 0.00327, 0.18141, 0.00109, 0.00592, 0.00492, 0.95453, 0.86678, 0.11033, 0.56219, 0.02265, 0.00828, 0.80032, 0.51171, 0.29017, 0.09052, 0.75067, 0.80291, 0.32218, 0.00197, 0.66852, 0.03249, 0.01819, 0.00339, 0.02991, 0.8655, 0.00133, 0.00726, 0.0446, 0.0618, 0.9117, 0.00817, 0.80093, 0.0223, 0.50697, 0.00174, 0.01941, 0.0151, 0.06362, 0.54468, 0.05617, 0.9101, 0.01936, 0.00103, 0.93389, 0.24476, 0.42257, 0.18819, 0.00872, 0.0151, 0.24648, 0.0139, 0.2538, 0.7116, 0.03891, 0.16426, 0.69547, 0.00369, 0.01186, 0.4342, 0.04256, 0.01411, 0.57765, 0.19267, 0.013, 0.06008, 0.00347, 0.74865, 0.02962, 0.16159, 0.01341, 0.69241, 0.2755, 0.07544, 0.00268, 0.12295, 0.86977, 0.01101, 0.01246, 0.04392, 0.52983, 0.01697, 0.00178, 0.58049, 0.76822, 0.92195, 0.04901, 0.01712, 0.85277, 0.70066, 0.0062, 0.00305, 0.82958, 0.05557, 0.00769, 0.01153, 0.82288, 0.13796, 0.85968,