{"model": "bert-base-multilingual-cased", "dataset": "dravidian_kannada", "train_config": "hardneg", "seed": 99, "thr_cal": 0.7694774270057678, "metrics_05": {"macro": 0.7333845314884788, "toxf1": 0.6501240694789082, "prec": 0.5390946502057613, "rec": 0.81875, "prauc": 0.6863351373319011, "ece": 0.16499249716591308, "covert": 0.8444444444444444}, "metrics_cal": {"macro": 0.7248150502832043, "toxf1": 0.6036585365853658, "prec": 0.5892857142857143, "rec": 0.61875, "prauc": 0.6863351373319011, "ece": 0.16499249716591308, "covert": 0.8024691358024691}, "probs": [0.15509, 0.39153, 0.94873, 0.24946, 0.6518, 0.79002, 0.16153, 0.03439, 0.00983, 0.24189, 0.85326, 0.14724, 0.01448, 0.93804, 0.19263, 0.05116, 0.01153, 0.88339, 0.04221, 0.7696, 0.94254, 0.26492, 0.94227, 0.92836, 0.99833, 0.72178, 0.99042, 0.56241, 0.73227, 0.96288, 0.99783, 0.52869, 0.67685, 0.98446, 0.5477, 0.0582, 0.64394, 0.00889, 0.27899, 0.08395, 0.23703, 0.02587, 0.92594, 0.40977, 0.46819, 0.54224, 0.12782, 0.09835, 0.07783, 0.93757, 0.82869, 0.44583, 0.08525, 0.56369, 0.3358, 0.98528, 0.05702, 0.84508, 0.71893, 0.83804, 0.80617, 0.01776, 0.07506, 0.78084, 0.01713, 0.02292, 0.0526, 0.04149, 0.84535, 0.99674, 0.02667, 0.00877, 0.03327, 0.67694, 0.10867, 0.76359, 0.47229, 0.62975, 0.73587, 0.7855, 0.17074, 0.97803, 0.61687, 0.88963, 0.48153, 0.01501, 0.96359, 0.03195, 0.96317, 0.07044, 0.01029, 0.19989, 0.00512, 0.87111, 0.34288, 0.06914, 0.02417, 0.00931, 0.24152, 0.04444, 0.03603, 0.96034, 0.07505, 0.96257, 0.3952, 0.63357, 0.9295, 0.26579, 0.07607, 0.44595, 0.98818, 0.03898, 0.00317, 0.04492, 0.03833, 0.08825, 0.67685, 0.14149, 0.96532, 0.67312, 0.24387, 0.06621, 0.93156, 0.42792, 0.03225, 0.05477, 0.12782, 0.96471, 0.04422, 0.43892, 0.7918, 0.0398, 0.01056, 0.67739, 0.93303, 0.81318, 0.03413, 0.99679, 0.08637, 0.59132, 0.10304, 0.27157, 0.39356, 0.88705, 0.87848, 0.84267, 0.27954, 0.358, 0.49747, 0.26429, 0.0109, 0.02173, 0.9479, 0.94803, 0.28653, 0.98033, 0.04391, 0.61947, 0.67426, 0.53587, 0.21905, 0.00301, 0.01914, 0.07055, 0.14124, 0.00934, 0.58265, 0.69941, 0.9058, 0.37621, 0.00499, 0.96421, 0.50466, 0.50649, 0.92626, 0.0161, 0.12782, 0.33898, 0.15253, 0.82928, 0.44466, 0.04928, 0.12782, 0.96457, 0.97049, 0.01901, 0.96635, 0.80294, 0.32435, 0.02994, 0.95541, 0.92498, 0.18276, 0.12782, 0.14433, 0.98937, 0.22464, 0.46806, 0.44676, 0.42448, 0.06812, 0.00787, 0.05951, 0.87493, 0.59633, 0.69317, 0.8884, 0.06722, 0.97928, 0.0156, 0.97641, 0.61435, 0.49827, 0.00515, 0.02717, 0.00275, 0.7677, 0.36247, 0.0062, 0.08931, 0.00943, 0.54021, 0.04388, 0.92397, 0.90847, 0.33288, 0.00441, 0.40206, 0.07836, 0.03805, 0.00291, 0.16184, 0.02177, 0.28961, 0.10892, 0.87185, 0.99748, 0.21476, 0.00256, 0.01283, 0.10083, 0.12782, 0.89621, 0.99438, 0.9989, 0.00618, 0.03238, 0.25785, 0.64337, 0.23471, 0.92983, 0.16185, 0.75642, 0.73447, 0.23555, 0.0241, 0.55616, 0.38536, 0.19168, 0.07615, 0.47396, 0.3952, 0.94559, 0.19841, 0.06041, 0.04126, 0.12782, 0.03873, 0.07061, 0.00254, 0.01238, 0.05471, 0.74846, 0.8756, 0.00813, 0.25572, 0.88707, 0.00252, 0.96168, 0.94912, 0.37975, 0.71998, 0.96271, 0.19569, 0.7081, 0.51879, 0.10896, 0.96637, 0.00401, 0.20843, 0.97609, 0.00643, 0.03361, 0.63754, 0.33845, 0.12782, 0.59453, 0.49769, 0.18391, 0.22082, 0.05377, 0.12102, 0.0073, 0.99215, 0.01841, 0.04949, 0.8967, 0.12782, 0.00572, 0.08107, 0.16249, 0.14952, 0.06877, 0.76982, 0.94747, 0.08778, 0.04368, 0.46164, 0.28952, 0.24292, 0.98609, 0.22217, 0.00412, 0.00747, 0.97699, 0.01343, 0.6955, 0.00842, 0.59317, 0.97408, 0.00374, 0.33825, 0.02155, 0.11048, 0.46635, 0.0344, 0.25711, 0.80496, 0.11335, 0.35647, 0.35506, 0.22155, 0.91943, 0.02973, 0.73773, 0.15668, 0.98168, 0.77621, 0.12782, 0.77029, 0.07066, 0.15365, 0.88987, 0.88609, 0.81296, 0.84651, 0.90919, 0.9602, 0.01769, 0.08684, 0.56107, 0.00832, 0.05529, 0.75088, 0.15273, 0.0168, 0.91669, 0.18789, 0.00581, 0.63616, 0.99792, 0.23851, 0.05908, 0.12782, 0.06436, 0.05052, 0.02768, 0.85451, 0.9946, 0.10024, 0.79003, 0.42253, 0.10528, 0.82973, 0.95701, 0.94701, 0.00806, 0.00548, 0.45335, 0.97669, 0.55588, 0.02345, 0.42378, 0.35008, 0.61154, 0.00494, 0.48288, 0.77548, 0.03966, 0.86342, 0.25273, 0.49552, 0.72947, 0.99123, 0.01471, 0.11228, 0.01293, 0.99823, 0.40604, 0.63635, 0.08946, 0.01405, 0.76177, 0.02685, 0.34315, 0.94589, 0.12875, 0.34431, 0.29633, 0.72503, 0.29884, 0.83251, 0.75106, 0.00505, 0.89797, 0.96256, 0.26276, 0.99214, 0.99146, 0.00887, 0.12631, 0.40839, 0.00326, 0.63209, 0.85005, 0.99807, 0.93587, 0.02536, 0.97187, 0.00754, 0.26871, 0.29567, 0.02217, 0.01719, 0.99863, 0.97535, 0.00643, 0.96239, 0.321, 0.43783, 0.9176, 0.19638, 0.00754, 0.0396, 0.33376, 0.39661, 0.21639, 0.67731, 0.07291, 0.0275, 0.31234, 0.03775, 0.06723, 0.00662, 0.19325, 0.19955, 0.14873, 0.93651, 0.94373, 0.86486, 0.86778, 0.9639, 0.81478, 0.19414, 0.67465, 0.00328, 0.6074, 0.9972, 0.79693, 0.14112, 0.84718, 0.99364, 0.01759, 0.2141, 0.94025, 0.83885, 0.92288, 0.96726, 0.73598, 0.04205, 0.08101, 0.13311, 0.95436, 0.97987, 0.00413, 0.79881, 0.27483, 0.12952, 0.97633, 0.99147, 0.00855, 0.00382, 0.80686, 0.03568, 0.01215, 0.91224, 0.06927, 0.0681, 0.02264, 0.93184, 0.02301, 0.99024, 0.07525, 0.04233, 0.00546, 0.81667, 0.32933, 0.63629, 0.2727, 0.42491, 0.37188, 0.96887, 0.97428, 0.05151, 0.47945, 0.93872, 0.12782, 0.78656, 0.23848, 0.02539, 0.12327, 0.45989, 0.74944, 0.03514, 0.54949, 0.12782, 0.57637, 0.7, 0.05626, 0.9066, 0.91051, 0.78378, 0.57178, 0.91282, 0.0053, 0.61922, 0.84773, 0.82017, 0.34319, 0.83276, 0.96021, 0.00581, 0.04385, 0.65936, 0.01703, 0.99417, 0.00227, 0.93938, 0.34516, 0.56371, 0.13203, 0.17885, 0.02391, 0.69194, 0.97273, 0.66923, 0.55239, 0.00634, 0.99317, 0.6465, 0.96025, 0.96556, 0.31268, 0.90553, 0.00645, 0.0097, 0.63833, 0.14005, 0.117, 0.93895, 0.4291, 0.06127, 0.18444, 0.82074, 0.02922, 0.41341], "labels": [0, 0, 0, 0, 0, 0, 0, 0, 0, 0, 0, 0, 0, 0, 1, 0, 0, 1, 0, 0, 0, 0, 0, 1, 1, 1, 1, 1, 1, 0, 1, 0, 1, 1, 1, 0, 1, 0, 0, 1, 0, 0, 1, 0, 0, 0, 0, 0, 0, 1, 0, 0, 0, 1, 0, 0, 0, 0, 1, 0, 0, 0, 0, 1, 0, 0, 0, 0, 1, 1, 1, 0, 0, 0, 0, 1, 0, 0, 0, 1, 0, 1, 1, 0, 0, 0, 1, 0, 1, 0, 0, 0, 0, 0, 0, 0, 0, 1, 0, 0, 0, 1, 0, 1, 0, 0, 1, 0, 0, 0, 0, 0, 0, 0, 0, 0, 0, 0, 1, 0, 0, 0, 1, 1, 0, 0, 0, 0, 0, 0, 0, 0, 0, 1, 1, 0, 0, 1, 0, 0, 0, 0, 1, 1, 1, 0, 0, 0, 1, 0, 0, 0, 0, 0, 0, 1, 0, 0, 0, 1, 1, 1, 0, 1, 0, 0, 0, 0, 0, 0, 0, 1, 0, 0, 1, 0, 0, 0, 0, 0, 0, 0, 0, 0, 1, 0, 0, 0, 0, 0, 0, 1, 0, 1, 0, 1, 1, 0, 0, 0, 0, 0, 0, 0, 1, 1, 0, 0, 1, 0, 1, 0, 1, 0, 0, 0, 1, 0, 0, 0, 1, 0, 0, 0, 1, 0, 0, 0, 0, 0, 0, 0, 0, 0, 0, 1, 1, 0, 0, 0, 0, 0, 0, 1, 1, 0, 0, 0, 0, 0, 0, 0, 0, 1, 0, 0, 0, 0, 1, 0, 1, 0, 0, 0, 0, 0, 0, 0, 0, 0, 0, 0, 0, 1, 0, 0, 0, 0, 1, 1, 0, 1, 1, 0, 0, 1, 0, 1, 0, 0, 1, 0, 0, 1, 0, 0, 0, 1, 0, 0, 0, 0, 0, 0, 0, 0, 0, 1, 0, 0, 0, 0, 0, 0, 1, 1, 0, 0, 0, 0, 1, 1, 0, 0, 1, 0, 1, 0, 1, 1, 0, 0, 0, 0, 0, 0, 0, 1, 0, 0, 0, 0, 0, 0, 0, 0, 1, 0, 0, 0, 0, 0, 1, 0, 0, 1, 0, 1, 0, 0, 1, 0, 0, 0, 0, 0, 1, 0, 0, 1, 1, 0, 0, 0, 0, 0, 0, 1, 1, 0, 1, 0, 0, 1, 1, 1, 0, 0, 1, 1, 0, 0, 0, 0, 0, 0, 0, 0, 0, 1, 1, 1, 0, 1, 0, 0, 0, 1, 0, 0, 0, 0, 0, 0, 0, 0, 0, 1, 0, 1, 0, 0, 1, 0, 0, 0, 1, 1, 1, 0, 0, 0, 0, 0, 0, 1, 1, 0, 1, 0, 0, 0, 0, 0, 1, 1, 0, 1, 0, 1, 0, 0, 0, 0, 0, 0, 0, 0, 0, 0, 0, 0, 0, 0, 0, 0, 0, 1, 0, 1, 0, 0, 1, 1, 1, 0, 0, 1, 0, 0, 1, 1, 0, 0, 1, 0, 1, 1, 0, 0, 0, 0, 1, 1, 0, 1, 0, 0, 1, 0, 0, 0, 0, 0, 0, 0, 0, 0, 0, 1, 0, 1, 0, 0, 0, 1, 0, 1, 0, 0, 0, 1, 0, 0, 0, 0, 0, 0, 0, 0, 0, 0, 0, 0, 1, 0, 0, 1, 1, 1, 0, 0, 0, 1, 0, 0, 0, 1, 0, 1, 1, 0, 0, 0, 0, 1, 0, 0, 0, 0, 0, 0, 0, 1, 1, 1, 1, 0, 0, 0, 1, 1, 0, 0, 0, 0, 0, 0, 0, 0, 0, 0, 0, 1, 0, 1], "n": {"train": 3400, "val": 600, "test": 586, "toxic_frac": 0.23911764705882352}}