{"model": "bert-base-multilingual-cased", "dataset": "dravidian_tamil", "train_config": "supcon", "seed": 2024, "thr_cal": 0.24924633502960206, "metrics_05": {"macro": 0.7200275977055979, "toxf1": 0.5787348586810229, "prec": 0.5443037974683544, "rec": 0.617816091954023, "prauc": 0.5860797642435585, "ece": 0.09136047246058783, "covert": 0.6721763085399449}, "metrics_cal": {"macro": 0.6692194816329222, "toxf1": 0.5466101694915254, "prec": 0.43288590604026844, "rec": 0.7413793103448276, "prauc": 0.5860797642435585, "ece": 0.09136047246058783, "covert": 0.6850574712643678}, "probs": [0.01471, 0.0023, 0.08545, 0.00898, 0.8102, 0.15392, 0.00408, 0.0032, 0.0232, 0.00909, 0.0135, 0.03351, 0.01885, 0.01771, 0.43759, 0.14982, 0.69361, 0.68092, 0.0038, 0.51493, 0.09048, 0.06803, 0.11144, 0.15603, 0.006, 0.15896, 0.86966, 0.01109, 0.11735, 0.01031, 0.07989, 0.05444, 0.00547, 0.02317, 0.0272, 0.85613, 0.07324, 0.07034, 0.00512, 0.18451, 0.55357, 0.02145, 0.4001, 0.08747, 0.02545, 0.87771, 0.01198, 0.0311, 0.09548, 0.01483, 0.0042, 0.00554, 0.13919, 0.02604, 0.03876, 0.22784, 0.12518, 0.33432, 0.74956, 0.09944, 0.02846, 0.00222, 0.67266, 0.02672, 0.10057, 0.09693, 0.02708, 0.6442, 0.64545, 0.59904, 0.75286, 0.10363, 0.03279, 0.0092, 0.24737, 0.31101, 0.12064, 0.63692, 0.01215, 0.05275, 0.10548, 0.74234, 0.11691, 0.00479, 0.02178, 0.01505, 0.05839, 0.00486, 0.00851, 0.62417, 0.03297, 0.90893, 0.01288, 0.29902, 0.04818, 0.15161, 0.14908, 0.00866, 0.11324, 0.01301, 0.63002, 0.02824, 0.04096, 0.02494, 0.82367, 0.80923, 0.23724, 0.01887, 0.00205, 0.60018, 0.12481, 0.27686, 0.95315, 0.64616, 0.45363, 0.03173, 0.04031, 0.01328, 0.06387, 0.00891, 0.05494, 0.00602, 0.1137, 0.11679, 0.34943, 0.06389, 0.15852, 0.50593, 0.01517, 0.03311, 0.00824, 0.66949, 0.13763, 0.06613, 0.8097, 0.45997, 0.33819, 0.02962, 0.05403, 0.87857, 0.65567, 0.01066, 0.53184, 0.85286, 0.21772, 0.29265, 0.00167, 0.60282, 0.05716, 0.40664, 0.65786, 0.04799, 0.68444, 0.01118, 0.31762, 0.03188, 0.0264, 0.2577, 0.01142, 0.05392, 0.07089, 0.82008, 0.02602, 0.86372, 0.00478, 0.04204, 0.18912, 0.32448, 0.7744, 0.25234, 0.88038, 0.81606, 0.14586, 0.42833, 0.0466, 0.02236, 0.36075, 0.00739, 0.00828, 0.8147, 0.3624, 0.73212, 0.05611, 0.79103, 0.00797, 0.02886, 0.29417, 0.00492, 0.01202, 0.11262, 0.00666, 0.01241, 0.17855, 0.01162, 0.00858, 0.51805, 0.02439, 0.88073, 0.04883, 0.00782, 0.29186, 0.91959, 0.4837, 0.00886, 0.4098, 0.15895, 0.28306, 0.01062, 0.02173, 0.33105, 0.70871, 0.0516, 0.54579, 0.00365, 0.01133, 0.19619, 0.01092, 0.02089, 0.49652, 0.02139, 0.01719, 0.00611, 0.01616, 0.92709, 0.42112, 0.76999, 0.84327, 0.08848, 0.01651, 0.00465, 0.01378, 0.02041, 0.01597, 0.89573, 0.02014, 0.12187, 0.72492, 0.00161, 0.62125, 0.09854, 0.88935, 0.15116, 0.00886, 0.58794, 0.57446, 0.15809, 0.01552, 0.26207, 0.06496, 0.26371, 0.00529, 0.04148, 0.01117, 0.00569, 0.48197, 0.03829, 0.02638, 0.40535, 0.02565, 0.00491, 0.56388, 0.8384, 0.41592, 0.01538, 0.16821, 0.0066, 0.15925, 0.24142, 0.57521, 0.06319, 0.26495, 0.81875, 0.86877, 0.00775, 0.01045, 0.00944, 0.78229, 0.60532, 0.00515, 0.22798, 0.03585, 0.02241, 0.00907, 0.00538, 0.0521, 0.01062, 0.06126, 0.14842, 0.45178, 0.04575, 0.00864, 0.00242, 0.01119, 0.81683, 0.44718, 0.15353, 0.06378, 0.29494, 0.81208, 0.03405, 0.00287, 0.01053, 0.03338, 0.7137, 0.78782, 0.24409, 0.23489, 0.13565, 0.06558, 0.00765, 0.39275, 0.86295, 0.08931, 0.34756, 0.20751, 0.14802, 0.69012, 0.05413, 0.05266, 0.51492, 0.0027, 0.63469, 0.83447, 0.51502, 0.00865, 0.78731, 0.86029, 0.14764, 0.19373, 0.00314, 0.07676, 0.70345, 0.16159, 0.01122, 0.05381, 0.00806, 0.02997, 0.54753, 0.01228, 0.40885, 0.00387, 0.01117, 0.03244, 0.80113, 0.18404, 0.0193, 0.21659, 0.01123, 0.03011, 0.01223, 0.19198, 0.13357, 0.33769, 0.69649, 0.47721, 0.36721, 0.09514, 0.27936, 0.0134, 0.08893, 0.21212, 0.41562, 0.03116, 0.13893, 0.53376, 0.47933, 0.01283, 0.83089, 0.00501, 0.93847, 0.03005, 0.4991, 0.54168, 0.06933, 0.10337, 0.4079, 0.02472, 0.60023, 0.86711, 0.05454, 0.22207, 0.00619, 0.24153, 0.37625, 0.68186, 0.65753, 0.41281, 0.75348, 0.01224, 0.11467, 0.66454, 0.06416, 0.00814, 0.02633, 0.29653, 0.71586, 0.47728, 0.53697, 0.01103, 0.07508, 0.73392, 0.26262, 0.01169, 0.01473, 0.01091, 0.00414, 0.03164, 0.79406, 0.03038, 0.8864, 0.93317, 0.03723, 0.07305, 0.20724, 0.37862, 0.44628, 0.19524, 0.04095, 0.78552, 0.79223, 0.61921, 0.33739, 0.01528, 0.25906, 0.37263, 0.01976, 0.06976, 0.01178, 0.84031, 0.59877, 0.01445, 0.53036, 0.51274, 0.3291, 0.58915, 0.0078, 0.01564, 0.86653, 0.04576, 0.02987, 0.88221, 0.04469, 0.76651, 0.32851, 0.14445, 0.14257, 0.84213, 0.00538, 0.69615, 0.29466, 0.27993, 0.79869, 0.13543, 0.0419, 0.03911, 0.46323, 0.05601, 0.06192, 0.02017, 0.02448, 0.06013, 0.01367, 0.37994, 0.01186, 0.02531, 0.70151, 0.02712, 0.01369, 0.26516, 0.04109, 0.00856, 0.33768, 0.64034, 0.01192, 0.52059, 0.34129, 0.0155, 0.65406, 0.77258, 0.81713, 0.65194, 0.02728, 0.05371, 0.69765, 0.01719, 0.94286, 0.96014, 0.02987, 0.01244, 0.10691, 0.05822, 0.88614, 0.07945, 0.20096, 0.79485, 0.19646, 0.80462, 0.00412, 0.35285, 0.14474, 0.31461, 0.15661, 0.02159, 0.40623, 0.19216, 0.02683, 0.01097, 0.06185, 0.77805, 0.02625, 0.00846, 0.05925, 0.01117, 0.05476, 0.01971, 0.64394, 0.22818, 0.13196, 0.5355, 0.12224, 0.68084, 0.18031, 0.07353, 0.70095, 0.13691, 0.01222, 0.05406, 0.01334, 0.55345, 0.25776, 0.05234, 0.01347, 0.88897, 0.17103, 0.4124, 0.00829, 0.06976, 0.00612, 0.01389, 0.11906, 0.33042, 0.04503, 0.02295, 0.00812, 0.14586, 0.80524, 0.08301, 0.72803, 0.02414, 0.00871, 0.00702, 0.00597, 0.55804, 0.03862, 0.09552, 0.02319, 0.42799, 0.82348, 0.87061, 0.55021, 0.06364, 0.51541, 0.69798, 0.34221, 0.28111, 0.63836, 0.7674, 0.62864, 0.00255, 0.90737, 0.15314, 0.54089, 0.05535, 0.00275, 0.08341, 0.11197, 0.17751, 0.10262, 0.03802, 0.04546, 0.32118, 0.28172, 0.03223, 0.10683, 0.03139, 0.10481, 0.49902, 0.00614, 0.87607, 0.95174, 0.01039, 0.84731, 0.51864, 0.71103, 0.01088, 0.1033, 0.01833, 0.00524, 0.01317, 0.06074, 0.01169, 0.74183, 0.39073, 0.04543, 0.12983, 0.43729, 0.03081, 0.01576, 0.64078, 0.851, 0.08908, 0.49704, 0.01778, 0.60982, 0.64512, 0.42224, 0.0471, 0.27552, 0.03402, 0.72581, 0.04146, 0.02379, 0.89801, 0.10089, 0.62535, 0.73868, 0.00568, 0.01177, 0.74943, 0.02066, 0.59036, 0.30164, 0.00783, 0.08038, 0.02486, 0.40433, 0.45721, 0.01248, 0.86082, 0.01113, 0.00788, 0.05378, 0.3679, 0.5658, 0.39722, 0.02783, 0.20624, 0.36831, 0.62086, 0.88147, 0.05167, 0.48045, 0.76796, 0.16058, 0.12266, 0.01937, 0.00381, 0.59403, 0.73953, 0.68086, 0.76819, 0.52022, 0.01902, 0.00707, 0.66114, 0.0109, 0.12056, 0.00703, 0.18382, 0.27044, 0.80772, 0.00876, 0.62284, 0.21023, 0.00995, 0.05436, 0.0025, 0.59466, 0.01934, 0.9271, 0.00682, 0.55185, 0.58941, 0.0069, 0.43412, 0.00391, 0.03215, 0.83862, 0.08482, 0.49316, 0.10171, 0.05189, 0.00554, 0.092, 0.31949, 0.03026, 0.02186, 0.08375, 0.02379, 0.49543, 0.08472, 0.24205, 0.39544, 0.89556, 0.3505, 0.03893, 0.15339, 0.038, 0.00491, 0.01519, 0.00542, 0.00976, 0.01727, 0.0069, 0.32937, 0.52719, 0.65575, 0.01788, 0.81763, 0.03632, 0.93186, 0.17637, 0.03414, 0.02238, 0.01006, 0.01627, 0.32948, 0.43177, 0.03401, 0.24483, 0.00285, 0.47808, 0.83761, 0.36793, 0.79186, 0.05399, 0.00918, 0.00326, 0.44959, 0.00456, 0.00587, 0.04116, 0.91405, 0.74485, 0.17059, 0.2189, 0.01323, 0.00913, 0.59462, 0.73693, 0.16363, 0.01372, 0.79705, 0.62713, 0.05399, 0.01701, 0.68681, 0.19241, 0.05673, 0.06015, 0.28792, 0.34921, 0.01063, 0.01453, 0.19442, 0.03485, 0.65214, 0.16472, 0.64501, 0.03679, 0.40924, 0.0127, 0.10968, 0.18727, 0.41262, 0.08387, 0.00649, 0.73928, 0.13661, 0.01089, 0.8276, 0.80783, 0.79821, 0.19225, 0.11046, 0.12219, 0.4665, 0.03902, 0.57281, 0.4602, 0.05143, 0.53194, 0.62738, 0.02792, 0.03186, 0.7722, 0.49263, 0.05724, 0.02382, 0.44452, 0.05107, 0.28835, 0.00692, 0.68, 0.10259, 0.52068, 0.00736, 0.90639, 0.08473, 0.62098, 0.0066, 0.79316, 0.65805, 0.04704, 0.0306, 0.29198, 0.06776, 0.15967, 0.04821, 0.44022, 0.87468, 0.86279, 0.02853, 0.04086, 0.7416, 0.41713, 0.11237, 0.035, 0.6157, 0.35504, 0.03302, 