{"model": "bert-base-multilingual-cased", "dataset": "dravidian_tamil", "train_config": "ce", "seed": 99, "thr_cal": 0.07424462437629688, "metrics_05": {"macro": 0.7128549695740365, "toxf1": 0.5558823529411765, "prec": 0.5692771084337349, "rec": 0.5431034482758621, "prauc": 0.5891485863436429, "ece": 0.10637177873030307, "covert": 0.6629213483146067}, "metrics_cal": {"macro": 0.6869980517537271, "toxf1": 0.5755693581780539, "prec": 0.44983818770226536, "rec": 0.7988505747126436, "prauc": 0.5891485863436429, "ece": 0.10637177873030307, "covert": 0.7247706422018348}, "probs": [5e-05, 5e-05, 0.00246, 0.00015, 0.90122, 0.03048, 0.0006, 0.0003, 0.00011, 0.00327, 0.0027, 0.00626, 0.00025, 0.00034, 0.0698, 0.05333, 0.82149, 0.28574, 3e-05, 0.88683, 0.00291, 0.00721, 0.00809, 0.24663, 0.00075, 0.24828, 0.95473, 0.008, 0.01509, 0.00223, 0.00093, 0.01999, 0.00031, 0.00288, 0.0009, 0.9593, 0.15081, 0.07074, 0.0001, 0.54424, 0.39582, 0.00474, 0.06482, 0.31576, 0.02673, 0.97061, 8e-05, 0.00036, 0.25641, 0.00065, 9e-05, 0.00013, 0.0141, 0.00721, 0.01061, 0.06891, 0.03765, 0.09812, 0.17573, 0.02801, 0.00398, 7e-05, 0.5388, 0.00179, 0.02024, 0.00322, 0.07218, 0.89102, 0.80915, 0.0182, 0.81249, 0.02367, 0.00141, 0.00013, 0.05139, 0.27282, 0.02637, 0.80132, 0.00011, 0.15719, 0.11191, 0.85411, 0.01667, 0.00011, 0.00157, 0.00029, 0.01829, 0.00081, 0.00025, 0.18683, 0.00105, 0.81331, 0.00599, 0.24223, 0.02607, 0.01238, 0.23397, 0.00034, 0.02167, 0.00075, 0.07594, 0.00534, 0.00795, 0.01349, 0.67663, 0.72729, 0.02254, 0.00061, 7e-05, 0.80812, 0.26015, 0.27699, 0.97192, 0.03585, 0.04964, 0.02331, 0.00036, 0.00374, 0.0886, 0.00043, 0.03387, 0.0001, 0.00319, 0.26225, 0.00847, 0.00118, 0.67119, 0.11367, 0.00043, 9e-05, 0.00569, 0.0236, 0.01567, 0.04854, 0.92471, 0.22407, 0.26865, 0.00475, 0.0014, 0.93574, 0.13029, 9e-05, 0.73055, 0.75174, 0.03798, 0.36531, 9e-05, 0.04106, 0.69507, 0.58042, 0.0549, 0.00048, 0.6395, 0.00127, 0.3834, 0.03123, 0.00052, 0.69078, 0.00016, 0.12908, 0.00112, 0.79673, 0.0263, 0.92509, 0.00034, 0.02159, 0.3292, 0.23201, 0.28921, 0.62336, 0.95265, 0.6234, 0.02066, 0.0793, 0.0093, 0.05084, 0.18532, 0.00113, 0.00022, 0.82251, 0.0455, 0.5896, 0.13073, 0.75263, 0.00049, 0.00135, 0.09246, 0.0008, 0.00018, 0.00306, 0.00534, 0.00585, 0.02384, 0.00674, 0.00011, 0.11276, 0.00535, 0.92757, 0.01228, 9e-05, 0.04522, 0.96435, 0.47382, 0.00031, 0.29594, 0.0821, 0.14485, 9e-05, 0.06587, 0.00935, 0.66825, 0.00258, 0.56063, 0.00105, 0.00017, 0.20417, 0.00139, 0.00821, 0.08687, 4e-05, 0.00176, 0.00012, 0.04097, 0.97195, 0.37283, 0.75369, 0.88931, 0.02905, 0.00014, 0.03216, 0.01855, 0.0046, 0.00775, 0.96777, 0.00234, 0.00915, 0.64572, 6e-05, 0.62398, 0.00107, 0.98356, 0.12092, 0.00179, 0.16989, 0.03895, 0.24515, 0.01008, 0.11505, 0.04538, 0.01238, 0.00012, 0.0004, 0.00013, 0.00031, 0.238, 0.00116, 0.00109, 0.12266, 0.00336, 7e-05, 0.84802, 0.93474, 0.09472, 0.0352, 0.01937, 0.00072, 0.48755, 0.03494, 0.82919, 0.0365, 0.00413, 0.90141, 0.87328, 0.00017, 0.001, 0.00012, 0.88289, 0.11789, 0.00075, 0.03305, 0.0101, 0.00265, 0.0003, 0.00014, 0.00296, 0.00033, 0.01165, 0.02274, 0.01141, 0.6055, 0.00152, 4e-05, 0.00028, 0.72122, 0.46535, 0.09442, 0.00752, 0.08782, 0.95529, 0.0831, 5e-05, 0.00031, 0.06344, 0.75845, 0.45087, 0.00895, 0.00866, 0.03157, 0.00895, 0.00069, 0.26407, 0.8395, 0.15291, 0.16051, 0.57524, 0.10855, 0.28461, 0.23683, 0.00286, 0.18836, 7e-05, 0.73494, 0.87001, 0.46677, 0.00079, 0.8712, 0.77947, 0.03359, 0.07084, 4e-05, 0.02907, 0.18855, 0.00425, 0.00058, 0.00547, 0.00147, 0.0009, 0.11228, 0.00389, 0.03082, 4e-05, 0.00043, 0.0143, 0.8028, 0.27232, 0.00183, 0.09204, 0.00022, 0.20884, 0.00567, 0.08343, 0.01204, 0.17847, 0.48972, 0.04469, 0.20064, 0.00322, 0.08259, 0.00233, 0.03496, 0.11909, 0.04791, 0.00078, 0.00119, 0.06643, 0.79159, 0.00025, 0.87141, 5e-05, 0.97905, 0.00091, 0.66213, 0.56066, 0.03446, 0.0109, 0.00317, 0.01268, 0.05381, 0.94448, 0.0073, 0.47682, 0.00042, 0.00126, 0.07053, 0.7484, 0.07543, 0.03999, 0.6194, 8e-05, 0.0061, 0.29768, 0.86653, 0.00031, 0.00423, 0.00819, 0.77077, 0.3867, 0.21851, 0.00304, 0.00037, 0.91466, 0.07283, 0.00041, 0.00037, 0.00076, 0.00019, 0.16176, 0.94584, 0.00333, 0.89931, 0.97691, 0.00881, 0.33413, 0.82051, 0.0185, 0.65097, 0.5004, 0.00765, 0.64066, 0.82485, 0.65755, 0.36418, 0.00344, 0.00808, 0.21256, 0.00053, 0.01723, 0.02471, 0.38222, 0.07593, 0.00017, 0.5385, 0.27518, 0.5943, 0.6411, 0.00014, 0.00041, 0.63633, 0.0457, 7e-05, 0.54184, 0.01281, 0.84896, 0.57078, 0.11967, 0.01305, 0.84804, 5e-05, 0.75738, 0.60114, 0.00776, 0.61347, 0.02294, 0.00401, 0.02459, 0.53686, 0.10954, 0.07247, 0.00358, 0.07109, 0.00099, 0.00016, 0.55487, 0.00102, 0.0004, 0.83928, 0.00401, 0.00701, 0.02563, 0.03043, 7e-05, 0.17961, 0.61489, 0.00053, 0.0664, 0.01583, 0.00072, 0.80019, 0.78702, 0.73172, 0.69178, 0.04852, 0.00029, 0.83772, 0.0022, 0.89139, 0.99244, 0.00406, 0.00021, 0.00483, 0.0323, 0.96965, 0.01839, 0.0159, 0.81582, 0.10714, 0.60813, 4e-05, 0.86926, 0.45139, 0.5177, 0.07561, 0.00044, 0.12137, 0.56688, 0.00117, 0.00093, 0.00344, 0.85707, 0.02138, 9e-05, 0.08362, 6e-05, 0.71346, 0.00128, 0.40986, 0.19463, 0.00469, 0.05969, 0.03699, 0.82938, 0.008, 0.00045, 0.29532, 0.1761, 0.04289, 0.01982, 0.0029, 0.0797, 0.74405, 0.08119, 0.00928, 0.85376, 0.12993, 0.01012, 0.00146, 0.0101, 0.0001, 0.00019, 0.19633, 0.01295, 0.01505, 0.00078, 0.00011, 0.01929, 0.89132, 0.02295, 0.73412, 0.00142, 0.00037, 0.00035, 0.00163, 0.08414, 0.06223, 0.01881, 0.01178, 0.21599, 0.71327, 0.91296, 0.70876, 0.29737, 0.39483, 0.05576, 0.03679, 0.03187, 0.0483, 0.72464, 0.74403, 3e-05, 0.89067, 0.00162, 0.71226, 0.01271, 0.00034, 0.00729, 0.50907, 0.00557, 0.0074, 0.06756, 0.0002, 0.01102, 0.03029, 0.00048, 0.04543, 0.00039, 0.02291, 0.02235, 0.00049, 0.22158, 0.95928, 0.00124, 0.91199, 0.05905, 0.07674, 0.00593, 0.00232, 0.00337, 0.00022, 0.00047, 0.07706, 0.0002, 0.3098, 0.65341, 0.0017, 0.01635, 0.01398, 0.00606, 0.00217, 0.84576, 0.87376, 0.06265, 0.1743, 0.00258, 0.83111, 0.40061, 0.05552, 0.00437, 0.02911, 0.01342, 0.6442, 0.00659, 0.01452, 0.94877, 0.00088, 0.47481, 0.71847, 0.00066, 0.00067, 0.76415, 0.00773, 0.07938, 0.07775, 0.00036, 0.04262, 0.00161, 0.04997, 0.6979, 0.0001, 0.88904, 0.0094, 0.00086, 0.00072, 0.67467, 0.11812, 0.15521, 0.01123, 0.05262, 0.55383, 0.27003, 0.92543, 0.00743, 0.04135, 0.82255, 0.00131, 0.02111, 0.02115, 0.00011, 0.76908, 0.76093, 0.87317, 0.80592, 0.09904, 0.00397, 0.0002, 0.31169, 0.01452, 0.01709, 0.00019, 0.2733, 0.07407, 0.80436, 7e-05, 0.77865, 0.06365, 0.00027, 0.10143, 9e-05, 0.25956, 0.00019, 0.91568, 0.00121, 0.14671, 0.62073, 3e-05, 0.01466, 0.00013, 0.01364, 0.8623, 0.02631, 0.14968, 0.00498, 0.06211, 0.02309, 0.01339, 0.07766, 0.00724, 0.00013, 0.06989, 0.00035, 0.23332, 0.01281, 0.00356, 0.04487, 0.93975, 0.05894, 0.0009, 0.02679, 0.00634, 4e-05, 0.0006, 0.00014, 0.00014, 0.00545, 0.00012, 0.25455, 0.02359, 0.85258, 0.00026, 0.94649, 0.00692, 0.95942, 0.4045, 0.18178, 0.00857, 0.00024, 0.00032, 0.02558, 0.26788, 0.04646, 0.07859, 8e-05, 0.08093, 0.92963, 0.02666, 0.52922, 0.00089, 0.00036, 0.00024, 0.09791, 0.00017, 0.00015, 0.01324, 0.9549, 0.68406, 0.00425, 0.36894, 0.00186, 0.00039, 0.31904, 0.72601, 0.01745, 0.002, 0.64401, 0.39711, 0.18681, 0.00105, 0.60736, 0.01078, 0.00143, 0.04054, 0.03229, 0.92186, 0.00041, 0.02539, 0.02404, 0.01662, 0.83053, 0.04789, 0.889, 0.00727, 0.01407, 0.00173, 0.0246, 0.01145, 0.08121, 0.2395, 8e-05, 0.7778, 0.00165, 0.00057, 0.88828, 0.62086, 0.48561, 0.03017, 0.01842, 0.01637, 0.90693, 0.0093, 0.06476, 0.52737, 0.00089, 0.06643, 0.17902, 0.00022, 0.00186, 0.71543, 0.04499, 0.00692, 0.06946, 0.84985, 0.00016, 0.0125, 0.00014, 0.8064, 0.09515, 0.41986, 0.006, 0.93098, 0.18384, 0.05959, 0.00192, 0.47387, 0.67346, 0.00067, 0.00242, 0.02934, 0.08048, 0.00384, 0.00149, 0.47252, 0.87851, 0.72157, 0.00287, 0.05267, 0.75455, 0.585, 0.00136, 0.00262, 0.67052, 0.09818, 0.00185, 0.0373, 0.3216, 0.06527, 0.88902, 0.32813, 0.01661, 0.26199, 8e-05, 0.85045, 0.28444, 0.00067, 0.7661, 0.85231,