{"model": "bert-base-multilingual-cased", "dataset": "dravidian_malayalam", "train_config": "supcon", "seed": 7, "thr_cal": 0.22315295189619058, "metrics_05": {"macro": 0.6670366259711432, "toxf1": 0.35294117647058826, "prec": 0.39473684210526316, "rec": 0.3191489361702128, "prauc": 0.29126063117642137, "ece": 0.0535385056634744, "covert": 0.43137254901960786}, "metrics_cal": {"macro": 0.6426100660525492, "toxf1": 0.3140495867768595, "prec": 0.25675675675675674, "rec": 0.40425531914893614, "prauc": 0.29126063117642137, "ece": 0.0535385056634744, "covert": 0.3548387096774194}, "probs": [0.02906, 0.03721, 0.04919, 0.06985, 0.03794, 0.03993, 0.02958, 0.04982, 0.0868, 0.02899, 0.02817, 0.08145, 0.06912, 0.03742, 0.03567, 0.03458, 0.06074, 0.06752, 0.03428, 0.03847, 0.03796, 0.05357, 0.06708, 0.02972, 0.02898, 0.02691, 0.05435, 0.0411, 0.03632, 0.08926, 0.03985, 0.04458, 0.06073, 0.03298, 0.20873, 0.12168, 0.13311, 0.08451, 0.03084, 0.0306, 0.04877, 0.02879, 0.06926, 0.04779, 0.99951, 0.02859, 0.03539, 0.04341, 0.43465, 0.07438, 0.03166, 0.04601, 0.04171, 0.09793, 0.04012, 0.02825, 0.03054, 0.04236, 0.03349, 0.03712, 0.04358, 0.0501, 0.19696, 0.09448, 0.04957, 0.06462, 0.0439, 0.0393, 0.03143, 0.04879, 0.21576, 0.03772, 0.02945, 0.04326, 0.05388, 0.07445, 0.02951, 0.04369, 0.03104, 0.0458, 0.39607, 0.02816, 0.03085, 0.0274, 0.03448, 0.02966, 0.05143, 0.04274, 0.04468, 0.05456, 0.03768, 0.0471, 0.03003, 0.13763, 0.04284, 0.03672, 0.20648, 0.02848, 0.09778, 0.0521, 0.05883, 0.03146, 0.05293, 0.03249, 0.06949, 0.04895, 0.03175, 0.03665, 0.07527, 0.04642, 0.03334, 0.04621, 0.04186, 0.03595, 0.05251, 0.12303, 0.17195, 0.03183, 0.0293, 0.03465, 0.55866, 0.04086, 0.1604, 0.04611, 0.05657, 0.05863, 0.09037, 0.05646, 0.05942, 0.03278, 0.05403, 0.03364, 0.07432, 0.05217, 0.23983, 0.104, 0.04415, 0.05727, 0.06937, 0.03753, 0.09642, 0.05273, 0.04364, 0.02955, 0.03406, 0.03972, 0.03774, 0.02849, 0.0323, 0.03047, 0.0531, 0.02797, 0.03797, 0.03191, 0.06983, 0.39709, 0.02868, 0.06245, 0.04926, 0.03846, 0.03396, 0.03912, 0.03157, 0.22826, 0.04098, 0.03199, 0.03603, 0.0328, 0.07861, 0.03064, 0.08313, 0.03546, 0.05727, 0.11488, 0.03808, 0.05954, 0.07895, 0.07254, 0.04406, 0.04207, 0.04149, 0.04595, 0.31912, 0.11187, 0.2243, 0.04828, 0.03612, 0.03846, 0.11129, 0.091, 0.22796, 0.0474, 0.99952, 0.03477, 0.05254, 0.15082, 0.02894, 0.05573, 0.16605, 0.0483, 0.02924, 0.03141, 0.19639, 0.05872, 0.0398, 0.05349, 0.02849, 0.05817, 0.05226, 0.02744, 0.04093, 0.03175, 0.03664, 0.07948, 0.0402, 0.03278, 0.82977, 0.81523, 0.03068, 0.03296, 0.08465, 0.04323, 0.05002, 0.0333, 0.0448, 0.0275, 0.08249, 0.04488, 0.04976, 0.08395, 0.08791, 0.04114, 0.0869, 0.02859, 0.0676, 0.0521, 0.03281, 0.03433, 0.11106, 0.06325, 0.09717, 0.02954, 0.06385, 0.14916, 0.0318, 0.04703, 0.20157, 0.0425, 0.0398, 0.02995, 0.03245, 0.07126, 0.04857, 0.03009, 0.04807, 0.03534, 0.03485, 0.04423, 0.05399, 0.02955, 0.0325, 0.04903, 0.03501, 0.10107, 0.15376, 0.03521, 0.02978, 0.05763, 0.09824, 0.04955, 0.05087, 0.04261, 0.05686, 0.08531, 0.07907, 0.04026, 0.04201, 0.03146, 0.04065, 0.02986, 0.04409, 0.03755, 0.04754, 0.03919, 0.02856, 0.06936, 0.14716, 0.04249, 0.03464, 0.03745, 0.06964, 0.19566, 0.05501, 0.05505, 0.05924, 0.18181, 0.06809, 0.05142, 0.07635, 0.04053, 0.04625, 0.03278, 0.04463, 0.05583, 0.19289, 0.08647, 0.06199, 0.06677, 0.02869, 0.83605, 0.07014, 0.05438, 0.02878, 0.12001, 0.96758, 0.09138, 0.06283, 0.17568, 0.03108, 0.07448, 0.05472, 0.17194, 0.0312, 0.08417, 0.02812, 0.06621, 0.02816, 0.0834, 0.12048, 0.04989, 0.09229, 0.11321, 0.07354, 0.05045, 0.03856, 0.03451, 0.03394, 0.047, 0.03693, 0.03704, 0.12899, 0.03164, 0.13949, 0.88001, 0.04382, 0.04203, 0.04644, 0.0407, 0.02982, 0.03317, 0.2015, 0.13176, 0.03996, 0.03277, 0.04433, 0.03404, 0.08417, 0.05655, 0.04758, 0.23484, 0.03731, 0.04172, 0.02861, 0.77616, 0.06052, 0.03337, 0.07703, 0.0353, 0.06651, 0.04895, 0.04669, 0.04101, 0.32882, 0.07629, 0.04209, 0.09229, 0.04358, 0.02794, 0.03221, 0.04196, 0.03105, 0.05094, 0.07281, 0.05425, 0.05952, 0.0623, 0.04596, 0.03863, 0.14309, 0.04693, 0.04323, 0.03054, 0.03794, 0.04798, 0.9911, 0.09998, 0.10232, 0.03196, 0.03596, 0.07079, 0.12208, 0.04648, 0.16221, 0.05836, 0.0441, 0.03019, 0.0408, 0.07382, 0.05036, 0.03187, 0.05007, 0.03101, 0.21622, 0.04696, 0.04309, 0.03745, 0.03076, 0.06754, 0.1226, 0.111, 0.0458, 0.04274, 0.03758, 0.04634, 0.03426, 0.04118, 0.02922, 0.06366, 0.03754, 0.05428, 0.03313, 0.03159, 0.02878, 0.03126, 0.89341, 0.05479, 0.06426, 0.04389, 0.03044, 0.03032, 0.04644, 0.03297, 0.03302, 0.03713, 0.06165, 0.02956, 0.06468, 0.05151, 0.06132, 0.03021, 0.15045, 0.05139, 0.04889, 0.03444, 0.07377, 0.12378, 0.03183, 0.06513, 0.97444, 0.10673, 0.03019, 0.14655, 0.03033, 0.04651, 0.03628, 0.04366, 0.03067, 0.0383, 0.05672, 0.04737, 0.0521, 0.05991, 0.07043, 0.05438, 0.14538, 0.18351, 0.04149, 0.04446, 0.08848, 0.03563, 0.04769, 0.10209, 0.04768, 0.05531, 0.07216, 0.03108, 0.0734, 0.04578, 0.03606, 0.15393, 0.14744, 0.14383, 0.03465, 0.02954, 0.05922, 0.05901, 0.03649, 0.03388, 0.09463, 0.03881, 0.06486, 0.02946, 0.0306, 0.20902, 0.03375, 0.02805, 0.13848, 0.03191, 0.07789, 0.03369, 0.03827, 0.31372, 0.03995, 0.05487, 0.03407, 0.08432, 0.03117, 0.15221, 0.0718, 0.03685, 0.03443, 0.05555, 0.05052, 0.03735, 0.04551, 0.0898, 0.06113, 0.04304, 0.03065, 0.07788, 0.96414, 0.12456, 0.08635, 0.11013, 0.03281, 0.03533, 0.08547, 0.03512, 0.04098, 0.05723, 0.02849, 0.24781, 0.04699, 0.03334, 0.21409, 0.09534, 0.20537, 0.19611, 0.03065, 0.03054, 0.03055, 0.06308, 0.0334, 0.0406, 0.95507, 0.03489, 0.07232, 0.0576, 0.04083, 0.05787, 0.07127, 0.06056, 0.14393, 0.04614, 0.05751, 0.03859, 0.58016, 0.03656, 0.07015, 0.0531, 0.05892, 0.04957, 0.02749, 0.03934, 0.04981, 0.05316, 0.03172, 0.04773, 0.04125, 0.05056, 0.04072, 0.02942, 0.04118, 0.07223, 0.03935, 0.60565, 0.02894, 0.06381, 0.05259, 0.05812, 0.04081, 0.03187, 0.05176, 0.03811, 0.06251, 0.0299, 0.19474, 0.07829, 0.03654, 0.04903, 0.05529, 0.0313, 0.72807, 0.04524, 0.05176, 0.21598, 0.47762, 0.59465, 0.05533, 0.05852, 0.04593, 0.04056, 0.04311, 0.03886, 0.04827, 0.09049, 0.03431, 0.05681, 0.0416, 0.03186, 0.02898, 0.09584, 0.11952, 0.08883, 0.05382, 0.0375, 0.09563, 0.02787, 0.02755, 0.03811, 0.0384, 0.10001, 0.03378, 0.15226, 0.04449, 0.13405, 0.1707, 0.07073, 0.04044, 0.03106, 0.03477, 0.05727, 0.10923, 0.03301, 0.05109, 0.13104, 0.08531, 0.04512, 0.13799, 0.04749, 0.03355, 0.05947, 0.05164, 0.88798, 0.13283, 0.11508, 0.37842, 0.05079, 0.07349, 0.19065, 0.16957, 0.06251, 0.03118, 0.0347, 0.0302, 0.05075, 0.2028, 0.10277, 0.09173, 0.05988, 0.03325, 0.03156, 0.06339, 0.06159, 0.03758, 0.20235, 0.05578, 0.09468, 0.04347, 0.04987, 0.03694, 0.03358, 0.03061, 0.53832, 0.03707, 0.05918, 0.05767, 0.1066, 0.07137, 0.27492, 0.03692, 0.0485, 0.13518, 0.06035, 0.02963, 0.0501, 0.03366, 0.31183, 0.05995, 0.11534, 0.9986, 0.05104, 0.11326, 0.04584, 0.03339, 0.04145, 0.0408, 0.03177, 0.04104, 0.05642, 0.17663, 0.0306, 0.03262, 0.05756, 0.03421, 0.0628, 0.02909, 0.07974, 0.04039, 0.02995, 0.12548, 0.03274, 0.13002, 0.03458, 0.0996, 0.05019, 0.03235, 0.05063, 0.04979, 0.03519, 0.05246, 0.06236, 0.03412, 0.0508, 0.03116, 0.03761, 0.06315, 0.03664, 0.05232, 0.05105, 0.07755, 0.08659, 0.11594, 0.05752, 0.05806, 0.08944, 0.0365, 0.07809, 0.04332, 0.0474, 0.0592, 0.04198, 0.03124, 0.03404, 0.03013, 0.05549, 0.04966, 0.173, 0.3192, 0.03687, 0.04159, 0.04027, 0.03164, 0.06279, 0.0353, 0.07791, 0.07465, 0.07269, 0.03692, 0.03135, 0.12212, 0.09475, 0.04723, 0.02791, 0.14786, 0.14724, 0.03264, 0.03479, 0.10459, 0.12212, 0.08965, 0.0312, 0.13418, 0.24249, 0.05771, 0.05633, 0.04347, 0.0402, 0.1029, 0.04044, 0.06089, 0.06469, 0.49802, 0.08626, 0.02945, 0.08957, 0.03051, 0.04138, 0.03389, 0.03421, 0.03419, 0.10012, 0.08395, 0.13901, 0.08539, 0.03438, 0.05503, 0.0644, 0.44106, 0.05521, 0.04089, 0.04756, 0.03314, 0.03079, 0.02787, 0.14835, 0.02805, 0.04107, 0.043, 0.04889, 0.11002, 0.0622, 0.20995, 0.08733, 0.04859, 0.02811, 0.04935, 0.04904, 0.05814, 0.03099, 0.0326, 0.07176, 0.03427, 