{"model": "bert-base-multilingual-cased", "dataset": "hatexplain", "train_config": "hardneg", "seed": 7, "thr_cal": 0.1646345816552639, "metrics_05": {"macro": 0.7320582237031079, "toxf1": 0.758495145631068, "prec": 0.8503401360544217, "rec": 0.6845564074479737, "prauc": 0.8768895054479864, "ece": 0.13337322235852478, "covert": 0.8785529715762274}, "metrics_cal": {"macro": 0.7334165906143426, "toxf1": 0.806282722513089, "prec": 0.7723169508525577, "rec": 0.8433734939759037, "prauc": 0.8768895054479864, "ece": 0.13337322235852478, "covert": 0.8966074313408724}, "probs": [0.18652, 0.68948, 0.02593, 0.05458, 0.38252, 0.73408, 0.98821, 0.07678, 0.17692, 0.00938, 0.05767, 0.04798, 0.02812, 0.07351, 0.45345, 0.01816, 0.05605, 0.03404, 0.99351, 0.15739, 0.04605, 0.91412, 0.02797, 0.78794, 0.43334, 0.31, 0.97618, 0.18068, 0.29235, 0.28233, 0.97866, 0.79954, 0.70214, 0.88603, 0.96694, 0.02389, 0.94576, 0.15777, 0.97956, 0.04261, 0.97249, 0.27896, 0.20931, 0.07145, 0.11154, 0.78177, 0.03849, 0.68293, 0.91512, 0.6665, 0.03843, 0.93814, 0.98031, 0.08066, 0.16692, 0.92788, 0.04971, 0.14979, 0.41179, 0.90923, 0.05062, 0.94373, 0.9822, 0.42197, 0.98409, 0.17921, 0.59302, 0.74, 0.85877, 0.98197, 0.05233, 0.96757, 0.50378, 0.98431, 0.04648, 0.68093, 0.93098, 0.18534, 0.80964, 0.91244, 0.93619, 0.05867, 0.91424, 0.02735, 0.04464, 0.82445, 0.97457, 0.07405, 0.89827, 0.86421, 0.02405, 0.98374, 0.69249, 0.33679, 0.89162, 0.04417, 0.1427, 0.1635, 0.47575, 0.95592, 0.0329, 0.94334, 0.96592, 0.43962, 0.01584, 0.92661, 0.79357, 0.58522, 0.98501, 0.09085, 0.01219, 0.07726, 0.08782, 0.1033, 0.64234, 0.57558, 0.52127, 0.05962, 0.92616, 0.91447, 0.77414, 0.07584, 0.03855, 0.98117, 0.05577, 0.05982, 0.10405, 0.10588, 0.11403, 0.97857, 0.05898, 0.93677, 0.0524, 0.13232, 0.86443, 0.61745, 0.11136, 0.94889, 0.93029, 0.12801, 0.0715, 0.96517, 0.80694, 0.98804, 0.22776, 0.26952, 0.95967, 0.06417, 0.94012, 0.81403, 0.81566, 0.77816, 0.63681, 0.3504, 0.93773, 0.75277, 0.96503, 0.46375, 0.03529, 0.81755, 0.03468, 0.66156, 0.88658, 0.66604, 0.8557, 0.14635, 0.8521, 0.05562, 0.95894, 0.61395, 0.09697, 0.14977, 0.10279, 0.68036, 0.88625, 0.14345, 0.54437, 0.35844, 0.72734, 0.06825, 0.9926, 0.12947, 0.03971, 0.79757, 0.95056, 0.61559, 0.97574, 0.10806, 0.11535, 0.9555, 0.34682, 0.9717, 0.9155, 0.96682, 0.46196, 0.95587, 0.61729, 0.20097, 0.9591, 0.03596, 0.93863, 0.06028, 0.18938, 0.03425, 0.13396, 0.93714, 0.40308, 0.27681, 0.20907, 0.02606, 0.12966, 0.02774, 0.89945, 0.96204, 0.91181, 0.92181, 0.02356, 0.03568, 0.71994, 0.12379, 0.84867, 0.03173, 0.76475, 0.99044, 0.03289, 0.97436, 0.92177, 0.23937, 0.07821, 0.95918, 0.95976, 0.90656, 0.44994, 0.91299, 0.97117, 0.09598, 0.97023, 0.64236, 0.95707, 0.83718, 0.05345, 0.88305, 0.14428, 0.94626, 0.83188, 0.62125, 0.1496, 0.02809, 0.06507, 0.24141, 0.73818, 0.97785, 0.11704, 0.96074, 0.1454, 0.89986, 0.94732, 0.09197, 0.06094, 0.64404, 0.10367, 0.98576, 0.28879, 0.95407, 0.92193, 0.15332, 0.95621, 0.02135, 0.01906, 0.11779, 0.92412, 0.27505, 0.04865, 0.23998, 0.04053, 0.16392, 0.91794, 0.98378, 0.95361, 0.73732, 0.98735, 0.95542, 0.9593, 0.962, 0.89031, 0.59143, 0.08999, 0.89932, 0.00695, 0.04917, 0.04056, 0.25712, 0.03719, 0.08595, 0.96229, 0.61346, 0.26916, 0.0514, 0.93055, 0.05202, 0.86219, 0.07056, 0.42465, 0.99158, 0.95414, 0.0408, 0.96474, 0.98465, 0.01325, 0.03921, 0.89693, 0.15649, 0.92103, 0.27524, 0.31638, 0.18988, 0.92559, 0.06071, 0.93794, 0.99352, 0.50585, 0.06159, 0.12684, 0.91734, 0.09639, 0.98276, 0.15887, 0.2495, 0.9724, 0.94264, 0.86003, 0.95781, 0.06277, 0.65064, 0.95643, 0.06254, 0.08766, 0.74888, 0.94323, 0.08533, 0.7676, 0.95329, 0.51795, 0.09153, 0.0128, 0.83728, 0.02255, 0.13418, 0.29247, 0.71002, 0.20117, 0.49932, 0.09505, 0.84331, 0.58406, 0.98668, 0.0068, 0.75079, 0.471, 0.73826, 0.03531, 0.89185, 0.98954, 0.00128, 0.99057, 0.83032, 0.98843, 0.93976, 0.62914, 0.86021, 0.02495, 0.91508, 0.95333, 0.93824, 0.79588, 0.92861, 0.25673, 0.90628, 0.47269, 0.97952, 0.93818, 0.94354, 0.20626, 0.98097, 0.73738, 0.01745, 0.2156, 0.05057, 0.32426, 0.84802, 0.94488, 0.21365, 0.34312, 0.09387, 0.9658, 0.95806, 0.22078, 0.68299, 0.65287, 0.12983, 0.82984, 0.12157, 0.3914, 0.1151, 0.20172, 0.22357, 0.70433, 0.50811, 0.09313, 0.01069, 0.15136, 0.20511, 0.05836, 0.0598, 0.14244, 0.94657, 0.02316, 0.82333, 0.96071, 0.06146, 0.88945, 0.18144, 0.29042, 0.47504, 0.10396, 0.38847, 0.12339, 0.89698, 0.79866, 0.47577, 0.01879, 0.03812, 0.15208, 0.17343, 0.81637, 0.93245, 0.91503, 0.95191, 0.96047, 0.14505, 0.93759, 0.26159, 0.18018, 0.2857, 0.15253, 0.98852, 0.7595, 0.19815, 0.04766, 0.73138, 0.13665, 0.1023, 0.06623, 0.41048, 0.81518, 0.07236, 0.03355, 0.05136, 0.93284, 0.14301, 0.03727, 0.97373, 0.96348, 0.8639, 0.06302, 0.26414, 0.44073, 0.90454, 0.96887, 0.50979, 0.04038, 0.50582, 0.87803, 0.01127, 0.96771, 0.6759, 0.18912, 0.28056, 0.94687, 0.39824, 0.92862, 0.89896, 0.03415, 0.96808, 0.02822, 0.1175, 0.15401, 0.64509, 0.82287, 0.9746, 0.98816, 0.9285, 0.96899, 0.13507, 0.05503, 0.03222, 0.03753, 0.61702, 0.78873, 0.8603, 0.9877, 0.13064, 0.07841, 0.01208, 0.95035, 0.97281, 0.96344, 0.07833, 0.20406, 0.89923, 0.13836, 0.80723, 0.98066, 0.02302, 0.03044, 0.22782, 0.9784, 0.22071, 0.73983, 0.56008, 0.08491, 0.69893, 0.96538, 0.14851, 0.86221, 0.83348, 0.97838, 0.02613, 0.9324, 0.85411, 0.87075, 0.256, 0.02476, 0.06296, 0.80662, 0.14862, 0.08035, 0.03242, 0.10737, 0.97909, 0.02952, 0.3714, 0.97527, 0.67231, 0.18266, 0.46341, 0.47269, 0.78666, 0.14562, 0.77404, 0.79223, 0.6785, 0.99304, 0.89282, 0.03545, 0.85091, 0.31286, 0.20894, 0.84149, 0.02797, 0.01782, 0.14378, 0.1673, 0.91191, 0.95249, 0.0202, 0.96387, 0.00589, 0.94951, 0.71583, 0.92991, 0.94549, 0.45662, 0.66416, 0.57114, 0.82196, 0.98009, 0.83213, 0.82449, 0.98726, 0.04574, 0.52356, 0.88669, 0.96015, 0.93613, 0.89077, 0.04656, 0.11424, 0.97993, 0.02852, 0.88259, 0.01996, 0.22565, 0.11479, 0.05192, 0.954, 0.92132, 0.02753, 0.45577, 0.43442, 0.92652, 0.04527, 0.41659, 0.20558, 0.77254, 0.55806, 0.25894, 0.27274, 0.05717, 0.88866, 0.03213, 0.96356, 0.83029, 0.07308, 0.06198, 0.84001, 0.94824, 0.50694, 0.95536, 0.84527, 0.91114, 0.15442, 0.0288, 0.95634, 0.23666, 0.07271, 0.17157, 0.98362, 0.88228, 0.37791, 0.77827, 0.11281, 0.06163, 0.69435, 0.80278, 0.96137, 0.83668, 0.36723, 0.0158, 0.05625, 0.01895, 0.0556, 0.65013, 0.92478, 0.89359, 0.98141, 0.15227, 0.02103, 0.07567, 0.94287, 0.98198, 0.94411, 0.61082, 0.95752, 0.3532, 0.21841, 0.77501, 0.47179, 0.16692, 0.95275, 0.36838, 0.89837, 0.10611, 0.35003, 0.14955, 0.17098, 0.1828, 0.08579, 0.11578, 0.53008, 0.05997, 0.92479, 0.65041, 0.96133, 0.06127, 0.13282, 0.09046, 0.0814, 0.80881, 0.99372, 0.97832, 0.99312, 0.87049, 0.89044, 0.06746, 0.01206, 0.36916, 0.90044, 0.1367, 0.92687, 0.88872, 0.38675, 0.69498, 0.06999, 0.93778, 0.98779, 0.95774, 0.20385, 0.07878, 0.12232, 0.9862, 0.72783, 0.82897, 0.71518, 0.9021, 0.8029, 0.06804, 0.6354, 0.10296, 0.99362, 0.01863, 0.0653, 0.69316, 0.08934, 0.03161, 0.93193, 0.88477, 0.10616, 0.15813, 0.01038, 0.31681, 0.86886, 0.95806, 0.37725, 0.04103, 0.96397, 0.06248, 0.08769, 0.34092, 0.9952, 0.76605, 0.60179, 0.76672, 0.24956, 0.9831, 0.91082, 0.02009, 0.09164, 0.09878, 0.86351, 0.98568, 0.48397, 0.61147, 0.03277, 0.04656, 0.29597, 0.93243, 0.4212, 0.8632, 0.06613, 0.05436, 0.84482, 0.05251, 0.20551, 0.98382, 0.96178, 0.09448, 0.08909, 0.93872, 0.09747, 0.10482, 0.05797, 0.04031, 0.35862, 0.07872, 0.04596, 0.02506, 0.75911, 0.23662, 0.18038, 0.69632, 0.15628, 0.06834, 0.4915, 0.97631, 0.0814, 0.75798, 0.98239, 0.03607, 0.16843, 0.9592, 0.9734, 0.79574, 0.87814, 0.94768, 0.98412, 0.22074, 0.54512, 0.0235, 0.50312, 0.07469, 0.08484, 0.78627, 0.95568, 0.06994, 0.16415, 0.27593, 0.06126, 0.08078, 0.92847, 0.74006, 0.98026, 0.94873, 0.98993, 0.08486, 0.95211, 0.97345, 0.8831, 0.37733, 0.92127, 0.09555, 0.13394, 0.89524, 0.03685, 0.67043, 0.42019, 0.0409, 0.05167, 0.06987, 0.20596, 0.98709, 0.04725, 0.97642, 0.75081, 0.0633, 0.88314, 0.9645, 0.03057, 0.46703, 0.7056, 0.90487, 0.04795, 0.12015, 0.14931, 