{"model": "bert-base-multilingual-cased", "dataset": "dravidian_malayalam", "train_config": "supcon", "seed": 123, "thr_cal": 0.9555432409048079, "metrics_05": {"macro": 0.4511960376899995, "toxf1": 0.1270358306188925, "prec": 0.06878306878306878, "rec": 0.8297872340425532, "prauc": 0.24122288636061995, "ece": 0.3810272846619288, "covert": 0.2569832402234637}, "metrics_cal": {"macro": 0.6426100660525492, "toxf1": 0.3140495867768595, "prec": 0.25675675675675674, "rec": 0.40425531914893614, "prauc": 0.24122288636061995, "ece": 0.3810272846619288, "covert": 0.3582089552238806}, "probs": [0.04199, 0.23034, 0.55273, 0.62794, 0.40713, 0.13536, 0.04404, 0.55273, 0.97583, 0.06044, 0.04738, 0.15159, 0.54684, 0.09051, 0.09467, 0.12097, 0.27256, 0.22785, 0.06322, 0.27496, 0.26759, 0.1417, 0.85141, 0.05088, 0.04858, 0.03082, 0.20933, 0.17086, 0.06765, 0.64312, 0.67586, 0.70349, 0.84967, 0.05256, 0.856, 0.43855, 0.90575, 0.95019, 0.03919, 0.14068, 0.31438, 0.0489, 0.75709, 0.26014, 0.98145, 0.03382, 0.11852, 0.12331, 0.18434, 0.43842, 0.05109, 0.72557, 0.30328, 0.46207, 0.97665, 0.05877, 0.04568, 0.07157, 0.1058, 0.54984, 0.35346, 0.08519, 0.94811, 0.6646, 0.69946, 0.61686, 0.06751, 0.41161, 0.06764, 0.25865, 0.91972, 0.08033, 0.07631, 0.15236, 0.45456, 0.44176, 0.03584, 0.80839, 0.05151, 0.76002, 0.88116, 0.04028, 0.06654, 0.03367, 0.04893, 0.07796, 0.3091, 0.07406, 0.3685, 0.13367, 0.12877, 0.2326, 0.06429, 0.87999, 0.65541, 0.16905, 0.90397, 0.04046, 0.8821, 0.79564, 0.28774, 0.22576, 0.78501, 0.05677, 0.26962, 0.2485, 0.057, 0.13142, 0.89725, 0.07323, 0.12608, 0.56269, 0.08564, 0.09708, 0.4396, 0.9303, 0.71071, 0.06185, 0.04769, 0.17449, 0.98112, 0.27152, 0.88461, 0.12169, 0.96848, 0.84634, 0.94072, 0.59636, 0.54155, 0.04503, 0.48327, 0.16005, 0.93233, 0.30046, 0.56763, 0.91982, 0.75385, 0.2895, 0.48104, 0.38989, 0.72256, 0.25253, 0.38493, 0.05716, 0.05922, 0.07546, 0.21193, 0.06568, 0.04573, 0.10145, 0.43339, 0.03986, 0.53154, 0.04234, 0.69221, 0.96861, 0.03875, 0.53276, 0.76387, 0.54623, 0.07123, 0.29627, 0.08462, 0.94517, 0.76181, 0.08615, 0.11265, 0.0643, 0.55886, 0.03364, 0.43106, 0.09376, 0.84861, 0.82132, 0.25569, 0.17345, 0.81208, 0.29927, 0.5006, 0.34532, 0.40724, 0.22443, 0.98956, 0.46433, 0.94143, 0.8898, 0.05758, 0.13095, 0.89862, 0.87453, 0.80627, 0.15165, 0.99754, 0.06034, 0.2979, 0.89389, 0.05494, 0.15175, 0.8358, 0.31292, 0.11146, 0.13418, 0.91936, 0.55683, 0.55267, 0.77672, 0.03404, 0.67665, 0.81393, 0.03792, 0.60968, 0.10034, 0.12891, 0.47034, 0.08491, 0.17699, 0.99787, 0.81929, 0.05536, 0.18306, 0.26946, 0.12691, 0.24607, 0.09804, 0.10297, 0.03657, 0.74091, 0.24842, 0.81533, 0.84596, 0.82707, 0.25682, 0.5489, 0.03382, 0.86513, 0.82518, 0.18493, 0.07066, 0.87299, 0.62154, 0.74742, 0.03749, 0.1366, 0.89744, 0.14806, 0.37812, 0.99102, 0.12169, 0.21996, 0.03972, 0.05972, 0.5345, 0.33188, 0.04859, 0.89116, 0.13477, 0.05589, 0.52987, 0.37007, 0.04872, 0.14465, 0.45389, 0.1723, 0.94477, 0.86737, 0.14745, 0.04464, 0.79608, 0.86034, 0.24058, 0.32274, 0.56968, 0.19399, 0.92309, 0.594, 0.20934, 0.85875, 0.04267, 0.20472, 0.04187, 0.75769, 0.3642, 0.75432, 0.26174, 0.07663, 0.82355, 0.9433, 0.23189, 0.20121, 0.12534, 0.31358, 0.68167, 0.26027, 0.71603, 0.54089, 0.97924, 0.53915, 0.21402, 0.35225, 0.17257, 0.15264, 0.09145, 0.10962, 0.37943, 0.96323, 0.36357, 0.87316, 0.73327, 0.04376, 0.99619, 0.68687, 0.127, 0.05967, 0.87076, 0.99472, 0.8954, 0.21995, 0.99399, 0.04158, 0.67658, 0.30083, 0.79692, 0.05467, 0.8788, 0.03543, 0.91918, 0.04028, 0.15175, 0.90763, 0.95137, 0.97739, 0.84581, 0.8979, 0.31104, 0.14277, 0.05911, 0.1564, 0.58814, 0.06315, 0.37424, 0.82405, 0.06883, 0.87281, 0.99617, 0.11459, 0.21161, 0.32877, 0.05009, 0.03726, 0.0544, 0.92951, 0.66762, 0.22528, 0.12325, 0.43166, 0.18222, 0.76559, 0.21989, 0.22941, 0.99388, 0.13253, 0.20851, 0.0323, 0.97992, 0.64704, 0.32858, 0.82811, 0.19199, 0.68798, 0.2485, 0.43816, 0.25735, 0.99667, 0.21521, 0.19251, 0.97739, 0.16716, 0.03291, 0.18241, 0.14758, 0.08481, 0.16082, 0.92562, 0.7021, 0.72177, 0.51635, 0.1302, 0.1127, 0.85762, 0.79184, 0.40222, 0.03641, 0.15702, 0.43141, 0.99601, 0.91245, 0.37636, 0.04752, 0.14901, 0.15375, 0.56949, 0.2952, 0.99493, 0.89096, 0.54544, 0.0822, 0.33206, 0.85411, 0.07167, 0.08213, 0.14636, 0.07296, 0.9539, 0.75225, 0.18979, 0.15224, 0.0441, 0.39975, 0.92835, 0.96323, 0.33888, 0.09876, 0.76205, 0.60834, 0.09543, 0.08576, 0.03453, 0.64722, 0.08427, 0.62803, 0.55986, 0.11363, 0.08014, 0.07658, 0.89067, 0.39945, 0.91271, 0.18643, 0.07722, 0.06069, 0.18365, 0.12557, 0.0944, 0.22625, 0.15367, 0.08578, 0.32327, 0.22618, 0.4457, 0.03981, 0.86896, 0.39374, 0.24623, 0.11856, 0.49121, 0.5923, 0.06185, 0.84818, 0.99849, 0.80213, 0.03644, 0.92176, 0.04648, 0.11734, 0.08938, 0.63078, 0.06092, 0.06487, 0.49539, 0.29785, 0.82518, 0.71387, 0.46814, 0.27447, 0.82516, 0.93022, 0.22613, 0.47755, 0.97445, 0.47356, 0.42929, 0.36632, 0.9117, 0.89655, 0.92997, 0.04129, 0.6282, 0.618, 0.09738, 0.96381, 0.58486, 0.88665, 0.17449, 0.03749, 0.16839, 0.21137, 0.77451, 0.05591, 0.92986, 0.12395, 0.28162, 0.03651, 0.0696, 0.93898, 0.15865, 0.03716, 0.89627, 0.27905, 0.31864, 0.19641, 0.31942, 0.91186, 0.09842, 0.08843, 0.05657, 0.91075, 0.04792, 0.90849, 0.3853, 0.17177, 0.06932, 0.2778, 0.25082, 0.09288, 0.66, 0.92586, 0.41397, 0.57491, 0.0689, 0.95653, 0.96248, 0.88202, 0.58878, 0.94532, 0.09071, 0.1784, 0.88582, 0.1805, 0.753, 0.8116, 0.05131, 0.98346, 0.69563, 0.04242, 0.85375, 0.63466, 0.50194, 0.91352, 0.22721, 0.04743, 0.05427, 0.58538, 0.07418, 0.22363, 0.99774, 0.10797, 0.64711, 0.82877, 0.16079, 0.67654, 0.96525, 0.8797, 0.71889, 0.68543, 0.41554, 0.36355, 0.65413, 0.23492, 0.37088, 0.24415, 0.18158, 0.67664, 0.038, 0.09345, 0.79442, 0.44788, 0.05461, 0.26711, 0.22335, 0.36119, 0.34497, 0.0462, 0.73954, 0.53614, 0.14117, 0.89698, 0.04177, 0.52331, 0.29419, 0.70969, 0.561, 0.10719, 0.5323, 0.09128, 0.87326, 0.04484, 0.7492, 0.69171, 0.16775, 0.45389, 0.28404, 0.06549, 0.99687, 0.81877, 0.21336, 0.93248, 0.94658, 0.99529, 0.47814, 0.3965, 0.5188, 0.46291, 0.27698, 0.43052, 0.75242, 0.77334, 0.16875, 0.63452, 0.28425, 0.08562, 0.04858, 0.24506, 0.69822, 0.7909, 0.84042, 0.15356, 0.94527, 0.03827, 0.03911, 0.23308, 0.37602, 0.69122, 0.1085, 0.92958, 0.36777, 0.90135, 0.28488, 0.8278, 0.22697, 0.04868, 0.13918, 0.2892, 0.70941, 0.07257, 0.9469, 0.87085, 0.8842, 0.24595, 0.82332, 0.71792, 0.53427, 0.42678, 0.59068, 0.99025, 0.90569, 0.69039, 0.96388, 0.26613, 0.3162, 0.68951, 0.93203, 0.72693, 0.0535, 0.14047, 0.05832, 0.27897, 0.54481, 0.70752, 0.67124, 0.69936, 0.14276, 0.05369, 0.30778, 0.63129, 0.76205, 0.98522, 0.63502, 0.86831, 0.10968, 0.14166, 0.12795, 0.16491, 0.0406, 0.95199, 0.31354, 0.27216, 0.6147, 0.82194, 0.65465, 0.97762, 0.12153, 0.22539, 0.84321, 0.53656, 0.04199, 0.46971, 0.12262, 0.96771, 0.92027, 0.77352, 0.99713, 0.75813, 0.81939, 0.12136, 0.17456, 0.10807, 0.53971, 0.10321, 0.45612, 0.61344, 0.4084, 0.06175, 0.06651, 0.35357, 0.18526, 0.95611, 0.08324, 0.89453, 0.17618, 0.04273, 0.33463, 0.04675, 0.88769, 0.07982, 0.91327, 0.61391, 0.06005, 0.34066, 0.19136, 0.18207, 0.58097, 0.71189, 0.18553, 0.61074, 0.12762, 0.22448, 0.35584, 0.1603, 0.43509, 0.46023, 0.43199, 0.88232, 0.94612, 0.29172, 0.20083, 0.66666, 0.42148, 0.94032, 0.16482, 0.71946, 0.58958, 0.21337, 0.07162, 0.11521, 0.04435, 0.21199, 0.21891, 0.89322, 0.95237, 0.1254, 0.76025, 0.09432, 0.06147, 0.79044, 0.19199, 0.83768, 0.42797, 0.80761, 0.12153, 0.0421, 0.92716, 0.74787, 0.25981, 0.10559, 0.95691, 0.9333, 0.18022, 0.26957, 0.90539, 0.95709, 0.3463, 0.05467, 0.64668, 0.97279, 0.26272, 0.44659, 0.10968, 0.08491, 0.26439, 0.67767, 0.78034, 0.86425, 0.95148, 0.2269, 0.04681, 0.72622, 0.09141, 0.3562, 0.15607, 0.85849, 0.37367, 0.59012, 0.94303, 0.56781, 0.66732, 0.27341, 0.86239, 0.79736, 0.99117, 0.29983, 0.2626, 0.88823, 0.28359, 0.05696, 0.03827, 0.9875, 0.06318, 0.41735, 0.91527, 0.12306, 0.65492, 0.13914, 0.94862, 0.68336, 0.11264, 0.08268, 0.11016, 0.8488, 0.20149, 0.15251, 0.08353, 0.71671, 0.11988, 