{"model": "bert-base-multilingual-cased", "dataset": "hatexplain", "train_config": "ce", "seed": 2024, "thr_cal": 0.37503120303153986, "metrics_05": {"macro": 0.7324860237596087, "toxf1": 0.7731481481481481, "prec": 0.8196319018404908, "rec": 0.7316538882803943, "prauc": 0.8773221800544094, "ece": 0.11484101189921297, "covert": 0.8862275449101796}, "metrics_cal": {"macro": 0.7421451576806686, "toxf1": 0.7942318358291736, "prec": 0.8044943820224719, "rec": 0.7842278203723987, "prauc": 0.8773221800544094, "ece": 0.11484101189921297, "covert": 0.9033333333333333}, "probs": [0.1302, 0.62207, 0.11702, 0.06698, 0.08349, 0.67939, 0.98749, 0.0405, 0.68767, 0.01358, 0.28406, 0.03716, 0.05315, 0.36324, 0.65049, 0.02005, 0.10713, 0.08837, 0.99672, 0.09202, 0.04933, 0.98071, 0.01499, 0.62955, 0.83724, 0.89867, 0.96482, 0.5722, 0.29484, 0.19865, 0.98954, 0.68573, 0.69938, 0.92239, 0.91503, 0.02943, 0.94077, 0.64088, 0.9682, 0.01585, 0.97506, 0.28392, 0.34452, 0.37397, 0.06191, 0.53752, 0.02978, 0.64048, 0.72207, 0.41307, 0.08482, 0.98143, 0.96333, 0.03062, 0.36243, 0.97266, 0.10289, 0.05523, 0.87965, 0.47178, 0.05488, 0.94958, 0.97124, 0.27488, 0.99178, 0.21388, 0.82915, 0.17408, 0.23073, 0.91615, 0.05192, 0.99495, 0.55566, 0.87303, 0.05283, 0.19603, 0.79999, 0.64313, 0.65143, 0.87461, 0.85856, 0.06058, 0.3766, 0.03486, 0.04261, 0.79647, 0.99601, 0.04187, 0.89944, 0.57572, 0.05724, 0.99229, 0.91457, 0.79015, 0.34032, 0.04664, 0.16735, 0.71675, 0.21616, 0.95638, 0.01043, 0.94641, 0.96467, 0.76133, 0.00589, 0.65285, 0.82663, 0.69934, 0.9202, 0.27976, 0.01503, 0.63417, 0.05318, 0.29353, 0.76354, 0.57426, 0.76336, 0.64618, 0.88449, 0.77925, 0.70293, 0.13, 0.011, 0.96989, 0.38972, 0.07478, 0.47977, 0.18613, 0.28131, 0.89374, 0.07674, 0.87176, 0.01064, 0.2947, 0.87686, 0.59321, 0.70617, 0.83995, 0.9854, 0.30726, 0.43886, 0.99698, 0.52315, 0.97584, 0.21935, 0.73717, 0.92318, 0.17068, 0.87457, 0.64936, 0.73346, 0.68882, 0.86245, 0.60959, 0.99127, 0.94734, 0.99229, 0.94047, 0.06627, 0.88828, 0.16311, 0.88069, 0.82423, 0.86525, 0.93751, 0.29054, 0.90803, 0.06143, 0.97157, 0.94888, 0.04563, 0.09453, 0.08367, 0.73978, 0.60323, 0.22168, 0.84644, 0.52756, 0.93047, 0.06134, 0.99696, 0.36876, 0.03986, 0.58739, 0.9102, 0.45571, 0.97746, 0.62355, 0.1694, 0.88263, 0.20276, 0.90973, 0.97275, 0.99465, 0.85169, 0.95381, 0.90063, 0.73898, 0.77159, 0.36188, 0.89615, 0.10505, 0.41622, 0.04564, 0.09447, 0.0472, 0.34256, 0.13451, 0.04376, 0.25341, 0.0759, 0.05299, 0.50477, 0.98913, 0.78442, 0.44894, 0.00482, 0.03046, 0.70893, 0.16976, 0.13102, 0.02748, 0.7589, 0.99692, 0.03904, 0.99001, 0.78386, 0.03762, 0.70679, 0.98292, 0.99082, 0.78381, 0.90905, 0.97923, 0.95619, 0.69083, 0.97369, 0.16368, 0.89441, 0.63138, 0.05556, 0.87739, 0.17998, 0.94371, 0.67411, 0.86834, 0.10792, 0.0101, 0.04626, 0.41864, 0.91983, 0.99136, 0.35302, 0.90605, 0.17782, 0.94752, 0.86882, 0.05422, 0.0868, 0.40831, 0.31005, 0.97466, 0.4633, 0.74171, 0.95802, 0.15696, 0.80727, 0.0109, 0.00869, 0.09479, 0.98548, 0.8262, 0.06957, 0.04461, 0.04313, 0.28568, 0.89257, 0.98983, 0.95872, 0.85756, 0.99154, 0.82347, 0.87533, 0.94327, 0.86865, 0.28291, 0.64759, 0.536, 0.00424, 0.11962, 0.04451, 0.06893, 0.01619, 0.03732, 0.98894, 0.24359, 0.57193, 0.03804, 0.85223, 0.05552, 0.77247, 0.03844, 0.89059, 0.99052, 0.90466, 0.06565, 0.97806, 0.97567, 0.01262, 0.02122, 0.85002, 0.23145, 0.68826, 0.47841, 0.84962, 0.05825, 0.81947, 0.01557, 0.90452, 0.9829, 0.78877, 0.05971, 0.09314, 0.94052, 0.21878, 0.99478, 0.36377, 0.17053, 0.94772, 0.9945, 0.44308, 0.94693, 0.41061, 0.74074, 0.96152, 0.08748, 0.2188, 0.98489, 0.94421, 0.02164, 0.87755, 0.99275, 0.45686, 0.66746, 0.00916, 0.65784, 0.0036, 0.36005, 0.09175, 0.69224, 0.18863, 0.71674, 0.04468, 0.57645, 0.70306, 0.99302, 0.00447, 0.25284, 0.30108, 0.8702, 0.02081, 0.92576, 0.9973, 0.00113, 0.98341, 0.47999, 0.98236, 0.96523, 0.86072, 0.92396, 0.00822, 0.95063, 0.84424, 0.82964, 0.89058, 0.80866, 0.22806, 0.94584, 0.83952, 0.99218, 0.98596, 0.9678, 0.14495, 0.99394, 0.80576, 0.02148, 0.17977, 0.01958, 0.26095, 0.54157, 0.97236, 0.13389, 0.8029, 0.48274, 0.87436, 0.94206, 0.15358, 0.95991, 0.52604, 0.14293, 0.68326, 0.51157, 0.65313, 0.27315, 0.39109, 0.29558, 0.91621, 0.84923, 0.15536, 0.00497, 0.48727, 0.08149, 0.10372, 0.17056, 0.0793, 0.92604, 0.01641, 0.85897, 0.93984, 0.05858, 0.72526, 0.67358, 0.45973, 0.77213, 0.20203, 0.19589, 0.03073, 0.86871, 0.86119, 0.05875, 0.03289, 0.00996, 0.24248, 0.17794, 0.73828, 0.84514, 0.70539, 0.66162, 0.95166, 0.07751, 0.94514, 0.24267, 0.30285, 0.63131, 0.13165, 0.99704, 0.84402, 0.38862, 0.09376, 0.90899, 0.36814, 0.24643, 0.04346, 0.77463, 0.43236, 0.06961, 0.06052, 0.05599, 0.96216, 0.14856, 0.04708, 0.98475, 0.88761, 0.86394, 0.09614, 0.61632, 0.89433, 0.49254, 0.93278, 0.07065, 0.01339, 0.83157, 0.91157, 0.02244, 0.83491, 0.91471, 0.62077, 0.69908, 0.97055, 0.56605, 0.91923, 0.94949, 0.02563, 0.97863, 0.02972, 0.27492, 0.08851, 0.11757, 0.12131, 0.99678, 0.94342, 0.97801, 0.98133, 0.41995, 0.03902, 0.04345, 0.11498, 0.42926, 0.6247, 0.70674, 0.9885, 0.11214, 0.05854, 0.00437, 0.99218, 0.97371, 0.97571, 0.04576, 0.33643, 0.81308, 0.13697, 0.37867, 0.99228, 0.01545, 0.00344, 0.22874, 0.94653, 0.094, 0.08184, 0.82345, 0.08893, 0.26292, 0.82173, 0.23687, 0.72243, 0.78628, 0.99789, 0.02177, 0.99462, 0.90466, 0.86264, 0.24983, 0.00651, 0.02536, 0.6672, 0.59099, 0.43627, 0.021, 0.25474, 0.96618, 0.03611, 0.61847, 0.99798, 0.94313, 0.09946, 0.33177, 0.84224, 0.93822, 0.14027, 0.85974, 0.81725, 0.60454, 0.9958, 0.90291, 0.04595, 0.96385, 0.42565, 0.4022, 0.82457, 0.02877, 0.00189, 0.54253, 0.32302, 0.94064, 0.97344, 0.01515, 0.93637, 0.00454, 0.93757, 0.92683, 0.97403, 0.99743, 0.54627, 0.90407, 0.53899, 0.43803, 0.90177, 0.61491, 0.91786, 0.99846, 0.03573, 0.69496, 0.90514, 0.95469, 0.9559, 0.90081, 0.05821, 0.0979, 0.99571, 0.00572, 0.8917, 0.01523, 0.24185, 0.12867, 0.03202, 0.95705, 0.96146, 0.03294, 0.43514, 0.80512, 0.97518, 0.13708, 0.5202, 0.39785, 0.77683, 0.91358, 0.1579, 0.7334, 0.08842, 0.25393, 0.0814, 0.97767, 0.3433, 0.06736, 0.06513, 0.91372, 0.90967, 0.76635, 0.97614, 0.93838, 0.92393, 0.43746, 0.0138, 0.99, 0.80464, 0.09283, 0.57562, 0.99265, 0.58727, 0.88221, 0.91842, 0.07948, 0.07061, 0.47621, 0.87373, 0.98627, 0.91257, 0.28365, 0.02554, 0.02931, 0.0061, 0.12081, 0.16046, 0.95052, 0.64182, 0.97998, 0.03772, 0.00848, 0.13532, 0.96086, 0.91946, 0.92878, 0.1396, 0.98938, 0.07171, 0.3459, 0.81386, 0.03472, 0.34012, 0.91222, 0.67011, 0.19296, 0.10597, 0.59389, 0.06819, 0.19447, 0.4609, 0.03473, 0.14367, 0.87046, 0.07094, 0.71413, 0.42226, 0.97473, 0.16471, 0.25802, 0.32741, 0.13467, 0.58816, 0.97426, 0.97702, 0.99755, 0.91042, 0.81078, 0.70598, 0.01871, 0.95079, 0.93501, 0.01508, 0.89531, 0.87575, 0.30164, 0.86545, 0.03183, 0.9111, 0.99763, 0.94426, 0.0742, 0.02794, 0.19949, 0.99104, 0.9594, 0.6178, 0.88112, 0.88545, 0.48932, 0.01679, 0.1062, 0.80957, 0.99807, 0.04546, 0.05335, 0.385, 0.14317, 0.02105, 0.82616, 0.91887, 0.05676, 0.61617, 0.00454, 0.07388, 0.85818, 0.97297, 0.62697, 0.02767, 0.95836, 0.08727, 0.04597, 0.21661, 0.99637, 0.75629, 0.89238, 0.9229, 0.74996, 0.96303, 0.93109, 0.02837, 0.0686, 0.11594, 0.49609, 0.99669, 0.19252, 0.89358, 0.49505, 0.05306, 0.11523, 0.98877, 0.08191, 0.96279, 0.08514, 0.08097, 0.86896, 0.08541, 0.54476, 0.99547, 0.97734, 0.14324, 0.3166, 0.81225, 0.29554, 0.19291, 0.01655, 0.02044, 0.37065, 0.03142, 0.03897, 0.01435, 0.87317, 0.48293, 0.10726, 0.92701, 0.37482, 0.06754, 0.85514, 0.9894, 0.0191, 0.93606, 0.95473, 0.06, 0.55902, 0.98711, 0.99611, 0.71885, 0.87942, 0.76931, 0.99099, 0.33649, 0.88714, 0.08035, 0.85549, 0.08979, 0.10731, 0.80511, 0.89943, 0.05425, 0.18431, 0.2798, 0.04486, 0.13694, 0.73145, 0.95496, 0.97585, 0.98301, 0.99595, 0.15155, 0.86782, 0.99359, 0.85474, 0.58826, 0.84011, 0.01419, 0.21656, 0.54929, 0.01032, 0.26435, 0.90808, 0.04075, 0.03341, 0.03734, 0.26184, 0.97115, 0.066, 0.87646, 0.77149, 0.04787, 0.92889, 0.94953, 0.01587, 0.58152, 0.8338, 0.96549, 0.13845, 0.16735, 