{"model": "bert-base-multilingual-cased", "dataset": "dravidian_tamil", "train_config": "ce", "seed": 7, "thr_cal": 0.36624395251274106, "metrics_05": {"macro": 0.7072604470900676, "toxf1": 0.5731857318573186, "prec": 0.5010752688172043, "rec": 0.6695402298850575, "prauc": 0.6042252656716923, "ece": 0.1284415718987584, "covert": 0.6919191919191919}, "metrics_cal": {"macro": 0.6962775974676443, "toxf1": 0.5717514124293785, "prec": 0.47113594040968343, "rec": 0.7270114942528736, "prauc": 0.6042252656716923, "ece": 0.1284415718987584, "covert": 0.7}, "probs": [0.02246, 0.00353, 0.03041, 0.01719, 0.97029, 0.14131, 0.01366, 0.03332, 0.03747, 0.02674, 0.00911, 0.06416, 0.01095, 0.01025, 0.36705, 0.0253, 0.68877, 0.87025, 0.00704, 0.95814, 0.14094, 0.10999, 0.0829, 0.06829, 0.03016, 0.03653, 0.98973, 0.01155, 0.10247, 0.02278, 0.10529, 0.17478, 0.01967, 0.08409, 0.1046, 0.98492, 0.295, 0.16402, 0.00541, 0.17981, 0.36403, 0.12728, 0.78582, 0.50796, 0.03674, 0.97721, 0.01524, 0.0782, 0.97398, 0.02057, 0.0118, 0.04409, 0.23938, 0.11076, 0.14817, 0.43125, 0.5133, 0.29917, 0.85712, 0.19014, 0.05066, 0.00552, 0.78585, 0.04387, 0.05481, 0.10875, 0.08487, 0.52595, 0.97198, 0.7035, 0.98431, 0.42144, 0.02223, 0.01439, 0.75369, 0.74166, 0.4453, 0.9535, 0.01686, 0.03182, 0.3257, 0.13145, 0.11315, 0.00558, 0.04841, 0.01517, 0.091, 0.03269, 0.02362, 0.20302, 0.02069, 0.96978, 0.01867, 0.41297, 0.21578, 0.59393, 0.4196, 0.04226, 0.04474, 0.0235, 0.87555, 0.02789, 0.07436, 0.09852, 0.92197, 0.92851, 0.21698, 0.0522, 0.00624, 0.84331, 0.56872, 0.15354, 0.99667, 0.76039, 0.04908, 0.08158, 0.02265, 0.15045, 0.05915, 0.00841, 0.07043, 0.01338, 0.05908, 0.09682, 0.87384, 0.10732, 0.31379, 0.81397, 0.01555, 0.02983, 0.0683, 0.13697, 0.16537, 0.08822, 0.91992, 0.35167, 0.09881, 0.0172, 0.02245, 0.98792, 0.67078, 0.0157, 0.87474, 0.95037, 0.29498, 0.19501, 0.01057, 0.61898, 0.17705, 0.73642, 0.80789, 0.05746, 0.82736, 0.08828, 0.47705, 0.06767, 0.01883, 0.89596, 0.02708, 0.33443, 0.11255, 0.92336, 0.10623, 0.98716, 0.01402, 0.16426, 0.29173, 0.26346, 0.87654, 0.22438, 0.62096, 0.73545, 0.3248, 0.74989, 0.11134, 0.13572, 0.3305, 0.03652, 0.01272, 0.53528, 0.08772, 0.94268, 0.40889, 0.73433, 0.02812, 0.03955, 0.43705, 0.02671, 0.01896, 0.12911, 0.01235, 0.04216, 0.22749, 0.05028, 0.00518, 0.48429, 0.03183, 0.98968, 0.01614, 0.02321, 0.64787, 0.99023, 0.38485, 0.02027, 0.07043, 0.20063, 0.5819, 0.02505, 0.06986, 0.25427, 0.81436, 0.05233, 0.66988, 0.02024, 0.02714, 0.30206, 0.03047, 0.03271, 0.65582, 0.01062, 0.02042, 0.01078, 0.04067, 0.98958, 0.05095, 0.96195, 0.97551, 0.06785, 0.01749, 0.01759, 0.05986, 0.05393, 0.03217, 0.99098, 0.07263, 0.11547, 0.77397, 0.00425, 0.85564, 0.08284, 0.98892, 0.23359, 0.02204, 0.538, 0.15878, 0.08275, 0.07676, 0.75408, 0.1563, 0.17545, 0.02646, 0.04674, 0.01467, 0.01086, 0.29648, 0.1057, 0.02627, 0.36793, 0.18604, 0.02057, 0.85002, 0.98467, 0.7069, 0.09254, 0.23134, 0.01901, 0.22153, 0.35866, 0.85396, 0.15107, 0.03077, 0.96087, 0.94523, 0.00899, 0.04952, 0.02168, 0.96502, 0.86111, 0.02593, 0.3531, 0.26267, 0.02816, 0.01524, 0.01839, 0.13284, 0.06911, 0.05587, 0.26659, 0.60652, 0.22375, 0.02901, 0.0025, 0.03002, 0.99144, 0.55823, 0.54856, 0.25995, 0.25874, 0.97011, 0.19655, 0.01646, 0.1151, 0.05539, 0.90666, 0.87046, 0.1509, 0.14822, 0.17294, 0.03979, 0.02763, 0.59005, 0.94998, 0.26635, 0.21909, 0.75867, 0.65198, 0.919, 0.14825, 0.08275, 0.46543, 0.01029, 0.75006, 0.99374, 0.41159, 0.03828, 0.97374, 0.93227, 0.24253, 0.40094, 0.00649, 0.10106, 0.27414, 0.15099, 0.02957, 0.0168, 0.02626, 0.0335, 0.30199, 0.15943, 0.2389, 0.01083, 0.0168, 0.09715, 0.76662, 0.29967, 0.02541, 0.20732, 0.06598, 0.10142, 0.10426, 0.76466, 0.4267, 0.44291, 0.91547, 0.24392, 0.09862, 0.04155, 0.36789, 0.01868, 0.3482, 0.24352, 0.29871, 0.03593, 0.06384, 0.49672, 0.85967, 0.02286, 0.96798, 0.0044, 0.99678, 0.05016, 0.19439, 0.65248, 0.06775, 0.13386, 0.23165, 0.03454, 0.25011, 0.90458, 0.03476, 0.79421, 0.01157, 0.13737, 0.46086, 0.40712, 0.93731, 0.20385, 0.9731, 0.01935, 0.12833, 0.74091, 0.08484, 0.01142, 0.05122, 0.04829, 0.96031, 0.7864, 0.80031, 0.01899, 0.01402, 0.90127, 0.07972, 0.03998, 0.01675, 0.00954, 0.0129, 0.14465, 0.97281, 0.02597, 0.97552, 0.99837, 0.08519, 0.07172, 0.5182, 0.65139, 0.77288, 0.24908, 0.11774, 0.67693, 0.91834, 0.78848, 0.14483, 0.04083, 0.10426, 0.89682, 0.01514, 0.0456, 0.04892, 0.324, 0.3802, 0.016, 0.47618, 0.7008, 0.88964, 0.59683, 0.00936, 0.05681, 0.2363, 0.548, 0.02192, 0.95806, 0.04821, 0.9657, 0.58557, 0.22558, 0.17439, 0.8319, 0.01483, 0.94337, 0.69851, 0.24374, 0.9579, 0.03349, 0.23796, 0.03408, 0.84244, 0.2115, 0.13783, 0.0686, 0.06462, 0.02185, 0.01466, 0.22572, 0.00905, 0.02077, 0.9615, 0.03352, 0.08023, 0.29418, 0.03713, 0.0295, 0.07401, 0.87148, 0.09151, 0.7582, 0.6497, 0.02431, 0.75959, 0.97093, 0.89719, 0.87013, 0.04205, 0.10894, 0.96633, 0.05107, 0.99557, 0.99681, 0.04518, 0.01197, 0.11783, 0.07419, 0.90964, 0.04535, 0.03927, 0.96148, 0.13867, 0.93711, 0.0091, 0.26543, 0.22423, 0.16527, 0.8089, 0.05368, 0.3002, 0.78613, 0.12492, 0.01061, 0.01996, 0.98716, 0.06624, 0.00628, 0.07204, 0.02696, 0.07962, 0.03915, 0.93139, 0.36947, 0.08447, 0.46932, 0.19813, 0.92659, 0.39905, 0.0217, 0.88132, 0.80411, 0.04933, 0.10459, 0.0425, 0.17897, 0.44803, 0.1191, 0.04608, 0.98445, 0.51264, 0.32844, 0.01529, 0.05146, 0.01747, 0.0163, 0.0641, 0.30467, 0.10868, 0.0365, 0.02193, 0.08131, 0.98875, 0.1421, 0.85167, 0.0171, 0.02105, 0.03512, 0.01785, 0.24477, 0.218, 0.27074, 0.14446, 0.32234, 0.76, 0.9754, 0.62122, 0.83083, 0.30962, 0.54177, 0.04653, 0.30806, 0.1418, 0.93249, 0.94041, 0.01597, 0.99456, 0.03707, 0.71372, 0.023, 0.00832, 0.13827, 0.52605, 0.13326, 0.16528, 0.81892, 0.02372, 0.20954, 0.60936, 0.01191, 0.27917, 0.02801, 0.11035, 0.66359, 0.03643, 0.9208, 0.99645, 0.01549, 0.99258, 0.43376, 0.95488, 0.06275, 0.03963, 0.04992, 0.03077, 0.00688, 0.25193, 0.02469, 0.80518, 0.78714, 0.11783, 0.05887, 0.26096, 0.1759, 0.04283, 0.81708, 0.96048, 0.19099, 0.37723, 0.08489, 0.37186, 0.92588, 0.5638, 0.05427, 0.22595, 0.05686, 0.96827, 0.03645, 0.0422, 0.97753, 0.08592, 0.22377, 0.66896, 0.01359, 0.01417, 0.74501, 0.07341, 0.25084, 0.31564, 0.05472, 0.2833, 0.05134, 0.41907, 0.79319, 0.01456, 0.83376, 0.05328, 0.02607, 0.22766, 0.89633, 0.15623, 0.83795, 0.03531, 0.21536, 0.94711, 0.76418, 0.99312, 0.06156, 0.56972, 0.84594, 0.07729, 0.19739, 0.01988, 0.00445, 0.94195, 0.92409, 0.84501, 0.95813, 0.44566, 0.10243, 0.00674, 0.82175, 0.09877, 0.11659, 0.02493, 0.83997, 0.43553, 0.96825, 0.00919, 0.92886, 0.16844, 0.02463, 0.0479, 0.02412, 0.19175, 0.06515, 0.97883, 0.07231, 0.70442, 0.82015, 0.01115, 0.15209, 0.01743, 0.02056, 0.96474, 0.03093, 0.8912, 0.18934, 0.09223, 0.01562, 0.46428, 0.7693, 0.09122, 0.01471, 0.05141, 0.04625, 0.13841, 0.18699, 0.0775, 0.76027, 0.97671, 0.13733, 0.11794, 0.04309, 0.06064, 0.02925, 0.02663, 0.02215, 0.01841, 0.05923, 0.00685, 0.77835, 0.88161, 0.91691, 0.01365, 0.97467, 0.04427, 0.9803, 0.31185, 0.16735, 0.39953, 0.01607, 0.01495, 0.10373, 0.69856, 0.13565, 0.25118, 0.004, 0.54506, 0.90728, 0.59801, 0.25886, 0.03798, 0.05896, 0.02286, 0.66323, 0.00729, 0.00902, 0.05247, 0.99514, 0.14136, 0.09601, 0.9165, 0.03703, 0.03667, 0.80388, 0.97902, 0.27713, 0.25656, 0.94362, 0.75728, 0.17854, 0.01437, 0.92485, 0.13215, 0.05152, 0.02798, 0.07621, 0.92355, 0.00949, 0.0306, 0.11361, 0.10767, 0.97857, 0.04477, 0.95919, 0.02946, 0.73057, 0.00819, 0.05871, 0.05994, 0.52566, 0.42529, 0.03106, 0.89599, 0.14502, 0.01636, 0.99225, 0.30337, 0.62866, 0.33153, 0.05487, 0.46205, 0.47357, 0.07588, 0.65662, 0.9543, 0.06697, 0.74727, 0.42047, 0.01317, 0.03645, 0.98548, 0.24744, 0.07585, 0.20046, 0.2348, 0.04016, 0.18296, 0.01405, 0.94062, 0.1942, 0.91478, 0.03048, 0.92003, 0.27636, 0.86727, 0.11873, 0.52136, 0.98138, 0.05682, 0.02542, 0.52143, 0.12635, 0.08422, 0.01907, 0.85187, 0.97123, 0.981, 0.07996, 0.06799, 0.93615, 0.4031, 0.05537, 0.03008, 0.89122, 0.64105, 0.0616, 0.10978, 0.94905, 0.22544, 0.95364, 0.52422, 0.0509, 0.51357, 