{"model": "bert-base-multilingual-cased", "dataset": "dravidian_kannada", "train_config": "hardneg", "seed": 7, "thr_cal": 0.31190013885498047, "metrics_05": {"macro": 0.7230409247981653, "toxf1": 0.5850340136054422, "prec": 0.6417910447761194, "rec": 0.5375, "prauc": 0.6677320524692342, "ece": 0.0991989424000828, "covert": 0.7814569536423841}, "metrics_cal": {"macro": 0.7068869421062409, "toxf1": 0.5808383233532934, "prec": 0.5574712643678161, "rec": 0.60625, "prauc": 0.6677320524692342, "ece": 0.0991989424000828, "covert": 0.779874213836478}, "probs": [0.02406, 0.1398, 0.41583, 0.08378, 0.09116, 0.63066, 0.01649, 0.00817, 0.0024, 0.07455, 0.46478, 0.01027, 0.01598, 0.89403, 0.04214, 0.00571, 0.01896, 0.63402, 0.01438, 0.22635, 0.07204, 0.02766, 0.93378, 0.92367, 0.9988, 0.10742, 0.97811, 0.06745, 0.12557, 0.8981, 0.99797, 0.57119, 0.07044, 0.27784, 0.13783, 0.02188, 0.1709, 0.00786, 0.04455, 0.0102, 0.04841, 0.05329, 0.69174, 0.02288, 0.05461, 0.02215, 0.3119, 0.01027, 0.00734, 0.38616, 0.29389, 0.09368, 0.02734, 0.27736, 0.08572, 0.96156, 0.02454, 0.05171, 0.06011, 0.82873, 0.12439, 0.00544, 0.02448, 0.10499, 0.00348, 0.00463, 0.02013, 0.20629, 0.36299, 0.99787, 0.01329, 0.01108, 0.01808, 0.17942, 0.0752, 0.54368, 0.09366, 0.06593, 0.7996, 0.74205, 0.02484, 0.68863, 0.53646, 0.68804, 0.36905, 0.00699, 0.9568, 0.00636, 0.79628, 0.09431, 0.00692, 0.01762, 0.01571, 0.0857, 0.01554, 0.10291, 0.04251, 0.02723, 0.02138, 0.01808, 0.03221, 0.90672, 0.01012, 0.61037, 0.07963, 0.01105, 0.89242, 0.02808, 0.04392, 0.02382, 0.82951, 0.01457, 0.01305, 0.00902, 0.00805, 0.01398, 0.07044, 0.27962, 0.61547, 0.45997, 0.12013, 0.08441, 0.32344, 0.11566, 0.02375, 0.02207, 0.3119, 0.83949, 0.01028, 0.13004, 0.64447, 0.01065, 0.0088, 0.25865, 0.97946, 0.12325, 0.00798, 0.99376, 0.01451, 0.36193, 0.01578, 0.11651, 0.29187, 0.98968, 0.20564, 0.55278, 0.07447, 0.1543, 0.05816, 0.03615, 0.00388, 0.00636, 0.90518, 0.33196, 0.01903, 0.26921, 0.01897, 0.15736, 0.63427, 0.41387, 0.12499, 0.00244, 0.01327, 0.04381, 0.07071, 0.00458, 0.04322, 0.11282, 0.08478, 0.58188, 0.01424, 0.81838, 0.04604, 0.01485, 0.30295, 0.00544, 0.3119, 0.03416, 0.02014, 0.67419, 0.05995, 0.00889, 0.3119, 0.94729, 0.66851, 0.02675, 0.91887, 0.04778, 0.03891, 0.00723, 0.4313, 0.94314, 0.0063, 0.3119, 0.10674, 0.97631, 0.01061, 0.29501, 0.87348, 0.062, 0.04107, 0.00716, 0.00471, 0.52103, 0.06743, 0.39683, 0.6446, 0.01123, 0.97018, 0.00222, 0.81618, 0.85714, 0.01835, 0.00454, 0.0154, 0.00827, 0.7023, 0.02197, 0.00475, 0.01161, 0.01228, 0.09177, 0.05147, 0.20834, 0.828, 0.23322, 0.00377, 0.04785, 0.01631, 0.02031, 0.01214, 0.02079, 0.01572, 0.15525, 0.01344, 0.67707, 0.99892, 0.03519, 0.00529, 0.0031, 0.04369, 0.3119, 0.78184, 0.97076, 0.99681, 0.00646, 0.00297, 0.07394, 0.14052, 0.50367, 0.46412, 0.05389, 0.59081, 0.17641, 0.07513, 0.01378, 0.05873, 0.14777, 0.02583, 0.02178, 0.32474, 0.07963, 0.93259, 0.2061, 0.14168, 0.01754, 0.3119, 0.00531, 0.00939, 0.00385, 0.01367, 0.02949, 0.39703, 0.13488, 0.03221, 0.03885, 0.31398, 0.00723, 0.65253, 0.96469, 0.09976, 0.72631, 0.95613, 0.17707, 0.10938, 0.54434, 0.03392, 0.67844, 0.00227, 0.01277, 0.26758, 0.02203, 0.01472, 0.58318, 0.07063, 0.3119, 0.23086, 0.52419, 0.15608, 0.0133, 0.01131, 0.01751, 0.01586, 0.84389, 0.01431, 0.00967, 0.16186, 0.3119, 0.01124, 0.0196, 0.00983, 0.06214, 0.04268, 0.11229, 0.92254, 0.01436, 0.0059, 0.03633, 0.08983, 0.05996, 0.60158, 0.04382, 0.00391, 0.03775, 0.71011, 0.00669, 0.21923, 0.00876, 0.079, 0.92428, 0.00893, 0.24392, 0.00983, 0.07829, 0.01608, 0.01449, 0.32399, 0.18043, 0.10314, 0.14473, 0.0121, 0.02037, 0.10415, 0.00998, 0.3099, 0.08922, 0.99422, 0.86983, 0.3119, 0.09724, 0.01684, 0.1603, 0.19828, 0.08712, 0.03805, 0.25184, 0.86798, 0.57289, 0.00517, 0.09996, 0.1716, 0.01117, 0.01861, 0.34942, 0.05208, 0.00856, 0.93766, 0.09351, 0.00266, 0.1837, 0.9985, 0.16357, 0.01214, 0.3119, 0.01612, 0.02336, 0.01996, 0.79186, 0.99599, 0.02165, 0.82005, 0.01746, 0.01321, 0.82619, 0.1106, 0.33118, 0.02431, 0.01186, 0.12504, 0.87169, 0.0422, 0.04196, 0.02344, 0.18344, 0.17448, 0.00249, 0.64696, 0.38421, 0.01057, 0.79951, 0.08001, 0.19616, 0.2631, 0.9402, 0.00692, 0.01106, 0.00701, 0.99705, 0.15944, 0.1104, 0.01614, 0.01207, 0.6804, 0.09033, 0.16955, 0.06751, 0.01982, 0.1203, 0.02138, 0.15426, 0.0144, 0.38961, 0.08627, 0.02193, 0.76466, 0.95328, 0.02842, 0.98277, 0.96865, 0.00561, 0.02111, 0.13425, 0.02318, 0.02871, 0.08828, 0.85453, 0.58109, 0.00747, 0.94558, 0.0346, 0.10765, 0.04248, 0.00723, 0.00724, 0.99812, 0.74601, 0.02331, 0.97699, 0.06582, 0.11942, 0.5707, 0.026, 0.00512, 0.00324, 0.1313, 0.20878, 0.21345, 0.19811, 0.01583, 0.01505, 0.15281, 0.00688, 0.02431, 0.00429, 0.04752, 0.02074, 0.02034, 0.91761, 0.85845, 0.30867, 0.56132, 0.85517, 0.0849, 0.01131, 0.10745, 0.00687, 0.19875, 0.97582, 0.3127, 0.00699, 0.9428, 0.59117, 0.01355, 0.29761, 0.30056, 0.3453, 0.9201, 0.72737, 0.03205, 0.0053, 0.01134, 0.02806, 0.84449, 0.98644, 0.01632, 0.70311, 0.05471, 0.09715, 0.39315, 0.65759, 0.00116, 0.01877, 0.06207, 0.07312, 0.03205, 0.69483, 0.02207, 0.01073, 0.0081, 0.92871, 0.0081, 0.96551, 0.02007, 0.0149, 0.00642, 0.10819, 0.09367, 0.15712, 0.09493, 0.08688, 0.00505, 0.95029, 0.86563, 0.01258, 0.28331, 0.7935, 0.3119, 0.53365, 0.04559, 0.006, 0.02581, 0.13636, 0.71246, 0.00489, 0.05223, 0.3119, 0.08256, 0.03863, 0.01998, 0.81351, 0.213, 0.29847, 0.63696, 0.42625, 0.00657, 0.3616, 0.63827, 0.5056, 0.15007, 0.77877, 0.98342, 0.00288, 0.01281, 0.07271, 0.00274, 0.91785, 0.00915, 0.66074, 0.09614, 0.01403, 0.04709, 0.02384, 0.00934, 0.91721, 0.8663, 0.60872, 0.01472, 0.00938, 0.9739, 0.03886, 0.98045, 0.92535, 0.11609, 0.42043, 0.00715, 0.00853, 0.03544, 0.07687, 0.035, 0.22611, 0.12414, 0.20443, 0.07175, 0.07291, 0.0341, 0.0684], "labels": [0, 0, 0, 0, 0, 0, 0, 0, 0, 0, 0, 0, 0, 0, 1, 0, 0, 1, 0, 0, 0, 0, 0, 1, 1, 1, 1, 1, 1, 0, 1, 0, 1, 1, 1, 0, 1, 0, 0, 1, 0, 0, 1, 0, 0, 0, 0, 0, 0, 1, 0, 0, 0, 1, 0, 0, 0, 0, 1, 0, 0, 0, 0, 1, 0, 0, 0, 0, 1, 1, 1, 0, 0, 0, 0, 1, 0, 0, 0, 1, 0, 1, 1, 0, 0, 0, 1, 0, 1, 0, 0, 0, 0, 0, 0, 0, 0, 1, 0, 0, 0, 1, 0, 1, 0, 0, 1, 0, 0, 0, 0, 0, 0, 0, 0, 0, 0, 0, 1, 0, 0, 0, 1, 1, 0, 0, 0, 0, 0, 0, 0, 0, 0, 1, 1, 0, 0, 1, 0, 0, 0, 0, 1, 1, 1, 0, 0, 0, 1, 0, 0, 0, 0, 0, 0, 1, 0, 0, 0, 1, 1, 1, 0, 1, 0, 0, 0, 0, 0, 0, 0, 1, 0, 0, 1, 0, 0, 0, 0, 0, 0, 0, 0, 0, 1, 0, 0, 0, 0, 0, 0, 1, 0, 1, 0, 1, 1, 0, 0, 0, 0, 0, 0, 0, 1, 1, 0, 0, 1, 0, 1, 0, 1, 0, 0, 0, 1, 0, 0, 0, 1, 0, 0, 0, 1, 0, 0, 0, 0, 0, 0, 0, 0, 0, 0, 1, 1, 0, 0, 0, 0, 0, 0, 1, 1, 0, 0, 0, 0, 0, 0, 0, 0, 1, 0, 0, 0, 0, 1, 0, 1, 0, 0, 0, 0, 0, 0, 0, 0, 0, 0, 0, 0, 1, 0, 0, 0, 0, 1, 1, 0, 1, 1, 0, 0, 1, 0, 1, 0, 0, 1, 0, 0, 1, 0, 0, 0, 1, 0, 0, 0, 0, 0, 0, 0, 0, 0, 1, 0, 0, 0, 0, 0, 0, 1, 1, 0, 0, 0, 0, 1, 1, 0, 0, 1, 0, 1, 0, 1, 1, 0, 0, 0, 0, 0, 0, 0, 1, 0, 0, 0, 0, 0, 0, 0, 0, 1, 0, 0, 0, 0, 0, 1, 0, 0, 1, 0, 1, 0, 0, 1, 0, 0, 0, 0, 0, 1, 0, 0, 1, 1, 0, 0, 0, 0, 0, 0, 1, 1, 0, 1, 0, 0, 1, 1, 1, 0, 0, 1, 1, 0, 0, 0, 0, 0, 0, 0, 0, 0, 1, 1, 1, 0, 1, 0, 0, 0, 1, 0, 0, 0, 0, 0, 0, 0, 0, 0, 1, 0, 1, 0, 0, 1, 0, 0, 0, 1, 1, 1, 0, 0, 0, 0, 0, 0, 1, 1, 0, 1, 0, 0, 0, 0, 0, 1, 1, 0, 1, 0, 1, 0, 0, 0, 0, 0, 0, 0, 0, 0, 0, 0, 0, 0, 0, 0, 0, 0, 1, 0, 1, 0, 0, 1, 1, 1, 0, 0, 1, 0, 0, 1, 1, 0, 0, 1, 0, 1, 1, 0, 0, 0, 0, 1, 1, 0, 1, 0, 0, 1, 0, 0, 0, 0, 0, 0, 0, 0, 0, 0, 1, 0, 1, 0, 0, 0, 1, 0, 1, 0, 0, 0, 1, 0, 0, 0, 0, 0, 0, 0, 0, 0, 0, 0, 0, 1, 0, 0, 1, 1, 1, 0, 0, 0, 1, 0, 0, 0, 1, 0, 1, 1, 0, 0, 0, 0, 1, 0, 0, 0, 0, 0, 0, 0, 1, 1, 1, 1, 0, 0, 0, 1, 1, 0, 0, 0, 0, 0, 0, 0, 0, 0, 0, 0, 1, 0, 1], "n": {"train": 3400, "val": 600, "test": 586, "toxic_frac": 0.23911764705882352}}