{"model": "bert-base-multilingual-cased", "dataset": "dravidian_kannada", "train_config": "supcon", "seed": 123, "thr_cal": 0.24666159376502036, "metrics_05": {"macro": 0.7210080936218575, "toxf1": 0.5838926174496645, "prec": 0.6304347826086957, "rec": 0.54375, "prauc": 0.6989848549680383, "ece": 0.0566830721019478, "covert": 0.7643312101910829}, "metrics_cal": {"macro": 0.7314503940846673, "toxf1": 0.6448362720403022, "prec": 0.540084388185654, "rec": 0.8, "prauc": 0.6989848549680383, "ece": 0.0566830721019478, "covert": 0.8202247191011236}, "probs": [0.01999, 0.14393, 0.795, 0.08352, 0.32364, 0.17024, 0.08274, 0.0677, 0.00278, 0.10389, 0.40804, 0.03982, 0.00647, 0.34525, 0.22431, 0.03978, 0.01602, 0.69803, 0.00616, 0.72798, 0.36932, 0.01779, 0.90232, 0.73822, 0.99458, 0.36536, 0.89802, 0.16126, 0.39144, 0.91071, 0.99464, 0.48706, 0.30022, 0.33019, 0.27936, 0.04101, 0.6912, 0.00644, 0.17873, 0.10399, 0.23599, 0.028, 0.51698, 0.39134, 0.15072, 0.02026, 0.09353, 0.01935, 0.01132, 0.10699, 0.51021, 0.14239, 0.04667, 0.28372, 0.23229, 0.71998, 0.01403, 0.25323, 0.32473, 0.72056, 0.05234, 0.00317, 0.00941, 0.45298, 0.01247, 0.0103, 0.02101, 0.03371, 0.4277, 0.98707, 0.0251, 0.00444, 0.0249, 0.478, 0.07392, 0.4335, 0.07733, 0.34367, 0.29309, 0.45155, 0.12244, 0.82567, 0.07442, 0.639, 0.54741, 0.03506, 0.89953, 0.0096, 0.24857, 0.02929, 0.00379, 0.07319, 0.00362, 0.60357, 0.05502, 0.00575, 0.00729, 0.00409, 0.01791, 0.0069, 0.01274, 0.93145, 0.01065, 0.66015, 0.12149, 0.22207, 0.56967, 0.07555, 0.01652, 0.10136, 0.86546, 0.03376, 0.00187, 0.01839, 0.01397, 0.02116, 0.30022, 0.03934, 0.60012, 0.6748, 0.12498, 0.01713, 0.73986, 0.10765, 0.11699, 0.04731, 0.09353, 0.78475, 0.0109, 0.48167, 0.37052, 0.07005, 0.00195, 0.26802, 0.65731, 0.31968, 0.03247, 0.97437, 0.01017, 0.61307, 0.0095, 0.38024, 0.30233, 0.75432, 0.70344, 0.04479, 0.08197, 0.24201, 0.29649, 0.21232, 0.00652, 0.01139, 0.64087, 0.19742, 0.10241, 0.36378, 0.00704, 0.23422, 0.25834, 0.2307, 0.28741, 0.00655, 0.01265, 0.1283, 0.03703, 0.01889, 0.04788, 0.28751, 0.18785, 0.5242, 0.00496, 0.89874, 0.27081, 0.05155, 0.67137, 0.0123, 0.09353, 0.3109, 0.05067, 0.5004, 0.15814, 0.01425, 0.09353, 0.92165, 0.91234, 0.01016, 0.86248, 0.0747, 0.23305, 0.00521, 0.5355, 0.83273, 0.02079, 0.09353, 0.08315, 0.97587, 0.05512, 0.17831, 0.64859, 0.31494, 0.05056, 0.00348, 0.06713, 0.52273, 0.19512, 0.71647, 0.75151, 0.01907, 0.92782, 0.01434, 0.85591, 0.5166, 0.59317, 0.00365, 0.00492, 0.00272, 0.49901, 0.01644, 0.00459, 0.03554, 0.00735, 0.12185, 0.03219, 0.264, 0.72626, 0.20337, 0.00656, 0.21834, 0.0072, 0.02925, 0.00462, 0.10826, 0.01186, 0.22092, 0.04273, 0.62171, 0.99485, 0.03865, 0.00259, 0.00701, 0.2089, 0.09353, 0.36935, 0.99092, 0.98893, 0.0118, 0.0179, 0.26595, 0.3373, 0.38563, 0.76866, 0.18324, 0.34634, 0.36022, 0.27729, 0.01728, 0.10983, 0.37267, 0.11153, 0.20079, 0.49082, 0.12149, 0.25619, 0.07982, 0.04172, 0.04478, 0.09353, 0.02453, 0.04558, 0.00311, 0.00729, 0.01396, 0.54138, 0.36983, 0.00428, 0.10589, 0.36588, 0.00202, 0.81294, 0.87396, 0.16499, 0.50451, 0.77642, 0.15165, 0.50242, 0.46748, 0.01799, 0.72147, 0.00772, 0.25646, 0.69649, 0.00416, 0.00938, 0.3781, 0.02225, 0.09353, 0.52642, 0.57501, 0.05327, 0.08123, 0.03799, 0.03482, 0.00352, 0.86448, 0.00458, 0.01926, 0.47136, 0.09353, 0.00798, 0.03143, 0.10118, 0.06124, 0.01675, 0.35931, 0.8817, 0.0631, 0.01537, 0.14301, 0.18678, 0.2018, 0.88757, 0.02729, 0.00526, 0.01543, 0.95608, 0.02087, 0.40281, 0.01372, 0.30884, 0.93185, 0.00342, 0.12049, 0.00998, 0.03883, 0.18219, 0.00393, 0.14427, 0.21275, 0.04807, 0.02996, 0.0993, 0.01398, 0.36099, 0.01818, 0.32825, 0.09817, 0.97436, 0.60893, 0.09353, 0.10971, 0.01335, 0.12201, 0.71502, 0.76652, 0.01227, 0.3052, 0.62347, 0.97845, 0.0227, 0.01658, 0.22428, 0.01294, 0.40823, 0.27306, 0.04865, 0.03413, 0.80531, 0.05728, 0.00705, 0.26189, 0.99483, 0.30149, 0.02584, 0.09353, 0.01395, 0.01672, 0.01086, 0.58557, 0.89993, 0.00485, 0.41935, 0.06296, 0.06482, 0.61927, 0.51526, 0.51569, 0.00336, 0.00456, 0.34619, 0.7352, 0.27849, 0.00393, 0.05765, 0.1111, 0.19431, 0.00382, 0.34402, 0.60428, 0.01153, 0.52637, 0.22374, 0.69107, 0.74053, 0.47352, 0.00636, 0.04642, 0.00857, 0.99395, 0.05524, 0.05014, 0.0397, 0.01258, 0.23081, 0.00853, 0.44023, 0.2679, 0.02455, 0.23166, 0.07432, 0.07628, 0.16327, 0.61848, 0.16763, 0.00417, 0.6826, 0.70409, 0.17997, 0.97266, 0.91116, 0.01047, 0.05993, 0.1709, 0.0052, 0.28202, 0.21969, 0.90878, 0.49911, 0.02931, 0.78723, 0.00508, 0.0502, 0.32948, 0.01429, 0.00947, 0.99184, 0.90774, 0.00517, 0.70374, 0.21856, 0.36228, 0.84494, 0.03143, 0.00399, 0.00383, 0.27832, 0.05536, 0.15791, 0.27861, 0.02189, 0.00823, 0.31936, 0.03609, 0.06407, 0.00485, 0.14481, 0.08442, 0.08996, 0.88298, 0.93495, 0.68063, 0.32018, 0.74533, 0.40188, 0.04131, 0.41377, 0.00446, 0.50315, 0.99244, 0.30764, 0.00987, 0.69703, 0.9444, 0.01118, 0.05754, 0.37858, 0.50857, 0.92931, 0.66004, 0.22283, 0.00498, 0.02074, 0.17863, 0.51688, 0.93043, 0.00476, 0.62113, 0.30516, 0.08985, 0.73343, 0.61917, 0.00631, 0.00423, 0.17484, 0.01471, 0.00398, 0.62389, 0.01097, 0.05157, 0.01801, 0.68406, 0.00831, 0.98292, 0.00943, 0.00998, 0.00439, 0.18419, 0.18643, 0.22123, 0.06239, 0.11874, 0.01836, 0.97898, 0.63733, 0.01784, 0.23793, 0.70057, 0.09353, 0.56591, 0.04488, 0.02679, 0.02182, 0.17886, 0.47752, 0.0329, 0.3448, 0.09353, 0.17805, 0.41286, 0.07127, 0.88639, 0.33794, 0.61375, 0.35093, 0.37496, 0.00886, 0.38631, 0.81562, 0.752, 0.13183, 0.46607, 0.89735, 0.00514, 0.01106, 0.21342, 0.00697, 0.97121, 0.00331, 0.48902, 0.0768, 0.35171, 0.04245, 0.0231, 0.02298, 0.68531, 0.74545, 0.21282, 0.08979, 0.00368, 0.96477, 0.19587, 0.92777, 0.79797, 0.03145, 0.58624, 0.00732, 0.03261, 0.13898, 0.27183, 0.03046, 0.25441, 0.0377, 0.0194, 0.1382, 0.30342, 0.00978, 0.36449], "labels": [0, 0, 0, 0, 0, 0, 0, 0, 0, 0, 0, 0, 0, 0, 1, 0, 0, 1, 0, 0, 0, 0, 0, 1, 1, 1, 1, 1, 1, 0, 1, 0, 1, 1, 1, 0, 1, 0, 0, 1, 0, 0, 1, 0, 0, 0, 0, 0, 0, 1, 0, 0, 0, 1, 0, 0, 0, 0, 1, 0, 0, 0, 0, 1, 0, 0, 0, 0, 1, 1, 1, 0, 0, 0, 0, 1, 0, 0, 0, 1, 0, 1, 1, 0, 0, 0, 1, 0, 1, 0, 0, 0, 0, 0, 0, 0, 0, 1, 0, 0, 0, 1, 0, 1, 0, 0, 1, 0, 0, 0, 0, 0, 0, 0, 0, 0, 0, 0, 1, 0, 0, 0, 1, 1, 0, 0, 0, 0, 0, 0, 0, 0, 0, 1, 1, 0, 0, 1, 0, 0, 0, 0, 1, 1, 1, 0, 0, 0, 1, 0, 0, 0, 0, 0, 0, 1, 0, 0, 0, 1, 1, 1, 0, 1, 0, 0, 0, 0, 0, 0, 0, 1, 0, 0, 1, 0, 0, 0, 0, 0, 0, 0, 0, 0, 1, 0, 0, 0, 0, 0, 0, 1, 0, 1, 0, 1, 1, 0, 0, 0, 0, 0, 0, 0, 1, 1, 0, 0, 1, 0, 1, 0, 1, 0, 0, 0, 1, 0, 0, 0, 1, 0, 0, 0, 1, 0, 0, 0, 0, 0, 0, 0, 0, 0, 0, 1, 1, 0, 0, 0, 0, 0, 0, 1, 1, 0, 0, 0, 0, 0, 0, 0, 0, 1, 0, 0, 0, 0, 1, 0, 1, 0, 0, 0, 0, 0, 0, 0, 0, 0, 0, 0, 0, 1, 0, 0, 0, 0, 1, 1, 0, 1, 1, 0, 0, 1, 0, 1, 0, 0, 1, 0, 0, 1, 0, 0, 0, 1, 0, 0, 0, 0, 0, 0, 0, 0, 0, 1, 0, 0, 0, 0, 0, 0, 1, 1, 0, 0, 0, 0, 1, 1, 0, 0, 1, 0, 1, 0, 1, 1, 0, 0, 0, 0, 0, 0, 0, 1, 0, 0, 0, 0, 0, 0, 0, 0, 1, 0, 0, 0, 0, 0, 1, 0, 0, 1, 0, 1, 0, 0, 1, 0, 0, 0, 0, 0, 1, 0, 0, 1, 1, 0, 0, 0, 0, 0, 0, 1, 1, 0, 1, 0, 0, 1, 1, 1, 0, 0, 1, 1, 0, 0, 0, 0, 0, 0, 0, 0, 0, 1, 1, 1, 0, 1, 0, 0, 0, 1, 0, 0, 0, 0, 0, 0, 0, 0, 0, 1, 0, 1, 0, 0, 1, 0, 0, 0, 1, 1, 1, 0, 0, 0, 0, 0, 0, 1, 1, 0, 1, 0, 0, 0, 0, 0, 1, 1, 0, 1, 0, 1, 0, 0, 0, 0, 0, 0, 0, 0, 0, 0, 0, 0, 0, 0, 0, 0, 0, 1, 0, 1, 0, 0, 1, 1, 1, 0, 0, 1, 0, 0, 1, 1, 0, 0, 1, 0, 1, 1, 0, 0, 0, 0, 1, 1, 0, 1, 0, 0, 1, 0, 0, 0, 0, 0, 0, 0, 0, 0, 0, 1, 0, 1, 0, 0, 0, 1, 0, 1, 0, 0, 0, 1, 0, 0, 0, 0, 0, 0, 0, 0, 0, 0, 0, 0, 1, 0, 0, 1, 1, 1, 0, 0, 0, 1, 0, 0, 0, 1, 0, 1, 1, 0, 0, 0, 0, 1, 0, 0, 0, 0, 0, 0, 0, 1, 1, 1, 1, 0, 0, 0, 1, 1, 0, 0, 0, 0, 0, 0, 0, 0, 0, 0, 0, 1, 0, 1], "n": {"train": 3400, "val": 600, "test": 586, "toxic_frac": 0.23911764705882352}}