{"model": "bert-base-multilingual-cased", "dataset": "dravidian_kannada", "train_config": "ce", "seed": 2024, "thr_cal": 0.5738144546747209, "metrics_05": {"macro": 0.7238319655480621, "toxf1": 0.6347607052896725, "prec": 0.5316455696202531, "rec": 0.7875, "prauc": 0.7105401342541168, "ece": 0.15958042142105386, "covert": 0.8314606741573034}, "metrics_cal": {"macro": 0.7280205401668889, "toxf1": 0.6356589147286822, "prec": 0.5418502202643172, "rec": 0.76875, "prauc": 0.7105401342541168, "ece": 0.15958042142105386, "covert": 0.8248587570621468}, "probs": [0.00709, 0.82752, 0.88269, 0.0628, 0.58249, 0.47186, 0.04285, 0.00074, 0.00037, 0.59076, 0.76801, 0.00919, 0.00061, 0.96178, 0.46793, 0.0047, 0.0158, 0.79618, 0.00565, 0.90771, 0.48201, 0.77208, 0.95887, 0.93854, 0.99951, 0.59846, 0.99565, 0.17228, 0.54921, 0.97418, 0.9995, 0.84038, 0.21356, 0.40705, 0.91242, 0.00867, 0.67867, 0.00115, 0.67132, 0.07317, 0.76177, 0.00476, 0.88348, 0.01499, 0.38897, 0.92054, 0.01732, 0.0588, 0.00026, 0.64007, 0.74617, 0.5141, 0.02334, 0.91294, 0.57852, 0.93102, 0.00819, 0.81378, 0.33291, 0.92712, 0.27409, 0.00508, 0.00032, 0.76646, 0.00136, 0.02647, 0.09977, 0.17396, 0.72019, 0.99908, 0.07121, 0.00028, 0.03476, 0.70508, 0.2066, 0.68424, 0.12643, 0.34857, 0.89406, 0.92299, 0.03515, 0.97149, 0.90288, 0.86552, 0.50795, 0.02034, 0.93963, 0.01757, 0.76347, 0.0178, 0.00054, 0.21035, 6e-05, 0.12693, 0.06471, 0.01074, 0.0033, 0.00052, 0.00183, 0.00026, 0.00309, 0.95852, 0.02653, 0.77612, 0.26123, 0.00747, 0.9371, 0.20136, 0.09614, 0.14892, 0.9302, 0.02702, 7e-05, 0.00173, 0.00308, 0.02633, 0.21356, 0.20403, 0.92255, 0.89734, 0.52894, 0.00195, 0.81687, 0.07935, 0.05097, 0.00874, 0.01732, 0.93101, 0.00044, 0.11743, 0.84764, 0.0125, 0.00033, 0.81808, 0.96304, 0.77653, 0.0035, 0.98972, 0.01392, 0.78035, 0.00095, 0.41761, 0.70751, 0.94469, 0.91873, 0.78327, 0.28528, 0.85451, 0.07988, 0.01624, 0.0001, 0.00142, 0.90462, 0.78417, 0.14349, 0.97181, 0.00019, 0.52084, 0.939, 0.83773, 0.58924, 0.00302, 0.00333, 0.1229, 0.01668, 0.00228, 0.61257, 0.60883, 0.80723, 0.90733, 0.00512, 0.90772, 0.00467, 0.00162, 0.97219, 0.00228, 0.01732, 0.1222, 0.07171, 0.9208, 0.01288, 0.00284, 0.01732, 0.98393, 0.92241, 0.00835, 0.93576, 0.01201, 0.53635, 0.00012, 0.77912, 0.96636, 0.00149, 0.01732, 0.04423, 0.99571, 0.09756, 0.37957, 0.87524, 0.12288, 0.26601, 0.00067, 0.004, 0.6587, 0.22833, 0.68638, 0.8855, 0.15157, 0.99347, 0.00603, 0.93395, 0.86621, 0.84116, 0.00087, 0.00736, 0.00022, 0.96623, 0.41114, 2e-05, 0.00028, 0.00052, 0.02495, 0.00311, 0.15464, 0.9576, 0.77885, 0.00088, 0.1805, 0.00185, 0.00399, 0.0001, 0.16458, 0.00061, 0.66343, 0.01173, 0.92117, 0.99945, 0.20424, 0.00073, 0.00026, 0.16271, 0.01732, 0.76205, 0.99876, 0.99921, 0.00056, 0.00208, 0.17136, 0.54557, 0.44384, 0.71977, 0.16619, 0.59241, 0.08657, 0.1037, 0.00137, 0.15932, 0.20109, 0.29328, 0.00494, 0.90199, 0.26123, 0.87917, 0.16717, 0.01041, 0.00933, 0.01732, 0.00832, 0.00433, 0.00112, 9e-05, 0.04863, 0.8932, 0.69105, 0.00022, 0.04751, 0.91149, 3e-05, 0.97326, 0.96124, 0.06919, 0.91671, 0.98728, 0.16648, 0.67644, 0.82254, 0.08428, 0.95736, 0.00059, 0.0079, 0.95968, 0.00052, 0.00575, 0.89318, 0.11854, 0.01732, 0.86017, 0.86903, 0.28765, 0.18922, 0.00502, 0.07219, 7e-05, 0.97143, 0.00016, 0.00195, 0.62005, 0.01732, 0.00625, 0.00098, 0.05922, 0.03225, 0.00084, 0.25859, 0.90756, 0.18838, 0.02221, 0.05439, 0.47958, 0.4955, 0.83811, 0.07664, 0.00042, 0.38283, 0.96565, 0.02998, 0.84137, 0.0001, 0.50012, 0.98221, 0.0004, 0.11354, 0.27484, 0.00336, 0.00028, 0.00016, 0.06551, 0.90486, 0.01275, 0.27553, 0.07357, 0.00027, 0.88495, 0.00266, 0.2544, 0.24175, 0.99221, 0.93631, 0.01732, 0.32416, 0.00011, 0.35, 0.95289, 0.75316, 0.40461, 0.62523, 0.958, 0.99644, 0.00366, 0.00613, 0.08422, 0.00021, 0.00737, 0.35546, 0.00324, 0.00397, 0.95126, 0.22494, 0.00027, 0.46163, 0.99952, 0.71406, 0.04951, 0.01732, 0.00399, 0.00163, 0.01472, 0.92307, 0.95862, 0.01184, 0.86487, 0.05829, 0.00174, 0.94958, 0.94642, 0.98455, 0.00022, 0.0008, 0.64742, 0.95472, 0.03103, 0.00051, 0.02903, 0.32735, 0.33681, 0.0005, 0.89917, 0.42608, 0.0013, 0.91824, 0.35698, 0.35496, 0.8106, 0.91317, 0.00024, 0.02463, 0.14203, 0.99956, 0.27446, 0.24024, 0.00022, 0.0128, 0.80663, 0.00267, 0.39205, 0.87265, 0.00045, 0.28251, 0.00451, 0.28298, 0.09376, 0.93941, 0.25997, 0.00011, 0.8945, 0.95677, 0.59955, 0.99413, 0.99082, 8e-05, 0.17041, 0.86951, 0.00069, 0.15198, 0.73992, 0.99057, 0.89549, 0.18218, 0.95079, 0.00011, 0.16855, 0.49976, 0.01913, 5e-05, 0.99941, 0.97926, 0.00038, 0.77873, 0.12096, 0.83701, 0.96948, 0.08514, 0.00051, 0.00028, 0.71388, 0.10406, 0.64997, 0.23842, 0.00138, 0.00123, 0.10895, 0.00046, 0.03442, 3e-05, 0.11846, 0.06736, 0.01523, 0.98788, 0.9048, 0.93725, 0.94917, 0.92404, 0.71783, 0.01306, 0.87503, 5e-05, 0.57535, 0.9981, 0.29559, 0.00135, 0.94956, 0.57673, 0.00177, 0.3182, 0.69758, 0.88408, 0.9813, 0.88085, 0.54648, 9e-05, 0.30299, 0.41941, 0.94728, 0.98401, 0.00245, 0.83983, 0.72078, 0.15633, 0.92829, 0.96804, 0.00041, 0.0001, 0.67566, 0.00361, 0.00026, 0.94723, 0.00324, 0.0196, 0.0585, 0.97348, 0.0003, 0.99301, 0.00014, 0.01392, 0.00031, 0.65417, 0.75297, 0.81688, 0.00866, 0.31853, 0.01455, 0.98817, 0.86485, 0.00382, 0.66446, 0.89484, 0.01732, 0.72955, 0.26085, 0.0527, 0.01637, 0.81121, 0.92246, 0.00068, 0.36288, 0.01732, 0.6603, 0.01581, 0.46376, 0.95307, 0.91561, 0.91545, 0.57648, 0.83176, 0.00043, 0.67504, 0.85859, 0.88744, 0.68507, 0.38797, 0.98821, 0.00024, 0.00855, 0.39188, 0.00043, 0.98835, 7e-05, 0.72967, 0.69063, 0.05047, 0.01422, 0.31551, 0.00583, 0.9309, 0.97361, 0.44793, 0.56278, 0.00026, 0.99399, 0.70714, 0.97606, 0.98316, 0.29824, 0.93819, 0.067, 0.01931, 0.08503, 0.32066, 0.00372, 0.64856, 0.02087, 0.02174, 0.66239, 0.60298, 0.00104, 0.90151], "labels": [0, 0, 0, 0, 0, 0, 0, 0, 0, 0, 0, 0, 0, 0, 1, 0, 0, 1, 0, 0, 0, 0, 0, 1, 1, 1, 1, 1, 1, 0, 1, 0, 1, 1, 1, 0, 1, 0, 0, 1, 0, 0, 1, 0, 0, 0, 0, 0, 0, 1, 0, 0, 0, 1, 0, 0, 0, 0, 1, 0, 0, 0, 0, 1, 0, 0, 0, 0, 1, 1, 1, 0, 0, 0, 0, 1, 0, 0, 0, 1, 0, 1, 1, 0, 0, 0, 1, 0, 1, 0, 0, 0, 0, 0, 0, 0, 0, 1, 0, 0, 0, 1, 0, 1, 0, 0, 1, 0, 0, 0, 0, 0, 0, 0, 0, 0, 0, 0, 1, 0, 0, 0, 1, 1, 0, 0, 0, 0, 0, 0, 0, 0, 0, 1, 1, 0, 0, 1, 0, 0, 0, 0, 1, 1, 1, 0, 0, 0, 1, 0, 0, 0, 0, 0, 0, 1, 0, 0, 0, 1, 1, 1, 0, 1, 0, 0, 0, 0, 0, 0, 0, 1, 0, 0, 1, 0, 0, 0, 0, 0, 0, 0, 0, 0, 1, 0, 0, 0, 0, 0, 0, 1, 0, 1, 0, 1, 1, 0, 0, 0, 0, 0, 0, 0, 1, 1, 0, 0, 1, 0, 1, 0, 1, 0, 0, 0, 1, 0, 0, 0, 1, 0, 0, 0, 1, 0, 0, 0, 0, 0, 0, 0, 0, 0, 0, 1, 1, 0, 0, 0, 0, 0, 0, 1, 1, 0, 0, 0, 0, 0, 0, 0, 0, 1, 0, 0, 0, 0, 1, 0, 1, 0, 0, 0, 0, 0, 0, 0, 0, 0, 0, 0, 0, 1, 0, 0, 0, 0, 1, 1, 0, 1, 1, 0, 0, 1, 0, 1, 0, 0, 1, 0, 0, 1, 0, 0, 0, 1, 0, 0, 0, 0, 0, 0, 0, 0, 0, 1, 0, 0, 0, 0, 0, 0, 1, 1, 0, 0, 0, 0, 1, 1, 0, 0, 1, 0, 1, 0, 1, 1, 0, 0, 0, 0, 0, 0, 0, 1, 0, 0, 0, 0, 0, 0, 0, 0, 1, 0, 0, 0, 0, 0, 1, 0, 0, 1, 0, 1, 0, 0, 1, 0, 0, 0, 0, 0, 1, 0, 0, 1, 1, 0, 0, 0, 0, 0, 0, 1, 1, 0, 1, 0, 0, 1, 1, 1, 0, 0, 1, 1, 0, 0, 0, 0, 0, 0, 0, 0, 0, 1, 1, 1, 0, 1, 0, 0, 0, 1, 0, 0, 0, 0, 0, 0, 0, 0, 0, 1, 0, 1, 0, 0, 1, 0, 0, 0, 1, 1, 1, 0, 0, 0, 0, 0, 0, 1, 1, 0, 1, 0, 0, 0, 0, 0, 1, 1, 0, 1, 0, 1, 0, 0, 0, 0, 0, 0, 0, 0, 0, 0, 0, 0, 0, 0, 0, 0, 0, 1, 0, 1, 0, 0, 1, 1, 1, 0, 0, 1, 0, 0, 1, 1, 0, 0, 1, 0, 1, 1, 0, 0, 0, 0, 1, 1, 0, 1, 0, 0, 1, 0, 0, 0, 0, 0, 0, 0, 0, 0, 0, 1, 0, 1, 0, 0, 0, 1, 0, 1, 0, 0, 0, 1, 0, 0, 0, 0, 0, 0, 0, 0, 0, 0, 0, 0, 1, 0, 0, 1, 1, 1, 0, 0, 0, 1, 0, 0, 0, 1, 0, 1, 1, 0, 0, 0, 0, 1, 0, 0, 0, 0, 0, 0, 0, 1, 1, 1, 1, 0, 0, 0, 1, 1, 0, 0, 0, 0, 0, 0, 0, 0, 0, 0, 0, 1, 0, 1], "n": {"train": 3400, "val": 600, "test": 586, "toxic_frac": 0.23911764705882352}}