{"model": "bert-base-multilingual-cased", "dataset": "dravidian_tamil", "train_config": "hardneg", "seed": 42, "thr_cal": 0.07963334470987317, "metrics_05": {"macro": 0.724365501154526, "toxf1": 0.5683563748079877, "prec": 0.6105610561056105, "rec": 0.5316091954022989, "prauc": 0.6234967840420914, "ece": 0.09830334680775803, "covert": 0.6723646723646723}, "metrics_cal": {"macro": 0.719575519257915, "toxf1": 0.6096491228070176, "prec": 0.4929078014184397, "rec": 0.7988505747126436, "prauc": 0.6234967840420914, "ece": 0.09830334680775803, "covert": 0.7293577981651376}, "probs": [0.01037, 7e-05, 0.00437, 0.00185, 0.5869, 0.01507, 0.00084, 0.00215, 0.00819, 0.00126, 0.00152, 0.00201, 0.00027, 0.00263, 0.20773, 0.01625, 0.40292, 0.15284, 0.00028, 0.06338, 0.22299, 0.01213, 0.02252, 0.02555, 0.00262, 0.02249, 0.98355, 0.0007, 0.03714, 0.00107, 0.00152, 0.00459, 0.00925, 0.01327, 0.02792, 0.70404, 0.01762, 0.05642, 0.00025, 0.12898, 0.16067, 0.01788, 0.0458, 0.03871, 0.00232, 0.9848, 0.00093, 0.00143, 0.14258, 0.00069, 0.00024, 0.00336, 0.01363, 0.03028, 0.01306, 0.41333, 0.28585, 0.23209, 0.51707, 0.0169, 0.00301, 0.00026, 0.78133, 0.0066, 0.0134, 0.00182, 0.01664, 0.53905, 0.8726, 0.01543, 0.79463, 0.01564, 0.00399, 0.00049, 0.19931, 0.60144, 0.2446, 0.52628, 0.00116, 0.00156, 0.56686, 0.28381, 0.02087, 0.00017, 0.00158, 0.00056, 0.00937, 0.00267, 0.00288, 0.31384, 0.00101, 0.73921, 0.00749, 0.36099, 0.00706, 0.12325, 0.14971, 0.00113, 0.00058, 0.00843, 0.24324, 0.00137, 0.03786, 0.01973, 0.73818, 0.67561, 0.00755, 0.00221, 0.0001, 0.1722, 0.19138, 0.0694, 0.97978, 0.01448, 0.02022, 0.00316, 0.0017, 0.00274, 0.0049, 0.00067, 0.32968, 0.00022, 0.00355, 0.00996, 0.02955, 0.03925, 0.48554, 0.04123, 0.00117, 0.00639, 0.01426, 0.02443, 0.2378, 0.01903, 0.61559, 0.23458, 0.04144, 0.00382, 0.00389, 0.89604, 0.87256, 0.00138, 0.39263, 0.95044, 0.17031, 0.30675, 0.0018, 0.06949, 0.34106, 0.22438, 0.1181, 0.0152, 0.14918, 0.00328, 0.50515, 0.02006, 0.00097, 0.74969, 0.00069, 0.37374, 0.00133, 0.9513, 0.01591, 0.93689, 0.0009, 0.00619, 0.2264, 0.02778, 0.46198, 0.02704, 0.79391, 0.45498, 0.06768, 0.01075, 0.03362, 0.00274, 0.03086, 0.00461, 0.00027, 0.12899, 0.03292, 0.16489, 0.76589, 0.86817, 0.00279, 0.00556, 0.37296, 0.00898, 0.00058, 0.00155, 0.00181, 0.01225, 0.09957, 0.00952, 0.00019, 0.03243, 0.00273, 0.35069, 0.00295, 0.00041, 0.01542, 0.96636, 0.81869, 0.00287, 0.0108, 0.02796, 0.06807, 0.00045, 0.00401, 0.03527, 0.77999, 0.00183, 0.34223, 0.00136, 0.00279, 0.33262, 0.00032, 0.00349, 0.13212, 0.00095, 0.00245, 0.00014, 0.00266, 0.93325, 0.0072, 0.8376, 0.81516, 0.00341, 0.00028, 0.00274, 0.02876, 0.00185, 0.00832, 0.90569, 0.04875, 0.00389, 0.07805, 0.00012, 0.88241, 0.00849, 0.98058, 0.04312, 0.0006, 0.26542, 0.0561, 0.04829, 0.00385, 0.65559, 0.03098, 0.00782, 0.00916, 0.0029, 0.00208, 0.00129, 0.64148, 0.00718, 0.00053, 0.08277, 0.05461, 0.00056, 0.42948, 0.97066, 0.04289, 0.01541, 0.13621, 0.0292, 0.18524, 0.03212, 0.19391, 0.01077, 0.00488, 0.89044, 0.80439, 0.00023, 0.00767, 0.00051, 0.75413, 0.08875, 0.00144, 0.03512, 0.00219, 0.00026, 0.00138, 0.00344, 0.00155, 0.00193, 0.01692, 0.01286, 0.34906, 0.76255, 0.02148, 8e-05, 0.00175, 0.62573, 0.19463, 0.00607, 0.01027, 0.07664, 0.90088, 0.00356, 0.00025, 0.00369, 0.02248, 0.76291, 0.43212, 0.0053, 0.06364, 0.00781, 0.03094, 0.00099, 0.00914, 0.93503, 0.02215, 0.31726, 0.02015, 0.28358, 0.49338, 0.02715, 0.01658, 0.00625, 0.00105, 0.23243, 0.94595, 0.06443, 0.00273, 0.59175, 0.95926, 0.27328, 0.02025, 0.00163, 0.03562, 0.62794, 0.0017, 0.01582, 0.00318, 0.00094, 0.00346, 0.12325, 0.01034, 0.19468, 0.00019, 0.00077, 0.00766, 0.12945, 0.00988, 0.00272, 0.02759, 0.02853, 0.04825, 0.06026, 0.5767, 0.59639, 0.00911, 0.78962, 0.00519, 0.22338, 0.04465, 0.09245, 0.00077, 0.04076, 0.36989, 0.46082, 0.003, 0.00441, 0.31826, 0.5814, 0.00121, 0.8933, 9e-05, 0.98849, 0.00463, 0.12193, 0.31429, 0.12742, 0.00176, 0.01754, 0.00603, 0.25162, 0.88353, 0.00515, 0.25753, 0.00067, 0.00387, 0.04854, 0.14237, 0.1126, 0.17289, 0.40427, 0.00066, 0.01382, 0.05341, 0.00964, 0.00305, 0.0048, 0.03661, 0.81862, 0.40937, 0.31714, 0.00326, 0.00497, 0.41353, 0.0068, 0.00141, 0.00231, 0.0005, 0.00078, 0.02952, 0.89116, 0.00468, 0.97734, 0.98414, 0.00337, 0.00478, 0.70024, 0.00451, 0.31964, 0.01086, 0.03776, 0.55158, 0.50431, 0.67749, 0.19226, 0.00341, 0.01299, 0.7542, 0.0005, 0.02661, 0.00341, 0.28398, 0.08408, 0.00964, 0.93348, 0.26236, 0.78836, 0.13703, 0.00056, 0.01517, 0.5305, 0.02159, 0.00202, 0.86574, 0.01717, 0.98196, 0.85884, 0.03903, 0.0923, 0.66657, 0.00034, 0.28844, 0.17408, 0.00394, 0.84331, 0.0075, 0.00436, 0.00214, 0.09715, 0.12213, 0.03772, 0.00148, 0.0143, 0.00109, 0.0029, 0.03309, 0.00052, 0.00039, 0.71266, 0.00214, 0.01348, 0.42887, 0.17268, 0.0007, 0.00209, 0.51266, 0.00275, 0.06275, 0.02944, 0.00453, 0.80361, 0.87928, 0.23282, 0.71835, 0.05642, 0.01357, 0.19874, 0.00447, 0.98309, 0.99452, 0.00205, 0.00039, 0.01146, 0.0373, 0.9008, 0.00619, 0.00127, 0.94453, 0.07527, 0.82194, 0.00021, 0.01343, 0.27281, 0.08139, 0.28973, 0.00054, 0.00374, 0.03126, 0.00558, 0.00223, 0.00112, 0.94767, 0.01482, 0.00022, 0.01123, 0.00303, 0.02216, 0.00348, 0.01334, 0.01817, 0.00955, 0.39433, 0.00246, 0.94186, 0.07437, 0.00341, 0.08013, 0.69211, 0.01513, 0.03704, 0.00507, 0.82089, 0.18196, 0.01748, 0.01065, 0.93908, 0.32293, 0.07824, 0.00046, 0.01081, 0.00079, 0.00063, 0.02975, 0.00902, 0.08129, 0.00253, 0.00173, 0.05162, 0.9509, 0.00635, 0.90166, 0.00143, 0.0004, 0.00284, 0.00295, 0.14908, 0.563, 0.48368, 0.01791, 0.39929, 0.8991, 0.82126, 0.89062, 0.61736, 0.05675, 0.03859, 0.01968, 0.0198, 0.02921, 0.9032, 0.91739, 0.0003, 0.8581, 0.00191, 0.0163, 0.00136, 0.00119, 0.01564, 0.83924, 0.00535, 0.01097, 0.51113, 0.00131, 0.15209, 0.05483, 0.01761, 0.03276, 0.00032, 0.00028, 0.15611, 0.00029, 0.03923, 0.98938, 0.00081, 0.83542, 0.64421, 0.02015, 0.00812, 0.00579, 0.00042, 0.00561, 0.00088, 0.2578, 0.00327, 0.87404, 0.58798, 0.00984, 0.00388, 0.02304, 0.00109, 0.00078, 0.24825, 0.66298, 0.04219, 0.33182, 0.02911, 0.06259, 0.23558, 0.00392, 0.02958, 0.00355, 0.01153, 0.80733, 0.00147, 0.00226, 0.90863, 0.00401, 0.09984, 0.05075, 0.00231, 0.00054, 0.4194, 0.01284, 0.09412, 0.28765, 0.01182, 0.08773, 0.00323, 0.04727, 0.68413, 0.00059, 0.87145, 0.00114, 0.00059, 0.03079, 0.33673, 0.52231, 0.69973, 0.01178, 0.02565, 0.79926, 0.69023, 0.95591, 0.00519, 0.06642, 0.77988, 0.02713, 0.01472, 0.00144, 0.00017, 0.88761, 0.87062, 0.64027, 0.54278, 0.15522, 0.00158, 0.00053, 0.67019, 0.00786, 0.00679, 0.00289, 0.49995, 0.06392, 0.9197, 0.00181, 0.42459, 0.04685, 0.00411, 0.0176, 0.00056, 0.03672, 0.00685, 0.95074, 0.01069, 0.15183, 0.63571, 0.00172, 0.07582, 0.00563, 0.00435, 0.90346, 0.00211, 0.06481, 0.02097, 0.03144, 0.01231, 0.01008, 0.72214, 0.04379, 0.0015, 0.00379, 0.00388, 0.04943, 0.01782, 0.00775, 0.0103, 0.91755, 0.01924, 0.25465, 0.01899, 0.01101, 0.00241, 0.00497, 0.00043, 0.00255, 0.12658, 0.00021, 0.80202, 0.04299, 0.70698, 0.00062, 0.93061, 0.00335, 0.90657, 0.10318, 0.23129, 0.02586, 0.00154, 0.00078, 0.06237, 0.43938, 0.01189, 0.10023, 0.00014, 0.0287, 0.50569, 0.02431, 0.0451, 0.00185, 0.00556, 0.00064, 0.02204, 0.00058, 0.00171, 0.00207, 0.95292, 0.66567, 0.05427, 0.24809, 0.00953, 0.01159, 0.22749, 0.18305, 0.05176, 0.07601, 0.54842, 0.62652, 0.11441, 0.00077, 0.58937, 0.01362, 0.00158, 0.00126, 0.0641, 0.92184, 0.00163, 0.02931, 0.03229, 0.04775, 0.92172, 0.01564, 0.7596, 0.01263, 0.24959, 0.00035, 0.02414, 0.03571, 0.04993, 0.52732, 0.00492, 0.97201, 0.00531, 0.00061, 0.97135, 0.39374, 0.16111, 0.07152, 0.00936, 0.00215, 0.05687, 0.00166, 0.62471, 0.77254, 0.01549, 0.11442, 0.80061, 0.00072, 0.00452, 0.7198, 0.04422, 0.02714, 0.00678, 0.27581, 0.00739, 0.10357, 0.00055, 0.87307, 0.00898, 0.54492, 0.00902, 0.91613, 0.14537, 0.01941, 0.01168, 0.01003, 0.12104, 0.00994, 0.00687, 0.00726, 0.0182, 0.00204, 0.00107, 0.3748, 0.91296, 0.68899, 0.02208, 0.00885, 0.92753, 0.24913, 0.00761, 0.00075, 0.73417, 0.01149, 0.00344, 0.00228, 