{"model": "bert-base-multilingual-cased", "dataset": "dravidian_kannada", "train_config": "ce", "seed": 123, "thr_cal": 0.4732063949108117, "metrics_05": {"macro": 0.7258120796853191, "toxf1": 0.5845070422535211, "prec": 0.6693548387096774, "rec": 0.51875, "prauc": 0.6900369002148803, "ece": 0.06857691430597988, "covert": 0.7662337662337663}, "metrics_cal": {"macro": 0.7417102558401691, "toxf1": 0.6116838487972509, "prec": 0.6793893129770993, "rec": 0.55625, "prauc": 0.6900369002148803, "ece": 0.06857691430597988, "covert": 0.7741935483870968}, "probs": [0.06791, 0.2738, 0.71785, 0.00885, 0.07247, 0.26668, 0.04966, 0.0112, 0.00096, 0.08675, 0.62345, 0.06417, 0.00186, 0.17043, 0.18515, 0.01408, 0.00223, 0.64352, 0.00142, 0.53715, 0.19056, 0.04139, 0.79107, 0.70618, 0.99855, 0.16382, 0.91872, 0.15978, 0.24328, 0.75645, 0.99781, 0.5906, 0.11579, 0.67013, 0.16907, 0.05614, 0.47755, 0.00705, 0.13265, 0.05422, 0.02321, 0.01434, 0.33617, 0.06574, 0.17924, 0.01506, 0.17093, 0.01178, 0.01353, 0.08481, 0.39705, 0.19794, 0.0228, 0.38529, 0.40018, 0.75457, 0.00277, 0.48014, 0.4788, 0.75003, 0.09933, 0.00284, 0.00174, 0.32347, 0.01217, 0.01152, 0.00428, 0.0104, 0.4804, 0.97483, 0.03714, 0.00126, 0.00233, 0.2532, 0.11839, 0.52046, 0.09962, 0.25779, 0.31826, 0.53573, 0.13651, 0.64288, 0.14666, 0.52129, 0.12277, 0.00495, 0.83547, 0.00501, 0.10272, 0.01204, 0.00249, 0.16237, 0.00165, 0.58238, 0.02494, 0.00048, 0.00392, 0.00139, 0.0029, 0.00115, 0.00494, 0.75495, 0.00443, 0.58758, 0.039, 0.0707, 0.57535, 0.03945, 0.02528, 0.18389, 0.77549, 0.0118, 0.00117, 0.00307, 0.00955, 0.01064, 0.11579, 0.00565, 0.48736, 0.56156, 0.15694, 0.01546, 0.80191, 0.0239, 0.02248, 0.01864, 0.17093, 0.63043, 0.00117, 0.14625, 0.55066, 0.03963, 0.00094, 0.09554, 0.59401, 0.24779, 0.01286, 0.9367, 0.0127, 0.26126, 0.00075, 0.38765, 0.182, 0.69875, 0.60519, 0.07398, 0.04399, 0.26944, 0.51981, 0.1995, 0.00099, 0.00254, 0.33315, 0.37579, 0.04546, 0.40796, 0.01557, 0.46492, 0.17424, 0.14803, 0.6591, 0.0013, 0.00201, 0.08526, 0.01571, 0.00539, 0.13523, 0.3642, 0.11854, 0.52849, 0.00128, 0.69165, 0.2252, 0.01881, 0.70662, 0.00379, 0.17093, 0.15075, 0.01117, 0.45894, 0.14807, 0.00328, 0.17093, 0.90846, 0.84547, 0.01096, 0.85693, 0.14669, 0.21092, 0.00238, 0.68877, 0.76543, 0.0136, 0.17093, 0.03675, 0.98509, 0.15185, 0.0967, 0.64499, 0.29797, 0.0833, 0.0006, 0.01124, 0.46123, 0.11753, 0.57766, 0.66292, 0.01761, 0.96474, 0.00986, 0.82251, 0.50108, 0.34354, 0.00112, 0.00054, 0.00087, 0.61003, 0.00831, 0.00041, 0.02557, 0.0042, 0.05347, 0.03164, 0.18538, 0.76974, 0.15837, 0.00066, 0.20553, 0.01136, 0.02473, 0.00124, 0.0814, 0.007, 0.23257, 0.06729, 0.53203, 0.99793, 0.01748, 0.00059, 0.00293, 0.1206, 0.17093, 0.26698, 0.99583, 0.99687, 0.00227, 0.01348, 0.07049, 0.21431, 0.27867, 0.81642, 0.11772, 0.10226, 0.23381, 0.13136, 0.00438, 0.34656, 0.13331, 0.15706, 0.01803, 0.35784, 0.039, 0.20305, 0.01794, 0.0157, 0.02707, 0.17093, 0.01091, 0.01684, 0.00032, 0.00467, 0.00534, 0.73409, 0.50835, 0.00298, 0.03514, 0.30448, 0.0005, 0.7077, 0.79912, 0.0795, 0.44666, 0.87831, 0.11332, 0.12187, 0.46904, 0.01284, 0.66092, 0.00297, 0.04665, 0.82402, 0.00221, 0.00181, 0.14224, 0.03544, 0.17093, 0.54323, 0.31792, 0.0308, 0.15355, 0.01615, 0.01643, 0.0011, 0.78384, 0.00061, 0.00411, 0.41418, 0.17093, 0.00376, 0.01087, 0.20012, 0.03013, 0.04823, 0.34475, 0.67835, 0.03356, 0.03091, 0.10039, 0.24238, 0.16154, 0.79035, 0.01646, 0.00043, 0.00277, 0.95407, 0.08114, 0.18579, 0.00178, 0.27955, 0.87975, 0.00072, 0.02887, 0.00471, 0.03488, 0.01572, 0.00056, 0.15378, 0.27158, 0.02382, 0.01241, 0.05469, 0.03763, 0.28677, 0.00108, 0.20754, 0.09521, 0.94594, 0.3774, 0.17093, 0.18807, 0.00653, 0.10273, 0.54985, 0.36859, 0.00062, 0.17781, 0.66352, 0.94896, 0.00278, 0.03079, 0.06265, 0.00268, 0.14613, 0.26907, 0.05302, 0.05068, 0.68918, 0.0321, 0.0014, 0.16254, 0.99842, 0.16979, 0.00676, 0.17093, 0.00689, 0.00154, 0.00133, 0.39946, 0.78433, 0.01051, 0.46016, 0.06987, 0.01055, 0.64541, 0.13797, 0.62987, 0.003, 0.00072, 0.3843, 0.65531, 0.31172, 0.00036, 0.01492, 0.04766, 0.04318, 0.00033, 0.32792, 0.21487, 0.00614, 0.47211, 0.10521, 0.39545, 0.45336, 0.72088, 0.00214, 0.0065, 0.00226, 0.99756, 0.01525, 0.08556, 0.04504, 0.00147, 0.20987, 0.00549, 0.28808, 0.14961, 0.02219, 0.08761, 0.03552, 0.07898, 0.07055, 0.64374, 0.02765, 0.00235, 0.6177, 0.75376, 0.45338, 0.95251, 0.94614, 0.00251, 0.04126, 0.23621, 0.00263, 0.37128, 0.26562, 0.92943, 0.43824, 0.02467, 0.82243, 0.00187, 0.01185, 0.16494, 0.00786, 0.00038, 0.99723, 0.88202, 0.00457, 0.61197, 0.16524, 0.48634, 0.54416, 0.01323, 0.00074, 0.00121, 0.11654, 0.01816, 0.10789, 0.11718, 0.02071, 0.00396, 0.11561, 0.01044, 0.01225, 0.00062, 0.14025, 0.00263, 0.03271, 0.86936, 0.95519, 0.48081, 0.46865, 0.7957, 0.42387, 0.03428, 0.53875, 0.00144, 0.66757, 0.9957, 0.37452, 0.02077, 0.71098, 0.63938, 0.0026, 0.01549, 0.33723, 0.50672, 0.91218, 0.42179, 0.24316, 0.00082, 0.01159, 0.13996, 0.34666, 0.78909, 0.00118, 0.52868, 0.34013, 0.03944, 0.71998, 0.63345, 0.00125, 0.0013, 0.23984, 0.00944, 0.00288, 0.45206, 0.00943, 0.03982, 0.04933, 0.60371, 0.00174, 0.98918, 0.00932, 0.0049, 0.00415, 0.3718, 0.20165, 0.16962, 0.08469, 0.18957, 0.01341, 0.95158, 0.69921, 0.00793, 0.0846, 0.43027, 0.17093, 0.44135, 0.01717, 0.00683, 0.03926, 0.43087, 0.6021, 0.01486, 0.23071, 0.17093, 0.272, 0.15975, 0.04489, 0.66698, 0.37536, 0.73016, 0.38392, 0.18001, 0.00169, 0.22959, 0.46748, 0.52412, 0.10544, 0.3092, 0.88331, 0.00086, 0.004, 0.06483, 0.00274, 0.9324, 0.00096, 0.42632, 0.06039, 0.098, 0.00808, 0.00318, 0.00733, 0.64842, 0.87499, 0.2036, 0.09639, 0.00073, 0.9661, 0.2229, 0.88188, 0.78634, 0.15314, 0.60796, 0.00211, 0.01945, 0.07639, 0.11703, 0.02844, 0.52963, 0.01847, 0.01546, 0.07662, 0.39049, 0.01681, 0.30171], "labels": [0, 0, 0, 0, 0, 0, 0, 0, 0, 0, 0, 0, 0, 0, 1, 0, 0, 1, 0, 0, 0, 0, 0, 1, 1, 1, 1, 1, 1, 0, 1, 0, 1, 1, 1, 0, 1, 0, 0, 1, 0, 0, 1, 0, 0, 0, 0, 0, 0, 1, 0, 0, 0, 1, 0, 0, 0, 0, 1, 0, 0, 0, 0, 1, 0, 0, 0, 0, 1, 1, 1, 0, 0, 0, 0, 1, 0, 0, 0, 1, 0, 1, 1, 0, 0, 0, 1, 0, 1, 0, 0, 0, 0, 0, 0, 0, 0, 1, 0, 0, 0, 1, 0, 1, 0, 0, 1, 0, 0, 0, 0, 0, 0, 0, 0, 0, 0, 0, 1, 0, 0, 0, 1, 1, 0, 0, 0, 0, 0, 0, 0, 0, 0, 1, 1, 0, 0, 1, 0, 0, 0, 0, 1, 1, 1, 0, 0, 0, 1, 0, 0, 0, 0, 0, 0, 1, 0, 0, 0, 1, 1, 1, 0, 1, 0, 0, 0, 0, 0, 0, 0, 1, 0, 0, 1, 0, 0, 0, 0, 0, 0, 0, 0, 0, 1, 0, 0, 0, 0, 0, 0, 1, 0, 1, 0, 1, 1, 0, 0, 0, 0, 0, 0, 0, 1, 1, 0, 0, 1, 0, 1, 0, 1, 0, 0, 0, 1, 0, 0, 0, 1, 0, 0, 0, 1, 0, 0, 0, 0, 0, 0, 0, 0, 0, 0, 1, 1, 0, 0, 0, 0, 0, 0, 1, 1, 0, 0, 0, 0, 0, 0, 0, 0, 1, 0, 0, 0, 0, 1, 0, 1, 0, 0, 0, 0, 0, 0, 0, 0, 0, 0, 0, 0, 1, 0, 0, 0, 0, 1, 1, 0, 1, 1, 0, 0, 1, 0, 1, 0, 0, 1, 0, 0, 1, 0, 0, 0, 1, 0, 0, 0, 0, 0, 0, 0, 0, 0, 1, 0, 0, 0, 0, 0, 0, 1, 1, 0, 0, 0, 0, 1, 1, 0, 0, 1, 0, 1, 0, 1, 1, 0, 0, 0, 0, 0, 0, 0, 1, 0, 0, 0, 0, 0, 0, 0, 0, 1, 0, 0, 0, 0, 0, 1, 0, 0, 1, 0, 1, 0, 0, 1, 0, 0, 0, 0, 0, 1, 0, 0, 1, 1, 0, 0, 0, 0, 0, 0, 1, 1, 0, 1, 0, 0, 1, 1, 1, 0, 0, 1, 1, 0, 0, 0, 0, 0, 0, 0, 0, 0, 1, 1, 1, 0, 1, 0, 0, 0, 1, 0, 0, 0, 0, 0, 0, 0, 0, 0, 1, 0, 1, 0, 0, 1, 0, 0, 0, 1, 1, 1, 0, 0, 0, 0, 0, 0, 1, 1, 0, 1, 0, 0, 0, 0, 0, 1, 1, 0, 1, 0, 1, 0, 0, 0, 0, 0, 0, 0, 0, 0, 0, 0, 0, 0, 0, 0, 0, 0, 1, 0, 1, 0, 0, 1, 1, 1, 0, 0, 1, 0, 0, 1, 1, 0, 0, 1, 0, 1, 1, 0, 0, 0, 0, 1, 1, 0, 1, 0, 0, 1, 0, 0, 0, 0, 0, 0, 0, 0, 0, 0, 1, 0, 1, 0, 0, 0, 1, 0, 1, 0, 0, 0, 1, 0, 0, 0, 0, 0, 0, 0, 0, 0, 0, 0, 0, 1, 0, 0, 1, 1, 1, 0, 0, 0, 1, 0, 0, 0, 1, 0, 1, 1, 0, 0, 0, 0, 1, 0, 0, 0, 0, 0, 0, 0, 1, 1, 1, 1, 0, 0, 0, 1, 1, 0, 0, 0, 0, 0, 0, 0, 0, 0, 0, 0, 1, 0, 1], "n": {"train": 3400, "val": 600, "test": 586, "toxic_frac": 0.23911764705882352}}