{"model": "bert-base-multilingual-cased", "dataset": "dravidian_kannada", "train_config": "ce", "seed": 42, "thr_cal": 0.36620906442403794, "metrics_05": {"macro": 0.7329687856003646, "toxf1": 0.6363636363636364, "prec": 0.5560747663551402, "rec": 0.74375, "prauc": 0.6935071132636085, "ece": 0.12223958129654464, "covert": 0.8208092485549133}, "metrics_cal": {"macro": 0.7084577114427861, "toxf1": 0.6169154228855721, "prec": 0.512396694214876, "rec": 0.775, "prauc": 0.6935071132636085, "ece": 0.12223958129654464, "covert": 0.8135593220338984}, "probs": [0.04854, 0.43275, 0.95873, 0.05652, 0.58153, 0.31983, 0.09376, 0.02654, 0.00226, 0.17082, 0.38132, 0.22461, 0.00753, 0.8188, 0.51067, 0.02733, 0.41954, 0.75694, 0.00622, 0.8516, 0.33634, 0.30916, 0.98896, 0.921, 0.99932, 0.79148, 0.99344, 0.02183, 0.53137, 0.89555, 0.99944, 0.93927, 0.20218, 0.17937, 0.78106, 0.09227, 0.62081, 0.00521, 0.29502, 0.14764, 0.02544, 0.01952, 0.9703, 0.04587, 0.17668, 0.23213, 0.22349, 0.20365, 0.00916, 0.19815, 0.92754, 0.10632, 0.01743, 0.85861, 0.63667, 0.5153, 0.01237, 0.4989, 0.29886, 0.92161, 0.14533, 0.00911, 0.00784, 0.51818, 0.00404, 0.07975, 0.05705, 0.04151, 0.94278, 0.9927, 0.03488, 0.00298, 0.02956, 0.82748, 0.31046, 0.34883, 0.43494, 0.24858, 0.87311, 0.92453, 0.19977, 0.78958, 0.82305, 0.88736, 0.82713, 0.02004, 0.82857, 0.04658, 0.91462, 0.01678, 0.00618, 0.78941, 0.0048, 0.60398, 0.04444, 0.1056, 0.01765, 0.00092, 0.08622, 0.00229, 0.0083, 0.93137, 0.01523, 0.7965, 0.0354, 0.04592, 0.94185, 0.10048, 0.01873, 0.45375, 0.51343, 0.02361, 0.00179, 0.01565, 0.02617, 0.01268, 0.20218, 0.06122, 0.5481, 0.96029, 0.13259, 0.00673, 0.87687, 0.02202, 0.05958, 0.0489, 0.22349, 0.45794, 0.01857, 0.30819, 0.86684, 0.00992, 0.00806, 0.6239, 0.97977, 0.38169, 0.01926, 0.99778, 0.07036, 0.18579, 0.00834, 0.27977, 0.92065, 0.95805, 0.93526, 0.26673, 0.7772, 0.70255, 0.38163, 0.51309, 0.00305, 0.01528, 0.88528, 0.9704, 0.17994, 0.67675, 0.00281, 0.92011, 0.74088, 0.68836, 0.4483, 0.00384, 0.02134, 0.07723, 0.05815, 0.00526, 0.22751, 0.55488, 0.1233, 0.81132, 0.0094, 0.96485, 0.11309, 0.16561, 0.86681, 0.01706, 0.22349, 0.3072, 0.03915, 0.91688, 0.19627, 0.08192, 0.22349, 0.96906, 0.97917, 0.18697, 0.96268, 0.05242, 0.18784, 0.00548, 0.45465, 0.98748, 0.03958, 0.22349, 0.07274, 0.99846, 0.14352, 0.13772, 0.45334, 0.58164, 0.1311, 0.00155, 0.00778, 0.28163, 0.519, 0.15812, 0.90692, 0.04837, 0.99475, 0.04664, 0.9646, 0.62196, 0.36229, 0.00141, 0.02694, 0.00084, 0.94712, 0.01042, 0.00171, 0.03657, 0.0016, 0.03363, 0.00919, 0.64633, 0.45992, 0.71527, 0.00373, 0.30078, 0.01286, 0.05167, 0.00314, 0.31498, 0.0031, 0.45398, 0.57498, 0.73351, 0.99947, 0.2416, 0.00171, 0.00856, 0.67479, 0.22349, 0.327, 0.99006, 0.99766, 0.00385, 0.01644, 0.15687, 0.59113, 0.23716, 0.52642, 0.14008, 0.64935, 0.26604, 0.04694, 0.00796, 0.28444, 0.15098, 0.06326, 0.05526, 0.9347, 0.0354, 0.93783, 0.18058, 0.05421, 0.01401, 0.22349, 0.06376, 0.04683, 0.00144, 0.00457, 0.01254, 0.78172, 0.53498, 0.00572, 0.04533, 0.77186, 0.00302, 0.98982, 0.98783, 0.09842, 0.91777, 0.95872, 0.22465, 0.74324, 0.71016, 0.5288, 0.95146, 0.00265, 0.25185, 0.89448, 0.00531, 0.01082, 0.28011, 0.44293, 0.22349, 0.871, 0.79406, 0.56993, 0.01963, 0.01109, 0.19415, 0.002, 0.9786, 0.00257, 0.02613, 0.39282, 0.22349, 0.00311, 0.00854, 0.25881, 0.0434, 0.00891, 0.37346, 0.98111, 0.28465, 0.01631, 0.08316, 0.77184, 0.05649, 0.87387, 0.24883, 0.00145, 0.34576, 0.99113, 0.06749, 0.77883, 0.0632, 0.65659, 0.99553, 0.00085, 0.19, 0.03643, 0.19178, 0.012, 0.00694, 0.05852, 0.91272, 0.0094, 0.13643, 0.17077, 0.03002, 0.88702, 0.01126, 0.90446, 0.17387, 0.9967, 0.94856, 0.22349, 0.61949, 0.01872, 0.12051, 0.8375, 0.7705, 0.80942, 0.8881, 0.97828, 0.30536, 0.05992, 0.01158, 0.13555, 0.00497, 0.08682, 0.57866, 0.02438, 0.00733, 0.95315, 0.10513, 0.00606, 0.68284, 0.99957, 0.16603, 0.04487, 0.22349, 0.03869, 0.03633, 0.02221, 0.89952, 0.97465, 0.05014, 0.8918, 0.24061, 0.12106, 0.86686, 0.93357, 0.81181, 0.00218, 0.00984, 0.12465, 0.87296, 0.05833, 0.04353, 0.0208, 0.108, 0.37051, 0.00092, 0.45648, 0.0807, 0.01963, 0.89626, 0.29045, 0.71218, 0.91135, 0.97734, 0.02437, 0.10627, 0.01906, 0.99093, 0.24388, 0.34369, 0.08042, 0.01054, 0.62222, 0.00773, 0.59441, 0.78999, 0.02097, 0.32635, 0.01757, 0.84336, 0.22848, 0.92653, 0.16799, 0.00359, 0.93614, 0.82634, 0.44998, 0.95819, 0.9897, 0.01588, 0.1862, 0.63255, 0.00551, 0.32634, 0.84577, 0.99697, 0.9569, 0.14263, 0.98545, 0.00271, 0.03115, 0.66313, 0.12245, 0.00639, 0.99908, 0.96083, 0.00666, 0.91995, 0.63228, 0.72975, 0.7319, 0.01367, 0.00636, 0.00576, 0.10219, 0.05835, 0.09036, 0.1273, 0.01984, 0.01346, 0.03985, 0.0023, 0.07678, 0.00171, 0.36641, 0.01372, 0.2604, 0.81435, 0.83315, 0.93734, 0.96873, 0.96615, 0.77429, 0.01868, 0.73117, 0.00223, 0.85114, 0.9769, 0.11103, 0.00368, 0.9635, 0.9757, 0.01032, 0.11883, 0.87937, 0.81167, 0.95517, 0.83271, 0.86977, 0.0152, 0.05725, 0.2412, 0.90792, 0.98587, 0.01385, 0.77174, 0.54408, 0.22725, 0.99296, 0.88209, 0.01499, 0.00876, 0.31058, 0.00445, 0.0053, 0.78465, 0.01881, 0.08051, 0.01389, 0.98254, 0.00474, 0.97424, 0.00471, 0.0231, 0.02528, 0.30644, 0.7691, 0.64694, 0.0377, 0.42905, 0.13962, 0.93009, 0.74842, 0.06124, 0.09054, 0.67255, 0.22349, 0.4111, 0.45727, 0.04486, 0.12639, 0.71601, 0.57216, 0.00885, 0.31784, 0.22349, 0.70567, 0.05945, 0.27204, 0.92087, 0.86998, 0.70348, 0.9001, 0.65051, 0.01243, 0.89716, 0.89878, 0.89507, 0.14411, 0.48211, 0.98986, 0.01011, 0.02616, 0.18793, 0.02724, 0.99034, 0.00228, 0.81353, 0.48857, 0.05516, 0.06971, 0.42523, 0.01506, 0.92828, 0.94807, 0.32436, 0.19155, 0.00275, 0.99786, 0.3313, 0.99031, 0.69923, 0.06925, 0.82082, 0.02009, 0.00353, 0.19505, 0.08249, 0.00672, 0.5458, 0.03224, 0.03138, 0.46892, 0.89793, 0.00629, 0.7588], "labels": [0, 0, 0, 0, 0, 0, 0, 0, 0, 0, 0, 0, 0, 0, 1, 0, 0, 1, 0, 0, 0, 0, 0, 1, 1, 1, 1, 1, 1, 0, 1, 0, 1, 1, 1, 0, 1, 0, 0, 1, 0, 0, 1, 0, 0, 0, 0, 0, 0, 1, 0, 0, 0, 1, 0, 0, 0, 0, 1, 0, 0, 0, 0, 1, 0, 0, 0, 0, 1, 1, 1, 0, 0, 0, 0, 1, 0, 0, 0, 1, 0, 1, 1, 0, 0, 0, 1, 0, 1, 0, 0, 0, 0, 0, 0, 0, 0, 1, 0, 0, 0, 1, 0, 1, 0, 0, 1, 0, 0, 0, 0, 0, 0, 0, 0, 0, 0, 0, 1, 0, 0, 0, 1, 1, 0, 0, 0, 0, 0, 0, 0, 0, 0, 1, 1, 0, 0, 1, 0, 0, 0, 0, 1, 1, 1, 0, 0, 0, 1, 0, 0, 0, 0, 0, 0, 1, 0, 0, 0, 1, 1, 1, 0, 1, 0, 0, 0, 0, 0, 0, 0, 1, 0, 0, 1, 0, 0, 0, 0, 0, 0, 0, 0, 0, 1, 0, 0, 0, 0, 0, 0, 1, 0, 1, 0, 1, 1, 0, 0, 0, 0, 0, 0, 0, 1, 1, 0, 0, 1, 0, 1, 0, 1, 0, 0, 0, 1, 0, 0, 0, 1, 0, 0, 0, 1, 0, 0, 0, 0, 0, 0, 0, 0, 0, 0, 1, 1, 0, 0, 0, 0, 0, 0, 1, 1, 0, 0, 0, 0, 0, 0, 0, 0, 1, 0, 0, 0, 0, 1, 0, 1, 0, 0, 0, 0, 0, 0, 0, 0, 0, 0, 0, 0, 1, 0, 0, 0, 0, 1, 1, 0, 1, 1, 0, 0, 1, 0, 1, 0, 0, 1, 0, 0, 1, 0, 0, 0, 1, 0, 0, 0, 0, 0, 0, 0, 0, 0, 1, 0, 0, 0, 0, 0, 0, 1, 1, 0, 0, 0, 0, 1, 1, 0, 0, 1, 0, 1, 0, 1, 1, 0, 0, 0, 0, 0, 0, 0, 1, 0, 0, 0, 0, 0, 0, 0, 0, 1, 0, 0, 0, 0, 0, 1, 0, 0, 1, 0, 1, 0, 0, 1, 0, 0, 0, 0, 0, 1, 0, 0, 1, 1, 0, 0, 0, 0, 0, 0, 1, 1, 0, 1, 0, 0, 1, 1, 1, 0, 0, 1, 1, 0, 0, 0, 0, 0, 0, 0, 0, 0, 1, 1, 1, 0, 1, 0, 0, 0, 1, 0, 0, 0, 0, 0, 0, 0, 0, 0, 1, 0, 1, 0, 0, 1, 0, 0, 0, 1, 1, 1, 0, 0, 0, 0, 0, 0, 1, 1, 0, 1, 0, 0, 0, 0, 0, 1, 1, 0, 1, 0, 1, 0, 0, 0, 0, 0, 0, 0, 0, 0, 0, 0, 0, 0, 0, 0, 0, 0, 1, 0, 1, 0, 0, 1, 1, 1, 0, 0, 1, 0, 0, 1, 1, 0, 0, 1, 0, 1, 1, 0, 0, 0, 0, 1, 1, 0, 1, 0, 0, 1, 0, 0, 0, 0, 0, 0, 0, 0, 0, 0, 1, 0, 1, 0, 0, 0, 1, 0, 1, 0, 0, 0, 1, 0, 0, 0, 0, 0, 0, 0, 0, 0, 0, 0, 0, 1, 0, 0, 1, 1, 1, 0, 0, 0, 1, 0, 0, 0, 1, 0, 1, 1, 0, 0, 0, 0, 1, 0, 0, 0, 0, 0, 0, 0, 1, 1, 1, 1, 0, 0, 0, 1, 1, 0, 0, 0, 0, 0, 0, 0, 0, 0, 0, 0, 1, 0, 1], "n": {"train": 3400, "val": 600, "test": 586, "toxic_frac": 0.23911764705882352}}