{"model": "bert-base-multilingual-cased", "dataset": "dravidian_malayalam", "train_config": "supcon", "seed": 42, "thr_cal": 0.6676461070775985, "metrics_05": {"macro": 0.5671468347124842, "toxf1": 0.18681318681318682, "prec": 0.1259259259259259, "rec": 0.3617021276595745, "prauc": 0.22037823651759234, "ece": 0.23238210280736288, "covert": 0.2702702702702703}, "metrics_cal": {"macro": 0.5958539368581209, "toxf1": 0.22727272727272727, "prec": 0.17647058823529413, "rec": 0.3191489361702128, "prauc": 0.22037823651759234, "ece": 0.23238210280736288, "covert": 0.28125}, "probs": [0.15459, 0.19617, 0.18905, 0.22931, 0.24358, 0.23397, 0.15651, 0.18069, 0.54539, 0.15242, 0.15433, 0.29634, 0.40941, 0.15675, 0.22022, 0.18897, 0.17619, 0.22102, 0.15764, 0.1805, 0.24155, 0.17764, 0.60824, 0.15109, 0.1586, 0.12438, 0.21252, 0.16559, 0.13826, 0.68293, 0.32732, 0.29289, 0.68986, 0.16488, 0.23654, 0.21702, 0.33362, 0.75147, 0.13363, 0.14479, 0.1966, 0.15744, 0.32621, 0.26024, 0.30258, 0.12666, 0.15565, 0.2643, 0.19945, 0.27636, 0.15118, 0.2217, 0.17828, 0.27017, 0.63114, 0.15388, 0.15449, 0.21363, 0.16227, 0.17632, 0.19964, 0.18453, 0.30703, 0.19781, 0.1931, 0.21799, 0.17683, 0.19583, 0.16562, 0.1707, 0.25324, 0.19516, 0.22471, 0.2131, 0.19736, 0.71078, 0.14072, 0.20588, 0.14991, 0.49478, 0.23006, 0.14742, 0.15877, 0.12876, 0.18262, 0.15903, 0.18888, 0.26812, 0.1918, 0.17785, 0.18859, 0.18258, 0.17383, 0.70071, 0.20661, 0.17038, 0.29055, 0.13011, 0.28538, 0.31295, 0.20323, 0.1558, 0.35534, 0.14364, 0.43814, 0.20184, 0.15168, 0.16155, 0.70075, 0.23581, 0.17878, 0.19313, 0.20007, 0.15039, 0.20219, 0.23885, 0.3627, 0.17122, 0.14126, 0.19064, 0.65998, 0.20503, 0.6095, 0.15874, 0.69924, 0.26043, 0.54854, 0.23367, 0.31404, 0.16943, 0.29838, 0.18654, 0.41573, 0.38256, 0.19072, 0.22637, 0.25276, 0.27093, 0.61289, 0.19318, 0.23555, 0.2056, 0.19737, 0.16353, 0.17943, 0.15546, 0.18659, 0.15138, 0.15455, 0.18991, 0.27241, 0.14601, 0.18847, 0.15048, 0.33522, 0.87812, 0.15891, 0.2558, 0.64017, 0.19026, 0.2168, 0.2054, 0.15993, 0.75804, 0.22526, 0.16935, 0.17332, 0.16535, 0.22068, 0.14088, 0.25251, 0.18338, 0.22717, 0.28635, 0.1827, 0.28346, 0.56158, 0.39909, 0.38356, 0.32117, 0.19351, 0.18595, 0.86897, 0.23587, 0.70981, 0.25889, 0.16471, 0.17719, 0.23629, 0.4288, 0.27205, 0.6321, 0.95821, 0.17527, 0.19565, 0.22359, 0.16857, 0.2504, 0.63554, 0.16846, 0.17955, 0.15887, 0.25272, 0.23948, 0.2125, 0.50671, 0.1294, 0.22908, 0.21825, 0.13832, 0.23316, 0.1892, 0.16445, 0.34137, 0.19374, 0.16805, 0.9194, 0.41062, 0.17949, 0.15916, 0.19779, 0.26908, 0.2519, 0.1793, 0.16198, 0.15107, 0.31767, 0.17183, 0.25633, 0.24065, 0.37612, 0.17685, 0.41799, 0.12666, 0.38417, 0.24316, 0.16215, 0.19057, 0.25327, 0.22818, 0.24255, 0.13995, 0.16604, 0.49439, 0.15504, 0.36741, 0.8983, 0.19341, 0.16337, 0.13991, 0.16653, 0.41009, 0.32392, 0.16895, 0.30344, 0.19753, 0.20327, 0.23442, 0.21382, 0.13914, 0.15367, 0.25892, 0.19374, 0.44817, 0.21899, 0.17861, 0.15431, 0.21114, 0.23102, 0.34375, 0.36284, 0.22947, 0.18773, 0.47281, 0.22162, 0.19831, 0.2936, 0.15036, 0.22591, 0.14169, 0.20752, 0.16772, 0.22189, 0.20416, 0.14973, 0.30684, 0.82995, 0.20545, 0.25012, 0.181, 0.23151, 0.37144, 0.2991, 0.18317, 0.19466, 0.44273, 0.62743, 0.26422, 0.18695, 0.25599, 0.29112, 0.16095, 0.17568, 0.18632, 0.35479, 0.23695, 0.44993, 0.25347, 0.15324, 0.79583, 0.35291, 0.16403, 0.1554, 0.20365, 0.79826, 0.31912, 0.22458, 0.72306, 0.13609, 0.17826, 0.1886, 0.64388, 0.15617, 0.22192, 0.15561, 0.26926, 0.14742, 0.30176, 0.25069, 0.27199, 0.6762, 0.21881, 0.24347, 0.20097, 0.22143, 0.15587, 0.18518, 0.23096, 0.1702, 0.19116, 0.3615, 0.14343, 0.60989, 0.89983, 0.15955, 0.30413, 0.17563, 0.15654, 0.13863, 0.18437, 0.26713, 0.24246, 0.23702, 0.2023, 0.18591, 0.22507, 0.46179, 0.17808, 0.39078, 0.78578, 0.20066, 0.17244, 0.13047, 0.80645, 0.17696, 0.20141, 0.25257, 0.16441, 0.26793, 0.20184, 0.19178, 0.15852, 0.91647, 0.47613, 0.19927, 0.6762, 0.23645, 0.13961, 0.16025, 0.23974, 0.19183, 0.19404, 0.22027, 0.1914, 0.2116, 0.29493, 0.21331, 0.15309, 0.25358, 0.23126, 0.19429, 0.1421, 0.16929, 0.19707, 0.88422, 0.58213, 0.18321, 0.15672, 0.20492, 0.28974, 0.22527, 0.18918, 0.9063, 0.35027, 0.24531, 0.23747, 0.19214, 0.22011, 0.19042, 0.17295, 0.15508, 0.13831, 0.76206, 0.19588, 0.20937, 0.17288, 0.15563, 0.48426, 0.35422, 0.84979, 0.21133, 0.2095, 0.23664, 0.1966, 0.15356, 0.26454, 0.13794, 0.22605, 0.15482, 0.23073, 0.19531, 0.17305, 0.14242, 0.16931, 0.23239, 0.19156, 0.62159, 0.1985, 0.17358, 0.17605, 0.17816, 0.17171, 0.20928, 0.17237, 0.31353, 0.14633, 0.19193, 0.24981, 0.18163, 0.15422, 0.21159, 0.17275, 0.1864, 0.15629, 0.19393, 0.58745, 0.17122, 0.19319, 0.92408, 0.20861, 0.15247, 0.27642, 0.16942, 0.16938, 0.21193, 0.23252, 0.14142, 0.1782, 0.20714, 0.19457, 0.24316, 0.20809, 0.20123, 0.35726, 0.22872, 0.25657, 0.34539, 0.17942, 0.43718, 0.18465, 0.19764, 0.23352, 0.33118, 0.28714, 0.49843, 0.14248, 0.18269, 0.19262, 0.16901, 0.76639, 0.33566, 0.59449, 0.19064, 0.13995, 0.28583, 0.25792, 0.29824, 0.17226, 0.25235, 0.22122, 0.30591, 0.15479, 0.18244, 0.85447, 0.15933, 0.14532, 0.24214, 0.18719, 0.19861, 0.19439, 0.21313, 0.25054, 0.19558, 0.22882, 0.15305, 0.26243, 0.16581, 0.282, 0.28505, 0.16435, 0.18283, 0.20245, 0.20473, 0.1462, 0.23348, 0.2358, 0.3015, 0.22324, 0.1485, 0.25525, 0.31124, 0.64868, 0.25012, 0.3792, 0.15238, 0.16245, 0.20418, 0.23843, 0.1913, 0.2395, 0.15808, 0.89762, 0.21172, 0.15913, 0.21409, 0.21529, 0.23865, 0.36994, 0.17315, 0.15717, 0.146, 0.22441, 0.20262, 0.23854, 0.9092, 0.22807, 0.24172, 0.42278, 0.24075, 0.25211, 0.54272, 0.39138, 0.22347, 0.24523, 0.19921, 0.17328, 0.23114, 0.17685, 0.19585, 0.35227, 0.26632, 0.19263, 0.14035, 0.25776, 0.40071, 0.35452, 0.15077, 0.17218, 0.17192, 0.31947, 0.26957, 0.15599, 0.20091, 0.27005, 0.17893, 0.2469, 0.14097, 0.20188, 0.19562, 0.20151, 0.20718, 0.18059, 0.24981, 0.17641, 0.23782, 0.16121, 0.55879, 0.1831, 0.19045, 0.25892, 0.24065, 0.18596, 0.94715, 0.21491, 0.1727, 0.89161, 0.7928, 0.78592, 0.21943, 0.18041, 0.17861, 0.21107, 0.19271, 0.17843, 0.27197, 0.42549, 0.1804, 0.44186, 0.23107, 0.16211, 0.1586, 0.32878, 0.45394, 0.1907, 0.2431, 0.17131, 0.83192, 0.13749, 0.13547, 0.18165, 0.28898, 0.28421, 0.22461, 0.60575, 0.25418, 0.29978, 0.28627, 0.2113, 0.14321, 0.16307, 0.2747, 0.4299, 0.22082, 0.18779, 0.23986, 0.60029, 0.23318, 0.22047, 0.43484, 0.20774, 0.18931, 0.18769, 0.5055, 0.85398, 0.23685, 0.22995, 0.8774, 0.24739, 0.37173, 0.25272, 0.24998, 0.32339, 0.19837, 0.18141, 0.14294, 0.24151, 0.51543, 0.25699, 0.27224, 0.27179, 0.21537, 0.17283, 0.35193, 0.33893, 0.23664, 0.81367, 0.26648, 0.25829, 0.1938, 0.18637, 0.26038, 0.18063, 0.15422, 0.83109, 0.16989, 0.20439, 0.21087, 0.27798, 0.21877, 0.35878, 0.17111, 0.17368, 0.24267, 0.26013, 0.13885, 0.22212, 0.2234, 0.58142, 0.45776, 0.27708, 0.91958, 0.30442, 0.23979, 0.33293, 0.17726, 0.15984, 0.20427, 0.15023, 0.2454, 0.35406, 0.30336, 0.16014, 0.18441, 0.21984, 0.17407, 0.28557, 0.17484, 0.25901, 0.17871, 0.1701, 0.17541, 0.18462, 0.27287, 0.15582, 0.29608, 0.20976, 0.16309, 0.19083, 0.28615, 0.18106, 0.16959, 0.33247, 0.20229, 0.18923, 0.21192, 0.18906, 0.51406, 0.1849, 0.1782, 0.19139, 0.20848, 0.70171, 0.71111, 0.24035, 0.22111, 0.18636, 0.17854, 0.30674, 0.19067, 0.23046, 0.28346, 0.33159, 0.16845, 0.22331, 0.14741, 0.27632, 0.23295, 0.34068, 0.76681, 0.19759, 0.20048, 0.22578, 0.16499, 0.21031, 0.16441, 0.57336, 0.17461, 0.20763, 0.17111, 0.14345, 0.52621, 0.21687, 0.24531, 0.15385, 0.37223, 0.68926, 0.30707, 0.30018, 0.26098, 0.84651, 0.20964, 0.15617, 0.32573, 0.34354, 0.27968, 0.18112, 0.1938, 0.19374, 0.21386, 0.20805, 0.38906, 0.50923, 0.29516, 0.16917, 0.14055, 0.32992, 0.15656, 0.20357, 0.19421, 0.26047, 0.25053, 0.38201, 0.40039, 0.75854, 0.26015, 0.17043, 0.41496, 0.18414, 0.64876, 0.18015, 0.15389, 0.53617, 0.19164, 0.17159, 0.13749, 0.86826, 0.15571, 0.16975, 0.19067, 0.19724, 0.20601, 0.20219, 0.57456, 0.33685, 0.21507, 0.18933, 0.19999, 0.58351, 0.21885, 0.17627, 0.17891, 0.21976, 0.17484, 