{"model": "bert-base-multilingual-cased", "dataset": "hatexplain", "train_config": "supcon", "seed": 123, "thr_cal": 0.09412468783557415, "metrics_05": {"macro": 0.708629241711491, "toxf1": 0.7119314436387607, "prec": 0.8940397350993378, "rec": 0.5914567360350493, "prauc": 0.8878387935546956, "ece": 0.18952167290945848, "covert": 0.8409302325581396}, "metrics_cal": {"macro": 0.7327804697671194, "toxf1": 0.8068893528183716, "prec": 0.7706879361914257, "rec": 0.8466593647316539, "prauc": 0.8878387935546956, "ece": 0.18952167290945848, "covert": 0.9016129032258065}, "probs": [0.01894, 0.17913, 0.01024, 0.03141, 0.02888, 0.82737, 0.98645, 0.03875, 0.29499, 0.01688, 0.02431, 0.01281, 0.00581, 0.01683, 0.09619, 0.00933, 0.04718, 0.03951, 0.98276, 0.01714, 0.02451, 0.54187, 0.0286, 0.13281, 0.27738, 0.34151, 0.98995, 0.10062, 0.05377, 0.21361, 0.98367, 0.36269, 0.17642, 0.84023, 0.97542, 0.02066, 0.86009, 0.20946, 0.80922, 0.01904, 0.96291, 0.59918, 0.18478, 0.09429, 0.13129, 0.82822, 0.01361, 0.81247, 0.83621, 0.75961, 0.02836, 0.84097, 0.95798, 0.01918, 0.09221, 0.97207, 0.05554, 0.22471, 0.24714, 0.13122, 0.01418, 0.76987, 0.98647, 0.06482, 0.98131, 0.04832, 0.78754, 0.12124, 0.74796, 0.91925, 0.05547, 0.95232, 0.46324, 0.91579, 0.04376, 0.19078, 0.98242, 0.32213, 0.29333, 0.9009, 0.97675, 0.71108, 0.00947, 0.09629, 0.0382, 0.60659, 0.99173, 0.03298, 0.82967, 0.58469, 0.03586, 0.98682, 0.67549, 0.47411, 0.94772, 0.02717, 0.03345, 0.12043, 0.16179, 0.97498, 0.01082, 0.90821, 0.94445, 0.3087, 0.00776, 0.10986, 0.53124, 0.41017, 0.98658, 0.23528, 0.0231, 0.09635, 0.0887, 0.01043, 0.54075, 0.48231, 0.63601, 0.12523, 0.96221, 0.32716, 0.10192, 0.03167, 0.01087, 0.99344, 0.05037, 0.04082, 0.13751, 0.07831, 0.04752, 0.88998, 0.06439, 0.93494, 0.02121, 0.04909, 0.65257, 0.65594, 0.08428, 0.9471, 0.81696, 0.19377, 0.04463, 0.96924, 0.56287, 0.95032, 0.15402, 0.22031, 0.85261, 0.12792, 0.76466, 0.2564, 0.34827, 0.40573, 0.83459, 0.13523, 0.97283, 0.4054, 0.96376, 0.25261, 0.02501, 0.95521, 0.0394, 0.23592, 0.69551, 0.43744, 0.87777, 0.04463, 0.48471, 0.03323, 0.91457, 0.32307, 0.04227, 0.0459, 0.06857, 0.76865, 0.73553, 0.10942, 0.76376, 0.07775, 0.65038, 0.01112, 0.99606, 0.06292, 0.11192, 0.27639, 0.87122, 0.11925, 0.98087, 0.68794, 0.12723, 0.95773, 0.17199, 0.65626, 0.94895, 0.97406, 0.15738, 0.97883, 0.5466, 0.22237, 0.98721, 0.09568, 0.81529, 0.02232, 0.0864, 0.02478, 0.86388, 0.23685, 0.16172, 0.15323, 0.05377, 0.05029, 0.05301, 0.03076, 0.91404, 0.97101, 0.37187, 0.31077, 0.01608, 0.00626, 0.48767, 0.08587, 0.67456, 0.00294, 0.73479, 0.97425, 0.03538, 0.92094, 0.94216, 0.07809, 0.04268, 0.85773, 0.95585, 0.56487, 0.78548, 0.93432, 0.98248, 0.01922, 0.71973, 0.02635, 0.9898, 0.10766, 0.036, 0.76387, 0.17911, 0.70886, 0.88337, 0.32864, 0.46597, 0.00824, 0.02402, 0.0798, 0.52278, 0.99203, 0.20889, 0.76702, 0.05678, 0.9667, 0.97668, 0.08617, 0.01955, 0.88542, 0.01599, 0.98492, 0.59861, 0.94018, 0.88858, 0.21753, 0.9702, 0.01066, 0.01046, 0.04304, 0.55072, 0.52383, 0.09844, 0.06455, 0.00424, 0.36992, 0.95257, 0.92678, 0.59406, 0.86703, 0.99128, 0.96221, 0.85944, 0.95519, 0.5657, 0.11096, 0.06516, 0.21405, 0.00492, 0.05003, 0.01991, 0.02527, 0.02513, 0.03077, 0.99046, 0.26387, 0.03974, 0.05421, 0.77354, 0.0302, 0.23128, 0.01673, 0.67396, 0.99498, 0.7773, 0.02758, 0.8657, 0.98672, 0.01891, 0.04738, 0.49561, 0.20823, 0.94677, 0.2053, 0.3938, 0.04347, 0.11759, 0.03039, 0.9808, 0.99278, 0.48873, 0.01832, 0.05889, 0.52017, 0.07059, 0.9909, 0.13848, 0.05764, 0.80422, 0.99239, 0.84891, 0.97932, 0.01466, 0.59777, 0.97521, 0.08706, 0.02079, 0.90475, 0.66251, 0.14306, 0.78001, 0.98033, 0.09918, 0.38033, 0.00419, 0.86904, 0.01011, 0.03759, 0.00472, 0.73086, 0.40098, 0.31075, 0.05902, 0.35655, 0.34929, 0.99369, 0.00597, 0.79602, 0.29444, 0.20378, 0.01584, 0.83126, 0.99318, 0.0017, 0.91887, 0.05021, 0.98856, 0.95419, 0.3416, 0.74906, 0.0126, 0.78745, 0.3529, 0.98862, 0.68168, 0.09786, 0.19387, 0.18435, 0.48188, 0.98741, 0.89964, 0.98255, 0.03051, 0.98946, 0.17128, 0.00496, 0.06518, 0.02372, 0.24077, 0.90391, 0.89627, 0.12955, 0.07534, 0.08938, 0.98852, 0.95304, 0.24889, 0.35061, 0.15424, 0.01166, 0.82881, 0.14251, 0.4513, 0.19055, 0.55208, 0.18363, 0.36263, 0.91064, 0.09447, 0.00925, 0.05288, 0.07777, 0.06804, 0.02242, 0.00913, 0.9207, 0.01622, 0.54746, 0.94663, 0.02619, 0.95009, 0.1729, 0.51258, 0.21341, 0.12332, 0.19384, 0.01336, 0.38594, 0.83872, 0.04184, 0.04103, 0.01612, 0.1025, 0.07116, 0.7353, 0.86402, 0.98706, 0.3609, 0.95557, 0.04635, 0.6309, 0.0663, 0.12116, 0.13241, 0.1561, 0.98901, 0.71807, 0.05065, 0.03268, 0.40328, 0.0145, 0.3352, 0.01471, 0.38336, 0.52545, 0.01826, 0.05518, 0.08356, 0.84937, 0.69338, 0.08042, 0.91336, 0.69333, 0.50814, 0.1731, 0.13338, 0.11636, 0.29507, 0.96843, 0.01383, 0.0128, 0.19645, 0.55303, 0.00492, 0.8806, 0.15242, 0.28347, 0.13155, 0.94891, 0.28431, 0.48529, 0.33531, 0.01048, 0.98673, 0.00994, 0.08303, 0.05825, 0.0227, 0.48282, 0.79575, 0.98801, 0.92879, 0.98461, 0.1433, 0.02325, 0.01662, 0.02783, 0.28287, 0.88489, 0.90224, 0.95876, 0.24079, 0.05038, 0.00651, 0.92212, 0.99138, 0.78266, 0.02226, 0.1193, 0.67998, 0.10987, 0.75079, 0.97428, 0.01329, 0.00961, 0.06428, 0.98586, 0.0288, 0.34658, 0.3736, 0.0259, 0.55031, 0.98607, 0.05714, 0.97556, 0.64939, 0.9946, 0.00455, 0.95238, 0.90338, 0.71434, 0.3317, 0.00619, 0.03109, 0.89028, 0.2837, 0.6332, 0.01917, 0.09234, 0.97247, 0.02057, 0.03746, 0.95981, 0.47401, 0.02346, 0.37028, 0.12741, 0.5568, 0.07893, 0.30195, 0.268, 0.09766, 0.99003, 0.82424, 0.08477, 0.97911, 0.37552, 0.29058, 0.7701, 0.04159, 0.00981, 0.08325, 0.23005, 0.8032, 0.98343, 0.01411, 0.95643, 0.00699, 0.90122, 0.42309, 0.9659, 0.99147, 0.31442, 0.79646, 0.06255, 0.53492, 0.89954, 0.6889, 0.3264, 0.98751, 0.02251, 0.28934, 0.36329, 0.9262, 0.90988, 0.90456, 0.01251, 0.07505, 0.98314, 0.01088, 0.85228, 0.00547, 0.10447, 0.06228, 0.04737, 0.9239, 0.90617, 0.00194, 0.55444, 0.82884, 0.97053, 0.02754, 0.14099, 0.14354, 0.74554, 0.46454, 0.04393, 0.46334, 0.0328, 0.65697, 0.02727, 0.9704, 0.19393, 0.05843, 0.02218, 0.74474, 0.98214, 0.88189, 0.9796, 0.88099, 0.84426, 0.18977, 0.00581, 0.97212, 0.45522, 0.02904, 0.0178, 0.9937, 0.96238, 0.57599, 0.66984, 0.0359, 0.01639, 0.95287, 0.05086, 0.97538, 0.45267, 0.2985, 0.01337, 0.02304, 0.00832, 0.08272, 0.07133, 0.69819, 0.68308, 0.98218, 0.03693, 0.00914, 0.03667, 0.95748, 0.95561, 0.94356, 0.11456, 0.99034, 0.04071, 0.14027, 0.92079, 0.31749, 0.09473, 0.92258, 0.76603, 0.16361, 0.01362, 0.44751, 0.02051, 0.23288, 0.08914, 0.02717, 0.01955, 0.35352, 0.05145, 0.20966, 0.14371, 0.9479, 0.03454, 0.16243, 0.02183, 0.11921, 0.39046, 0.97804, 0.9725, 0.99133, 0.30698, 0.84884, 0.09611, 0.0187, 0.10685, 0.69936, 0.0163, 0.94758, 0.62285, 0.11607, 0.10553, 0.09936, 0.76169, 0.98564, 0.98953, 0.06709, 0.02276, 0.03519, 0.97119, 0.81708, 0.64361, 0.46573, 0.89808, 0.90946, 0.00889, 0.2081, 0.03227, 0.99301, 0.00555, 0.04047, 0.14612, 0.09537, 0.01066, 0.21091, 0.91706, 0.18778, 0.52004, 0.00431, 0.33991, 0.57873, 0.95234, 0.77699, 0.01682, 0.95577, 0.02954, 0.11923, 0.46191, 0.80757, 0.18433, 0.80232, 0.3431, 0.59209, 0.98143, 0.95683, 0.01671, 0.10897, 0.07726, 0.88481, 0.98804, 0.2133, 0.34375, 0.02123, 0.01771, 0.11195, 0.97877, 0.08506, 0.91453, 0.02055, 0.04385, 0.71241, 0.03188, 0.14037, 0.9817, 0.96828, 0.03988, 0.01621, 0.70191, 0.01216, 0.10853, 0.01652, 0.02275, 0.0322, 0.02364, 0.0067, 0.00905, 0.22302, 0.06637, 0.06346, 0.66772, 0.15648, 0.0589, 0.23525, 0.97358, 0.01441, 0.6775, 0.97848, 0.01753, 0.14685, 0.9799, 0.988, 0.55507, 0.87579, 0.85999, 0.98222, 0.50177, 0.46095, 0.06754, 0.40233, 0.07768, 0.07231, 0.18624, 0.78626, 0.01935, 0.03367, 0.15256, 0.02673, 0.03018, 0.95626, 0.97105, 0.96932, 0.98202, 0.95537, 0.05323, 0.1233, 0.92058, 0.16534, 0.37352, 0.98456, 0.00884, 0.17953, 0.94525, 0.00837, 0.04141, 0.48867, 0.02858, 0.04949, 0.02763, 0.0515, 0.98032, 0.00818, 0.9424, 0.72357, 0.03152, 0.49796, 0.97481, 0.00765, 0.19584, 0.17817, 0.93786, 0.03796, 0.22023, 0.87062, 