{"model": "bert-base-multilingual-cased", "dataset": "dravidian_malayalam", "train_config": "ce", "seed": 7, "thr_cal": 0.46068946123123167, "metrics_05": {"macro": 0.4920419911953945, "toxf1": 0.0, "prec": 0.0, "rec": 0.0, "prauc": 0.04000854852972846, "ece": 0.42964374415079754, "covert": 0.0}, "metrics_cal": {"macro": 0.30043908243270523, "toxf1": 0.0798442064264849, "prec": 0.04183673469387755, "rec": 0.8723404255319149, "prauc": 0.04000854852972846, "ece": 0.42964374415079754, "covert": 0.19090909090909092}, "probs": [0.46065, 0.46099, 0.46162, 0.46164, 0.46174, 0.46065, 0.46076, 0.46074, 0.4621, 0.4607, 0.46063, 0.46068, 0.46074, 0.46062, 0.46167, 0.46069, 0.46068, 0.46064, 0.46168, 0.46106, 0.46067, 0.46071, 0.46179, 0.46077, 0.46063, 0.46074, 0.46067, 0.46066, 0.46108, 0.4623, 0.46156, 0.46074, 0.46137, 0.46068, 0.46069, 0.46064, 0.46096, 0.46155, 0.46064, 0.4615, 0.46063, 0.46068, 0.46114, 0.46124, 0.46101, 0.46067, 0.46064, 0.46138, 0.46063, 0.46085, 0.46088, 0.46069, 0.46089, 0.46087, 0.46075, 0.46064, 0.46078, 0.46068, 0.46139, 0.46096, 0.46064, 0.461, 0.4609, 0.46065, 0.46227, 0.46107, 0.46061, 0.46063, 0.46063, 0.46144, 0.46203, 0.46142, 0.46068, 0.46069, 0.4621, 0.46174, 0.46062, 0.46063, 0.461, 0.46082, 0.46073, 0.46143, 0.46072, 0.46062, 0.46069, 0.46072, 0.46066, 0.46063, 0.46082, 0.46063, 0.4611, 0.46185, 0.46063, 0.46102, 0.46074, 0.46073, 0.46062, 0.46062, 0.46132, 0.46073, 0.46071, 0.46064, 0.46079, 0.46089, 0.4611, 0.46096, 0.46085, 0.46076, 0.46128, 0.46064, 0.4606, 0.46117, 0.46066, 0.46074, 0.46067, 0.46081, 0.4612, 0.46129, 0.46061, 0.46197, 0.46079, 0.46106, 0.46082, 0.46069, 0.46157, 0.46134, 0.46103, 0.46066, 0.46088, 0.46066, 0.4616, 0.46063, 0.46216, 0.46193, 0.46174, 0.46074, 0.46084, 0.46081, 0.4616, 0.46065, 0.46062, 0.46063, 0.46076, 0.46078, 0.46062, 0.46062, 0.46072, 0.46062, 0.46126, 0.46154, 0.46136, 0.46069, 0.46062, 0.46062, 0.46077, 0.46106, 0.46116, 0.46149, 0.46203, 0.46134, 0.46064, 0.46179, 0.46061, 0.4613, 0.46113, 0.46062, 0.46071, 0.4608, 0.46073, 0.46116, 0.46062, 0.46215, 0.46261, 0.46066, 0.46059, 0.46064, 0.46138, 0.46164, 0.46089, 0.46135, 0.4609, 0.46082, 0.46087, 0.46069, 0.46078, 0.46068, 0.46065, 0.46068, 0.46151, 0.46099, 0.46194, 0.46065, 0.46181, 0.46079, 0.46063, 0.46074, 0.46066, 0.46215, 0.46071, 0.46067, 0.46094, 0.46062, 0.46114, 0.46211, 0.46074, 0.46116, 0.46062, 0.46123, 0.46302, 0.46072, 0.46168, 0.46115, 0.46135, 0.46063, 0.46068, 0.4612, 0.46093, 0.46066, 0.4613, 0.46094, 0.46071, 0.46065, 0.46066, 0.4606, 0.46072, 0.46061, 0.46089, 0.46189, 0.46293, 0.4618, 0.46147, 0.46072, 0.46137, 0.46067, 0.46089, 0.46066, 0.46061, 0.4616, 0.46078, 0.461, 0.46084, 0.46063, 0.46064, 0.4608, 0.46063, 0.46069, 0.46188, 0.46062, 0.46193, 0.46064, 0.46065, 0.46169, 0.46105, 0.46063, 0.46065, 0.46064, 0.46107, 0.46072, 0.46102, 0.46077, 0.46123, 0.46065, 0.46087, 0.4607, 0.46083, 0.46117, 0.46069, 0.46064, 0.4607, 0.46078, 0.46063, 0.46069, 0.4606, 0.46155, 0.46078, 0.4607, 0.46187, 0.46183, 0.46091, 0.46062, 0.46152, 0.46067, 0.46078, 0.46083, 0.46091, 0.46074, 0.46165, 0.4608, 0.46114, 0.46064, 0.4607, 0.46075, 0.46083, 0.46241, 0.46082, 0.46085, 0.46142, 0.4616, 0.46076, 0.46144, 0.46064, 0.46066, 0.46063, 0.46064, 0.46088, 0.46099, 0.46165, 0.46062, 0.46069, 0.46078, 0.46066, 0.46062, 0.46064, 0.46083, 0.46087, 0.46103, 0.46096, 0.46094, 0.46078, 0.46074, 0.46062, 0.46067, 0.4606, 0.46176, 0.46067, 0.461, 0.46143, 0.46088, 0.46112, 0.461, 0.46086, 0.46085, 0.46067, 0.46174, 0.46063, 0.46062, 0.46078, 0.46061, 0.46179, 0.46064, 0.46062, 0.46068, 0.46075, 0.46082, 0.46069, 0.46076, 0.46092, 0.46069, 0.46062, 0.46059, 0.46168, 0.46076, 0.46064, 0.46068, 0.46087, 0.46062, 0.46069, 0.46097, 0.4615, 0.46079, 0.46063, 0.46078, 0.46084, 0.46098, 0.46107, 0.46142, 0.46089, 0.46085, 0.46066, 0.46096, 0.46072, 0.46077, 0.46155, 0.46084, 0.46061, 0.46086, 0.46121, 0.46064, 0.46066, 0.46065, 0.46064, 0.46065, 0.46075, 0.46146, 0.46067, 0.46112, 0.46075, 0.46066, 0.46075, 0.4616, 0.46063, 0.4606, 0.46076, 0.46176, 0.46072, 0.46089, 0.46062, 0.4607, 0.46081, 0.46068, 0.46066, 0.46125, 0.46109, 0.46064, 0.46116, 0.46067, 0.46066, 0.4618, 0.46074, 0.46076, 0.46061, 0.46095, 0.4611, 0.46139, 0.46073, 0.46065, 0.46062, 0.46137, 0.46122, 0.46169, 0.46067, 0.46067, 0.46066, 0.46152, 0.46071, 0.46075, 0.46069, 0.46064, 0.46119, 0.46071, 0.46078, 0.46072, 0.46232, 0.46113, 0.46075, 0.46073, 0.46143, 0.46069, 0.46073, 0.46063, 0.46075, 0.46144, 0.46175, 0.46067, 0.46069, 0.46118, 0.46066, 0.46061, 0.46111, 0.46066, 0.46078, 0.46073, 0.4608, 0.46064, 0.46062, 0.4608, 0.46129, 0.46076, 0.46098, 0.46084, 0.46066, 0.46126, 0.46063, 0.46066, 0.46061, 0.46064, 0.46066, 0.46066, 0.46068, 0.46075, 0.46066, 0.46068, 0.46271, 0.46066, 0.46071, 0.46073, 0.46145, 0.46065, 0.46109, 0.46067, 0.46064, 0.46082, 0.46127, 0.46073, 0.46205, 0.4609, 0.46068, 0.46077, 0.46061, 0.461, 0.46076, 0.46076, 0.46197, 0.46063, 0.46063, 0.46067, 0.46083, 0.46074, 0.4607, 0.46217, 0.46072, 0.46075, 0.46068, 0.46156, 0.46115, 0.46065, 0.46229, 0.46118, 0.46066, 0.46063, 0.46065, 0.46069, 0.46062, 0.46063, 0.46132, 0.46087, 0.46062, 0.46173, 0.46067, 0.46066, 0.46146, 0.46065, 0.46075, 0.46092, 0.46072, 0.46112, 0.46085, 0.46065, 0.46089, 0.4611, 0.46152, 0.4607, 0.46064, 0.46092, 0.46063, 0.46067, 0.46066, 0.46062, 0.46064, 0.46067, 0.46074, 0.46096, 0.46163, 0.46072, 0.46079, 0.46079, 0.46074, 0.46124, 0.46101, 0.46068, 0.46129, 0.46068, 0.46139, 0.46121, 0.462, 0.4609, 0.46084, 0.46124, 0.46064, 0.46065, 0.46118, 0.46107, 0.46085, 0.46156, 0.46077, 0.46075, 0.46076, 0.46399, 0.46085, 0.46186, 0.4606, 0.46064, 0.46076, 0.46062, 0.46218, 0.46108, 0.4606, 0.46061, 0.46339, 0.46074, 0.4621, 0.46151, 0.46064, 0.46064, 0.46073, 0.46188, 0.46064, 0.46064, 0.46072, 0.46063, 0.46062, 0.46071, 0.46159, 0.46129, 0.46068, 0.46075, 0.46108, 0.46089, 0.46169, 0.46065, 0.46074, 0.4608, 0.46222, 0.46171, 0.4612, 0.46094, 0.46119, 0.46092, 0.46063, 0.46071, 0.46086, 0.46107, 0.46068, 0.46067, 0.46065, 0.46063, 0.46065, 0.46158, 0.46091, 0.46062, 0.46063, 0.46065, 0.46076, 0.46076, 0.46122, 0.46402, 0.46218, 0.46062, 0.46065, 0.46114, 0.46174, 0.46065, 0.46079, 0.46095, 0.46087, 0.46099, 0.46065, 0.46065, 0.46063, 0.46083, 0.46137, 0.46097, 0.46087, 0.46067, 0.46075, 0.46082, 0.46082, 0.46063, 0.46071, 0.46065, 0.46081, 0.46072, 0.46179, 0.46127, 0.4607, 0.46069, 0.46084, 0.46206, 0.46126, 0.46073, 0.46178, 0.46081, 0.46096, 0.46088, 0.46063, 0.46068, 0.46064, 0.4622, 0.46073, 0.46077, 0.46089, 0.46077, 0.46191, 0.46086, 0.46066, 0.46087, 0.46217, 0.4607, 0.46061, 0.46065, 0.46069, 0.46075, 0.46063, 0.46076, 0.46172, 0.46061, 0.46068, 0.46079, 0.46319, 0.46107, 0.46061, 0.46063, 0.46079, 0.46065, 0.46073, 0.46069, 0.46066, 0.46084, 0.46071, 0.46344, 0.46089, 0.46065, 0.46091, 0.46073, 0.46128, 0.46098, 0.46061, 0.46171, 0.46157, 0.46115, 0.46066, 0.46062, 0.46103, 0.46082, 0.4607, 0.46108, 0.46066, 0.46135, 0.46069, 0.46071, 0.46126, 0.46133, 0.462, 0.46069, 0.46271, 0.46107, 0.46165, 0.46073, 0.46063, 0.46073, 0.4608, 0.46093, 0.46072, 0.46069, 0.46074, 0.4607, 0.46183, 0.46101, 0.46418, 0.4607, 0.46066, 0.46067, 0.46128, 0.46136, 0.46063, 0.46079, 0.46078, 0.46064, 0.46062, 0.46068, 0.46069, 0.46116, 0.46067, 0.46065, 0.46074, 0.46094, 0.4608, 0.4607, 0.46131, 0.46147, 0.46069, 0.46074, 0.46063, 0.46071, 0.46085, 0.46068, 0.46068, 0.46297, 0.46061, 0.46134, 0.46241, 0.46077, 0.4606, 0.46069, 0.46079, 0.46164, 0.46157, 0.46063, 0.46248, 0.46113, 0.46062, 0.4606, 0.46074, 0.46068, 0.46182, 0.46067, 0.46061, 0.46068, 0.46073, 0.46076, 0.46174, 0.46165, 0.46113, 0.46062, 0.46071, 0.46087, 0.46115, 0.46075, 0.46068, 0.46109, 0.46164, 0.46112, 0.46071, 0.46068, 0.46084, 0.46067, 0.46153, 0.46074, 0.46093, 0.4607, 0.4607, 0.46232, 0.46064, 0.46063, 0.46062, 0.46184, 0.46072, 0.46064, 0.46062, 0.46125, 0.46064, 0.46087, 0.4607, 0.46078, 0.46082, 0.46063, 0.46063, 0.46188, 0.46065, 0.4608, 0.46063, 0.46075, 0.4607, 0.46207, 0.46358, 0.46073, 0.46061, 0.46085, 0.46107,