{"model": "bert-base-multilingual-cased", "dataset": "dravidian_tamil", "train_config": "hardneg", "seed": 7, "thr_cal": 0.29446097016334544, "metrics_05": {"macro": 0.7211595847723782, "toxf1": 0.5754189944134078, "prec": 0.5597826086956522, "rec": 0.5919540229885057, "prauc": 0.6053242804748744, "ece": 0.07865456632773081, "covert": 0.6702412868632708}, "metrics_cal": {"macro": 0.7153869834793216, "toxf1": 0.5922444183313749, "prec": 0.5009940357852882, "rec": 0.7241379310344828, "prauc": 0.6053242804748744, "ece": 0.07865456632773081, "covert": 0.7129186602870813}, "probs": [0.04208, 0.01527, 0.05232, 0.0417, 0.96904, 0.09463, 0.04539, 0.04551, 0.03846, 0.0481, 0.03588, 0.09899, 0.02494, 0.0377, 0.37167, 0.10709, 0.48748, 0.79766, 0.02906, 0.6132, 0.154, 0.12614, 0.12795, 0.13737, 0.06865, 0.07376, 0.9812, 0.03724, 0.21735, 0.05264, 0.05935, 0.20536, 0.0559, 0.07147, 0.08441, 0.99138, 0.19654, 0.176, 0.01672, 0.15315, 0.2972, 0.05454, 0.4433, 0.41682, 0.04995, 0.97718, 0.03383, 0.03894, 0.87351, 0.06826, 0.03587, 0.07059, 0.18138, 0.21323, 0.10359, 0.34748, 0.27837, 0.19558, 0.55779, 0.15006, 0.09968, 0.03389, 0.56032, 0.10188, 0.06918, 0.07027, 0.10323, 0.47049, 0.91052, 0.66803, 0.96443, 0.28387, 0.05449, 0.04163, 0.66098, 0.5735, 0.45589, 0.89648, 0.03972, 0.06021, 0.2173, 0.54486, 0.0805, 0.01742, 0.05447, 0.03308, 0.06629, 0.06472, 0.04833, 0.52686, 0.03974, 0.89083, 0.0377, 0.22579, 0.15803, 0.36391, 0.2121, 0.0413, 0.05543, 0.05119, 0.78672, 0.03772, 0.111, 0.12468, 0.79006, 0.91914, 0.14899, 0.09412, 0.02844, 0.45088, 0.50455, 0.13652, 0.99467, 0.43863, 0.07828, 0.0829, 0.02387, 0.12465, 0.07486, 0.02493, 0.05388, 0.0385, 0.04388, 0.09203, 0.45861, 0.07232, 0.37354, 0.65553, 0.04363, 0.04334, 0.08965, 0.07732, 0.09001, 0.09644, 0.88052, 0.19413, 0.1972, 0.05053, 0.07695, 0.98814, 0.63269, 0.03912, 0.7545, 0.93185, 0.16528, 0.3351, 0.03606, 0.26937, 0.4865, 0.44417, 0.50832, 0.05133, 0.34211, 0.05053, 0.34488, 0.10902, 0.02405, 0.85442, 0.04702, 0.1634, 0.04975, 0.68536, 0.14712, 0.98125, 0.02971, 0.24191, 0.49633, 0.31492, 0.88094, 0.23442, 0.55611, 0.30583, 0.1226, 0.47804, 0.15075, 0.1306, 0.23185, 0.09488, 0.03192, 0.37694, 0.09135, 0.93992, 0.15169, 0.91045, 0.04343, 0.081, 0.42447, 0.0408, 0.02548, 0.13371, 0.03167, 0.04673, 0.2322, 0.06054, 0.02083, 0.64536, 0.05463, 0.99269, 0.04158, 0.03226, 0.7277, 0.97746, 0.43749, 0.03715, 0.06784, 0.2241, 0.26184, 0.03223, 0.08701, 0.26273, 0.73525, 0.10113, 0.27974, 0.04432, 0.06125, 0.17711, 0.06707, 0.03765, 0.38303, 0.04268, 0.06172, 0.02695, 0.05047, 0.98412, 0.05186, 0.85079, 0.97229, 0.04982, 0.023, 0.076, 0.10627, 0.08259, 0.06105, 0.995, 0.14056, 0.10124, 0.69211, 0.01623, 0.66964, 0.07913, 0.98982, 0.12492, 0.04076, 0.31473, 0.09992, 0.09196, 0.2006, 0.34585, 0.14821, 0.099, 0.05304, 0.07794, 0.0512, 0.03953, 0.21364, 0.07048, 0.03386, 0.32649, 0.13416, 0.04075, 0.28506, 0.96511, 0.4849, 0.2402, 0.17122, 0.03683, 0.23509, 0.18291, 0.39471, 0.19639, 0.04842, 0.87537, 0.68406, 0.02617, 0.07097, 0.02927, 0.82903, 0.74789, 0.03597, 0.27171, 0.07914, 0.04438, 0.04133, 0.03731, 0.08298, 0.04911, 0.10411, 0.19016, 0.25745, 0.23825, 0.04136, 0.01389, 0.05574, 0.87875, 0.51523, 0.57026, 0.27908, 0.16187, 0.95901, 0.14372, 0.03276, 0.07555, 0.09767, 0.90066, 0.73027, 0.07007, 0.13377, 0.11548, 0.185, 0.04478, 0.17515, 0.87059, 0.14339, 0.13824, 0.5396, 0.34722, 0.93017, 0.19659, 0.11756, 0.54353, 0.03083, 0.77927, 0.99085, 0.38862, 0.08917, 0.97518, 0.86067, 0.433, 0.12585, 0.02371, 0.05351, 0.31484, 0.16322, 0.06111, 0.04494, 0.05523, 0.0657, 0.23145, 0.06287, 0.42333, 0.03412, 0.02916, 0.14942, 0.257, 0.18495, 0.05492, 0.19845, 0.06446, 0.17841, 0.23745, 0.42471, 0.68558, 0.28237, 0.88195, 0.09426, 0.08713, 0.06283, 0.16727, 0.03495, 0.25863, 0.20756, 0.24482, 0.06003, 0.07613, 0.21283, 0.83775, 0.04051, 0.88716, 0.01775, 0.99313, 0.04801, 0.11125, 0.86484, 0.09069, 0.08386, 0.25962, 0.04361, 0.27795, 0.77712, 0.07394, 0.69833, 0.03423, 0.14958, 0.25777, 0.37799, 0.84476, 0.19658, 0.91207, 0.0353, 0.1291, 0.66402, 0.05035, 0.03809, 0.08306, 0.16174, 0.90441, 0.42755, 0.4418, 0.03269, 0.03566, 0.81844, 0.14727, 0.03759, 0.05219, 0.02689, 0.03177, 0.09528, 0.95137, 0.05889, 0.96349, 0.99666, 0.13387, 0.09111, 0.80688, 0.11757, 0.35925, 0.1303, 0.27011, 0.70793, 0.18296, 0.55048, 0.4223, 0.09309, 0.08731, 0.86801, 0.03489, 0.06523, 0.05538, 0.13257, 0.17221, 0.02957, 0.49197, 0.74623, 0.6088, 0.61112, 0.03123, 0.05036, 0.19295, 0.18451, 0.0383, 0.93294, 0.06565, 0.86826, 0.39975, 0.09843, 0.13696, 0.71328, 0.03585, 0.91767, 0.68017, 0.12284, 0.9328, 0.10746, 0.10364, 0.08495, 0.76322, 0.20066, 0.13094, 0.11557, 0.17196, 0.03588, 0.02869, 0.25973, 0.02701, 0.02974, 0.9715, 0.05459, 0.10534, 0.27453, 0.0732, 0.05778, 0.10065, 0.58808, 0.06267, 0.66657, 0.4334, 0.0312, 0.77426, 0.97902, 0.60363, 0.79331, 0.05464, 0.05187, 0.96054, 0.07275, 0.98815, 0.99507, 0.09019, 0.01688, 0.07243, 0.21529, 0.90104, 0.06604, 0.05345, 0.98012, 0.19921, 0.71069, 0.0321, 0.16926, 0.62281, 0.31179, 0.30106, 0.09805, 0.11294, 0.40996, 0.12269, 0.03259, 0.04019, 0.98278, 0.05995, 0.02184, 0.04667, 0.04528, 0.18461, 0.05698, 0.66996, 0.13141, 0.18648, 0.34115, 0.15858, 0.79185, 0.27001, 0.03243, 0.3103, 0.61924, 0.06919, 0.13026, 0.08053, 0.44394, 0.31856, 0.11038, 0.07621, 0.94127, 0.17712, 0.2499, 0.02992, 0.04625, 0.02769, 0.03016, 0.13467, 0.17439, 0.10397, 0.04191, 0.04159, 0.07601, 0.9518, 0.1185, 0.85017, 0.04453, 0.04347, 0.05059, 0.03368, 0.16198, 0.14338, 0.25788, 0.16273, 0.20603, 0.65518, 0.9626, 0.31387, 0.86108, 0.21526, 0.25485, 0.07657, 0.2157, 0.11542, 0.85809, 0.90747, 0.02941, 0.99005, 0.05895, 0.46674, 0.07932, 0.03884, 0.0974, 0.22263, 0.07529, 0.18227, 0.51868, 0.03316, 0.2144, 0.19529, 0.03019, 0.26169, 0.02592, 0.06142, 0.18709, 0.04219, 0.94784, 0.99627, 0.044, 0.98057, 0.58372, 0.71991, 0.06076, 0.05327, 0.05109, 0.04729, 0.03527, 0.33879, 0.04265, 0.74326, 0.46008, 0.13545, 0.09435, 0.19978, 0.10776, 0.05184, 0.86989, 0.91599, 0.27594, 0.19078, 0.07865, 0.18455, 0.67586, 0.2284, 0.0604, 0.55048, 0.12147, 0.83086, 0.08874, 0.07144, 0.97925, 0.05731, 0.21474, 0.48461, 0.02475, 0.0196, 0.56803, 0.10901, 0.17633, 0.38325, 0.0431, 0.24442, 0.09006, 0.20297, 0.4365, 0.03267, 0.71603, 0.0512, 0.05387, 0.08022, 0.75426, 0.17378, 0.35998, 0.05763, 0.22431, 0.68961, 0.35415, 0.98323, 0.07477, 0.17359, 0.96019, 0.05998, 0.0902, 0.04829, 0.02117, 0.75807, 0.86957, 0.42017, 0.94784, 0.19029, 0.11829, 0.02107, 0.61281, 0.08666, 0.1414, 0.0558, 0.9206, 0.4624, 0.82897, 0.0267, 0.66446, 0.19395, 0.05286, 0.09407, 0.03574, 0.09243, 0.07449, 0.96558, 0.07068, 0.49755, 0.64635, 0.02497, 0.09024, 0.03056, 0.04173, 0.72777, 0.06764, 0.54252, 0.20163, 0.0991, 0.02812, 0.09871, 0.60577, 0.13577, 0.03057, 0.07562, 0.04987, 0.14274, 0.26572, 0.07558, 0.32435, 0.97407, 0.13262, 0.16465, 0.06364, 0.08681, 0.05501, 0.03612, 0.03663, 0.03961, 0.04707, 0.01948, 0.82824, 0.46704, 0.98185, 0.02296, 0.96403, 0.08354, 0.95393, 0.15741, 0.17262, 0.18918, 0.05887, 0.0327, 0.05596, 0.17362, 0.12147, 0.22907, 0.0204, 0.37062, 0.74662, 0.21339, 0.27093, 0.0683, 0.08471, 0.0437, 0.63974, 0.03131, 0.02373, 0.06469, 0.99016, 0.48481, 0.13023, 0.53752, 0.074, 0.05889, 0.65991, 0.79362, 0.34778, 0.07167, 0.89696, 0.9055, 0.13225, 0.03553, 0.8956, 0.15184, 0.03441, 0.04482, 0.07417, 0.59586, 0.04411, 0.03625, 0.20569, 0.13206, 0.94594, 0.05232, 0.94178, 0.04207, 0.53131, 0.03819, 0.06917, 0.07455, 0.39135, 0.67027, 0.07101, 0.86146, 0.10418, 0.04674, 0.98873, 0.19183, 0.32349, 0.20546, 0.12548, 0.2399, 0.33117, 0.10911, 0.51528, 0.89591, 0.09203, 0.45931, 0.3949, 0.0216, 0.06007, 0.94713, 0.21927, 0.09766, 0.15878, 0.25669, 0.0417, 0.0894, 0.02865, 0.87163, 0.24355, 0.56438, 0.06551, 0.93013, 0.17382, 0.65558, 0.08298, 0.31721, 0.95281, 0.06325, 0.04689, 0.22269, 0.23146, 0.06688, 0.04064, 0.6057, 0.94785, 0.90821, 0.1532, 0.06485, 0.88136, 0.59334, 0.07483, 0.0491, 0.85517, 0.29857, 0.05838, 0.13033, 0.81938, 0.1933, 0.77497, 0.27012,