{"model": "ai4bharat/indic-bert", "dataset": "hatexplain", "train_config": "ce", "seed": 42, "thr_cal": 0.4191479682922363, "metrics_05": {"macro": 0.6958255122197223, "toxf1": 0.7803860198226396, "prec": 0.7450199203187251, "rec": 0.8192771084337349, "prauc": 0.8550646923926181, "ece": 0.11177443460871775, "covert": 0.8814935064935064}, "metrics_cal": {"macro": 0.6779093533533216, "toxf1": 0.7826961770623743, "prec": 0.7237209302325581, "rec": 0.8521358159912377, "prauc": 0.8550646923926181, "ece": 0.11177443460871775, "covert": 0.8849840255591054}, "probs": [0.68144, 0.80504, 0.08879, 0.8394, 0.68501, 0.87901, 0.98877, 0.034, 0.82156, 0.04547, 0.56659, 0.12605, 0.05619, 0.83755, 0.41592, 0.22138, 0.10452, 0.51678, 0.99209, 0.14657, 0.05918, 0.58851, 0.0254, 0.72161, 0.74884, 0.93376, 0.99152, 0.76969, 0.21092, 0.90342, 0.91254, 0.31426, 0.93116, 0.88279, 0.98739, 0.15269, 0.689, 0.7968, 0.775, 0.52013, 0.91611, 0.91691, 0.76344, 0.62797, 0.80362, 0.44426, 0.12202, 0.97676, 0.93442, 0.93253, 0.07635, 0.76333, 0.98108, 0.68898, 0.467, 0.97972, 0.61787, 0.29524, 0.8735, 0.97309, 0.21114, 0.97036, 0.95893, 0.1192, 0.90598, 0.77132, 0.98985, 0.93561, 0.7514, 0.95426, 0.85625, 0.96743, 0.87848, 0.98342, 0.17349, 0.60905, 0.9713, 0.8477, 0.92786, 0.9842, 0.9698, 0.06429, 0.96704, 0.29147, 0.36469, 0.88404, 0.95308, 0.57013, 0.75824, 0.90482, 0.0275, 0.98267, 0.8037, 0.57968, 0.95142, 0.10636, 0.85422, 0.66758, 0.52149, 0.99434, 0.25091, 0.94512, 0.97446, 0.92289, 0.12605, 0.16574, 0.77446, 0.94593, 0.99148, 0.26508, 0.02428, 0.53145, 0.481, 0.11127, 0.44867, 0.6562, 0.89369, 0.82548, 0.88502, 0.57599, 0.72502, 0.19109, 0.22755, 0.97177, 0.51712, 0.31963, 0.81468, 0.32977, 0.15309, 0.96734, 0.08351, 0.98098, 0.09835, 0.92277, 0.96649, 0.26065, 0.39074, 0.96394, 0.96516, 0.34339, 0.84675, 0.98178, 0.98021, 0.98871, 0.8368, 0.2089, 0.97586, 0.5293, 0.94104, 0.94043, 0.97192, 0.78894, 0.9628, 0.46193, 0.94943, 0.88038, 0.9803, 0.39253, 0.48332, 0.8422, 0.7936, 0.92686, 0.94151, 0.94882, 0.90974, 0.49232, 0.95361, 0.1335, 0.95504, 0.89017, 0.25422, 0.55584, 0.51818, 0.49096, 0.95984, 0.63904, 0.38793, 0.51132, 0.96662, 0.29236, 0.99217, 0.09983, 0.29243, 0.18802, 0.97036, 0.57476, 0.92757, 0.88819, 0.58308, 0.98399, 0.33336, 0.9607, 0.96181, 0.97409, 0.97154, 0.9728, 0.9253, 0.90957, 0.99482, 0.40228, 0.86794, 0.1348, 0.61537, 0.37768, 0.95541, 0.94603, 0.61767, 0.58608, 0.03622, 0.2083, 0.20374, 0.08768, 0.74434, 0.35268, 0.54651, 0.4691, 0.07263, 0.04917, 0.98088, 0.49632, 0.92194, 0.11155, 0.8753, 0.98777, 0.03469, 0.99029, 0.97111, 0.60298, 0.67516, 0.67382, 0.89259, 0.96056, 0.77629, 0.65774, 0.97772, 0.94825, 0.96212, 0.64297, 0.98134, 0.9282, 0.35988, 0.7951, 0.84567, 0.64972, 0.93876, 0.91219, 0.90711, 0.19306, 0.26421, 0.20697, 0.9234, 0.97002, 0.90655, 0.92683, 0.08208, 0.92635, 0.98029, 0.2246, 0.14956, 0.37727, 0.21123, 0.99154, 0.66338, 0.95244, 0.92297, 0.45506, 0.98031, 0.04577, 0.39172, 0.1492, 0.33699, 0.38883, 0.11756, 0.94731, 0.27465, 0.45144, 0.9785, 0.9938, 0.96733, 0.96733, 0.98793, 0.98393, 0.97331, 0.98674, 0.37585, 0.73928, 0.85491, 0.12451, 0.19805, 0.27865, 0.25094, 0.39366, 0.20302, 0.26001, 0.98269, 0.45053, 0.72956, 0.07684, 0.97522, 0.07921, 0.94065, 0.12183, 0.30203, 0.99396, 0.9061, 0.65409, 0.81374, 0.97983, 0.07153, 0.48569, 0.90056, 0.51841, 0.95948, 0.55802, 0.63375, 0.96305, 0.97596, 0.63097, 0.96351, 0.98606, 0.88612, 0.16325, 0.84837, 0.82163, 0.19505, 0.9894, 0.19189, 0.33235, 0.81204, 0.93541, 0.97522, 0.99214, 0.41145, 0.92831, 0.52034, 0.8848, 0.74761, 0.96038, 0.97622, 0.06591, 0.85352, 0.98093, 0.88582, 0.96218, 0.10441, 0.92603, 0.03029, 0.61935, 0.46819, 0.71498, 0.20891, 0.76677, 0.30442, 0.98973, 0.94393, 0.9841, 0.11134, 0.67831, 0.11058, 0.76658, 0.55512, 0.95286, 0.98861, 0.00347, 0.99354, 0.73328, 0.99498, 0.99709, 0.5877, 0.97922, 0.05278, 0.48842, 0.94853, 0.97851, 0.89628, 0.87313, 0.44466, 0.82784, 0.81957, 0.93195, 0.77813, 0.88889, 0.15443, 0.99372, 0.63245, 0.05506, 0.11694, 0.12961, 0.88959, 0.95086, 0.93652, 0.61815, 0.51999, 0.70687, 0.97855, 0.93517, 0.7455, 0.97671, 0.73761, 0.64072, 0.95377, 0.43254, 0.86209, 0.92659, 0.65699, 0.98159, 0.87071, 0.92081, 0.42136, 0.1341, 0.89625, 0.46019, 0.20798, 0.16691, 0.05257, 0.91996, 0.10868, 0.89032, 0.9228, 0.64651, 0.63321, 0.29261, 0.7852, 0.70146, 0.53505, 0.62686, 0.70091, 0.72432, 0.96532, 0.60646, 0.11598, 0.19927, 0.3673, 0.2235, 0.78285, 0.98506, 0.9619, 0.95889, 0.86662, 0.12135, 0.97582, 0.86153, 0.59988, 0.80143, 0.53146, 0.98963, 0.95948, 0.71276, 0.34263, 0.44994, 0.22865, 0.85247, 0.16367, 0.99131, 0.88799, 0.24702, 0.24539, 0.33533, 0.98905, 0.71634, 0.5371, 0.16397, 0.97398, 0.87002, 0.11113, 0.56389, 0.33031, 0.47425, 0.98848, 0.17498, 0.08136, 0.82907, 0.85795, 0.18273, 0.94186, 0.3401, 0.95137, 0.77419, 0.92318, 0.3206, 0.83784, 0.1632, 0.14743, 0.97509, 0.30702, 0.34942, 0.33971, 0.90108, 0.29296, 0.98836, 0.98779, 0.97977, 0.85101, 0.15498, 0.48054, 0.05021, 0.08855, 0.95781, 0.96611, 0.95531, 0.99226, 0.71016, 0.09992, 0.02612, 0.95287, 0.99622, 0.92134, 0.14651, 0.17645, 0.3698, 0.31923, 0.22472, 0.93451, 0.16613, 0.28128, 0.63185, 0.98422, 0.37887, 0.84892, 0.70846, 0.14586, 0.92352, 0.98033, 0.7256, 0.79702, 0.90173, 0.98231, 0.06113, 0.98141, 0.97675, 0.94168, 0.65285, 0.09932, 0.25633, 0.88987, 0.90996, 0.84193, 0.06554, 0.26933, 0.99012, 0.34014, 0.97972, 0.88472, 0.04136, 0.81087, 0.85356, 0.548, 0.73278, 0.59361, 0.48749, 0.95507, 0.47286, 0.98324, 0.96166, 0.52904, 0.9723, 0.81835, 0.96198, 0.7772, 0.74057, 0.04821, 0.71012, 0.05453, 0.68497, 0.96335, 0.12172, 0.98716, 0.0233, 0.93074, 0.61183, 0.96702, 0.98722, 0.40396, 0.91713, 0.15291, 0.85418, 0.9664, 0.95781, 0.73959, 0.98997, 0.27206, 0.85254, 0.95112, 0.99117, 0.94861, 0.65534, 0.11532, 0.14567, 0.9147, 0.13815, 0.96978, 0.10269, 0.72506, 0.0675, 0.03815, 0.96024, 0.99529, 0.15129, 0.72967, 0.25911, 0.87479, 0.7161, 0.42922, 0.80889, 0.94048, 0.12028, 0.42319, 0.65378, 0.46915, 0.97754, 0.49812, 0.94741, 0.81507, 0.44492, 0.3052, 0.92728, 0.85597, 0.97708, 0.83187, 0.92616, 0.90299, 0.54817, 0.34546, 0.91026, 0.96223, 0.52765, 0.91132, 0.98153, 0.90914, 0.94639, 0.07992, 0.77989, 0.23827, 0.92428, 0.3698, 0.97653, 0.93711, 0.80823, 0.15896, 0.32115, 0.17181, 0.91505, 0.40799, 0.84165, 0.98491, 0.98117, 0.44545, 0.44207, 0.2196, 0.98449, 0.93159, 0.95248, 0.65497, 0.89199, 0.17645, 0.55345, 0.39952, 0.19623, 0.37919, 0.99198, 0.61705, 0.753, 0.14647, 0.43435, 0.1669, 0.3748, 0.37371, 0.28476, 0.26336, 0.73063, 0.19066, 0.96406, 0.44641, 0.98681, 0.44716, 0.58939, 0.24971, 0.52147, 0.62606, 0.98672, 0.8334, 0.9874, 0.68787, 0.87433, 0.91206, 0.08708, 0.56403, 0.66512, 0.13461, 0.94937, 0.75004, 0.91577, 0.94321, 0.51118, 0.93227, 0.9627, 0.96878, 0.35276, 0.35147, 0.56761, 0.98947, 0.90448, 0.90693, 0.94553, 0.94389, 0.9244, 0.25087, 0.78556, 0.23928, 0.99571, 0.03639, 0.46233, 0.67638, 0.41868, 0.1314, 0.49871, 0.93732, 0.10886, 0.83508, 0.00986, 0.65836, 0.95416, 0.85175, 0.94915, 0.10955, 0.98733, 0.14038, 0.68516, 0.96916, 0.98251, 0.85877, 0.98701, 0.75937, 0.98138, 0.97218, 0.96398, 0.02992, 0.72957, 0.22634, 0.86124, 0.98456, 0.83513, 0.9722, 0.23583, 0.16812, 0.15613, 0.82508, 0.66964, 0.76109, 0.29346, 0.07915, 0.94672, 0.09966, 0.31783, 0.99303, 0.97066, 0.28916, 0.18798, 0.98593, 0.09788, 0.3414, 0.08265, 0.41646, 0.92033, 0.1059, 0.21198, 0.17962, 0.98282, 0.83283, 0.77659, 0.3449, 0.35273, 0.03259, 0.78325, 0.94311, 0.27289, 0.975, 0.98854, 0.22309, 0.71954, 0.97837, 0.98444, 0.93395, 0.9493, 0.85206, 0.9705, 0.96221, 0.98786, 0.17906, 0.91643, 0.78019, 0.32874, 0.90838, 0.93779, 0.07573, 0.69795, 0.45315, 0.73246, 0.77129, 0.98049, 0.97901, 0.96739, 0.95939, 0.98283, 0.25477, 0.94157, 0.98793, 0.91423, 0.2842, 0.99294, 0.14309, 0.65569, 0.96879, 0.21124, 0.86996, 0.83955, 0.05552, 0.36586, 0.7781, 0.72843, 0.9839, 0.03975, 0.98034, 0.95983, 0.08802, 0.90091, 0.966, 0.15841, 0.41339, 0.93857, 0.99371, 0.48997, 0.27505, 0.32078, 0.99117, 0.51799, 