{"model": "ai4bharat/indic-bert", "dataset": "dravidian_malayalam", "train_config": "hardneg", "seed": 123, "thr_cal": 0.6211689442396163, "metrics_05": {"macro": 0.11562283699987869, "toxf1": 0.06373937677053824, "prec": 0.03296703296703297, "rec": 0.9574468085106383, "prauc": 0.05029669555645917, "ece": 0.527627505282561, "covert": 0.16370106761565836}, "metrics_cal": {"macro": 0.5369200976677613, "toxf1": 0.10810810810810811, "prec": 0.09375, "rec": 0.1276595744680851, "prauc": 0.05029669555645917, "ece": 0.527627505282561, "covert": 0.045454545454545456}, "probs": [0.59777, 0.52025, 0.57562, 0.50385, 0.56987, 0.61782, 0.46119, 0.54685, 0.6238, 0.54041, 0.56797, 0.58923, 0.61037, 0.55607, 0.58587, 0.5685, 0.55901, 0.55913, 0.6058, 0.54569, 0.59645, 0.52417, 0.62693, 0.57789, 0.57868, 0.46858, 0.5776, 0.51298, 0.59788, 0.62215, 0.6227, 0.53772, 0.60864, 0.54508, 0.60793, 0.54214, 0.51111, 0.62141, 0.49072, 0.47268, 0.59782, 0.51687, 0.61213, 0.58954, 0.58995, 0.44643, 0.60989, 0.6102, 0.50296, 0.58234, 0.52005, 0.60137, 0.53668, 0.62722, 0.50619, 0.5614, 0.5035, 0.52442, 0.56181, 0.49536, 0.52928, 0.55951, 0.55084, 0.52714, 0.46931, 0.5184, 0.60347, 0.51672, 0.57156, 0.55582, 0.53978, 0.56214, 0.52721, 0.58459, 0.57721, 0.5999, 0.54034, 0.53683, 0.46583, 0.61231, 0.56101, 0.54496, 0.54349, 0.5568, 0.55073, 0.60532, 0.55971, 0.5626, 0.49958, 0.6124, 0.56664, 0.55559, 0.59801, 0.60316, 0.53749, 0.60522, 0.59688, 0.52766, 0.51479, 0.58812, 0.51595, 0.45424, 0.58471, 0.53327, 0.56818, 0.50134, 0.51837, 0.48414, 0.61789, 0.57441, 0.51033, 0.53836, 0.56313, 0.50333, 0.56346, 0.53868, 0.59904, 0.58862, 0.56291, 0.50411, 0.58828, 0.57737, 0.59443, 0.46408, 0.61285, 0.59114, 0.62239, 0.51874, 0.60602, 0.47976, 0.61353, 0.49875, 0.58429, 0.59715, 0.5241, 0.5207, 0.58442, 0.50022, 0.604, 0.53097, 0.47321, 0.57504, 0.56566, 0.59688, 0.60793, 0.5744, 0.52823, 0.5662, 0.5535, 0.61609, 0.61474, 0.52382, 0.50152, 0.48784, 0.62184, 0.63755, 0.59083, 0.55265, 0.60883, 0.49964, 0.59213, 0.55148, 0.49048, 0.63342, 0.57192, 0.50672, 0.58763, 0.51502, 0.57005, 0.5647, 0.51538, 0.59945, 0.55419, 0.55518, 0.60925, 0.60209, 0.6034, 0.60453, 0.58563, 0.58867, 0.49365, 0.52995, 0.62342, 0.48713, 0.64243, 0.49715, 0.59053, 0.53369, 0.54011, 0.62082, 0.57236, 0.57331, 0.63023, 0.44085, 0.50853, 0.56765, 0.60564, 0.61554, 0.61622, 0.55119, 0.49254, 0.48715, 0.56773, 0.61521, 0.54424, 0.58655, 0.48322, 0.55607, 0.50727, 0.55436, 0.54422, 0.57296, 0.53494, 0.61233, 0.55974, 0.53743, 0.61289, 0.5894, 0.52629, 0.50533, 0.48913, 0.59734, 0.60273, 0.60281, 0.58157, 0.55276, 0.63268, 0.49097, 0.53339, 0.55641, 0.61155, 0.53222, 0.62006, 0.44643, 0.60846, 0.54785, 0.5798, 0.58868, 0.54579, 0.54069, 0.5506, 0.49799, 0.52023, 0.59308, 0.5784, 0.59584, 0.63051, 0.53585, 0.60946, 0.5361, 0.59245, 0.59671, 0.60631, 0.57639, 0.57132, 0.58845, 0.59308, 0.52841, 0.57659, 0.44692, 0.48663, 0.61141, 0.50667, 0.60539, 0.5414, 0.60143, 0.53035, 0.53689, 0.57123, 0.59037, 0.61611, 0.54277, 0.58088, 0.61745, 0.55623, 0.50351, 0.59188, 0.57445, 0.60607, 0.55373, 0.53567, 0.55949, 0.544, 0.49825, 0.57273, 0.58955, 0.60012, 0.48703, 0.58171, 0.52742, 0.59443, 0.62, 0.58773, 0.5163, 0.50581, 0.62556, 0.62096, 0.60896, 0.55263, 0.59768, 0.58226, 0.55503, 0.52095, 0.55617, 0.60319, 0.57143, 0.60353, 0.60675, 0.53591, 0.583, 0.59901, 0.60581, 0.59371, 0.54355, 0.57767, 0.56282, 0.5351, 0.5982, 0.45425, 0.57956, 0.54655, 0.58026, 0.59414, 0.58106, 0.56408, 0.49795, 0.54496, 0.59563, 0.54144, 0.57114, 0.59649, 0.53071, 0.52639, 0.60098, 0.55794, 0.55876, 0.51292, 0.62062, 0.58185, 0.53796, 0.61218, 0.50519, 0.62063, 0.55835, 0.57798, 0.59637, 0.53296, 0.55061, 0.56368, 0.52862, 0.5153, 0.54477, 0.59978, 0.58398, 0.49856, 0.58166, 0.61823, 0.49823, 0.58574, 0.6197, 0.61529, 0.534, 0.48686, 0.63519, 0.50908, 0.57895, 0.54799, 0.52131, 0.55495, 0.50134, 0.58435, 0.51576, 0.6197, 0.57142, 0.51384, 0.59649, 0.57758, 0.5281, 0.53692, 0.58851, 0.533, 0.6128, 0.49952, 0.55051, 0.55127, 0.52228, 0.56725, 0.60567, 0.53461, 0.53743, 0.50384, 0.52379, 0.553, 0.527, 0.55786, 0.5783, 0.58676, 0.49363, 0.56878, 0.61939, 0.50695, 0.58451, 0.61861, 0.58122, 0.58874, 0.53882, 0.55322, 0.54484, 0.51245, 0.568, 0.54383, 0.50288, 0.61055, 0.50118, 0.52421, 0.494, 0.51772, 0.55808, 0.58293, 0.62121, 0.61918, 0.57608, 0.55975, 0.541, 0.54983, 0.60747, 0.49025, 0.58986, 0.59914, 0.52192, 0.57348, 0.50693, 0.51727, 0.57943, 0.52517, 0.54601, 0.61308, 0.58775, 0.53611, 0.5447, 0.51267, 0.50273, 0.58336, 0.50544, 0.59425, 0.4671, 0.57411, 0.5915, 0.49211, 0.5775, 0.53994, 0.52709, 0.53656, 0.52033, 0.56434, 0.5867, 0.58862, 0.52268, 0.58096, 0.60288, 0.47649, 0.5273, 0.57651, 0.56126, 0.56575, 0.53081, 0.57178, 0.5128, 0.50369, 0.55776, 0.54785, 0.5598, 0.58447, 0.60062, 0.54463, 0.54338, 0.59362, 0.52739, 0.61942, 0.52505, 0.53399, 0.58287, 0.60707, 0.51532, 0.61761, 0.52106, 0.5682, 0.58368, 0.56839, 0.63223, 0.59795, 0.61986, 0.50411, 0.49799, 0.61701, 0.56879, 0.50644, 0.525, 0.52803, 0.63148, 0.61866, 0.51925, 0.5029, 0.63677, 0.50388, 0.49546, 0.58166, 0.49144, 0.53373, 0.58305, 0.50009, 0.55664, 0.59668, 0.56813, 0.55089, 0.51456, 0.53039, 0.54885, 0.60418, 0.55981, 0.50541, 0.54909, 0.58998, 0.50578, 0.52484, 0.51948, 0.61532, 0.50426, 0.49829, 0.54735, 0.40652, 0.59535, 0.59802, 0.56284, 0.57552, 0.54959, 0.49037, 0.59643, 0.47977, 0.58605, 0.49423, 0.63761, 0.55344, 0.55802, 0.57087, 0.54056, 0.54292, 0.59755, 0.45574, 0.48372, 0.52061, 0.52175, 0.56752, 0.60326, 0.58438, 0.47959, 0.55232, 0.59067, 0.57266, 0.58639, 0.60977, 0.61477, 0.5653, 0.50353, 0.58717, 0.55071, 0.53954, 0.53889, 0.57177, 0.61578, 0.59549, 0.51801, 0.55381, 0.583, 0.58243, 0.60141, 0.4957, 0.53606, 0.57213, 0.61684, 0.59562, 0.55204, 0.5462, 0.61676, 0.50334, 0.55277, 0.56532, 0.53345, 0.53602, 0.53048, 0.49499, 0.50243, 0.54016, 0.60488, 0.57101, 0.53781, 0.57856, 0.54361, 0.49217, 0.61141, 0.60254, 0.57494, 0.61342, 0.53425, 0.54963, 0.62806, 0.62736, 0.595, 0.59101, 0.53969, 0.52949, 0.53785, 0.53406, 0.52333, 0.53611, 0.61144, 0.51644, 0.60522, 0.56874, 0.56366, 0.57868, 0.58817, 0.61571, 0.55894, 0.55509, 0.54814, 0.61434, 0.57543, 0.4524, 0.52251, 0.58158, 0.591, 0.57653, 0.63299, 0.61233, 0.55253, 0.61447, 0.55814, 0.46965, 0.57435, 0.60114, 0.5878, 0.5246, 0.60288, 0.5197, 0.62967, 0.56069, 0.5948, 0.61302, 0.53994, 0.54715, 0.59838, 0.59385, 0.62541, 0.55618, 0.52418, 0.63763, 0.62281, 0.6011, 0.51, 0.5643, 0.62401, 0.56128, 0.50026, 0.54345, 0.58047, 0.58883, 0.61767, 0.62527, 0.598, 0.56451, 0.56052, 0.60181, 0.60816, 0.55975, 0.62341, 0.60357, 0.60066, 0.54649, 0.59067, 0.58693, 0.49855, 0.54461, 0.56825, 0.56445, 0.54061, 0.48913, 0.59163, 0.55795, 0.59988, 0.569, 0.59267, 0.56292, 0.59446, 0.55783, 0.56109, 0.57155, 0.62822, 0.58817, 0.58056, 0.59162, 0.55472, 0.57046, 0.6056, 0.52291, 0.60175, 0.51185, 0.60215, 0.6184, 0.60577, 0.58898, 0.56228, 0.57558, 0.55949, 0.52078, 0.54511, 0.55129, 0.542, 0.54782, 0.57495, 0.55042, 0.44335, 0.57213, 0.55418, 0.55164, 0.52959, 0.52998, 0.5613, 0.59789, 0.59848, 0.53874, 0.6165, 0.59524, 0.57679, 0.57298, 0.54865, 0.61051, 0.50369, 0.55591, 0.5646, 0.58542, 0.60055, 0.61571, 0.61429, 0.5943, 0.55316, 0.53099, 0.6038, 0.59743, 0.48508, 0.48454, 0.57882, 0.55067, 0.59146, 0.55147, 0.58002, 0.60535, 0.60605, 0.58723, 0.58272, 0.5531, 0.53144, 0.60784, 0.56748, 0.52131, 0.5629, 0.59092, 0.53661, 0.569, 0.45195, 0.60587, 0.55887, 0.60157, 0.52594, 0.6035, 0.63481, 0.60922, 0.52074, 0.55085, 0.60347, 0.56025, 0.59414, 0.61397, 0.52814, 0.55487, 0.5339, 0.54649, 0.55974, 0.53566, 0.53756, 0.6241, 0.62286, 0.58011, 0.52589, 0.50252, 0.62085, 0.50431, 0.50677, 0.55189, 0.4672, 0.60302, 0.56813, 0.59155, 0.62134, 0.60904, 0.51208, 0.62183, 0.52988, 0.59309, 0.5226, 0.54029, 0.59482, 0.5004, 0.58108, 0.57543, 0.62555, 0.54679, 0.5557, 0.53584, 0.56346, 0.5605, 0.60417, 0.60187, 0.59779, 0.55242, 0.5189, 0.57926, 0.59643, 0.56824, 0.52024, 0.47879, 0.52987, 0.61183, 0.58432, 0.57582, 0.58161, 0.55352, 