{"model": "ai4bharat/indic-bert", "dataset": "dravidian_kannada", "train_config": "hardneg", "seed": 2024, "thr_cal": 0.7999116539955139, "metrics_05": {"macro": 0.6050826072112458, "toxf1": 0.5504950495049505, "prec": 0.4028985507246377, "rec": 0.86875, "prauc": 0.6439474258227075, "ece": 0.27762395538923684, "covert": 0.8290155440414507}, "metrics_cal": {"macro": 0.7110762494181737, "toxf1": 0.5971830985915493, "prec": 0.5435897435897435, "rec": 0.6625, "prauc": 0.6439474258227075, "ece": 0.27762395538923684, "covert": 0.8160919540229885}, "probs": [0.0459, 0.80352, 0.80173, 0.38011, 0.89799, 0.29604, 0.09783, 0.2537, 0.2731, 0.5401, 0.6576, 0.27216, 0.05769, 0.77007, 0.71616, 0.47768, 0.77252, 0.87627, 0.02109, 0.92385, 0.64941, 0.40811, 0.81013, 0.86536, 0.97131, 0.90138, 0.95758, 0.16467, 0.924, 0.62431, 0.98246, 0.93955, 0.55536, 0.76599, 0.91253, 0.34142, 0.59857, 0.04192, 0.80823, 0.55833, 0.83184, 0.00749, 0.90961, 0.62668, 0.71276, 0.85247, 0.27991, 0.6199, 0.19889, 0.16029, 0.90782, 0.48746, 0.34724, 0.95224, 0.68015, 0.95168, 0.10201, 0.54176, 0.68769, 0.93967, 0.66516, 0.41489, 0.64897, 0.74741, 0.12336, 0.43201, 0.6661, 0.7073, 0.86407, 0.96264, 0.4352, 0.0143, 0.22445, 0.84887, 0.86584, 0.20734, 0.74768, 0.60935, 0.93403, 0.81575, 0.53372, 0.89477, 0.07635, 0.81894, 0.51865, 0.48024, 0.90248, 0.15821, 0.80543, 0.08678, 0.06052, 0.35699, 0.04041, 0.83064, 0.93292, 0.05271, 0.14167, 0.01277, 0.09659, 0.24845, 0.44509, 0.72629, 0.1756, 0.88399, 0.8359, 0.45449, 0.85728, 0.64646, 0.73845, 0.83333, 0.67205, 0.35627, 0.01526, 0.37158, 0.4584, 0.53493, 0.55536, 0.85323, 0.75265, 0.80999, 0.31999, 0.01181, 0.88392, 0.83729, 0.50529, 0.10416, 0.27991, 0.89495, 0.10696, 0.74888, 0.91918, 0.06232, 0.37526, 0.59377, 0.82616, 0.71885, 0.07238, 0.96814, 0.27776, 0.95187, 0.28896, 0.76884, 0.71013, 0.94629, 0.95275, 0.67974, 0.77549, 0.93485, 0.8001, 0.5419, 0.08141, 0.26174, 0.94274, 0.45702, 0.7994, 0.84794, 0.05916, 0.79518, 0.63809, 0.90127, 0.5585, 0.02951, 0.3066, 0.5546, 0.5953, 0.11804, 0.20772, 0.85294, 0.71952, 0.87366, 0.07253, 0.95715, 0.19784, 0.54804, 0.94034, 0.12646, 0.27991, 0.6818, 0.22322, 0.89541, 0.56512, 0.13267, 0.27991, 0.92556, 0.88074, 0.57447, 0.9085, 0.06268, 0.18102, 0.19611, 0.70229, 0.88487, 0.73309, 0.27991, 0.48831, 0.95503, 0.86127, 0.8754, 0.71272, 0.48686, 0.15267, 0.05089, 0.06346, 0.51847, 0.56562, 0.461, 0.81409, 0.23141, 0.93921, 0.20813, 0.93449, 0.86918, 0.26712, 0.07038, 0.03231, 0.05016, 0.95681, 0.11658, 0.0158, 0.34398, 0.05238, 0.28273, 0.2087, 0.05775, 0.86072, 0.73314, 0.1507, 0.3897, 0.11585, 0.8254, 0.07131, 0.82199, 0.03924, 0.7286, 0.63643, 0.75076, 0.98248, 0.8684, 0.05775, 0.25159, 0.792, 0.27991, 0.74747, 0.98117, 0.91203, 0.26548, 0.32973, 0.7051, 0.19658, 0.90823, 0.91593, 0.62961, 0.58005, 0.89653, 0.49573, 0.32369, 0.49909, 0.38667, 0.64728, 0.51931, 0.85657, 0.8359, 0.78207, 0.52873, 0.61931, 0.82304, 0.27991, 0.54063, 0.37622, 0.04615, 0.04242, 0.0382, 0.67404, 0.29507, 0.00572, 0.04328, 0.89124, 0.11686, 0.95303, 0.90898, 0.21235, 0.83581, 0.8785, 0.85284, 0.84492, 0.74101, 0.58793, 0.86062, 0.08329, 0.68835, 0.61289, 0.01711, 0.74384, 0.93243, 0.38932, 0.27991, 0.86208, 0.8783, 0.57229, 0.62451, 0.46784, 0.53233, 0.03025, 0.84174, 0.0974, 0.26224, 0.8448, 0.27991, 0.42312, 0.25815, 0.85825, 0.36545, 0.05958, 0.828, 0.90396, 0.37749, 0.1381, 0.84404, 0.77034, 0.17751, 0.60581, 0.71652, 0.16318, 0.26086, 0.93805, 0.54841, 0.80806, 0.01683, 0.85375, 0.96007, 0.03671, 0.73228, 0.11115, 0.93811, 0.07189, 0.21911, 0.28017, 0.65465, 0.19623, 0.3234, 0.79536, 0.48459, 0.91646, 0.21555, 0.6293, 0.73671, 0.96319, 0.94208, 0.27991, 0.86491, 0.10737, 0.76567, 0.93037, 0.85927, 0.19531, 0.90172, 0.86483, 0.91384, 0.34514, 0.60768, 0.93867, 0.02651, 0.85045, 0.81278, 0.5329, 0.09709, 0.90278, 0.86943, 0.1471, 0.8607, 0.98172, 0.50469, 0.51018, 0.27991, 0.37425, 0.11834, 0.01542, 0.84318, 0.95403, 0.13481, 0.84328, 0.7044, 0.47879, 0.82412, 0.35992, 0.75417, 0.01553, 0.04803, 0.63865, 0.81645, 0.57757, 0.10133, 0.17313, 0.50886, 0.30508, 0.0647, 0.82926, 0.71379, 0.84074, 0.91505, 0.64004, 0.43027, 0.3235, 0.88518, 0.13993, 0.0649, 0.19827, 0.98206, 0.24689, 0.60188, 0.25074, 0.31856, 0.79098, 0.02095, 0.9151, 0.66353, 0.32219, 0.62686, 0.03552, 0.82997, 0.5434, 0.91359, 0.86628, 0.12686, 0.90176, 0.73588, 0.15322, 0.94954, 0.96837, 0.0163, 0.71584, 0.75189, 0.00482, 0.65974, 0.73166, 0.96454, 0.92831, 0.07664, 0.95543, 0.02494, 0.64427, 0.86655, 0.09321, 0.16676, 0.94842, 0.95547, 0.01872, 0.85481, 0.8859, 0.85097, 0.77594, 0.41556, 0.09371, 0.14262, 0.73408, 0.59924, 0.76695, 0.6007, 0.03375, 0.27672, 0.6324, 0.06189, 0.38481, 0.0158, 0.64555, 0.77436, 0.74828, 0.80671, 0.93662, 0.94325, 0.75995, 0.78679, 0.85319, 0.05495, 0.92696, 0.02897, 0.6688, 0.60274, 0.72235, 0.05373, 0.96236, 0.309, 0.08444, 0.84101, 0.8854, 0.73362, 0.93521, 0.89865, 0.07438, 0.15751, 0.16233, 0.652, 0.62081, 0.96046, 0.25348, 0.77093, 0.87596, 0.31848, 0.91557, 0.38702, 0.10381, 0.01612, 0.5855, 0.02662, 0.00326, 0.91955, 0.16737, 0.35906, 0.61297, 0.94911, 0.0586, 0.95899, 0.0652, 0.84392, 0.01417, 0.91651, 0.90047, 0.89338, 0.03849, 0.8828, 0.35175, 0.94636, 0.56186, 0.36481, 0.88032, 0.88257, 0.27991, 0.80625, 0.41038, 0.41187, 0.61453, 0.78747, 0.74929, 0.07947, 0.89336, 0.27991, 0.89901, 0.27035, 0.62937, 0.76979, 0.73199, 0.87418, 0.90951, 0.74427, 0.68534, 0.46939, 0.9303, 0.87182, 0.13541, 0.16064, 0.96872, 0.06282, 0.63769, 0.81716, 0.21256, 0.96247, 0.01207, 0.90169, 0.85572, 0.30783, 0.08443, 0.89438, 0.29153, 0.81979, 0.92257, 0.8167, 0.53576, 0.0695, 0.35567, 0.75104, 0.95121, 0.84661, 0.80104, 0.94904, 0.3054, 0.15589, 0.75026, 0.85727, 0.11558, 0.53562, 0.92481, 0.10948, 0.778, 0.83774, 0.14703, 0.76969], "labels": [0, 0, 0, 0, 0, 0, 0, 0, 0, 0, 0, 0, 0, 0, 1, 0, 0, 1, 0, 0, 0, 0, 0, 1, 1, 1, 1, 1, 1, 0, 1, 0, 1, 1, 1, 0, 1, 0, 0, 1, 0, 0, 1, 0, 0, 0, 0, 0, 0, 1, 0, 0, 0, 1, 0, 0, 0, 0, 1, 0, 0, 0, 0, 1, 0, 0, 0, 0, 1, 1, 1, 0, 0, 0, 0, 1, 0, 0, 0, 1, 0, 1, 1, 0, 0, 0, 1, 0, 1, 0, 0, 0, 0, 0, 0, 0, 0, 1, 0, 0, 0, 1, 0, 1, 0, 0, 1, 0, 0, 0, 0, 0, 0, 0, 0, 0, 0, 0, 1, 0, 0, 0, 1, 1, 0, 0, 0, 0, 0, 0, 0, 0, 0, 1, 1, 0, 0, 1, 0, 0, 0, 0, 1, 1, 1, 0, 0, 0, 1, 0, 0, 0, 0, 0, 0, 1, 0, 0, 0, 1, 1, 1, 0, 1, 0, 0, 0, 0, 0, 0, 0, 1, 0, 0, 1, 0, 0, 0, 0, 0, 0, 0, 0, 0, 1, 0, 0, 0, 0, 0, 0, 1, 0, 1, 0, 1, 1, 0, 0, 0, 0, 0, 0, 0, 1, 1, 0, 0, 1, 0, 1, 0, 1, 0, 0, 0, 1, 0, 0, 0, 1, 0, 0, 0, 1, 0, 0, 0, 0, 0, 0, 0, 0, 0, 0, 1, 1, 0, 0, 0, 0, 0, 0, 1, 1, 0, 0, 0, 0, 0, 0, 0, 0, 1, 0, 0, 0, 0, 1, 0, 1, 0, 0, 0, 0, 0, 0, 0, 0, 0, 0, 0, 0, 1, 0, 0, 0, 0, 1, 1, 0, 1, 1, 0, 0, 1, 0, 1, 0, 0, 1, 0, 0, 1, 0, 0, 0, 1, 0, 0, 0, 0, 0, 0, 0, 0, 0, 1, 0, 0, 0, 0, 0, 0, 1, 1, 0, 0, 0, 0, 1, 1, 0, 0, 1, 0, 1, 0, 1, 1, 0, 0, 0, 0, 0, 0, 0, 1, 0, 0, 0, 0, 0, 0, 0, 0, 1, 0, 0, 0, 0, 0, 1, 0, 0, 1, 0, 1, 0, 0, 1, 0, 0, 0, 0, 0, 1, 0, 0, 1, 1, 0, 0, 0, 0, 0, 0, 1, 1, 0, 1, 0, 0, 1, 1, 1, 0, 0, 1, 1, 0, 0, 0, 0, 0, 0, 0, 0, 0, 1, 1, 1, 0, 1, 0, 0, 0, 1, 0, 0, 0, 0, 0, 0, 0, 0, 0, 1, 0, 1, 0, 0, 1, 0, 0, 0, 1, 1, 1, 0, 0, 0, 0, 0, 0, 1, 1, 0, 1, 0, 0, 0, 0, 0, 1, 1, 0, 1, 0, 1, 0, 0, 0, 0, 0, 0, 0, 0, 0, 0, 0, 0, 0, 0, 0, 0, 0, 1, 0, 1, 0, 0, 1, 1, 1, 0, 0, 1, 0, 0, 1, 1, 0, 0, 1, 0, 1, 1, 0, 0, 0, 0, 1, 1, 0, 1, 0, 0, 1, 0, 0, 0, 0, 0, 0, 0, 0, 0, 0, 1, 0, 1, 0, 0, 0, 1, 0, 1, 0, 0, 0, 1, 0, 0, 0, 0, 0, 0, 0, 0, 0, 0, 0, 0, 1, 0, 0, 1, 1, 1, 0, 0, 0, 1, 0, 0, 0, 1, 0, 1, 1, 0, 0, 0, 0, 1, 0, 0, 0, 0, 0, 0, 0, 1, 1, 1, 1, 0, 0, 0, 1, 1, 0, 0, 0, 0, 0, 0, 0, 0, 0, 0, 0, 1, 0, 1], "n": {"train": 3400, "val": 600, "test": 586, "toxic_frac": 0.23911764705882352}}