{"model": "ai4bharat/indic-bert", "dataset": "dravidian_tamil", "train_config": "ce", "seed": 99, "thr_cal": 0.49652262032031996, "metrics_05": {"macro": 0.6445781840236675, "toxf1": 0.538899430740038, "prec": 0.40226628895184136, "rec": 0.8160919540229885, "prauc": 0.5082726754310475, "ece": 0.2049864767541488, "covert": 0.6964285714285714}, "metrics_cal": {"macro": 0.6420028591163376, "toxf1": 0.5372290292177191, "prec": 0.3997194950911641, "rec": 0.8189655172413793, "prauc": 0.5082726754310475, "ece": 0.2049864767541488, "covert": 0.6964285714285714}, "probs": [0.11397, 0.01232, 0.6174, 0.0499, 0.79771, 0.35655, 0.16103, 0.04238, 0.09815, 0.18068, 0.11673, 0.20694, 0.01467, 0.0619, 0.32484, 0.02631, 0.89731, 0.2037, 0.10356, 0.26241, 0.73143, 0.43366, 0.02965, 0.31733, 0.1538, 0.80813, 0.83834, 0.14857, 0.13613, 0.04085, 0.15567, 0.79828, 0.01757, 0.32329, 0.13618, 0.92042, 0.38591, 0.09465, 0.00759, 0.83653, 0.70094, 0.02382, 0.69848, 0.73237, 0.55295, 0.8015, 0.02604, 0.07018, 0.17217, 0.04309, 0.01211, 0.11119, 0.27841, 0.5035, 0.76687, 0.5802, 0.74132, 0.87897, 0.79866, 0.72562, 0.511, 0.02373, 0.66935, 0.50346, 0.0766, 0.04835, 0.02939, 0.26896, 0.8503, 0.18333, 0.45866, 0.84089, 0.14727, 0.09402, 0.76693, 0.83116, 0.82663, 0.64558, 0.02897, 0.51807, 0.73529, 0.67597, 0.55187, 0.00221, 0.56636, 0.01877, 0.1531, 0.31061, 0.1465, 0.90494, 0.14412, 0.8792, 0.10855, 0.69435, 0.7145, 0.48318, 0.16723, 0.53022, 0.1742, 0.02611, 0.62489, 0.00788, 0.16801, 0.12482, 0.65414, 0.47486, 0.26398, 0.81475, 0.01181, 0.82058, 0.81949, 0.38176, 0.87972, 0.68323, 0.55263, 0.01936, 0.35413, 0.51035, 0.2429, 0.01041, 0.71286, 0.02741, 0.07239, 0.57374, 0.09279, 0.05975, 0.88486, 0.27283, 0.09005, 0.07993, 0.66207, 0.37385, 0.7999, 0.02718, 0.68457, 0.90604, 0.32945, 0.03624, 0.43324, 0.77383, 0.65047, 0.01227, 0.85158, 0.90279, 0.04171, 0.21477, 0.01966, 0.47622, 0.60661, 0.28058, 0.701, 0.10265, 0.75511, 0.01623, 0.48504, 0.04087, 0.0107, 0.88878, 0.04826, 0.52465, 0.01413, 0.88096, 0.42112, 0.76411, 0.17703, 0.60912, 0.81977, 0.15205, 0.4233, 0.62461, 0.75684, 0.78606, 0.80044, 0.09511, 0.4709, 0.58231, 0.89899, 0.12533, 0.02205, 0.23402, 0.62999, 0.09246, 0.51167, 0.68527, 0.14559, 0.1021, 0.78761, 0.06621, 0.0081, 0.30992, 0.05859, 0.27321, 0.77165, 0.22015, 0.00622, 0.38808, 0.0817, 0.76692, 0.03204, 0.08301, 0.07047, 0.87107, 0.446, 0.54738, 0.288, 0.39433, 0.75867, 0.01748, 0.6412, 0.70139, 0.45131, 0.09746, 0.72722, 0.00897, 0.12374, 0.85518, 0.01876, 0.76248, 0.38397, 0.0111, 0.11839, 0.008, 0.09832, 0.85949, 0.28853, 0.92102, 0.84398, 0.1511, 0.02788, 0.06458, 0.40122, 0.04592, 0.05832, 0.88434, 0.46065, 0.05458, 0.36625, 0.00307, 0.81221, 0.67717, 0.86756, 0.09302, 0.05304, 0.72888, 0.54322, 0.21692, 0.32701, 0.84764, 0.7205, 0.21971, 0.25484, 0.00999, 0.21717, 0.06918, 0.90391, 0.56602, 0.01427, 0.80412, 0.03364, 0.28468, 0.17107, 0.89348, 0.27371, 0.1288, 0.89807, 0.02994, 0.50296, 0.37085, 0.678, 0.66964, 0.2847, 0.84295, 0.80916, 0.00412, 0.0098, 0.12691, 0.81622, 0.10411, 0.04708, 0.62456, 0.04853, 0.24023, 0.11111, 0.60983, 0.08131, 0.18983, 0.24617, 0.17223, 0.74034, 0.83348, 0.1416, 0.01039, 0.10018, 0.45225, 0.37103, 0.26315, 0.56156, 0.61751, 0.85727, 0.14524, 0.01606, 0.54446, 0.65349, 0.60724, 0.73367, 0.15406, 0.06651, 0.73887, 0.70847, 0.08358, 0.66428, 0.89066, 0.72197, 0.16279, 0.76676, 0.87324, 0.75821, 0.85063, 0.68947, 0.60016, 0.02997, 0.66062, 0.07413, 0.04348, 0.54165, 0.79862, 0.64929, 0.57954, 0.48815, 0.00878, 0.13159, 0.7697, 0.49099, 0.37793, 0.07073, 0.02814, 0.67968, 0.80719, 0.39504, 0.46593, 0.01386, 0.0048, 0.14653, 0.1658, 0.68095, 0.11516, 0.74493, 0.01272, 0.81086, 0.69431, 0.71834, 0.47557, 0.49995, 0.79444, 0.18975, 0.54255, 0.14096, 0.81466, 0.50347, 0.78301, 0.82859, 0.83851, 0.32453, 0.70729, 0.84328, 0.71966, 0.00767, 0.8867, 0.0095, 0.938, 0.3245, 0.71803, 0.30813, 0.21301, 0.03757, 0.53327, 0.07505, 0.3684, 0.86369, 0.19434, 0.52098, 0.27989, 0.38383, 0.5179, 0.5708, 0.6702, 0.26448, 0.77302, 0.04754, 0.52987, 0.20969, 0.16307, 0.39506, 0.29407, 0.26758, 0.77128, 0.66535, 0.76519, 0.03581, 0.04038, 0.46525, 0.53455, 0.21667, 0.19389, 0.01038, 0.02652, 0.12272, 0.94556, 0.02573, 0.81152, 0.86891, 0.63692, 0.28173, 0.52123, 0.58216, 0.10475, 0.1789, 0.19589, 0.80716, 0.72308, 0.87485, 0.51554, 0.18282, 0.38614, 0.78475, 0.01477, 0.0909, 0.46716, 0.87458, 0.39586, 0.07634, 0.74085, 0.86455, 0.74831, 0.37381, 0.00981, 0.14967, 0.84405, 0.01747, 0.0099, 0.83074, 0.02541, 0.91483, 0.43518, 0.78506, 0.87681, 0.55899, 0.03092, 0.83859, 0.55148, 0.51551, 0.48325, 0.46409, 0.09115, 0.30455, 0.73463, 0.70325, 0.71454, 0.21028, 0.19699, 0.00671, 0.12357, 0.73846, 0.02208, 0.02628, 0.74703, 0.07823, 0.21085, 0.81408, 0.56892, 0.56497, 0.54342, 0.23276, 0.09742, 0.52485, 0.41809, 0.05718, 0.82481, 0.86985, 0.8745, 0.54358, 0.45796, 0.75992, 0.47407, 0.08266, 0.89558, 0.88757, 0.07229, 0.00756, 0.91836, 0.65745, 0.89187, 0.19966, 0.29844, 0.67692, 0.67537, 0.77966, 0.00568, 0.39707, 0.87253, 0.77013, 0.89498, 0.5588, 0.30207, 0.5983, 0.70005, 0.12422, 0.01957, 0.87129, 0.04539, 0.00606, 0.10058, 0.02852, 0.65144, 0.00993, 0.56296, 0.54417, 0.64899, 0.78272, 0.24552, 0.83399, 0.64671, 0.07232, 0.67946, 0.83433, 0.23216, 0.02757, 0.24269, 0.70735, 0.21605, 0.63584, 0.59925, 0.82661, 0.86293, 0.44082, 0.04298, 0.07738, 0.08561, 0.00809, 0.50816, 0.39943, 0.87309, 0.07852, 0.30193, 0.76117, 0.88485, 0.13688, 0.77777, 0.08462, 0.14392, 0.45654, 0.11554, 0.23384, 0.61224, 0.0497, 0.6983, 0.84869, 0.86526, 0.83473, 0.85948, 0.52691, 0.69048, 0.61196, 0.13327, 0.13873, 0.74912, 0.72314, 0.6764, 0.13815, 0.74813, 0.05919, 0.5078, 0.25575, 0.01663, 0.76685, 0.05604, 0.19405, 0.61929, 0.8456, 0.53887, 0.8872, 0.59627, 0.03447, 0.83366, 0.16044, 0.38106, 0.77748, 0.0137, 0.89065, 0.83618, 0.03073, 0.86468, 0.83397, 0.80247, 0.03243, 0.09294, 0.07807, 0.05969, 0.34401, 0.11536, 0.00981, 0.41452, 0.79046, 0.36254, 0.2034, 0.51356, 0.23287, 0.77787, 0.8617, 0.76504, 0.71222, 0.85029, 0.86887, 0.51872, 0.62933, 0.55823, 0.05812, 0.06451, 0.10304, 0.76173, 0.04559, 0.12885, 0.86647, 0.05472, 0.74869, 0.20166, 0.03802, 0.00255, 0.73708, 0.65342, 0.73718, 0.24307, 0.02248, 0.7709, 0.15591, 0.76397, 0.84026, 0.01913, 0.811, 0.3399, 0.08862, 0.69202, 0.79811, 0.36285, 0.25076, 0.0337, 0.79415, 0.91096, 0.90098, 0.83877, 0.02091, 0.05136, 0.85749, 0.76972, 0.73587, 0.22546, 0.00247, 0.80617, 0.82997, 0.8369, 0.66499, 0.12758, 0.17039, 0.00543, 0.35414, 0.82843, 0.37623, 0.03881, 0.80361, 0.88605, 0.83937, 0.0411, 0.87064, 0.62957, 0.1319, 0.2176, 0.34865, 0.90476, 0.01792, 0.90608, 0.63135, 0.64403, 0.71797, 0.01555, 0.85485, 0.00973, 0.56205, 0.84356, 0.19358, 0.47985, 0.19942, 0.09297, 0.05108, 0.11646, 0.84842, 0.06973, 0.07161, 0.06714, 0.16855, 0.497, 0.37466, 0.20695, 0.36778, 0.87593, 0.35066, 0.78167, 0.30315, 0.78001, 0.02295, 0.19823, 0.06107, 0.04122, 0.89457, 0.01747, 0.88006, 0.4968, 0.79011, 0.01926, 0.89406, 0.07511, 0.80541, 0.68515, 0.83839, 0.33778, 0.10861, 0.04657, 0.3706, 0.638, 0.59843, 0.72749, 0.00341, 0.68918, 0.68729, 0.07946, 0.86606, 0.08392, 0.39928, 0.07339, 0.5387, 0.02764, 0.72772, 0.66428, 0.87785, 0.37219, 0.87981, 0.66898, 0.51474, 0.43705, 0.85927, 0.80378, 0.5547, 0.01804, 0.79444, 0.14339, 0.2087, 0.02074, 0.67495, 0.71603, 0.05152, 0.5823, 0.38188, 0.72399, 0.10145, 0.15796, 0.04521, 0.06331, 0.84312, 0.23685, 0.4903, 0.1469, 0.61378, 0.015, 0.55311, 0.46196, 0.68783, 0.48474, 0.61002, 0.82937, 0.08963, 0.03728, 0.85112, 0.57015, 0.73213, 0.70653, 0.2528, 0.02488, 0.30347, 0.25085, 0.8339, 0.85558, 0.13201, 0.61421, 0.84997, 0.02088, 0.35797, 0.78469, 0.16977, 0.57924, 0.62634, 0.64102, 0.06881, 0.78025, 0.03165, 0.27181, 0.03195, 0.76548, 0.55796, 0.44467, 0.74363, 0.64395, 0.29418, 0.81409, 0.72492, 0.61342, 0.14084, 0.11612, 0.4273, 0.04277, 0.03888, 0.82505, 0.5885, 0.88087, 0.16644, 0.75884, 0.88681, 0.73687, 0.01749, 0.13353, 0.84202, 0.40757, 0.10082, 0.02725, 0.85787, 0.32353, 0.78412, 0.37644, 