{"model": "ai4bharat/indic-bert", "dataset": "dravidian_malayalam", "train_config": "ce", "seed": 42, "thr_cal": 0.2765394404530525, "metrics_05": {"macro": 0.491869918699187, "toxf1": 0.0, "prec": 0.0, "rec": 0.0, "prauc": 0.05898957250505245, "ece": 0.22001956590016683, "covert": 0.0}, "metrics_cal": {"macro": 0.5029430679581147, "toxf1": 0.10596026490066225, "prec": 0.06274509803921569, "rec": 0.3404255319148936, "prauc": 0.05898957250505245, "ece": 0.22001956590016683, "covert": 0.2894736842105263}, "probs": [0.25202, 0.23175, 0.21184, 0.21978, 0.24316, 0.24221, 0.2308, 0.24444, 0.24305, 0.27667, 0.28728, 0.19293, 0.26883, 0.27738, 0.23637, 0.2812, 0.25397, 0.27099, 0.23624, 0.24395, 0.28843, 0.29551, 0.28661, 0.24186, 0.30382, 0.18155, 0.23138, 0.22495, 0.21375, 0.28399, 0.26421, 0.26193, 0.2442, 0.29255, 0.25312, 0.24706, 0.25355, 0.23919, 0.19833, 0.18729, 0.21881, 0.1922, 0.24802, 0.28233, 0.30603, 0.2024, 0.25425, 0.26826, 0.2345, 0.26648, 0.28532, 0.24498, 0.21094, 0.24505, 0.28755, 0.2636, 0.22572, 0.3132, 0.24161, 0.25131, 0.22, 0.22587, 0.2951, 0.31552, 0.21518, 0.2676, 0.24636, 0.22752, 0.2408, 0.18209, 0.2874, 0.22688, 0.2647, 0.2207, 0.2992, 0.26136, 0.24717, 0.2772, 0.24455, 0.2564, 0.2438, 0.22347, 0.25764, 0.19766, 0.26267, 0.2624, 0.26125, 0.2336, 0.22338, 0.2614, 0.25043, 0.20565, 0.2661, 0.2431, 0.27967, 0.24787, 0.22453, 0.23568, 0.26752, 0.19504, 0.25022, 0.29071, 0.29393, 0.27907, 0.23273, 0.23944, 0.23801, 0.24907, 0.25368, 0.25246, 0.25976, 0.23065, 0.25487, 0.24958, 0.24638, 0.26199, 0.26731, 0.22684, 0.25313, 0.23751, 0.2892, 0.28281, 0.21404, 0.36047, 0.23689, 0.24742, 0.22321, 0.2365, 0.25758, 0.21105, 0.23312, 0.23666, 0.22722, 0.28961, 0.2305, 0.25732, 0.20701, 0.28663, 0.23088, 0.27802, 0.21593, 0.23753, 0.23372, 0.25474, 0.23053, 0.25383, 0.19604, 0.25959, 0.19785, 0.25128, 0.21329, 0.24599, 0.29072, 0.2682, 0.23579, 0.36477, 0.25122, 0.28599, 0.26587, 0.27487, 0.24149, 0.22386, 0.21702, 0.2976, 0.17673, 0.23178, 0.2631, 0.2648, 0.29235, 0.25254, 0.26358, 0.25985, 0.26824, 0.25632, 0.2946, 0.23297, 0.28025, 0.26324, 0.2693, 0.24275, 0.27399, 0.24468, 0.24605, 0.22795, 0.42531, 0.23326, 0.28133, 0.20138, 0.27444, 0.25679, 0.28306, 0.24957, 0.26448, 0.30404, 0.25575, 0.30271, 0.25001, 0.23714, 0.25197, 0.22763, 0.24731, 0.21639, 0.26914, 0.24492, 0.2918, 0.2273, 0.23901, 0.22951, 0.24093, 0.2547, 0.27657, 0.2656, 0.24907, 0.24678, 0.24916, 0.21107, 0.27099, 0.24046, 0.25908, 0.22322, 0.23173, 0.27923, 0.27649, 0.23744, 0.22905, 0.28615, 0.26693, 0.20904, 0.26818, 0.27296, 0.28513, 0.28698, 0.29253, 0.2024, 0.23546, 0.28329, 0.2574, 0.24798, 0.23614, 0.28622, 0.23708, 0.20095, 0.31682, 0.24411, 0.24301, 0.274, 0.24087, 0.28964, 0.21119, 0.20621, 0.22912, 0.22923, 0.27805, 0.28088, 0.23326, 0.24121, 0.26225, 0.25856, 0.22301, 0.19935, 0.22366, 0.24452, 0.31631, 0.23062, 0.25651, 0.2501, 0.22104, 0.24662, 0.27363, 0.18038, 0.24615, 0.20248, 0.24019, 0.24326, 0.29705, 0.18546, 0.26565, 0.24158, 0.28061, 0.25536, 0.26865, 0.24897, 0.27028, 0.27535, 0.2918, 0.21677, 0.23004, 0.26527, 0.28376, 0.23508, 0.23888, 0.22217, 0.32944, 0.20154, 0.22397, 0.22644, 0.24084, 0.25706, 0.25805, 0.24864, 0.2553, 0.24688, 0.22604, 0.24055, 0.27571, 0.25211, 0.28146, 0.2669, 0.22046, 0.2579, 0.25352, 0.24849, 0.24629, 0.27272, 0.28718, 0.24993, 0.28111, 0.24352, 0.24729, 0.23785, 0.23688, 0.25463, 0.25059, 0.28402, 0.26754, 0.21511, 0.22347, 0.28673, 0.27483, 0.18984, 0.2513, 0.31036, 0.25275, 0.22814, 0.24895, 0.20995, 0.28033, 0.25281, 0.27051, 0.26264, 0.23796, 0.2269, 0.25723, 0.25498, 0.20126, 0.24443, 0.28437, 0.25561, 0.25309, 0.29352, 0.26198, 0.29672, 0.27085, 0.26684, 0.22088, 0.24558, 0.23259, 0.22332, 0.26768, 0.23591, 0.24828, 0.18954, 0.23106, 0.24147, 0.2211, 0.21007, 0.2865, 0.25751, 0.2551, 0.23944, 0.24814, 0.21258, 0.25112, 0.26375, 0.24797, 0.2513, 0.31385, 0.2473, 0.23967, 0.27589, 0.27672, 0.24209, 0.18465, 0.24379, 0.2697, 0.18442, 0.19787, 0.20627, 0.29111, 0.25403, 0.23186, 0.24772, 0.2434, 0.23468, 0.26159, 0.23713, 0.25978, 0.30016, 0.25264, 0.24675, 0.26804, 0.28901, 0.21704, 0.21911, 0.22102, 0.20974, 0.2388, 0.25948, 0.30539, 0.25148, 0.21002, 0.2391, 0.19821, 0.21595, 0.24246, 0.23162, 0.23657, 0.24406, 0.27962, 0.24057, 0.27438, 0.22157, 0.26135, 0.20474, 0.2554, 0.27131, 0.24196, 0.25861, 0.2722, 0.27621, 0.27208, 0.25705, 0.23686, 0.27472, 0.24402, 0.25163, 0.25036, 0.26188, 0.24075, 0.27908, 0.22716, 0.24204, 0.21362, 0.24081, 0.22902, 0.23524, 0.23482, 0.21195, 0.2926, 0.25947, 0.2749, 0.28229, 0.24468, 0.22054, 0.23099, 0.22854, 0.22684, 0.26118, 0.24765, 0.28888, 0.24204, 0.26669, 0.26259, 0.2398, 0.26071, 0.20678, 0.24971, 0.267, 0.22368, 0.25742, 0.28329, 0.26308, 0.24679, 0.24606, 0.27758, 0.26383, 0.22369, 0.2564, 0.23398, 0.28784, 0.26127, 0.27726, 0.28351, 0.26021, 0.25847, 0.23732, 0.25583, 0.25895, 0.25202, 0.27903, 0.24631, 0.22778, 0.23751, 0.20095, 0.29654, 0.18566, 0.26204, 0.20702, 0.32431, 0.22629, 0.2507, 0.29458, 0.25532, 0.25973, 0.2587, 0.27867, 0.27135, 0.18654, 0.2469, 0.27106, 0.21738, 0.28392, 0.26893, 0.25451, 0.28571, 0.26393, 0.25995, 0.25786, 0.19448, 0.22437, 0.2367, 0.2396, 0.26193, 0.2368, 0.28241, 0.27303, 0.25396, 0.2073, 0.26621, 0.25411, 0.37913, 0.23104, 0.26517, 0.24542, 0.25864, 0.27955, 0.23736, 0.23986, 0.30568, 0.26625, 0.25768, 0.25792, 0.20481, 0.23993, 0.24805, 0.24073, 0.29694, 0.26007, 0.17886, 0.23762, 0.1594, 0.28707, 0.25287, 0.23812, 0.24357, 0.27448, 0.21477, 0.24477, 0.23952, 0.25365, 0.26037, 0.21712, 0.27128, 0.23968, 0.24941, 0.22452, 0.27548, 0.24543, 0.26853, 0.27976, 0.28642, 0.28887, 0.30576, 0.25616, 0.26513, 0.25897, 0.27295, 0.27775, 0.23462, 0.27481, 0.24139, 0.25114, 0.27041, 0.23847, 0.2584, 0.29143, 0.24417, 0.25391, 0.276, 0.28817, 0.27939, 0.24293, 0.28455, 0.2602, 0.26192, 0.23193, 0.26976, 0.18282, 0.1978, 0.24452, 0.22882, 0.26147, 0.23034, 0.25414, 0.17568, 0.2616, 0.26692, 0.2888, 0.2774, 0.26144, 0.24469, 0.2453, 0.28011, 0.19389, 0.2228, 0.21782, 0.23176, 0.2765, 0.26484, 0.30348, 0.30382, 0.2531, 0.25324, 0.24468, 0.24322, 0.2558, 0.23959, 0.22919, 0.26097, 0.24773, 0.19399, 0.28169, 0.23631, 0.35426, 0.27951, 0.24497, 0.2364, 0.30182, 0.28367, 0.27297, 0.26389, 0.24938, 0.25792, 0.28343, 0.25335, 0.24886, 0.29048, 0.25374, 0.26066, 0.261, 0.28253, 0.25952, 0.29356, 0.26877, 0.27577, 0.24361, 0.27191, 0.25532, 0.26907, 0.18618, 0.30152, 0.26656, 0.23205, 0.25809, 0.21788, 0.23879, 0.22667, 0.25552, 0.22907, 0.2389, 0.26759, 0.25658, 0.2115, 0.23319, 0.26135, 0.27276, 0.23048, 0.22291, 0.21507, 0.25018, 0.315, 0.2544, 0.26416, 0.20001, 0.2225, 0.26628, 0.28961, 0.24751, 0.17799, 0.24426, 0.2556, 0.24789, 0.25521, 0.2764, 0.26565, 0.27302, 0.26654, 0.22032, 0.26614, 0.34511, 0.2826, 0.29591, 0.23144, 0.23129, 0.22378, 0.24971, 0.27165, 0.25862, 0.22616, 0.17231, 0.24454, 0.29272, 0.17533, 0.25022, 0.27852, 0.27582, 0.24063, 0.20922, 0.21821, 0.27559, 0.24009, 0.15968, 0.33972, 0.2695, 0.26114, 0.2402, 0.2391, 0.23114, 0.20478, 0.2378, 0.23169, 0.22883, 0.26948, 0.26909, 0.23367, 0.23819, 0.24395, 0.2191, 0.26781, 0.30712, 0.25693, 0.23621, 0.2103, 0.20895, 0.29089, 0.25022, 0.21385, 0.26128, 0.26648, 0.24653, 0.25016, 0.21137, 0.26061, 0.27507, 0.2463, 0.24895, 0.23923, 0.27073, 0.27305, 0.21078, 0.28906, 0.24711, 0.2332, 0.25753, 0.25751, 0.29869, 0.2446, 0.2333, 0.2556, 0.22716, 0.25592, 0.23773, 0.24682, 0.2319, 0.24969, 0.26804, 0.28086, 0.251, 0.21855, 0.23687, 0.2615, 0.25059, 0.30674, 0.29578, 0.23715, 0.25644, 0.21507, 0.24916, 0.26815, 0.23633, 0.25808, 0.25491, 0.35246, 0.3093, 0.23561, 0.23238, 0.20688, 0.23618, 0.25631, 0.2538, 0.25857, 0.2548, 0.23518, 0.24644, 0.23844, 0.26543, 0.25809, 0.24828, 0.28284, 0.22853, 0.20712, 0.29581, 0.25887, 0.25025, 0.22919, 0.26994, 0.24279, 0.24487, 0.22625, 0.24062, 0.2843, 0.2598, 0.26457, 0.21923, 0.24651, 0.24489, 0.25331, 0.22588, 0.2779, 0.25066, 0.22602, 0.2699, 0.2899, 0.22935, 0.27155, 0.27215, 0.26942, 0.27569, 0.24664, 0.28632, 0.25727, 0.25834, 0.28125, 0.23028, 0.27109,