{"model": "ai4bharat/indic-bert", "dataset": "dravidian_tamil", "train_config": "hardneg", "seed": 7, "thr_cal": 0.520085048675537, "metrics_05": {"macro": 0.6383419643134487, "toxf1": 0.5247813411078717, "prec": 0.3964757709251101, "rec": 0.7758620689655172, "prauc": 0.5186643471948531, "ece": 0.20876090481628973, "covert": 0.68}, "metrics_cal": {"macro": 0.6462510572665308, "toxf1": 0.5306930693069307, "prec": 0.40483383685800606, "rec": 0.7701149425287356, "prauc": 0.5186643471948531, "ece": 0.20876090481628973, "covert": 0.680089485458613}, "probs": [0.04667, 0.02548, 0.14691, 0.09482, 0.80542, 0.39805, 0.22743, 0.11942, 0.18055, 0.06952, 0.09005, 0.32399, 0.01414, 0.08534, 0.32403, 0.0539, 0.84136, 0.28058, 0.06269, 0.10683, 0.77446, 0.23213, 0.03249, 0.14274, 0.08654, 0.79684, 0.90941, 0.01926, 0.09279, 0.06485, 0.06185, 0.72197, 0.2101, 0.49282, 0.17004, 0.90358, 0.42747, 0.31866, 0.01111, 0.81453, 0.79375, 0.08014, 0.73822, 0.83862, 0.07921, 0.82255, 0.011, 0.06832, 0.60366, 0.07066, 0.01768, 0.83989, 0.18485, 0.45134, 0.72763, 0.70039, 0.77304, 0.83428, 0.86453, 0.50403, 0.24866, 0.022, 0.84763, 0.50717, 0.08015, 0.09823, 0.11939, 0.64882, 0.88274, 0.44823, 0.19773, 0.81507, 0.21126, 0.08006, 0.87197, 0.86984, 0.87001, 0.89714, 0.01069, 0.26276, 0.7216, 0.53299, 0.58668, 0.01134, 0.34151, 0.04094, 0.13715, 0.58472, 0.07356, 0.92424, 0.09653, 0.88329, 0.04006, 0.65369, 0.74184, 0.62813, 0.7518, 0.4829, 0.31266, 0.04404, 0.78666, 0.01254, 0.10375, 0.18704, 0.44494, 0.59585, 0.62154, 0.69791, 0.00467, 0.86111, 0.73881, 0.51893, 0.88786, 0.7785, 0.23145, 0.06289, 0.20686, 0.71652, 0.13713, 0.04421, 0.79282, 0.04942, 0.06732, 0.26245, 0.15285, 0.13772, 0.92926, 0.41189, 0.09058, 0.31287, 0.52245, 0.09483, 0.86407, 0.13226, 0.59023, 0.888, 0.35972, 0.04219, 0.19909, 0.60073, 0.55508, 0.0063, 0.86446, 0.93293, 0.25706, 0.13581, 0.02402, 0.73071, 0.35845, 0.56491, 0.82093, 0.0275, 0.6115, 0.22027, 0.79918, 0.02324, 0.05919, 0.86978, 0.02595, 0.82772, 0.02405, 0.82491, 0.47987, 0.90267, 0.29104, 0.69637, 0.73329, 0.72334, 0.20949, 0.62799, 0.73404, 0.78979, 0.8091, 0.06298, 0.23778, 0.42817, 0.8439, 0.07306, 0.06358, 0.51431, 0.66474, 0.1992, 0.75922, 0.88762, 0.17038, 0.05439, 0.82081, 0.0508, 0.03166, 0.04378, 0.31168, 0.17822, 0.79996, 0.30677, 0.03191, 0.52201, 0.0621, 0.62778, 0.03245, 0.02029, 0.08877, 0.89856, 0.80033, 0.57794, 0.23097, 0.06087, 0.82362, 0.00973, 0.2791, 0.71881, 0.54022, 0.12015, 0.488, 0.0327, 0.07594, 0.86078, 0.10489, 0.50184, 0.20025, 0.02428, 0.14583, 0.01657, 0.19419, 0.87728, 0.03812, 0.89475, 0.853, 0.10626, 0.05357, 0.05134, 0.51945, 0.31887, 0.15169, 0.88199, 0.75089, 0.18691, 0.20538, 0.01521, 0.87632, 0.48789, 0.90361, 0.09902, 0.03053, 0.34281, 0.38508, 0.14587, 0.39662, 0.87621, 0.76349, 0.39063, 0.1525, 0.02043, 0.1398, 0.14019, 0.89963, 0.30388, 0.02818, 0.83252, 0.1183, 0.51899, 0.6078, 0.89051, 0.29861, 0.31921, 0.92261, 0.03224, 0.63915, 0.66774, 0.5737, 0.50576, 0.19693, 0.89733, 0.90181, 0.01387, 0.03665, 0.05068, 0.86791, 0.17897, 0.14971, 0.59014, 0.11393, 0.22056, 0.09932, 0.21054, 0.15897, 0.1306, 0.1293, 0.5333, 0.46199, 0.85849, 0.06276, 0.01822, 0.01707, 0.74233, 0.26335, 0.40886, 0.35791, 0.61677, 0.53897, 0.14522, 0.00883, 0.40643, 0.48467, 0.74524, 0.45541, 0.3912, 0.45443, 0.50915, 0.33441, 0.03552, 0.46908, 0.90937, 0.73173, 0.50094, 0.73846, 0.88529, 0.49466, 0.67832, 0.42109, 0.46688, 0.0436, 0.44471, 0.35839, 0.0409, 0.48473, 0.55383, 0.85597, 0.73525, 0.27262, 0.01555, 0.04926, 0.78741, 0.62152, 0.62747, 0.01714, 0.01567, 0.61936, 0.85716, 0.17217, 0.8349, 0.02433, 0.00621, 0.26757, 0.11694, 0.47136, 0.18283, 0.75239, 0.03481, 0.46781, 0.77948, 0.86177, 0.25373, 0.33066, 0.82766, 0.56541, 0.5437, 0.09776, 0.85713, 0.44786, 0.80954, 0.71339, 0.85343, 0.4061, 0.46068, 0.86831, 0.67953, 0.0043, 0.88098, 0.03358, 0.89751, 0.20985, 0.49886, 0.59772, 0.17014, 0.15381, 0.2695, 0.03654, 0.70827, 0.83648, 0.08569, 0.20331, 0.07363, 0.34443, 0.64984, 0.53853, 0.7039, 0.18684, 0.76674, 0.03305, 0.71205, 0.36934, 0.1534, 0.40049, 0.44065, 0.04404, 0.85624, 0.6837, 0.80033, 0.07146, 0.1103, 0.54049, 0.22164, 0.29928, 0.20582, 0.02391, 0.03053, 0.13025, 0.91842, 0.00775, 0.89605, 0.92778, 0.43509, 0.10131, 0.70826, 0.56984, 0.02128, 0.08911, 0.53837, 0.81326, 0.73873, 0.8292, 0.38506, 0.35066, 0.44706, 0.62685, 0.05233, 0.3277, 0.56989, 0.86868, 0.6209, 0.04851, 0.7627, 0.79708, 0.82772, 0.40706, 0.01722, 0.21379, 0.83776, 0.11779, 0.0075, 0.9021, 0.1292, 0.92906, 0.61712, 0.7376, 0.83664, 0.1743, 0.0154, 0.7789, 0.71082, 0.39687, 0.49594, 0.17908, 0.16934, 0.18586, 0.22414, 0.77215, 0.62709, 0.24194, 0.14075, 0.01649, 0.03198, 0.37461, 0.01902, 0.02893, 0.65054, 0.27546, 0.16049, 0.87956, 0.6545, 0.1477, 0.2593, 0.53962, 0.10674, 0.66194, 0.3708, 0.01974, 0.86488, 0.87677, 0.78566, 0.68988, 0.34801, 0.5879, 0.43475, 0.04752, 0.91954, 0.89645, 0.09555, 0.02871, 0.90976, 0.37084, 0.85419, 0.03904, 0.19838, 0.76595, 0.749, 0.72425, 0.00671, 0.3296, 0.88983, 0.66859, 0.9324, 0.60516, 0.53372, 0.34383, 0.56088, 0.03221, 0.04106, 0.90495, 0.01697, 0.02089, 0.20229, 0.24935, 0.76544, 0.02937, 0.51844, 0.31045, 0.6563, 0.8653, 0.1295, 0.83943, 0.46656, 0.06468, 0.47863, 0.88517, 0.45524, 0.0456, 0.63472, 0.60837, 0.35057, 0.73374, 0.41163, 0.89408, 0.90299, 0.60948, 0.14489, 0.21817, 0.06369, 0.02824, 0.66153, 0.47743, 0.85564, 0.09439, 0.10231, 0.80546, 0.90603, 0.20768, 0.90465, 0.03505, 0.2237, 0.46615, 0.07196, 0.23873, 0.49755, 0.14191, 0.74155, 0.76554, 0.90302, 0.81365, 0.82544, 0.71515, 0.48414, 0.68038, 0.07379, 0.48093, 0.58473, 0.81621, 0.85803, 0.05366, 0.76139, 0.30398, 0.63286, 0.11434, 0.0615, 0.74611, 0.6442, 0.52308, 0.69771, 0.86815, 0.09699, 0.90138, 0.45412, 0.01011, 0.81192, 0.21896, 0.24154, 0.50394, 0.01073, 0.91435, 0.90758, 0.0368, 0.88771, 0.85957, 0.77344, 0.13439, 0.06999, 0.23, 0.23189, 0.16211, 0.16711, 0.29294, 0.65508, 0.89227, 0.27174, 0.22093, 0.55158, 0.16851, 0.57604, 0.7782, 0.67393, 0.76869, 0.788, 0.87294, 0.12657, 0.41972, 0.44258, 0.27103, 0.13429, 0.01472, 0.90955, 0.03377, 0.16884, 0.92294, 0.06718, 0.69334, 0.27848, 0.04991, 0.01158, 0.88347, 0.7748, 0.73202, 0.41602, 0.09261, 0.76862, 0.33319, 0.80246, 0.89996, 0.03015, 0.80403, 0.34308, 0.05151, 0.53812, 0.86807, 0.65216, 0.1821, 0.03913, 0.65351, 0.91824, 0.90194, 0.91169, 0.09504, 0.15633, 0.3544, 0.70892, 0.18867, 0.15207, 0.0067, 0.87017, 0.88595, 0.6534, 0.75441, 0.09778, 0.13431, 0.01347, 0.5678, 0.70848, 0.42703, 0.06984, 0.80246, 0.61097, 0.87177, 0.04716, 0.80873, 0.59022, 0.05803, 0.36336, 0.40894, 0.72757, 0.02693, 0.92617, 0.57743, 0.71287, 0.83122, 0.00725, 0.82466, 0.01148, 0.16129, 0.8018, 0.17409, 0.58124, 0.10439, 0.16747, 0.11447, 0.5654, 0.86291, 0.07875, 0.03212, 0.04467, 0.13172, 0.27365, 0.27949, 0.28923, 0.41716, 0.90262, 0.38362, 0.63123, 0.18836, 0.80505, 0.02763, 0.12563, 0.05883, 0.0271, 0.85876, 0.02863, 0.91997, 0.50725, 0.6976, 0.06217, 0.91487, 0.12937, 0.7619, 0.69961, 0.78457, 0.35619, 0.16815, 0.06731, 0.2181, 0.46429, 0.36868, 0.77581, 0.00683, 0.76638, 0.51785, 0.12061, 0.84177, 0.09298, 0.4984, 0.18466, 0.38377, 0.01939, 0.7287, 0.29975, 0.95022, 0.86436, 0.81106, 0.83785, 0.16522, 0.71007, 0.84801, 0.68002, 0.32469, 0.16636, 0.73245, 0.26013, 0.18802, 0.06029, 0.64268, 0.45158, 0.07156, 0.37826, 0.61404, 0.84361, 0.10629, 0.23935, 0.05647, 0.03262, 0.91952, 0.15053, 0.62033, 0.08312, 0.71894, 0.02375, 0.15229, 0.12278, 0.63784, 0.13804, 0.58781, 0.87207, 0.0711, 0.07332, 0.84421, 0.41514, 0.67074, 0.79271, 0.2319, 0.06653, 0.14586, 0.16093, 0.72498, 0.73033, 0.21003, 0.67134, 0.85327, 0.03568, 0.15255, 0.71837, 0.25899, 0.43168, 0.54861, 0.5206, 0.05934, 0.71138, 0.05346, 0.39607, 0.29498, 0.75053, 0.49497, 0.41465, 0.83918, 0.5129, 0.20442, 0.83143, 0.82308, 0.54723, 0.03562, 0.27387, 0.35013, 0.08415, 0.02, 0.87823, 0.58089, 0.87411, 0.40282, 0.31819, 0.92739, 0.75122, 0.01543, 0.07256, 0.9225, 0.36732, 0.09591, 0.08624, 0.87201, 0.39774, 0.66081, 0.34228, 0.76253, 0.65297,