{"model": "ai4bharat/indic-bert", "dataset": "dravidian_malayalam", "train_config": "hardneg", "seed": 99, "thr_cal": 0.5871064424514773, "metrics_05": {"macro": 0.5427392835600179, "toxf1": 0.15315315315315314, "prec": 0.09714285714285714, "rec": 0.3617021276595745, "prauc": 0.09257132479674204, "ece": 0.2535523313482603, "covert": 0.20512820512820512}, "metrics_cal": {"macro": 0.5529960235842589, "toxf1": 0.1641025641025641, "prec": 0.10810810810810811, "rec": 0.3404255319148936, "prauc": 0.09257132479674204, "ece": 0.2535523313482603, "covert": 0.2222222222222222}, "probs": [0.17481, 0.18601, 0.14463, 0.14251, 0.29646, 0.70969, 0.16159, 0.1315, 0.76853, 0.18077, 0.18637, 0.20045, 0.81408, 0.20052, 0.13817, 0.15151, 0.14901, 0.2704, 0.15324, 0.17313, 0.76967, 0.2141, 0.94111, 0.16393, 0.1225, 0.2044, 0.2292, 0.16719, 0.16434, 0.87618, 0.66894, 0.24027, 0.25311, 0.21877, 0.28326, 0.20038, 0.16092, 0.3336, 0.15224, 0.1785, 0.27385, 0.17581, 0.14668, 0.27732, 0.93609, 0.19034, 0.38528, 0.34867, 0.18896, 0.171, 0.15214, 0.43551, 0.16037, 0.96744, 0.26407, 0.16332, 0.16386, 0.16052, 0.15363, 0.1885, 0.23761, 0.14578, 0.26173, 0.17924, 0.16868, 0.29296, 0.23967, 0.15613, 0.16748, 0.13494, 0.17109, 0.14832, 0.19166, 0.19228, 0.15054, 0.19736, 0.21388, 0.1866, 0.15736, 0.37723, 0.20233, 0.14276, 0.18284, 0.11863, 0.17647, 0.32657, 0.18605, 0.17281, 0.15205, 0.24677, 0.22814, 0.13195, 0.25251, 0.48784, 0.18663, 0.76313, 0.33702, 0.14649, 0.35662, 0.2429, 0.22675, 0.13277, 0.25887, 0.1906, 0.16236, 0.2801, 0.10446, 0.24282, 0.80246, 0.1812, 0.23738, 0.25306, 0.20642, 0.29963, 0.12121, 0.24853, 0.36923, 0.16237, 0.1298, 0.12953, 0.3096, 0.24741, 0.28516, 0.35089, 0.27402, 0.21287, 0.85429, 0.13609, 0.24028, 0.18043, 0.33694, 0.32967, 0.52924, 0.70123, 0.16839, 0.18172, 0.19576, 0.16662, 0.41685, 0.2021, 0.16763, 0.26461, 0.15022, 0.25968, 0.14293, 0.20025, 0.14378, 0.18322, 0.13405, 0.69724, 0.58142, 0.15689, 0.20104, 0.19259, 0.5786, 0.96769, 0.13796, 0.55798, 0.27203, 0.29671, 0.27994, 0.31034, 0.16928, 0.89356, 0.17578, 0.18668, 0.27296, 0.18483, 0.27293, 0.21077, 0.3967, 0.16901, 0.22526, 0.36155, 0.29486, 0.29574, 0.77388, 0.41167, 0.25898, 0.27423, 0.2501, 0.18304, 0.87675, 0.19692, 0.97885, 0.1768, 0.1814, 0.20568, 0.25969, 0.37313, 0.20256, 0.23553, 0.97397, 0.26764, 0.1995, 0.84909, 0.24038, 0.44759, 0.80924, 0.22392, 0.16933, 0.15104, 0.26412, 0.73081, 0.49768, 0.18429, 0.16984, 0.21878, 0.14318, 0.15333, 0.16583, 0.20436, 0.18343, 0.48162, 0.16404, 0.17923, 0.93096, 0.20122, 0.16454, 0.20481, 0.14709, 0.29664, 0.27554, 0.3314, 0.2095, 0.17252, 0.92758, 0.22665, 0.23756, 0.1424, 0.46834, 0.1514, 0.84636, 0.19034, 0.44778, 0.79596, 0.24337, 0.27901, 0.18835, 0.18277, 0.15289, 0.1303, 0.16463, 0.2738, 0.15007, 0.31316, 0.8833, 0.14849, 0.49152, 0.22445, 0.16254, 0.5445, 0.32354, 0.27697, 0.23076, 0.21533, 0.22366, 0.15542, 0.15189, 0.15534, 0.20649, 0.63458, 0.18001, 0.80435, 0.22341, 0.49235, 0.21737, 0.31493, 0.32093, 0.18379, 0.64911, 0.14482, 0.23414, 0.7113, 0.26, 0.14123, 0.22174, 0.127, 0.3772, 0.1224, 0.25295, 0.20044, 0.22381, 0.41276, 0.18327, 0.38003, 0.17997, 0.12843, 0.43026, 0.16989, 0.33754, 0.47913, 0.27399, 0.23167, 0.23599, 0.89009, 0.69354, 0.59659, 0.2137, 0.34069, 0.21693, 0.12599, 0.16594, 0.15366, 0.27144, 0.16568, 0.18831, 0.43339, 0.18465, 0.23029, 0.24112, 0.32535, 0.3714, 0.31688, 0.28571, 0.33038, 0.25834, 0.19278, 0.16561, 0.33261, 0.18734, 0.30315, 0.19654, 0.26101, 0.19239, 0.27102, 0.14276, 0.37824, 0.21864, 0.15741, 0.20375, 0.33758, 0.33825, 0.2874, 0.23384, 0.18994, 0.26743, 0.72829, 0.30528, 0.1659, 0.58904, 0.14142, 0.80665, 0.49208, 0.16677, 0.37934, 0.24235, 0.18717, 0.17716, 0.24371, 0.21182, 0.29624, 0.34329, 0.16513, 0.16754, 0.27638, 0.65504, 0.15844, 0.51886, 0.59775, 0.45343, 0.16691, 0.18985, 0.86624, 0.29056, 0.20334, 0.35283, 0.16392, 0.20379, 0.2801, 0.20199, 0.19889, 0.86194, 0.18594, 0.2192, 0.20375, 0.18616, 0.18859, 0.20233, 0.36988, 0.13413, 0.38417, 0.16822, 0.2038, 0.25556, 0.2818, 0.15693, 0.19126, 0.40647, 0.24659, 0.22704, 0.10392, 0.20284, 0.1387, 0.40898, 0.27979, 0.24361, 0.1678, 0.23593, 0.64473, 0.18941, 0.16785, 0.91594, 0.16445, 0.11437, 0.17566, 0.16261, 0.20518, 0.35659, 0.2608, 0.20435, 0.2163, 0.27582, 0.19891, 0.14116, 0.17269, 0.1793, 0.20729, 0.21326, 0.51131, 0.42308, 0.16213, 0.47662, 0.1618, 0.28294, 0.37378, 0.19295, 0.17392, 0.15505, 0.32292, 0.24311, 0.13272, 0.15552, 0.21958, 0.18768, 0.16261, 0.82968, 0.43857, 0.11436, 0.15766, 0.1965, 0.18468, 0.2141, 0.1646, 0.27691, 0.21424, 0.25945, 0.22778, 0.24199, 0.21449, 0.25186, 0.28684, 0.13294, 0.18161, 0.27392, 0.24067, 0.16237, 0.16525, 0.85693, 0.31951, 0.16539, 0.17123, 0.22447, 0.14458, 0.19367, 0.1743, 0.16738, 0.19751, 0.13398, 0.17416, 0.79596, 0.20858, 0.21854, 0.24074, 0.29613, 0.43748, 0.14006, 0.15711, 0.92675, 0.20051, 0.18507, 0.94759, 0.28045, 0.19919, 0.58725, 0.16138, 0.2291, 0.31527, 0.14933, 0.90064, 0.29192, 0.72781, 0.12953, 0.1303, 0.6277, 0.18333, 0.20971, 0.15844, 0.36525, 0.55422, 0.59222, 0.31686, 0.14423, 0.94583, 0.166, 0.17033, 0.19946, 0.13662, 0.11804, 0.33623, 0.12733, 0.23187, 0.27338, 0.21876, 0.21883, 0.19898, 0.15779, 0.29188, 0.49608, 0.1616, 0.12682, 0.17046, 0.28999, 0.13554, 0.20309, 0.20284, 0.80608, 0.29193, 0.15076, 0.16509, 0.30115, 0.35643, 0.20667, 0.2115, 0.15737, 0.19403, 0.27062, 0.1732, 0.32233, 0.22594, 0.15461, 0.88964, 0.16546, 0.29042, 0.32763, 0.14746, 0.51699, 0.2072, 0.12892, 0.20241, 0.1844, 0.22394, 0.2038, 0.30503, 0.2362, 0.19178, 0.16275, 0.28804, 0.16889, 0.21459, 0.70064, 0.21681, 0.44082, 0.18273, 0.27166, 0.13349, 0.22411, 0.1934, 0.63045, 0.51691, 0.38004, 0.19769, 0.17454, 0.20781, 0.18001, 0.2886, 0.22771, 0.17695, 0.18679, 0.61638, 0.18088, 0.21584, 0.3229, 0.84801, 0.22458, 0.24668, 0.15184, 0.15241, 0.1827, 0.4102, 0.15474, 0.16236, 0.24595, 0.23676, 0.18993, 0.19031, 0.39041, 0.16379, 0.16034, 0.63458, 0.27457, 0.17851, 0.21847, 0.21239, 0.18279, 0.84117, 0.96481, 0.41763, 0.39294, 0.11863, 0.1735, 0.31349, 0.22795, 0.18295, 0.16663, 0.43437, 0.2, 0.26672, 0.22817, 0.17338, 0.1225, 0.19475, 0.4599, 0.1908, 0.17622, 0.1767, 0.58155, 0.20759, 0.17278, 0.21397, 0.1137, 0.50302, 0.19532, 0.97548, 0.58409, 0.21963, 0.5064, 0.27258, 0.17899, 0.23799, 0.43698, 0.17605, 0.2224, 0.32138, 0.25881, 0.9642, 0.13288, 0.36761, 0.44726, 0.16428, 0.1669, 0.1877, 0.26964, 0.95193, 0.39993, 0.21196, 0.91374, 0.52037, 0.19161, 0.16449, 0.23758, 0.96119, 0.17948, 0.13822, 0.125, 0.20699, 0.27588, 0.81252, 0.52973, 0.27213, 0.22478, 0.13169, 0.36543, 0.27234, 0.47662, 0.96741, 0.38867, 0.67949, 0.19521, 0.18058, 0.16911, 0.16639, 0.14894, 0.20281, 0.16488, 0.33168, 0.41394, 0.16662, 0.16856, 0.27154, 0.15786, 0.17201, 0.21804, 0.16052, 0.17313, 0.20598, 0.27613, 0.76659, 0.23897, 0.68545, 0.84849, 0.24708, 0.22826, 0.26238, 0.1245, 0.20295, 0.30758, 0.27434, 0.45619, 0.19694, 0.46056, 0.19624, 0.17366, 0.21268, 0.18087, 0.21849, 0.17545, 0.26091, 0.20242, 0.20464, 0.14987, 0.14284, 0.23309, 0.17184, 0.34542, 0.20604, 0.15984, 0.16532, 0.39393, 0.20457, 0.15609, 0.69168, 0.23338, 0.22669, 0.16224, 0.14253, 0.73385, 0.23676, 0.13232, 0.18373, 0.22921, 0.57644, 0.77646, 0.34353, 0.33782, 0.12936, 0.19325, 0.37819, 0.30782, 0.1688, 0.14868, 0.20489, 0.20838, 0.20077, 0.20386, 0.26517, 0.28235, 0.43745, 0.23744, 0.1895, 0.2171, 0.16972, 0.30568, 0.21639, 0.16392, 0.22517, 0.31175, 0.21315, 0.15786, 0.16764, 0.75407, 0.17698, 0.20066, 0.15458, 0.45992, 0.93296, 0.35976, 0.15498, 0.19326, 0.27366, 0.2013, 0.19654, 0.45333, 0.51624, 0.22377, 0.18855, 0.19521, 0.16404, 0.22135, 0.17833, 0.97375, 0.8915, 0.8764, 0.69002, 0.14811, 0.93861, 0.18843, 0.27112, 0.21964, 0.18245, 0.18971, 0.19677, 0.23655, 0.62197, 0.39704, 0.13125, 0.31446, 0.21898, 0.27461, 0.16161, 0.1692, 0.23247, 0.18968, 0.2072, 0.20759, 0.94993, 0.13656, 0.20052, 0.16459, 0.20424, 0.27131, 0.28969, 0.26859, 0.23694, 0.20601, 0.16625, 0.23492, 0.20832, 0.18989, 0.18356, 0.16183, 0.17662, 0.70696, 0.26289, 0.30171, 