{"model": "ai4bharat/indic-bert", "dataset": "hatexplain", "train_config": "supcon", "seed": 42, "thr_cal": 0.3508289232850075, "metrics_05": {"macro": 0.7054650347676696, "toxf1": 0.7881311816762103, "prec": 0.7509920634920635, "rec": 0.8291347207009858, "prauc": 0.8610496898331659, "ece": 0.09943922537565232, "covert": 0.8816855753646677}, "metrics_cal": {"macro": 0.6631973694103421, "toxf1": 0.7851199216837983, "prec": 0.7097345132743362, "rec": 0.8784227820372399, "prauc": 0.8610496898331659, "ece": 0.09943922537565232, "covert": 0.889937106918239}, "probs": [0.88292, 0.76053, 0.05154, 0.88804, 0.71029, 0.76833, 0.9796, 0.05293, 0.76087, 0.09187, 0.74972, 0.12345, 0.04819, 0.61157, 0.43402, 0.28002, 0.16395, 0.36651, 0.9896, 0.1364, 0.03813, 0.76622, 0.04095, 0.7219, 0.73333, 0.93808, 0.99076, 0.4402, 0.28482, 0.89465, 0.92856, 0.08394, 0.91217, 0.84083, 0.97921, 0.09149, 0.86276, 0.81977, 0.83807, 0.48444, 0.97583, 0.95791, 0.46265, 0.70583, 0.69314, 0.70382, 0.11416, 0.96759, 0.94805, 0.92915, 0.09503, 0.86157, 0.99006, 0.74658, 0.70193, 0.98157, 0.68304, 0.32365, 0.87985, 0.97536, 0.11055, 0.96592, 0.95387, 0.27882, 0.97822, 0.72861, 0.9865, 0.92245, 0.76404, 0.92645, 0.44286, 0.95856, 0.88405, 0.97526, 0.3203, 0.47753, 0.97046, 0.87082, 0.89645, 0.98945, 0.97566, 0.0845, 0.90196, 0.24308, 0.53517, 0.93134, 0.95022, 0.53326, 0.64725, 0.90604, 0.05591, 0.98891, 0.9115, 0.68761, 0.94577, 0.14043, 0.82211, 0.85654, 0.38902, 0.99239, 0.1293, 0.85573, 0.98167, 0.91537, 0.26423, 0.07826, 0.51053, 0.95368, 0.98918, 0.16885, 0.03513, 0.72204, 0.56714, 0.13342, 0.54665, 0.56928, 0.70381, 0.8373, 0.94947, 0.90514, 0.58353, 0.55166, 0.12457, 0.94233, 0.57907, 0.3272, 0.72538, 0.18496, 0.37023, 0.97063, 0.119, 0.98258, 0.10555, 0.77718, 0.96756, 0.11269, 0.22259, 0.94682, 0.98102, 0.62045, 0.83404, 0.98481, 0.91162, 0.98643, 0.79153, 0.13828, 0.92305, 0.48862, 0.9286, 0.78329, 0.94705, 0.85608, 0.95537, 0.36327, 0.97104, 0.86624, 0.94938, 0.9153, 0.4491, 0.93045, 0.7804, 0.93471, 0.96099, 0.94483, 0.91135, 0.59387, 0.94766, 0.22712, 0.92258, 0.92902, 0.1698, 0.30208, 0.25878, 0.55414, 0.94559, 0.66798, 0.38058, 0.66369, 0.96823, 0.4911, 0.98948, 0.28181, 0.67399, 0.62393, 0.96553, 0.55217, 0.96521, 0.66759, 0.51394, 0.98038, 0.27472, 0.93958, 0.88856, 0.98363, 0.95174, 0.96389, 0.84586, 0.96254, 0.98907, 0.38553, 0.93014, 0.22736, 0.46488, 0.40017, 0.95054, 0.90346, 0.27126, 0.70601, 0.11307, 0.12623, 0.26522, 0.10208, 0.90817, 0.54774, 0.47398, 0.30541, 0.11337, 0.06269, 0.97895, 0.56431, 0.80488, 0.10055, 0.86873, 0.99188, 0.06441, 0.98512, 0.92023, 0.61964, 0.47639, 0.92675, 0.95857, 0.92593, 0.57157, 0.83045, 0.9823, 0.95296, 0.88915, 0.76101, 0.98509, 0.59732, 0.33127, 0.68844, 0.81452, 0.74554, 0.93716, 0.81245, 0.7671, 0.18923, 0.30339, 0.28699, 0.83292, 0.97471, 0.93002, 0.95721, 0.36187, 0.85796, 0.98117, 0.19376, 0.19576, 0.6007, 0.18773, 0.9866, 0.50452, 0.96503, 0.82288, 0.52794, 0.97298, 0.05856, 0.13531, 0.19443, 0.86306, 0.64555, 0.17335, 0.97257, 0.17925, 0.52141, 0.96384, 0.99181, 0.94875, 0.969, 0.97992, 0.97492, 0.9413, 0.99156, 0.44531, 0.49171, 0.92069, 0.13, 0.18846, 0.26193, 0.22108, 0.18644, 0.09412, 0.31032, 0.97088, 0.5165, 0.83326, 0.08452, 0.96143, 0.1248, 0.93532, 0.18152, 0.38373, 0.99251, 0.94261, 0.68703, 0.82974, 0.98266, 0.1386, 0.49178, 0.89349, 0.3893, 0.95326, 0.41521, 0.57701, 0.9823, 0.96762, 0.5789, 0.9626, 0.98387, 0.87608, 0.17873, 0.83715, 0.91598, 0.19834, 0.98766, 0.25039, 0.35265, 0.85302, 0.96093, 0.97022, 0.98551, 0.78626, 0.92624, 0.63781, 0.56584, 0.72064, 0.933, 0.97462, 0.05732, 0.79437, 0.96159, 0.85322, 0.98231, 0.09881, 0.82928, 0.07746, 0.68657, 0.30838, 0.81858, 0.2249, 0.57967, 0.68402, 0.98468, 0.73641, 0.9738, 0.06046, 0.85648, 0.19288, 0.79824, 0.777, 0.9284, 0.98768, 0.00918, 0.9942, 0.57773, 0.99229, 0.99416, 0.67241, 0.98863, 0.10312, 0.35135, 0.93755, 0.96312, 0.50078, 0.78423, 0.48451, 0.8568, 0.57362, 0.96682, 0.92811, 0.83425, 0.06324, 0.99035, 0.40222, 0.04669, 0.1932, 0.10186, 0.83146, 0.95015, 0.95259, 0.80289, 0.33936, 0.57973, 0.97523, 0.97482, 0.8036, 0.95981, 0.68355, 0.29268, 0.9393, 0.33232, 0.91313, 0.77502, 0.7276, 0.957, 0.79708, 0.9462, 0.35944, 0.04977, 0.8841, 0.76566, 0.23272, 0.26388, 0.06232, 0.86945, 0.16331, 0.94011, 0.93632, 0.66796, 0.63823, 0.4394, 0.60847, 0.69975, 0.33081, 0.58194, 0.45785, 0.71583, 0.93601, 0.74512, 0.3462, 0.12574, 0.61165, 0.20179, 0.34047, 0.97359, 0.96679, 0.94681, 0.88256, 0.21418, 0.96252, 0.87375, 0.75626, 0.78615, 0.46599, 0.98613, 0.97059, 0.84806, 0.34771, 0.81529, 0.16451, 0.82108, 0.24199, 0.9844, 0.80531, 0.15937, 0.18135, 0.50726, 0.98438, 0.75007, 0.49627, 0.24749, 0.9437, 0.86115, 0.16067, 0.47049, 0.62222, 0.30972, 0.98851, 0.16812, 0.21963, 0.81362, 0.77252, 0.12737, 0.94475, 0.16171, 0.90398, 0.86555, 0.92984, 0.3397, 0.90835, 0.88262, 0.12567, 0.9755, 0.23324, 0.51913, 0.21562, 0.77178, 0.2867, 0.989, 0.98269, 0.97361, 0.88921, 0.64576, 0.25473, 0.04477, 0.10239, 0.96767, 0.93287, 0.91235, 0.98904, 0.36301, 0.22204, 0.03375, 0.9644, 0.99341, 0.9318, 0.2252, 0.25337, 0.61472, 0.49523, 0.42877, 0.89972, 0.11631, 0.27979, 0.85267, 0.9759, 0.21107, 0.85496, 0.5411, 0.17557, 0.92748, 0.96573, 0.66583, 0.89804, 0.75646, 0.96895, 0.10879, 0.98167, 0.96715, 0.85898, 0.62661, 0.07979, 0.4486, 0.93879, 0.7262, 0.82511, 0.05781, 0.32174, 0.98313, 0.29715, 0.98101, 0.92365, 0.18717, 0.76723, 0.78857, 0.67398, 0.77108, 0.64907, 0.85439, 0.94532, 0.4605, 0.98722, 0.9448, 0.34968, 0.96439, 0.76768, 0.88346, 0.61437, 0.51665, 0.06165, 0.61749, 0.1198, 0.66544, 0.96244, 0.10445, 0.98138, 0.05406, 0.94806, 0.84958, 0.97867, 0.98668, 0.60494, 0.87458, 0.29271, 0.89206, 0.78979, 0.96209, 0.82433, 0.98517, 0.14512, 0.79923, 0.92872, 0.95048, 0.93687, 0.68371, 0.09469, 0.13034, 0.9307, 0.11209, 0.97993, 0.1096, 0.78675, 0.10871, 0.16253, 0.97364, 0.99188, 0.23822, 0.82747, 0.43002, 0.88001, 0.86029, 0.34715, 0.788, 0.93259, 0.1523, 0.53083, 0.67787, 0.72923, 0.96119, 0.53243, 0.93251, 0.86448, 0.49954, 0.26204, 0.91626, 0.97553, 0.93332, 0.73515, 0.93684, 0.71706, 0.56154, 0.16226, 0.83713, 0.96415, 0.61506, 0.22303, 0.9848, 0.91471, 0.96286, 0.07789, 0.71328, 0.24706, 0.92768, 0.35564, 0.96363, 0.86011, 0.68798, 0.28872, 0.28836, 0.06386, 0.8786, 0.27734, 0.66394, 0.96885, 0.97341, 0.80359, 0.35589, 0.19465, 0.97169, 0.96601, 0.93383, 0.68012, 0.93061, 0.27996, 0.69335, 0.37897, 0.08272, 0.31726, 0.98316, 0.60345, 0.65628, 0.23121, 0.28038, 0.08507, 0.57038, 0.62735, 0.31603, 0.24653, 0.76095, 0.34232, 0.96437, 0.32112, 0.98334, 0.20597, 0.81308, 0.5558, 0.46687, 0.56588, 0.9898, 0.88622, 0.98953, 0.70995, 0.80998, 0.97868, 0.09882, 0.42523, 0.80659, 0.14613, 0.95484, 0.32409, 0.86488, 0.8803, 0.33141, 0.96918, 0.95841, 0.97148, 0.27332, 0.35134, 0.39929, 0.98918, 0.82294, 0.85263, 0.97282, 0.95958, 0.91103, 0.09343, 0.4634, 0.45469, 0.99339, 0.05524, 0.28893, 0.89936, 0.46858, 0.11013, 0.73436, 0.90737, 0.11845, 0.87379, 0.01408, 0.78543, 0.91412, 0.89486, 0.92597, 0.1436, 0.9799, 0.14393, 0.39515, 0.95386, 0.97813, 0.68226, 0.98449, 0.69313, 0.96122, 0.9827, 0.94938, 0.04864, 0.39019, 0.28051, 0.90877, 0.97379, 0.925, 0.96338, 0.43393, 0.15878, 0.36116, 0.92381, 0.59275, 0.76622, 0.39187, 0.05681, 0.9628, 0.11792, 0.48995, 0.99001, 0.96844, 0.54833, 0.11539, 0.96724, 0.12168, 0.48404, 0.10381, 0.29262, 0.8643, 0.1566, 0.32415, 0.15032, 0.96237, 0.82101, 0.90856, 0.6817, 0.25825, 0.04165, 0.82416, 0.92651, 0.17972, 0.92121, 0.97908, 0.38419, 0.71415, 0.97597, 0.97712, 0.9517, 0.93505, 0.79835, 0.96491, 0.92399, 0.95379, 0.07407, 0.89124, 0.73271, 0.21632, 0.79537, 0.92475, 0.0589, 0.82583, 0.3693, 0.63163, 0.78295, 0.98206, 0.96674, 0.97761, 0.95615, 0.98117, 0.26245, 0.90027, 0.98754, 0.92805, 0.22089, 0.97861, 0.23838, 0.60207, 0.95632, 0.28707, 0.73075, 0.62492, 0.03968, 0.27397, 0.73781, 0.52753, 0.96864, 0.11123, 0.97128, 0.92926, 0.12286, 0.81309, 0.98237, 0.13296, 0.83958, 0.9196, 0.98567, 0.35155, 0.28602, 0.46838, 0.98961, 0.40789, 