{"model": "ai4bharat/indic-bert", "dataset": "dravidian_malayalam", "train_config": "supcon", "seed": 99, "thr_cal": 0.6832211792469025, "metrics_05": {"macro": 0.5389712937789861, "toxf1": 0.16891891891891891, "prec": 0.10040160642570281, "rec": 0.5319148936170213, "prauc": 0.0902241987937667, "ece": 0.27452625906467437, "covert": 0.32}, "metrics_cal": {"macro": 0.5633308842896155, "toxf1": 0.1787709497206704, "prec": 0.12121212121212122, "rec": 0.3404255319148936, "prauc": 0.0902241987937667, "ece": 0.27452625906467437, "covert": 0.2647058823529412}, "probs": [0.24035, 0.20728, 0.24621, 0.12704, 0.31938, 0.75266, 0.06376, 0.17751, 0.8768, 0.21646, 0.12101, 0.28222, 0.70755, 0.06807, 0.16163, 0.17599, 0.21219, 0.25354, 0.29143, 0.22962, 0.35423, 0.13114, 0.84664, 0.19468, 0.08247, 0.11743, 0.28849, 0.16016, 0.29443, 0.91131, 0.7983, 0.30274, 0.5397, 0.1271, 0.57623, 0.39764, 0.12409, 0.39627, 0.09709, 0.12399, 0.42045, 0.12851, 0.25021, 0.40962, 0.8219, 0.08229, 0.65494, 0.53434, 0.25028, 0.16052, 0.13504, 0.42604, 0.18304, 0.90199, 0.20768, 0.22047, 0.12306, 0.13454, 0.13243, 0.13432, 0.14392, 0.10875, 0.43517, 0.12969, 0.11397, 0.61312, 0.3472, 0.11015, 0.28733, 0.27806, 0.20283, 0.12543, 0.25284, 0.13645, 0.20526, 0.1508, 0.22658, 0.53964, 0.09663, 0.68458, 0.36608, 0.08719, 0.27163, 0.1553, 0.20854, 0.37917, 0.40996, 0.16022, 0.13345, 0.55399, 0.13778, 0.2028, 0.66339, 0.61805, 0.17558, 0.66037, 0.56367, 0.14098, 0.30395, 0.19123, 0.15005, 0.10921, 0.24927, 0.25308, 0.14696, 0.23785, 0.0841, 0.16953, 0.92959, 0.29057, 0.15989, 0.12446, 0.2244, 0.3646, 0.18623, 0.39192, 0.7211, 0.17393, 0.13594, 0.09828, 0.28742, 0.23954, 0.44767, 0.19048, 0.43817, 0.29924, 0.9188, 0.1574, 0.32225, 0.26965, 0.70269, 0.30195, 0.23412, 0.61425, 0.14797, 0.18931, 0.25042, 0.12679, 0.68323, 0.14305, 0.12682, 0.23786, 0.14147, 0.49673, 0.22472, 0.16455, 0.19829, 0.12192, 0.10877, 0.61592, 0.83098, 0.14108, 0.13272, 0.15807, 0.63316, 0.91925, 0.09014, 0.37134, 0.20358, 0.18773, 0.40949, 0.16617, 0.1381, 0.85024, 0.20746, 0.18054, 0.50712, 0.11532, 0.32615, 0.17149, 0.42019, 0.26729, 0.14847, 0.43437, 0.24077, 0.30533, 0.60947, 0.52466, 0.38951, 0.21886, 0.21635, 0.23688, 0.74664, 0.13044, 0.95674, 0.10827, 0.16356, 0.1702, 0.42418, 0.8032, 0.258, 0.21958, 0.9352, 0.22782, 0.21638, 0.80002, 0.45503, 0.38685, 0.89088, 0.18315, 0.17224, 0.17399, 0.2904, 0.68886, 0.52489, 0.20712, 0.14555, 0.22628, 0.23119, 0.12105, 0.09885, 0.15608, 0.10982, 0.74104, 0.20591, 0.17107, 0.85092, 0.18728, 0.08194, 0.08525, 0.10748, 0.32034, 0.37669, 0.52322, 0.10948, 0.13234, 0.90962, 0.08974, 0.22383, 0.24198, 0.52083, 0.55186, 0.88826, 0.08229, 0.77063, 0.41181, 0.30617, 0.24715, 0.15047, 0.24422, 0.25426, 0.08928, 0.17087, 0.46373, 0.17112, 0.42765, 0.9133, 0.18272, 0.35524, 0.18088, 0.22862, 0.42995, 0.28413, 0.37022, 0.31004, 0.27352, 0.17854, 0.21991, 0.27613, 0.08983, 0.16684, 0.7555, 0.23201, 0.8908, 0.27219, 0.46547, 0.17193, 0.63733, 0.6174, 0.35709, 0.84487, 0.18793, 0.27215, 0.75805, 0.22855, 0.16936, 0.17695, 0.12137, 0.20119, 0.13011, 0.12605, 0.13251, 0.21471, 0.22694, 0.16696, 0.583, 0.17477, 0.19646, 0.35784, 0.14807, 0.25505, 0.67012, 0.3573, 0.11683, 0.14386, 0.86011, 0.68559, 0.63927, 0.44696, 0.30297, 0.51867, 0.11871, 0.20447, 0.1801, 0.27004, 0.22161, 0.34806, 0.35831, 0.08783, 0.2883, 0.25235, 0.41983, 0.63305, 0.55154, 0.38424, 0.35855, 0.21602, 0.39073, 0.10354, 0.77663, 0.26109, 0.59424, 0.17626, 0.27219, 0.13634, 0.43087, 0.08719, 0.40984, 0.24748, 0.15794, 0.25577, 0.53322, 0.2568, 0.24502, 0.21093, 0.10767, 0.19568, 0.68243, 0.18507, 0.16612, 0.46929, 0.11381, 0.91896, 0.58604, 0.17215, 0.42176, 0.16241, 0.10404, 0.16117, 0.23013, 0.33963, 0.57156, 0.31346, 0.13991, 0.11272, 0.33619, 0.55281, 0.13784, 0.36391, 0.41664, 0.54943, 0.21238, 0.11174, 0.90788, 0.17651, 0.26482, 0.55001, 0.14301, 0.26045, 0.23785, 0.19191, 0.66255, 0.79554, 0.09285, 0.25215, 0.25577, 0.17821, 0.2309, 0.10872, 0.23339, 0.13061, 0.40666, 0.10168, 0.25579, 0.26967, 0.13489, 0.11775, 0.39392, 0.31139, 0.14898, 0.19248, 0.13447, 0.19216, 0.10904, 0.46595, 0.26109, 0.43216, 0.07678, 0.23907, 0.7736, 0.16056, 0.11896, 0.94761, 0.23021, 0.13229, 0.13947, 0.14761, 0.39889, 0.49286, 0.26049, 0.22672, 0.12681, 0.35991, 0.21577, 0.12137, 0.07534, 0.11762, 0.12786, 0.18182, 0.65793, 0.53792, 0.13032, 0.30297, 0.14209, 0.24854, 0.44864, 0.1472, 0.2372, 0.18822, 0.36976, 0.22243, 0.20977, 0.08771, 0.3504, 0.13909, 0.27403, 0.78029, 0.39097, 0.09481, 0.10145, 0.18237, 0.10695, 0.18239, 0.15569, 0.47458, 0.1152, 0.35517, 0.45932, 0.14314, 0.3342, 0.25689, 0.2076, 0.15107, 0.2284, 0.15877, 0.28301, 0.17393, 0.15274, 0.85813, 0.62914, 0.08805, 0.19729, 0.20062, 0.24751, 0.23738, 0.14922, 0.18795, 0.08564, 0.11671, 0.30804, 0.41181, 0.17476, 0.36476, 0.34666, 0.55923, 0.2768, 0.20191, 0.48701, 0.8123, 0.22577, 0.20878, 0.85992, 0.51255, 0.17127, 0.80357, 0.13384, 0.26443, 0.37331, 0.10097, 0.93147, 0.48749, 0.74952, 0.09828, 0.08928, 0.61862, 0.16888, 0.44186, 0.10615, 0.61327, 0.72258, 0.64122, 0.41834, 0.13192, 0.93822, 0.15092, 0.114, 0.17838, 0.11095, 0.18, 0.27221, 0.12749, 0.14113, 0.22276, 0.29938, 0.18888, 0.1916, 0.19366, 0.44701, 0.59903, 0.20031, 0.07364, 0.23236, 0.24436, 0.10901, 0.21372, 0.23857, 0.90428, 0.17034, 0.11318, 0.11257, 0.20457, 0.55799, 0.433, 0.41066, 0.20073, 0.3365, 0.23997, 0.18878, 0.23891, 0.28433, 0.10818, 0.8224, 0.22544, 0.11726, 0.3823, 0.28695, 0.82174, 0.31161, 0.10101, 0.14015, 0.11264, 0.1774, 0.12974, 0.50155, 0.2382, 0.12674, 0.2973, 0.21578, 0.17421, 0.17492, 0.4916, 0.2892, 0.57848, 0.09891, 0.51421, 0.24464, 0.33463, 0.21731, 0.64304, 0.71325, 0.32877, 0.11147, 0.08451, 0.18034, 0.22331, 0.41794, 0.15699, 0.2159, 0.25701, 0.82567, 0.23557, 0.20456, 0.19993, 0.80646, 0.18509, 0.3026, 0.14374, 0.19262, 0.18162, 0.52433, 0.20198, 0.49669, 0.23416, 0.30735, 0.15271, 0.14254, 0.27182, 0.14728, 0.09353, 0.7555, 0.43053, 0.25708, 0.61456, 0.18199, 0.26376, 0.84949, 0.89416, 0.64988, 0.64128, 0.21814, 0.20663, 0.40961, 0.12073, 0.19277, 0.1416, 0.52816, 0.20762, 0.21877, 0.15403, 0.13092, 0.08247, 0.27196, 0.70036, 0.41978, 0.39058, 0.20932, 0.60215, 0.14106, 0.08326, 0.19706, 0.16829, 0.66515, 0.26947, 0.95205, 0.41347, 0.21176, 0.43434, 0.28109, 0.11668, 0.22412, 0.30128, 0.3123, 0.48201, 0.24593, 0.27667, 0.92188, 0.22299, 0.48948, 0.616, 0.16518, 0.18778, 0.17283, 0.17573, 0.84815, 0.29756, 0.12604, 0.94846, 0.55438, 0.16443, 0.11032, 0.23685, 0.90374, 0.15499, 0.21577, 0.07357, 0.2071, 0.26564, 0.59993, 0.86762, 0.36027, 0.21664, 0.14052, 0.36895, 0.35846, 0.30297, 0.90655, 0.36862, 0.44125, 0.11482, 0.2656, 0.20208, 0.12855, 0.11072, 0.39942, 0.19138, 0.21932, 0.17259, 0.32305, 0.23699, 0.40162, 0.14432, 0.35035, 0.26146, 0.20027, 0.08522, 0.28171, 0.28259, 0.81327, 0.2905, 0.54243, 0.71902, 0.26863, 0.37379, 0.29848, 0.11868, 0.28821, 0.54383, 0.21613, 0.44933, 0.34526, 0.32665, 0.15067, 0.18662, 0.16625, 0.34764, 0.21243, 0.14472, 0.25044, 0.12765, 0.23443, 0.19619, 0.16867, 0.28859, 0.13495, 0.28651, 0.21639, 0.14294, 0.28189, 0.3166, 0.19625, 0.11009, 0.68538, 0.19663, 0.35565, 0.16395, 0.21697, 0.73533, 0.17182, 0.2123, 0.35709, 0.34404, 0.40164, 0.65387, 0.38198, 0.64249, 0.41289, 0.16014, 0.46912, 0.32243, 0.20459, 0.12263, 0.12919, 0.20275, 0.22373, 0.35774, 0.21874, 0.40839, 0.51481, 0.25787, 0.21763, 0.23215, 0.12651, 0.20235, 0.2546, 0.14301, 0.16043, 0.42137, 0.19091, 0.14432, 0.13409, 0.83382, 0.2006, 0.15184, 0.07934, 0.33779, 0.86715, 0.36159, 0.10093, 0.14591, 0.60228, 0.16909, 0.17626, 0.42581, 0.68895, 0.17188, 0.24673, 0.11482, 0.20591, 0.1213, 0.1768, 0.86446, 0.83936, 0.49419, 0.6121, 0.11942, 0.83509, 0.09096, 0.18063, 0.18209, 0.10712, 0.18713, 0.35503, 0.28793, 0.90977, 0.59343, 0.17044, 0.40352, 0.38988, 0.20342, 0.1175, 0.15952, 0.24459, 0.1919, 0.45998, 0.14106, 0.9095, 0.27104, 0.13937, 0.17628, 0.13867, 0.60389, 0.44379, 0.31987, 0.32061, 0.15235, 0.09265, 0.32734, 0.25215, 0.18786, 0.17586, 0.09852, 0.37817, 0.45721, 0.24918, 