{"model": "ai4bharat/indic-bert", "dataset": "dravidian_malayalam", "train_config": "supcon", "seed": 7, "thr_cal": 0.31577559709548947, "metrics_05": {"macro": 0.5578473900259106, "toxf1": 0.17346938775510204, "prec": 0.11409395973154363, "rec": 0.3617021276595745, "prauc": 0.1013119197451764, "ece": 0.18782166515290738, "covert": 0.3}, "metrics_cal": {"macro": 0.5032547002761089, "toxf1": 0.12672176308539945, "prec": 0.07278481012658228, "rec": 0.48936170212765956, "prauc": 0.1013119197451764, "ece": 0.18782166515290738, "covert": 0.26229508196721313}, "probs": [0.17372, 0.08433, 0.08877, 0.08644, 0.27467, 0.74236, 0.06607, 0.11242, 0.36938, 0.1454, 0.08099, 0.14994, 0.40333, 0.0963, 0.08926, 0.08178, 0.10972, 0.1461, 0.09351, 0.08235, 0.47631, 0.11764, 0.75114, 0.08762, 0.07419, 0.07364, 0.17612, 0.15404, 0.15495, 0.76265, 0.48204, 0.18809, 0.48463, 0.12312, 0.35769, 0.258, 0.12003, 0.16109, 0.07262, 0.12454, 0.16082, 0.08471, 0.09052, 0.38614, 0.67211, 0.08726, 0.2723, 0.33283, 0.07077, 0.06537, 0.06553, 0.42462, 0.11475, 0.84764, 0.18302, 0.10857, 0.11571, 0.12708, 0.09049, 0.11834, 0.0637, 0.08582, 0.29496, 0.11608, 0.09448, 0.10128, 0.18877, 0.05638, 0.25955, 0.13264, 0.11495, 0.11366, 0.09575, 0.10323, 0.14579, 0.09579, 0.15856, 0.32039, 0.09539, 0.29465, 0.42476, 0.06777, 0.12941, 0.07855, 0.06716, 0.1859, 0.41058, 0.12157, 0.0735, 0.13847, 0.08963, 0.1192, 0.34946, 0.44907, 0.11809, 0.27283, 0.42672, 0.06045, 0.16702, 0.15688, 0.0958, 0.07745, 0.2329, 0.1629, 0.096, 0.11211, 0.05538, 0.1374, 0.37425, 0.11342, 0.08271, 0.14487, 0.14084, 0.24311, 0.13823, 0.1717, 0.22694, 0.09569, 0.05846, 0.04928, 0.46191, 0.10998, 0.46297, 0.23805, 0.37748, 0.2666, 0.66296, 0.09801, 0.22105, 0.25707, 0.13103, 0.22496, 0.1106, 0.75423, 0.06586, 0.15734, 0.07608, 0.08357, 0.26792, 0.10387, 0.09749, 0.14978, 0.06539, 0.19589, 0.10277, 0.10443, 0.1086, 0.08442, 0.05983, 0.36096, 0.50777, 0.0598, 0.09321, 0.09125, 0.32432, 0.77823, 0.12285, 0.54239, 0.1447, 0.18152, 0.1935, 0.13934, 0.07909, 0.52914, 0.14227, 0.07607, 0.16796, 0.11627, 0.54047, 0.17676, 0.61009, 0.09896, 0.07923, 0.28962, 0.18434, 0.32985, 0.25776, 0.57922, 0.16874, 0.11584, 0.11444, 0.07702, 0.78584, 0.10217, 0.87103, 0.09733, 0.37471, 0.10411, 0.47397, 0.39417, 0.19633, 0.14795, 0.88601, 0.16121, 0.1699, 0.68253, 0.21485, 0.11206, 0.74834, 0.0986, 0.08736, 0.11386, 0.28463, 0.41391, 0.46374, 0.1262, 0.09021, 0.10584, 0.07912, 0.08784, 0.0817, 0.09034, 0.08579, 0.3029, 0.08615, 0.0862, 0.83378, 0.10359, 0.06333, 0.12153, 0.09922, 0.28427, 0.12361, 0.46997, 0.12738, 0.06411, 0.84549, 0.06293, 0.09566, 0.11393, 0.48127, 0.362, 0.79914, 0.08726, 0.3517, 0.1153, 0.19207, 0.1539, 0.14513, 0.1671, 0.10054, 0.0627, 0.08534, 0.47828, 0.06886, 0.20524, 0.78435, 0.10714, 0.27123, 0.09561, 0.21208, 0.26688, 0.42421, 0.26754, 0.33609, 0.17121, 0.08008, 0.16481, 0.0824, 0.08678, 0.07255, 0.50691, 0.15763, 0.56213, 0.53244, 0.13337, 0.13098, 0.46414, 0.58611, 0.14917, 0.52119, 0.13084, 0.21518, 0.54016, 0.24343, 0.17098, 0.09906, 0.06747, 0.11069, 0.07872, 0.12018, 0.12609, 0.26741, 0.21006, 0.07089, 0.27324, 0.31225, 0.08306, 0.30926, 0.06292, 0.27872, 0.3488, 0.30105, 0.1596, 0.10674, 0.7741, 0.54518, 0.37592, 0.38979, 0.14398, 0.17562, 0.07085, 0.09584, 0.12076, 0.25933, 0.08107, 0.38374, 0.67083, 0.07479, 0.39326, 0.25908, 0.18063, 0.2143, 0.27062, 0.53931, 0.59279, 0.15901, 0.16586, 0.06955, 0.37578, 0.13951, 0.1482, 0.0596, 0.14588, 0.11442, 0.10856, 0.06777, 0.33976, 0.50337, 0.08176, 0.10002, 0.51603, 0.23671, 0.27252, 0.08491, 0.08604, 0.15278, 0.44896, 0.09411, 0.08978, 0.20645, 0.14394, 0.83554, 0.23567, 0.07418, 0.15482, 0.35866, 0.12822, 0.12594, 0.15996, 0.18912, 0.60069, 0.10282, 0.08977, 0.06696, 0.15553, 0.33013, 0.08964, 0.20025, 0.76623, 0.23399, 0.09138, 0.08434, 0.85229, 0.15193, 0.14496, 0.31277, 0.11547, 0.14619, 0.11211, 0.11586, 0.29136, 0.62499, 0.12672, 0.14404, 0.10002, 0.10717, 0.09332, 0.08222, 0.13387, 0.07475, 0.22445, 0.09846, 0.28455, 0.3706, 0.09474, 0.05842, 0.2, 0.38713, 0.09314, 0.13556, 0.0505, 0.22516, 0.11925, 0.47574, 0.22392, 0.44702, 0.074, 0.11771, 0.36048, 0.07298, 0.07677, 0.81531, 0.08765, 0.07418, 0.07124, 0.13366, 0.32441, 0.21807, 0.11765, 0.04936, 0.07674, 0.53373, 0.08703, 0.11271, 0.07179, 0.08763, 0.16211, 0.11786, 0.63278, 0.3522, 0.07819, 0.24405, 0.07822, 0.0678, 0.39753, 0.10049, 0.09704, 0.10913, 0.09722, 0.14924, 0.09549, 0.05552, 0.11821, 0.07561, 0.27907, 0.65335, 0.33204, 0.10612, 0.0869, 0.13559, 0.08861, 0.14378, 0.07872, 0.27684, 0.07072, 0.38269, 0.39957, 0.19269, 0.16925, 0.43521, 0.16303, 0.07118, 0.10875, 0.09636, 0.33201, 0.09569, 0.08911, 0.7548, 0.48138, 0.08009, 0.1564, 0.10231, 0.16578, 0.13517, 0.1006, 0.09771, 0.17986, 0.06633, 0.19411, 0.1153, 0.11327, 0.21893, 0.14695, 0.51486, 0.62999, 0.08675, 0.20243, 0.81612, 0.08986, 0.1515, 0.76808, 0.3963, 0.09953, 0.27322, 0.13312, 0.28315, 0.22807, 0.10374, 0.8331, 0.49969, 0.42009, 0.04928, 0.0627, 0.58504, 0.12951, 0.12081, 0.08237, 0.74582, 0.19512, 0.37696, 0.22218, 0.07174, 0.82975, 0.08707, 0.09214, 0.11692, 0.05552, 0.09284, 0.37957, 0.08951, 0.20432, 0.28844, 0.30374, 0.09918, 0.11857, 0.09278, 0.59628, 0.48721, 0.07562, 0.05274, 0.21943, 0.41523, 0.0653, 0.14728, 0.19625, 0.66333, 0.1111, 0.06612, 0.12289, 0.18421, 0.5131, 0.29209, 0.38683, 0.12661, 0.1484, 0.17398, 0.10486, 0.6122, 0.11734, 0.09403, 0.80266, 0.15283, 0.06815, 0.34598, 0.14507, 0.45654, 0.3887, 0.07188, 0.12006, 0.06311, 0.1293, 0.0726, 0.17241, 0.13861, 0.07887, 0.20146, 0.1315, 0.10197, 0.11797, 0.35159, 0.13769, 0.37229, 0.0705, 0.3139, 0.2226, 0.12725, 0.09357, 0.3608, 0.2243, 0.29456, 0.08725, 0.08345, 0.15745, 0.07429, 0.26401, 0.08347, 0.1072, 0.08825, 0.20955, 0.11135, 0.09671, 0.15117, 0.72864, 0.11706, 0.36774, 0.1078, 0.09976, 0.3488, 0.22565, 0.09837, 0.17216, 0.10402, 0.1357, 0.1967, 0.09183, 0.35955, 0.16757, 0.08893, 0.50691, 0.12639, 0.19255, 0.21992, 0.09031, 0.16907, 0.28953, 0.35957, 0.71652, 0.08361, 0.14585, 0.12331, 0.25486, 0.09221, 0.07868, 0.07316, 0.33992, 0.10735, 0.08969, 0.27801, 0.10569, 0.07419, 0.09334, 0.69895, 0.29498, 0.11046, 0.12851, 0.32734, 0.18075, 0.07423, 0.11768, 0.05281, 0.44795, 0.14475, 0.8551, 0.55634, 0.13718, 0.31379, 0.26337, 0.07329, 0.11266, 0.20185, 0.09639, 0.15247, 0.24737, 0.27757, 0.87587, 0.15232, 0.21756, 0.34324, 0.29976, 0.05736, 0.15328, 0.15372, 0.85316, 0.32689, 0.15015, 0.82269, 0.34265, 0.19846, 0.12876, 0.15498, 0.76411, 0.07325, 0.08362, 0.07853, 0.28408, 0.43924, 0.60518, 0.64736, 0.37284, 0.0912, 0.05628, 0.26054, 0.13316, 0.24405, 0.8914, 0.2675, 0.7607, 0.18249, 0.08093, 0.08768, 0.07061, 0.05297, 0.18101, 0.06575, 0.22294, 0.16613, 0.29117, 0.31302, 0.61303, 0.07965, 0.21307, 0.20556, 0.31804, 0.04901, 0.23746, 0.13212, 0.60603, 0.35059, 0.50541, 0.71797, 0.13707, 0.18843, 0.50255, 0.08957, 0.16116, 0.12928, 0.11462, 0.44096, 0.24003, 0.46755, 0.08134, 0.09805, 0.11174, 0.08344, 0.14988, 0.11304, 0.16305, 0.09344, 0.15388, 0.10226, 0.09315, 0.39005, 0.12156, 0.17238, 0.34145, 0.15292, 0.1495, 0.66865, 0.17931, 0.1044, 0.22885, 0.28795, 0.33832, 0.10209, 0.09629, 0.30921, 0.08077, 0.12201, 0.10373, 0.46716, 0.14749, 0.49492, 0.15588, 0.33824, 0.15388, 0.10943, 0.29108, 0.19256, 0.16227, 0.11125, 0.12048, 0.09048, 0.16673, 0.19534, 0.14817, 0.37478, 0.29328, 0.30115, 0.06543, 0.09573, 0.08601, 0.21099, 0.12816, 0.11547, 0.10596, 0.22915, 0.10204, 0.07965, 0.11254, 0.63307, 0.12954, 0.13466, 0.07116, 0.22822, 0.82828, 0.15983, 0.06408, 0.25368, 0.25351, 0.10972, 0.0596, 0.36055, 0.51859, 0.18972, 0.26772, 0.18249, 0.08615, 0.10572, 0.09481, 0.84332, 0.77558, 0.56291, 0.15556, 0.08504, 0.83095, 0.06817, 0.0918, 0.10114, 0.08882, 0.10646, 0.19739, 0.12717, 0.65343, 0.29327, 0.08065, 0.2218, 0.26143, 0.16867, 0.06096, 0.0795, 0.20996, 0.11838, 0.15289, 0.18075, 0.43379, 0.07697, 0.19006, 0.0644, 0.11053, 0.53417, 0.1798, 0.33693, 0.26131, 0.07026, 0.08572, 0.22551, 0.47563, 0.15567, 0.12313, 0.08118, 0.16591, 0.33348, 0.13314, 0.40484, 0.12968,