{"model": "ai4bharat/indic-bert", "dataset": "hatexplain", "train_config": "supcon", "seed": 99, "thr_cal": 0.12207545228302479, "metrics_05": {"macro": 0.7123073944480995, "toxf1": 0.7527761542957335, "prec": 0.8070175438596491, "rec": 0.7053669222343921, "prauc": 0.8619199890166593, "ece": 0.09540178857247035, "covert": 0.8551842330762639}, "metrics_cal": {"macro": 0.5970853564428783, "toxf1": 0.7856494096276113, "prec": 0.6710628394103957, "rec": 0.9474260679079957, "prauc": 0.8619199890166593, "ece": 0.09540178857247035, "covert": 0.8929663608562691}, "probs": [0.41151, 0.05156, 0.05015, 0.62129, 0.38581, 0.55457, 0.93608, 0.07814, 0.29279, 0.05813, 0.37429, 0.09655, 0.04076, 0.31845, 0.602, 0.07135, 0.11642, 0.43809, 0.96855, 0.16705, 0.02413, 0.74131, 0.02199, 0.65703, 0.27273, 0.72543, 0.97597, 0.30637, 0.31736, 0.41118, 0.83578, 0.08137, 0.71354, 0.71328, 0.96472, 0.11943, 0.44045, 0.4322, 0.46644, 0.18987, 0.79152, 0.90986, 0.21509, 0.12778, 0.34122, 0.25891, 0.07145, 0.89612, 0.70372, 0.6704, 0.07274, 0.64722, 0.94543, 0.3879, 0.47291, 0.81196, 0.18879, 0.08208, 0.67144, 0.88745, 0.12451, 0.72038, 0.78734, 0.47889, 0.87091, 0.5762, 0.79831, 0.73013, 0.36762, 0.94462, 0.31501, 0.83355, 0.26599, 0.93765, 0.25689, 0.40774, 0.925, 0.20079, 0.8685, 0.96335, 0.91366, 0.13708, 0.79757, 0.0969, 0.21787, 0.42534, 0.72899, 0.44206, 0.85593, 0.80712, 0.03698, 0.96816, 0.73025, 0.13748, 0.80383, 0.05017, 0.10094, 0.35778, 0.73202, 0.95495, 0.07067, 0.8401, 0.95185, 0.80127, 0.15208, 0.08949, 0.58328, 0.71907, 0.93095, 0.12307, 0.02065, 0.49513, 0.48779, 0.08014, 0.68567, 0.564, 0.66339, 0.54766, 0.88818, 0.6168, 0.12492, 0.32448, 0.07703, 0.94255, 0.10685, 0.21207, 0.30605, 0.163, 0.11055, 0.89048, 0.047, 0.87128, 0.10008, 0.58423, 0.94534, 0.36431, 0.43575, 0.9064, 0.87279, 0.2627, 0.34873, 0.8068, 0.78457, 0.92918, 0.79679, 0.0942, 0.81994, 0.19167, 0.83054, 0.44589, 0.88391, 0.81717, 0.91026, 0.59981, 0.94079, 0.60682, 0.83617, 0.67699, 0.56381, 0.82505, 0.3933, 0.69885, 0.89701, 0.72527, 0.46601, 0.39691, 0.58575, 0.12428, 0.84391, 0.24656, 0.09849, 0.45693, 0.13582, 0.72718, 0.88453, 0.44106, 0.2735, 0.49755, 0.81573, 0.48766, 0.95874, 0.18457, 0.4761, 0.19883, 0.93516, 0.16913, 0.94148, 0.90548, 0.72068, 0.95147, 0.18361, 0.65596, 0.82872, 0.94595, 0.92451, 0.89617, 0.8094, 0.88939, 0.94486, 0.05467, 0.68421, 0.18899, 0.2389, 0.29122, 0.71086, 0.88105, 0.3856, 0.53019, 0.06801, 0.18913, 0.11024, 0.04356, 0.68734, 0.406, 0.61234, 0.30896, 0.07984, 0.03642, 0.92223, 0.43637, 0.47395, 0.10117, 0.57274, 0.95192, 0.03248, 0.95495, 0.74291, 0.52034, 0.2502, 0.8176, 0.56195, 0.80602, 0.12257, 0.70611, 0.93084, 0.74538, 0.86917, 0.51914, 0.96935, 0.35763, 0.18159, 0.69046, 0.55372, 0.47066, 0.89891, 0.51855, 0.81022, 0.0642, 0.25114, 0.17415, 0.94596, 0.90484, 0.58829, 0.83016, 0.16067, 0.77295, 0.92143, 0.06199, 0.09624, 0.44296, 0.15515, 0.962, 0.80953, 0.90362, 0.85369, 0.37561, 0.87732, 0.04051, 0.13253, 0.43378, 0.35847, 0.34548, 0.07509, 0.67096, 0.13388, 0.33157, 0.93536, 0.96829, 0.80951, 0.76507, 0.91259, 0.92327, 0.76023, 0.91904, 0.19755, 0.42928, 0.65533, 0.03514, 0.06665, 0.17185, 0.0762, 0.28871, 0.15478, 0.2634, 0.86734, 0.19439, 0.4456, 0.04798, 0.84768, 0.29626, 0.50396, 0.07493, 0.30207, 0.94991, 0.77757, 0.64772, 0.54897, 0.95006, 0.11561, 0.17928, 0.79098, 0.45132, 0.88092, 0.17142, 0.64993, 0.73137, 0.82701, 0.47558, 0.91934, 0.906, 0.64629, 0.09124, 0.74167, 0.2644, 0.08084, 0.94981, 0.14803, 0.19611, 0.80673, 0.88825, 0.82562, 0.93656, 0.18539, 0.82244, 0.49373, 0.10519, 0.54974, 0.842, 0.93988, 0.04279, 0.40686, 0.96663, 0.73052, 0.95334, 0.09262, 0.86723, 0.02343, 0.75087, 0.24646, 0.67002, 0.17039, 0.69473, 0.1531, 0.95865, 0.65968, 0.93738, 0.03426, 0.66607, 0.14541, 0.46883, 0.4035, 0.7911, 0.92454, 0.00596, 0.956, 0.51225, 0.97593, 0.97522, 0.26213, 0.79625, 0.07994, 0.35914, 0.8728, 0.90292, 0.64721, 0.41756, 0.16352, 0.90407, 0.38763, 0.89082, 0.90992, 0.75654, 0.20937, 0.96638, 0.31599, 0.12431, 0.04045, 0.05382, 0.6959, 0.75665, 0.82849, 0.28951, 0.442, 0.49661, 0.94497, 0.89303, 0.79874, 0.87963, 0.56769, 0.33796, 0.8937, 0.18889, 0.76246, 0.6473, 0.74274, 0.81318, 0.75062, 0.81696, 0.34151, 0.0341, 0.67773, 0.17088, 0.35019, 0.30897, 0.09076, 0.56607, 0.10442, 0.43845, 0.93656, 0.31503, 0.39778, 0.15988, 0.50894, 0.3548, 0.3094, 0.47743, 0.54223, 0.49268, 0.86174, 0.55249, 0.04591, 0.14884, 0.13667, 0.15862, 0.42683, 0.9498, 0.92024, 0.83426, 0.805, 0.06962, 0.90807, 0.63787, 0.25719, 0.33561, 0.22652, 0.95225, 0.88828, 0.70107, 0.13881, 0.81377, 0.14389, 0.70225, 0.1621, 0.89825, 0.49536, 0.12295, 0.38365, 0.29985, 0.93301, 0.53644, 0.26708, 0.03267, 0.91351, 0.79855, 0.13582, 0.48634, 0.62418, 0.24323, 0.91878, 0.08321, 0.10716, 0.31412, 0.56276, 0.15091, 0.69338, 0.18855, 0.73092, 0.70277, 0.93434, 0.17014, 0.81593, 0.18468, 0.13225, 0.86282, 0.11077, 0.6115, 0.47222, 0.75671, 0.18668, 0.8756, 0.94234, 0.69216, 0.90864, 0.0931, 0.09791, 0.06728, 0.05699, 0.86902, 0.78405, 0.8257, 0.95926, 0.06135, 0.11151, 0.06707, 0.78284, 0.95634, 0.85588, 0.12643, 0.17849, 0.44152, 0.28863, 0.52299, 0.82492, 0.15064, 0.12124, 0.80581, 0.93643, 0.37356, 0.72418, 0.18279, 0.38842, 0.83161, 0.83162, 0.63065, 0.81146, 0.73879, 0.94361, 0.07822, 0.66866, 0.87939, 0.88356, 0.07878, 0.05571, 0.11281, 0.76006, 0.84244, 0.81954, 0.04616, 0.32071, 0.95715, 0.3795, 0.87086, 0.76069, 0.14649, 0.58822, 0.86507, 0.15527, 0.60282, 0.58249, 0.23262, 0.68367, 0.42379, 0.93435, 0.83266, 0.06177, 0.86782, 0.79181, 0.88328, 0.16257, 0.10718, 0.07552, 0.47365, 0.08053, 0.64656, 0.94808, 0.30388, 0.94227, 0.01613, 0.85239, 0.73382, 0.95625, 0.96625, 0.62521, 0.90421, 0.12516, 0.6534, 0.69555, 0.82654, 0.17527, 0.73789, 0.12725, 0.56625, 0.68458, 0.83749, 0.9164, 0.53554, 0.10242, 0.21675, 0.93328, 0.07887, 0.94255, 0.05171, 0.57089, 0.13734, 0.06001, 0.90548, 0.97184, 0.20455, 0.74258, 0.22355, 0.8321, 0.31002, 0.47815, 0.58197, 0.62594, 0.11735, 0.52399, 0.70331, 0.13565, 0.92908, 0.4457, 0.85041, 0.40874, 0.43143, 0.52698, 0.40008, 0.84854, 0.73426, 0.71165, 0.78203, 0.60447, 0.44328, 0.20674, 0.7953, 0.86087, 0.20701, 0.34909, 0.93714, 0.77864, 0.89798, 0.12974, 0.63303, 0.30057, 0.87762, 0.33023, 0.91115, 0.57143, 0.41028, 0.06587, 0.10084, 0.06798, 0.44332, 0.25331, 0.61414, 0.93605, 0.91547, 0.65838, 0.08784, 0.33827, 0.89934, 0.6473, 0.77424, 0.36207, 0.93414, 0.38827, 0.85899, 0.43345, 0.12475, 0.37273, 0.92399, 0.61862, 0.43922, 0.16223, 0.2618, 0.02521, 0.20345, 0.3516, 0.1616, 0.04981, 0.4005, 0.12548, 0.63142, 0.19809, 0.936, 0.48942, 0.38937, 0.2135, 0.57114, 0.64122, 0.95006, 0.81121, 0.93577, 0.73181, 0.81036, 0.67254, 0.0732, 0.12912, 0.762, 0.08515, 0.90006, 0.10922, 0.70828, 0.63329, 0.28555, 0.84568, 0.88222, 0.87291, 0.34397, 0.07336, 0.43264, 0.92283, 0.66546, 0.77248, 0.83272, 0.88775, 0.87345, 0.52422, 0.27649, 0.19429, 0.96174, 0.02835, 0.10164, 0.58542, 0.1315, 0.11461, 0.40164, 0.43995, 0.12741, 0.54372, 0.01352, 0.59506, 0.71719, 0.85565, 0.84975, 0.07103, 0.94326, 0.07094, 0.47836, 0.85057, 0.93669, 0.38081, 0.96305, 0.71907, 0.84414, 0.92956, 0.93375, 0.04123, 0.38117, 0.55416, 0.71905, 0.91588, 0.82107, 0.68766, 0.1368, 0.07326, 0.08353, 0.84438, 0.45528, 0.35888, 0.43973, 0.1278, 0.47587, 0.16108, 0.3649, 0.97313, 0.86011, 0.30103, 0.22537, 0.9621, 0.12414, 0.16732, 0.08918, 0.18902, 0.54524, 0.22874, 0.13213, 0.12979, 0.78379, 0.45239, 0.14256, 0.33889, 0.11784, 0.03493, 0.63397, 0.92154, 0.19785, 0.85027, 0.90164, 0.09612, 0.55809, 0.91404, 0.93467, 0.73894, 0.82573, 0.80407, 0.8889, 0.81137, 0.8307, 0.14541, 0.84943, 0.20163, 0.13061, 0.61118, 0.64698, 0.07212, 0.52509, 0.08521, 0.67354, 0.44125, 0.91179, 0.8078, 0.89065, 0.86126, 0.96296, 0.30686, 0.84695, 0.979, 0.79437, 0.21471, 0.88844, 0.05028, 0.76059, 0.91912, 0.18289, 0.71104, 0.37726, 0.06295, 0.09668, 0.38201, 0.61807, 0.91883, 0.04581, 0.90211, 0.81776, 0.11684, 0.80943, 0.91962, 0.0671, 0.39813, 0.83783, 0.95667, 0.36732, 0.1263, 0.2231, 0.96165, 0.6418, 