{"model": "ai4bharat/indic-bert", "dataset": "dravidian_malayalam", "train_config": "ce", "seed": 123, "thr_cal": 0.449452233314514, "metrics_05": {"macro": 0.5206616748645008, "toxf1": 0.13559322033898305, "prec": 0.08064516129032258, "rec": 0.425531914893617, "prauc": 0.06767330436164856, "ece": 0.30681487005949026, "covert": 0.20952380952380953}, "metrics_cal": {"macro": 0.49998668761149123, "toxf1": 0.11830985915492957, "prec": 0.06818181818181818, "rec": 0.44680851063829785, "prauc": 0.06767330436164856, "ece": 0.30681487005949026, "covert": 0.1864406779661017}, "probs": [0.46421, 0.26684, 0.2951, 0.25439, 0.39822, 0.58008, 0.19852, 0.21577, 0.46442, 0.18305, 0.22162, 0.24933, 0.75125, 0.20514, 0.22111, 0.21875, 0.27783, 0.30802, 0.25558, 0.29475, 0.51248, 0.2261, 0.66019, 0.31606, 0.19984, 0.1557, 0.28902, 0.24091, 0.30763, 0.64799, 0.7241, 0.4299, 0.29045, 0.22373, 0.31399, 0.29718, 0.34424, 0.44405, 0.16113, 0.18861, 0.26201, 0.18381, 0.25036, 0.34342, 0.77275, 0.17416, 0.37444, 0.35427, 0.24419, 0.17147, 0.20776, 0.45453, 0.2606, 0.82371, 0.23511, 0.19706, 0.19433, 0.19113, 0.22138, 0.18624, 0.28963, 0.18622, 0.51486, 0.29042, 0.28688, 0.25739, 0.40045, 0.18525, 0.23923, 0.32338, 0.53099, 0.1958, 0.21326, 0.17026, 0.59582, 0.27679, 0.28191, 0.202, 0.21646, 0.30327, 0.59903, 0.13466, 0.18517, 0.22033, 0.21155, 0.24082, 0.34205, 0.23267, 0.23015, 0.23126, 0.22552, 0.34714, 0.36053, 0.41592, 0.39951, 0.46897, 0.28052, 0.15393, 0.39016, 0.33779, 0.31416, 0.15572, 0.3013, 0.25279, 0.19165, 0.22419, 0.1128, 0.28955, 0.63009, 0.31414, 0.24796, 0.34633, 0.30151, 0.25467, 0.22589, 0.39764, 0.39106, 0.22252, 0.19408, 0.23088, 0.28692, 0.25694, 0.42333, 0.35706, 0.47239, 0.25986, 0.78594, 0.30571, 0.4176, 0.36019, 0.48587, 0.2518, 0.52718, 0.59787, 0.20755, 0.42483, 0.20715, 0.21254, 0.4125, 0.34794, 0.17803, 0.28364, 0.27442, 0.40663, 0.17884, 0.17274, 0.15356, 0.16525, 0.23117, 0.32843, 0.36228, 0.18664, 0.32918, 0.25303, 0.61667, 0.82108, 0.19066, 0.42655, 0.55741, 0.27838, 0.35954, 0.51821, 0.23492, 0.80646, 0.26999, 0.18099, 0.32783, 0.20012, 0.64339, 0.22551, 0.38568, 0.24841, 0.31475, 0.43816, 0.29996, 0.33164, 0.33085, 0.61435, 0.35102, 0.20214, 0.23136, 0.20791, 0.70034, 0.21695, 0.86611, 0.19996, 0.21021, 0.19492, 0.62023, 0.38546, 0.62853, 0.29018, 0.78502, 0.24998, 0.25391, 0.6984, 0.49121, 0.54445, 0.80642, 0.38075, 0.22175, 0.20972, 0.70372, 0.57911, 0.3766, 0.21596, 0.2492, 0.3164, 0.25849, 0.20885, 0.29669, 0.34954, 0.22337, 0.31517, 0.1922, 0.25461, 0.67286, 0.27145, 0.18981, 0.18205, 0.20848, 0.38357, 0.30234, 0.34943, 0.27862, 0.19977, 0.74125, 0.21651, 0.24582, 0.50317, 0.64051, 0.51224, 0.75729, 0.17416, 0.44134, 0.58922, 0.28431, 0.31321, 0.43692, 0.59839, 0.31822, 0.11712, 0.19788, 0.48641, 0.27175, 0.35424, 0.78468, 0.18869, 0.53694, 0.20609, 0.28531, 0.49685, 0.46965, 0.28871, 0.26453, 0.27327, 0.17952, 0.25481, 0.57892, 0.12817, 0.23333, 0.72873, 0.19968, 0.53594, 0.55062, 0.56026, 0.18135, 0.29872, 0.70718, 0.23501, 0.53549, 0.25203, 0.32269, 0.55193, 0.57144, 0.25357, 0.40151, 0.20377, 0.38036, 0.14627, 0.42921, 0.32663, 0.34368, 0.24894, 0.23947, 0.28727, 0.24562, 0.19922, 0.32361, 0.22626, 0.25362, 0.49199, 0.24967, 0.23626, 0.24284, 0.76882, 0.50678, 0.29361, 0.59539, 0.40745, 0.22461, 0.18392, 0.43713, 0.26119, 0.56339, 0.30547, 0.28723, 0.32071, 0.19176, 0.28521, 0.39648, 0.20876, 0.29913, 0.59126, 0.26157, 0.32145, 0.27346, 0.19765, 0.1455, 0.58657, 0.32342, 0.48228, 0.27217, 0.50118, 0.23504, 0.36332, 0.13466, 0.31758, 0.47955, 0.24684, 0.26068, 0.65155, 0.2947, 0.26092, 0.2216, 0.2182, 0.32088, 0.58729, 0.30756, 0.35409, 0.50152, 0.22804, 0.75189, 0.36228, 0.17682, 0.42381, 0.30919, 0.23657, 0.15909, 0.2696, 0.6637, 0.58531, 0.38516, 0.20526, 0.22017, 0.20473, 0.48557, 0.16176, 0.48513, 0.73398, 0.60293, 0.29794, 0.19487, 0.80433, 0.37721, 0.32238, 0.61845, 0.21082, 0.26312, 0.22419, 0.34412, 0.22824, 0.66094, 0.15074, 0.28221, 0.26068, 0.22005, 0.25032, 0.22364, 0.42252, 0.24478, 0.44854, 0.14721, 0.34511, 0.31477, 0.31374, 0.20469, 0.19747, 0.3958, 0.23014, 0.26204, 0.1954, 0.20443, 0.22956, 0.16663, 0.37954, 0.46764, 0.18147, 0.26351, 0.5464, 0.32343, 0.17578, 0.77456, 0.36185, 0.17363, 0.25307, 0.40304, 0.70454, 0.38589, 0.43845, 0.22501, 0.19896, 0.42227, 0.24159, 0.22889, 0.18974, 0.22085, 0.31643, 0.31113, 0.53545, 0.50029, 0.23417, 0.25394, 0.17603, 0.35184, 0.36971, 0.18482, 0.27356, 0.23411, 0.2314, 0.24878, 0.21033, 0.17177, 0.2824, 0.32415, 0.5404, 0.72683, 0.38877, 0.23559, 0.2227, 0.27296, 0.36015, 0.32445, 0.20661, 0.3056, 0.18035, 0.36665, 0.55488, 0.25111, 0.29392, 0.41001, 0.16136, 0.22018, 0.21022, 0.50069, 0.28584, 0.22252, 0.21348, 0.45053, 0.76445, 0.14546, 0.36725, 0.22812, 0.20376, 0.24255, 0.3466, 0.20535, 0.24661, 0.25135, 0.27225, 0.58922, 0.20699, 0.58853, 0.22519, 0.37911, 0.62337, 0.24172, 0.40435, 0.64299, 0.27053, 0.41956, 0.73777, 0.54717, 0.23106, 0.7139, 0.22987, 0.72234, 0.76276, 0.15759, 0.84185, 0.32522, 0.78468, 0.23088, 0.11712, 0.38294, 0.19506, 0.23818, 0.19691, 0.34984, 0.35248, 0.65548, 0.34093, 0.13667, 0.64506, 0.22859, 0.1828, 0.60265, 0.14635, 0.2625, 0.37854, 0.16624, 0.26912, 0.31136, 0.28901, 0.21131, 0.32386, 0.18803, 0.43068, 0.51105, 0.32123, 0.19393, 0.33013, 0.34608, 0.19662, 0.22898, 0.3559, 0.72306, 0.2507, 0.21139, 0.21591, 0.23253, 0.36535, 0.37882, 0.4551, 0.29889, 0.3807, 0.29189, 0.34339, 0.28842, 0.23185, 0.16092, 0.80669, 0.43515, 0.24576, 0.74159, 0.52894, 0.37279, 0.21475, 0.12859, 0.25, 0.17544, 0.22156, 0.29915, 0.38735, 0.27528, 0.22265, 0.5132, 0.3007, 0.20771, 0.21923, 0.69882, 0.37735, 0.72848, 0.26344, 0.60229, 0.30058, 0.28225, 0.25457, 0.71917, 0.29588, 0.37951, 0.27483, 0.17931, 0.26433, 0.22918, 0.4716, 0.26917, 0.24345, 0.19639, 0.49023, 0.28362, 0.26343, 0.24882, 0.63007, 0.22775, 0.50833, 0.22887, 0.17235, 0.18527, 0.28276, 0.18035, 0.15572, 0.42294, 0.33262, 0.3945, 0.23775, 0.50503, 0.23264, 0.19602, 0.72873, 0.27022, 0.19572, 0.27937, 0.36716, 0.22634, 0.76708, 0.7146, 0.32301, 0.65221, 0.33908, 0.3231, 0.29596, 0.23116, 0.31471, 0.2084, 0.4934, 0.17318, 0.45596, 0.25147, 0.22176, 0.19984, 0.44825, 0.5072, 0.52939, 0.30031, 0.20196, 0.59593, 0.21393, 0.21275, 0.27505, 0.25166, 0.49636, 0.22183, 0.85364, 0.40588, 0.37769, 0.632, 0.32009, 0.15571, 0.24966, 0.4368, 0.32309, 0.36328, 0.36684, 0.22422, 0.80543, 0.55791, 0.33669, 0.63815, 0.36646, 0.2355, 0.24098, 0.30426, 0.74467, 0.55647, 0.20612, 0.84826, 0.45523, 0.39029, 0.16284, 0.65762, 0.80711, 0.18827, 0.21865, 0.13919, 0.2391, 0.37063, 0.71579, 0.73802, 0.26994, 0.31042, 0.23941, 0.27042, 0.60428, 0.25394, 0.76093, 0.3907, 0.50681, 0.16079, 0.21311, 0.19412, 0.22163, 0.1933, 0.25698, 0.27267, 0.31522, 0.28062, 0.56316, 0.30493, 0.4281, 0.24026, 0.37706, 0.58211, 0.29876, 0.37625, 0.46486, 0.22263, 0.68393, 0.37017, 0.83459, 0.56451, 0.239, 0.56264, 0.44475, 0.17749, 0.17736, 0.33297, 0.55775, 0.42036, 0.25949, 0.55174, 0.23284, 0.21493, 0.49127, 0.35893, 0.30631, 0.18914, 0.45306, 0.19078, 0.19607, 0.22398, 0.18691, 0.7331, 0.1584, 0.36131, 0.29687, 0.22663, 0.25561, 0.39207, 0.16238, 0.18146, 0.37033, 0.20634, 0.59328, 0.25673, 0.19216, 0.47519, 0.24083, 0.38653, 0.31086, 0.37779, 0.54981, 0.65191, 0.3022, 0.29397, 0.33267, 0.20908, 0.25329, 0.20124, 0.13984, 0.18701, 0.21797, 0.24467, 0.25695, 0.26297, 0.26589, 0.29511, 0.35174, 0.30603, 0.28926, 0.25742, 0.17589, 0.3022, 0.40487, 0.21082, 0.32658, 0.48492, 0.30148, 0.24026, 0.16161, 0.6921, 0.33613, 0.35562, 0.17157, 0.34085, 0.83691, 0.28442, 0.19655, 0.38714, 0.51787, 0.38377, 0.27217, 0.56569, 0.42013, 0.34157, 0.25564, 0.16079, 0.1922, 0.3169, 0.23397, 0.77377, 0.65077, 0.77963, 0.26987, 0.19142, 0.72685, 0.21713, 0.25665, 0.27338, 0.27643, 0.19736, 0.25313, 0.18724, 0.64425, 0.37248, 0.1681, 0.4707, 0.45917, 0.23036, 0.1956, 0.19806, 0.35684, 0.25899, 0.23721, 0.21393, 0.64496, 0.24506, 0.26772, 0.20834, 0.26927, 0.68548, 0.20033, 0.26187, 0.31493, 0.22168, 0.14082, 0.29564, 0.315, 0.26451, 0.21046, 0.1644, 0.3296, 