{"model": "ai4bharat/indic-bert", "dataset": "hatexplain", "train_config": "supcon", "seed": 2024, "thr_cal": 0.171025612950325, "metrics_05": {"macro": 0.6956968586621386, "toxf1": 0.7180124223602484, "prec": 0.8292682926829268, "rec": 0.6330777656078861, "prauc": 0.8644107123596547, "ece": 0.12350337402274213, "covert": 0.832579185520362}, "metrics_cal": {"macro": 0.6840918879899389, "toxf1": 0.7896051974012993, "prec": 0.7261029411764706, "rec": 0.8652792990142387, "prauc": 0.8644107123596547, "ece": 0.12350337402274213, "covert": 0.8865979381443299}, "probs": [0.71586, 0.30869, 0.05691, 0.4471, 0.20048, 0.60797, 0.97649, 0.07407, 0.13468, 0.04114, 0.17482, 0.06375, 0.03716, 0.19243, 0.16429, 0.07033, 0.13605, 0.08878, 0.97534, 0.10349, 0.02884, 0.45742, 0.02955, 0.48164, 0.18976, 0.82694, 0.97646, 0.25932, 0.1724, 0.431, 0.73982, 0.08043, 0.91106, 0.59942, 0.92702, 0.02724, 0.59046, 0.45322, 0.44272, 0.10409, 0.80349, 0.9204, 0.5167, 0.11193, 0.1861, 0.67029, 0.0439, 0.83974, 0.75824, 0.84402, 0.09375, 0.3431, 0.96601, 0.74432, 0.27653, 0.71343, 0.32305, 0.24384, 0.65365, 0.78885, 0.08763, 0.81533, 0.85404, 0.20638, 0.94281, 0.33106, 0.94438, 0.36087, 0.63643, 0.72567, 0.25879, 0.91025, 0.51705, 0.96539, 0.08955, 0.27494, 0.95402, 0.29547, 0.60856, 0.97178, 0.94884, 0.12861, 0.88824, 0.10028, 0.09669, 0.33726, 0.94144, 0.48987, 0.43567, 0.70637, 0.04428, 0.9101, 0.71563, 0.45095, 0.84881, 0.08083, 0.69402, 0.32284, 0.14397, 0.98535, 0.05179, 0.71824, 0.88183, 0.72716, 0.09044, 0.09031, 0.33555, 0.63408, 0.97591, 0.07658, 0.01943, 0.32292, 0.14178, 0.102, 0.37544, 0.2793, 0.24578, 0.53913, 0.86709, 0.4555, 0.31856, 0.40697, 0.07567, 0.75119, 0.22441, 0.23987, 0.49645, 0.16183, 0.1398, 0.88643, 0.04819, 0.91327, 0.08011, 0.30459, 0.82962, 0.17889, 0.18244, 0.72513, 0.96066, 0.43659, 0.30225, 0.92229, 0.41836, 0.93917, 0.42255, 0.04362, 0.88704, 0.1701, 0.79778, 0.65325, 0.76457, 0.78888, 0.85813, 0.167, 0.97559, 0.60042, 0.95605, 0.61456, 0.08438, 0.89356, 0.21571, 0.8024, 0.86757, 0.70906, 0.74133, 0.26225, 0.79127, 0.11184, 0.92855, 0.64201, 0.10906, 0.34144, 0.15151, 0.33843, 0.69818, 0.29598, 0.14168, 0.18909, 0.79079, 0.12907, 0.98887, 0.17549, 0.26056, 0.29547, 0.9332, 0.44013, 0.91824, 0.37317, 0.30489, 0.94051, 0.11963, 0.64038, 0.92507, 0.89962, 0.95397, 0.95717, 0.70072, 0.82503, 0.98773, 0.07746, 0.58226, 0.13435, 0.22157, 0.14492, 0.80319, 0.74252, 0.12944, 0.3077, 0.12285, 0.07231, 0.0917, 0.07806, 0.84173, 0.38591, 0.22822, 0.15708, 0.04038, 0.0371, 0.88814, 0.18024, 0.44753, 0.04913, 0.42349, 0.9794, 0.02101, 0.98243, 0.91481, 0.49916, 0.27842, 0.93726, 0.60091, 0.85419, 0.55335, 0.70571, 0.92951, 0.75328, 0.85369, 0.54135, 0.98274, 0.31656, 0.12295, 0.69744, 0.45921, 0.27056, 0.85526, 0.62337, 0.80827, 0.10302, 0.28979, 0.12559, 0.4464, 0.64299, 0.09774, 0.49452, 0.13172, 0.66964, 0.98596, 0.04394, 0.08258, 0.30479, 0.13982, 0.97591, 0.23442, 0.93567, 0.64896, 0.12731, 0.95539, 0.04217, 0.1315, 0.14064, 0.32474, 0.16423, 0.05889, 0.69855, 0.12681, 0.17974, 0.7838, 0.98463, 0.95086, 0.73018, 0.98103, 0.94211, 0.90476, 0.97914, 0.18065, 0.27457, 0.88573, 0.04836, 0.05876, 0.11512, 0.17324, 0.12689, 0.06172, 0.19842, 0.97219, 0.22695, 0.44158, 0.04593, 0.90404, 0.11476, 0.69128, 0.04989, 0.37854, 0.98855, 0.66333, 0.42441, 0.60262, 0.94332, 0.04228, 0.23325, 0.8478, 0.21127, 0.76271, 0.29568, 0.20629, 0.66456, 0.77918, 0.12395, 0.91666, 0.98723, 0.87009, 0.0565, 0.50472, 0.60655, 0.0908, 0.97135, 0.14021, 0.16241, 0.61804, 0.95875, 0.95289, 0.97942, 0.2435, 0.64263, 0.47893, 0.12518, 0.54679, 0.80118, 0.95705, 0.03967, 0.56278, 0.9707, 0.50478, 0.96328, 0.07941, 0.7172, 0.02617, 0.28029, 0.45693, 0.43238, 0.09272, 0.13804, 0.14548, 0.98031, 0.5047, 0.98938, 0.03628, 0.82954, 0.13364, 0.44254, 0.61655, 0.86049, 0.97553, 0.00792, 0.97561, 0.46029, 0.98524, 0.98941, 0.42619, 0.91729, 0.05668, 0.18748, 0.70592, 0.80062, 0.22136, 0.40246, 0.1551, 0.66446, 0.45155, 0.87655, 0.78927, 0.68459, 0.05805, 0.98774, 0.07201, 0.05943, 0.07216, 0.04763, 0.663, 0.88855, 0.95628, 0.32015, 0.137, 0.35556, 0.95721, 0.89359, 0.50742, 0.8326, 0.37889, 0.25494, 0.53305, 0.16245, 0.35042, 0.31447, 0.46631, 0.72525, 0.47248, 0.8286, 0.10539, 0.02489, 0.76405, 0.26898, 0.274, 0.06006, 0.05651, 0.54968, 0.06039, 0.76274, 0.85262, 0.30298, 0.34504, 0.16398, 0.50905, 0.66631, 0.04664, 0.57062, 0.13612, 0.3679, 0.83122, 0.35343, 0.08357, 0.05464, 0.10568, 0.06149, 0.21053, 0.9578, 0.95441, 0.95422, 0.64704, 0.08692, 0.96734, 0.85119, 0.38708, 0.19881, 0.10345, 0.9825, 0.92465, 0.60958, 0.09679, 0.49931, 0.13015, 0.60763, 0.15735, 0.9122, 0.18621, 0.0815, 0.18317, 0.35454, 0.96911, 0.22952, 0.11491, 0.10058, 0.88273, 0.55902, 0.16282, 0.17002, 0.19975, 0.41323, 0.98007, 0.14735, 0.12304, 0.07234, 0.45685, 0.07968, 0.89041, 0.08511, 0.46986, 0.59639, 0.70639, 0.21566, 0.47716, 0.5062, 0.07546, 0.95094, 0.07578, 0.48341, 0.25224, 0.37414, 0.1244, 0.98189, 0.95832, 0.96176, 0.74188, 0.22798, 0.16972, 0.04337, 0.07605, 0.91621, 0.787, 0.7222, 0.97089, 0.14938, 0.08627, 0.02283, 0.89284, 0.97634, 0.77285, 0.1622, 0.14665, 0.16098, 0.24132, 0.11892, 0.46444, 0.04663, 0.15876, 0.69111, 0.94752, 0.24376, 0.62442, 0.18543, 0.06706, 0.5797, 0.94733, 0.39995, 0.83696, 0.53185, 0.96702, 0.04019, 0.68452, 0.66763, 0.77066, 0.24422, 0.0397, 0.17129, 0.3802, 0.24173, 0.52563, 0.04022, 0.12108, 0.89231, 0.15916, 0.89772, 0.8604, 0.08365, 0.22713, 0.66008, 0.45974, 0.57827, 0.60644, 0.28177, 0.83063, 0.28321, 0.9457, 0.83727, 0.08171, 0.95878, 0.31374, 0.94549, 0.42548, 0.1226, 0.04723, 0.2152, 0.08422, 0.71527, 0.95979, 0.04477, 0.95837, 0.03244, 0.90498, 0.43909, 0.93955, 0.9777, 0.39663, 0.64565, 0.17127, 0.72331, 0.28607, 0.84374, 0.4996, 0.9364, 0.08827, 0.878, 0.81935, 0.95752, 0.68813, 0.42354, 0.03238, 0.0984, 0.7087, 0.06428, 0.83039, 0.04601, 0.23591, 0.11807, 0.08214, 0.94746, 0.99093, 0.08984, 0.63722, 0.15949, 0.80086, 0.68198, 0.29242, 0.70595, 0.72862, 0.13206, 0.17741, 0.61266, 0.16449, 0.92875, 0.08587, 0.80901, 0.41932, 0.19511, 0.05809, 0.40305, 0.90443, 0.76337, 0.75147, 0.65115, 0.57089, 0.10313, 0.18399, 0.7275, 0.61704, 0.24797, 0.13744, 0.98719, 0.77155, 0.83995, 0.07585, 0.4319, 0.17358, 0.76077, 0.17923, 0.94978, 0.36386, 0.84874, 0.03695, 0.05692, 0.02853, 0.27083, 0.13655, 0.17816, 0.88363, 0.95239, 0.30752, 0.15167, 0.09017, 0.90703, 0.9448, 0.86121, 0.29448, 0.83723, 0.14107, 0.56464, 0.31779, 0.0429, 0.20351, 0.89628, 0.47082, 0.3949, 0.15368, 0.23929, 0.04001, 0.51809, 0.31046, 0.18983, 0.18487, 0.28306, 0.17587, 0.91069, 0.13796, 0.97174, 0.05739, 0.17302, 0.13377, 0.16391, 0.29192, 0.98847, 0.73551, 0.98508, 0.6547, 0.85704, 0.76262, 0.04277, 0.37971, 0.65342, 0.10352, 0.81641, 0.18844, 0.72726, 0.49437, 0.11403, 0.90432, 0.95171, 0.8845, 0.05056, 0.23245, 0.2528, 0.98348, 0.76084, 0.51743, 0.88002, 0.76291, 0.92247, 0.06386, 0.10488, 0.27465, 0.98916, 0.0536, 0.14988, 0.80324, 0.12927, 0.03059, 0.63658, 0.34075, 0.06921, 0.86665, 0.0163, 0.61163, 0.95581, 0.72518, 0.70255, 0.06893, 0.87111, 0.05428, 0.18961, 0.86199, 0.95912, 0.49903, 0.96937, 0.58475, 0.91905, 0.92163, 0.94012, 0.02411, 0.38186, 0.13888, 0.87277, 0.96533, 0.71768, 0.83807, 0.16243, 0.06141, 0.03202, 0.8772, 0.32354, 0.32429, 0.33422, 0.07823, 0.79467, 0.0576, 0.16987, 0.97514, 0.94096, 0.19138, 0.12477, 0.95707, 0.05813, 0.35048, 0.05152, 0.09822, 0.38499, 0.09823, 0.13393, 0.06676, 0.76885, 0.32925, 0.25302, 0.27664, 0.10771, 0.04213, 0.55271, 0.8905, 0.07539, 0.90233, 0.89538, 0.12099, 0.74106, 0.96132, 0.93827, 0.23392, 0.91779, 0.63086, 0.95534, 0.69438, 0.87633, 0.05186, 0.39798, 0.43897, 0.05461, 0.5319, 0.86303, 0.06187, 0.65486, 0.0433, 0.44617, 0.49763, 0.9131, 0.78964, 0.95977, 0.81478, 0.93882, 0.11695, 0.87498, 0.98812, 0.77834, 0.06674, 0.91562, 0.06982, 0.35019, 0.95817, 0.10011, 0.68062, 0.50726, 0.0418, 0.19393, 0.46129, 0.24537, 0.93849, 0.08282, 0.92803, 0.70675, 0.08063, 0.75821, 0.92277, 0.06985, 0.51244, 0.65231, 0.96929, 0.11875, 0.11969, 0.50535, 0.96599,