{"model": "ai4bharat/indic-bert", "dataset": "dravidian_kannada", "train_config": "hardneg", "seed": 123, "thr_cal": 0.3053656280040741, "metrics_05": {"macro": 0.7067832745942653, "toxf1": 0.5766871165644172, "prec": 0.5662650602409639, "rec": 0.5875, "prauc": 0.6205188093057712, "ece": 0.0774281780416648, "covert": 0.8383233532934131}, "metrics_cal": {"macro": 0.6818472151251915, "toxf1": 0.587378640776699, "prec": 0.4801587301587302, "rec": 0.75625, "prauc": 0.6205188093057712, "ece": 0.0774281780416648, "covert": 0.8571428571428571}, "probs": [0.12342, 0.36495, 0.19891, 0.14403, 0.5353, 0.09694, 0.11991, 0.24105, 0.02898, 0.06769, 0.46268, 0.13753, 0.07588, 0.38359, 0.27436, 0.15514, 0.17864, 0.8302, 0.01895, 0.89019, 0.55549, 0.12204, 0.61451, 0.52167, 0.98081, 0.78001, 0.97157, 0.20902, 0.31768, 0.23328, 0.97251, 0.66864, 0.04293, 0.29606, 0.6063, 0.10213, 0.25353, 0.01671, 0.29914, 0.08665, 0.94143, 0.02027, 0.84983, 0.19067, 0.34996, 0.38378, 0.14162, 0.10333, 0.04392, 0.06043, 0.73343, 0.11903, 0.03816, 0.71035, 0.09411, 0.49636, 0.02138, 0.12082, 0.1534, 0.55207, 0.13816, 0.10251, 0.77906, 0.38871, 0.03364, 0.21804, 0.26412, 0.46978, 0.36923, 0.95361, 0.10523, 0.02825, 0.26096, 0.4095, 0.5067, 0.06576, 0.16976, 0.23424, 0.53172, 0.42297, 0.13916, 0.63335, 0.01856, 0.32991, 0.20942, 0.04672, 0.44106, 0.01398, 0.07324, 0.04273, 0.01786, 0.1057, 0.01119, 0.61852, 0.63151, 0.11237, 0.08139, 0.0177, 0.1738, 0.05361, 0.40908, 0.19113, 0.01919, 0.59149, 0.77906, 0.08873, 0.57682, 0.13429, 0.5956, 0.34767, 0.4032, 0.16583, 0.00901, 0.06499, 0.08886, 0.08815, 0.04293, 0.36817, 0.25383, 0.24242, 0.1224, 0.06679, 0.42407, 0.92839, 0.25092, 0.15515, 0.14162, 0.70501, 0.12333, 0.22557, 0.73234, 0.05901, 0.181, 0.43973, 0.60361, 0.50994, 0.04274, 0.87689, 0.03096, 0.80108, 0.58614, 0.33139, 0.37437, 0.58896, 0.56678, 0.3597, 0.40463, 0.74778, 0.77697, 0.18799, 0.09111, 0.08202, 0.70415, 0.41902, 0.54336, 0.56153, 0.04132, 0.55175, 0.23261, 0.63069, 0.51414, 0.02595, 0.07432, 0.17328, 0.23199, 0.02115, 0.14207, 0.48736, 0.27725, 0.43127, 0.06776, 0.91472, 0.05488, 0.10493, 0.69375, 0.0829, 0.14162, 0.24706, 0.65254, 0.29993, 0.26155, 0.05226, 0.14162, 0.80137, 0.44401, 0.12081, 0.86877, 0.02389, 0.06761, 0.02622, 0.3865, 0.68702, 0.28737, 0.14162, 0.82077, 0.94727, 0.085, 0.49106, 0.38694, 0.23631, 0.04514, 0.01905, 0.01679, 0.10142, 0.16875, 0.32764, 0.21129, 0.01097, 0.9024, 0.03295, 0.54216, 0.54615, 0.0857, 0.09633, 0.02288, 0.02419, 0.8213, 0.05361, 0.02117, 0.03419, 0.01687, 0.11498, 0.08268, 0.15305, 0.72506, 0.30661, 0.01842, 0.07349, 0.04417, 0.059, 0.03132, 0.45134, 0.0228, 0.26548, 0.16993, 0.29461, 0.9861, 0.38027, 0.04555, 0.07082, 0.21472, 0.14162, 0.65975, 0.98056, 0.95113, 0.05196, 0.10847, 0.20954, 0.07748, 0.53684, 0.8099, 0.44914, 0.07192, 0.73028, 0.35106, 0.51647, 0.50739, 0.2182, 0.10931, 0.2196, 0.68481, 0.77906, 0.27699, 0.64067, 0.15416, 0.3713, 0.14162, 0.34777, 0.08186, 0.02993, 0.02198, 0.0129, 0.21604, 0.72073, 0.00756, 0.17799, 0.58431, 0.10287, 0.83049, 0.71257, 0.02984, 0.34678, 0.75999, 0.68684, 0.6096, 0.1484, 0.05199, 0.51564, 0.01811, 0.06084, 0.38642, 0.00685, 0.0681, 0.46733, 0.03241, 0.14162, 0.41461, 0.31883, 0.22912, 0.376, 0.06482, 0.28223, 0.02994, 0.53599, 0.04208, 0.09498, 0.29536, 0.14162, 0.21277, 0.05267, 0.61451, 0.20499, 0.04514, 0.58553, 0.69869, 0.13735, 0.10441, 0.36225, 0.33707, 0.08029, 0.60631, 0.57453, 0.11295, 0.11195, 0.52533, 0.11832, 0.47195, 0.0162, 0.51858, 0.9539, 0.0117, 0.28803, 0.12118, 0.57854, 0.04265, 0.09114, 0.05828, 0.51774, 0.03354, 0.19787, 0.09067, 0.03835, 0.69974, 0.035, 0.1285, 0.39226, 0.7554, 0.77904, 0.14162, 0.48655, 0.06184, 0.23175, 0.5987, 0.45444, 0.04076, 0.51986, 0.49456, 0.68633, 0.26375, 0.1497, 0.72405, 0.04925, 0.48518, 0.41806, 0.11235, 0.06648, 0.75033, 0.6538, 0.08622, 0.4351, 0.9895, 0.07144, 0.26894, 0.14162, 0.02701, 0.05349, 0.00952, 0.67517, 0.91959, 0.05335, 0.7782, 0.35086, 0.16165, 0.61007, 0.03717, 0.35304, 0.0195, 0.18231, 0.22464, 0.34505, 0.64099, 0.05135, 0.05574, 0.08791, 0.02036, 0.06311, 0.48751, 0.46507, 0.39559, 0.47227, 0.19505, 0.24372, 0.2591, 0.8132, 0.09449, 0.03029, 0.0656, 0.98962, 0.39286, 0.23394, 0.12817, 0.01546, 0.11518, 0.01565, 0.56287, 0.36266, 0.05099, 0.46802, 0.03545, 0.19628, 0.06647, 0.81562, 0.54188, 0.01662, 0.80481, 0.32421, 0.0515, 0.72576, 0.97269, 0.0186, 0.12705, 0.27389, 0.02919, 0.15447, 0.05178, 0.90691, 0.60543, 0.0419, 0.78965, 0.02235, 0.14779, 0.65491, 0.0992, 0.05221, 0.95022, 0.95621, 0.0131, 0.6542, 0.62621, 0.52415, 0.20372, 0.06461, 0.01557, 0.10265, 0.63412, 0.4943, 0.53738, 0.36817, 0.02293, 0.04619, 0.25825, 0.01771, 0.12253, 0.02117, 0.51395, 0.59882, 0.19662, 0.73587, 0.32429, 0.62024, 0.34446, 0.21934, 0.39126, 0.03198, 0.53279, 0.01207, 0.39992, 0.46217, 0.23278, 0.03268, 0.63843, 0.48931, 0.0768, 0.16635, 0.65461, 0.53959, 0.93876, 0.51604, 0.01703, 0.02117, 0.04802, 0.16214, 0.32497, 0.87129, 0.02666, 0.62741, 0.70932, 0.17, 0.56401, 0.19051, 0.05535, 0.01744, 0.10828, 0.02962, 0.00573, 0.62103, 0.03317, 0.11162, 0.22641, 0.89321, 0.0111, 0.93989, 0.18269, 0.04364, 0.02683, 0.77281, 0.86702, 0.14037, 0.02424, 0.48328, 0.11219, 0.70078, 0.2174, 0.15159, 0.87174, 0.548, 0.14162, 0.23952, 0.23052, 0.09614, 0.185, 0.19648, 0.55738, 0.06997, 0.46764, 0.14162, 0.76718, 0.40924, 0.07289, 0.69935, 0.52148, 0.36003, 0.43082, 0.62323, 0.4492, 0.12245, 0.48808, 0.26746, 0.12167, 0.07502, 0.87413, 0.06841, 0.27479, 0.42631, 0.00692, 0.85987, 0.01168, 0.55891, 0.65112, 0.06376, 0.02781, 0.79139, 0.07965, 0.49734, 0.69222, 0.63952, 0.07379, 0.06594, 0.56746, 0.20561, 0.9357, 0.72936, 0.19265, 0.70838, 0.18994, 0.06378, 0.54502, 0.33456, 0.10816, 0.30757, 0.55648, 0.06555, 0.15217, 0.53795, 0.06666, 0.64161], "labels": [0, 0, 0, 0, 0, 0, 0, 0, 0, 0, 0, 0, 0, 0, 1, 0, 0, 1, 0, 0, 0, 0, 0, 1, 1, 1, 1, 1, 1, 0, 1, 0, 1, 1, 1, 0, 1, 0, 0, 1, 0, 0, 1, 0, 0, 0, 0, 0, 0, 1, 0, 0, 0, 1, 0, 0, 0, 0, 1, 0, 0, 0, 0, 1, 0, 0, 0, 0, 1, 1, 1, 0, 0, 0, 0, 1, 0, 0, 0, 1, 0, 1, 1, 0, 0, 0, 1, 0, 1, 0, 0, 0, 0, 0, 0, 0, 0, 1, 0, 0, 0, 1, 0, 1, 0, 0, 1, 0, 0, 0, 0, 0, 0, 0, 0, 0, 0, 0, 1, 0, 0, 0, 1, 1, 0, 0, 0, 0, 0, 0, 0, 0, 0, 1, 1, 0, 0, 1, 0, 0, 0, 0, 1, 1, 1, 0, 0, 0, 1, 0, 0, 0, 0, 0, 0, 1, 0, 0, 0, 1, 1, 1, 0, 1, 0, 0, 0, 0, 0, 0, 0, 1, 0, 0, 1, 0, 0, 0, 0, 0, 0, 0, 0, 0, 1, 0, 0, 0, 0, 0, 0, 1, 0, 1, 0, 1, 1, 0, 0, 0, 0, 0, 0, 0, 1, 1, 0, 0, 1, 0, 1, 0, 1, 0, 0, 0, 1, 0, 0, 0, 1, 0, 0, 0, 1, 0, 0, 0, 0, 0, 0, 0, 0, 0, 0, 1, 1, 0, 0, 0, 0, 0, 0, 1, 1, 0, 0, 0, 0, 0, 0, 0, 0, 1, 0, 0, 0, 0, 1, 0, 1, 0, 0, 0, 0, 0, 0, 0, 0, 0, 0, 0, 0, 1, 0, 0, 0, 0, 1, 1, 0, 1, 1, 0, 0, 1, 0, 1, 0, 0, 1, 0, 0, 1, 0, 0, 0, 1, 0, 0, 0, 0, 0, 0, 0, 0, 0, 1, 0, 0, 0, 0, 0, 0, 1, 1, 0, 0, 0, 0, 1, 1, 0, 0, 1, 0, 1, 0, 1, 1, 0, 0, 0, 0, 0, 0, 0, 1, 0, 0, 0, 0, 0, 0, 0, 0, 1, 0, 0, 0, 0, 0, 1, 0, 0, 1, 0, 1, 0, 0, 1, 0, 0, 0, 0, 0, 1, 0, 0, 1, 1, 0, 0, 0, 0, 0, 0, 1, 1, 0, 1, 0, 0, 1, 1, 1, 0, 0, 1, 1, 0, 0, 0, 0, 0, 0, 0, 0, 0, 1, 1, 1, 0, 1, 0, 0, 0, 1, 0, 0, 0, 0, 0, 0, 0, 0, 0, 1, 0, 1, 0, 0, 1, 0, 0, 0, 1, 1, 1, 0, 0, 0, 0, 0, 0, 1, 1, 0, 1, 0, 0, 0, 0, 0, 1, 1, 0, 1, 0, 1, 0, 0, 0, 0, 0, 0, 0, 0, 0, 0, 0, 0, 0, 0, 0, 0, 0, 1, 0, 1, 0, 0, 1, 1, 1, 0, 0, 1, 0, 0, 1, 1, 0, 0, 1, 0, 1, 1, 0, 0, 0, 0, 1, 1, 0, 1, 0, 0, 1, 0, 0, 0, 0, 0, 0, 0, 0, 0, 0, 1, 0, 1, 0, 0, 0, 1, 0, 1, 0, 0, 0, 1, 0, 0, 0, 0, 0, 0, 0, 0, 0, 0, 0, 0, 1, 0, 0, 1, 1, 1, 0, 0, 0, 1, 0, 0, 0, 1, 0, 1, 1, 0, 0, 0, 0, 1, 0, 0, 0, 0, 0, 0, 0, 1, 1, 1, 1, 0, 0, 0, 1, 1, 0, 0, 0, 0, 0, 0, 0, 0, 0, 0, 0, 1, 0, 1], "n": {"train": 3400, "val": 600, "test": 586, "toxic_frac": 0.23911764705882352}}