{"model": "ai4bharat/indic-bert", "dataset": "hatexplain", "train_config": "hardneg", "seed": 99, "thr_cal": 0.18290125727653506, "metrics_05": {"macro": 0.7021841200465004, "toxf1": 0.7504302925989673, "prec": 0.7879518072289157, "rec": 0.7163198247535597, "prauc": 0.8534086927013652, "ece": 0.08310611572861672, "covert": 0.8583545377438507}, "metrics_cal": {"macro": 0.6356061192374172, "toxf1": 0.7871939736346516, "prec": 0.6903385631709331, "rec": 0.9156626506024096, "prauc": 0.8534086927013652, "ece": 0.08310611572861672, "covert": 0.8849144634525661}, "probs": [0.56362, 0.09604, 0.04468, 0.52041, 0.25453, 0.79421, 0.96539, 0.12566, 0.36104, 0.07688, 0.17688, 0.13621, 0.04242, 0.4125, 0.36526, 0.26277, 0.24673, 0.3531, 0.95531, 0.19393, 0.03007, 0.57773, 0.03766, 0.57974, 0.24823, 0.76065, 0.96064, 0.37214, 0.23818, 0.27955, 0.66951, 0.10934, 0.8606, 0.64468, 0.9633, 0.08067, 0.5544, 0.70887, 0.48557, 0.15302, 0.86988, 0.92039, 0.39895, 0.12858, 0.22321, 0.43762, 0.0799, 0.76707, 0.85331, 0.45887, 0.09881, 0.15312, 0.94469, 0.43885, 0.59546, 0.76786, 0.13868, 0.13454, 0.78075, 0.62274, 0.1698, 0.91458, 0.78677, 0.36927, 0.93456, 0.48177, 0.81279, 0.79531, 0.45327, 0.95426, 0.26381, 0.93243, 0.19784, 0.92569, 0.09497, 0.30044, 0.80058, 0.40222, 0.89254, 0.96065, 0.84971, 0.08511, 0.87832, 0.16228, 0.28748, 0.69886, 0.82251, 0.27852, 0.80067, 0.842, 0.06268, 0.97008, 0.73953, 0.42402, 0.89057, 0.08849, 0.10188, 0.69549, 0.69274, 0.97384, 0.09404, 0.89595, 0.96099, 0.75064, 0.1712, 0.05878, 0.60753, 0.7439, 0.96295, 0.09839, 0.02258, 0.26086, 0.21343, 0.16005, 0.57109, 0.53697, 0.72242, 0.57537, 0.952, 0.58935, 0.18001, 0.48493, 0.12703, 0.9446, 0.35872, 0.37027, 0.58951, 0.10365, 0.25557, 0.87301, 0.06255, 0.90593, 0.10995, 0.31025, 0.9302, 0.58179, 0.44508, 0.94669, 0.94361, 0.41943, 0.7112, 0.64064, 0.79988, 0.91673, 0.74598, 0.1383, 0.69317, 0.20409, 0.91979, 0.45229, 0.84752, 0.9072, 0.8736, 0.6004, 0.93956, 0.61568, 0.89669, 0.8706, 0.39591, 0.82453, 0.36282, 0.81538, 0.93552, 0.82557, 0.36556, 0.37809, 0.59117, 0.14924, 0.94219, 0.51678, 0.1109, 0.53472, 0.12416, 0.67257, 0.89906, 0.66076, 0.23292, 0.66612, 0.92176, 0.45806, 0.977, 0.40653, 0.50717, 0.27414, 0.90012, 0.43145, 0.95441, 0.86486, 0.65537, 0.96355, 0.15018, 0.44693, 0.72448, 0.90123, 0.93833, 0.90304, 0.86524, 0.90046, 0.95574, 0.20127, 0.49241, 0.30665, 0.19163, 0.3886, 0.83568, 0.90665, 0.40932, 0.5359, 0.14234, 0.17639, 0.22438, 0.09745, 0.8958, 0.57316, 0.45088, 0.47524, 0.06613, 0.1073, 0.90737, 0.57783, 0.806, 0.12508, 0.33852, 0.95967, 0.03739, 0.97262, 0.8246, 0.46561, 0.5934, 0.92943, 0.80521, 0.939, 0.14821, 0.66363, 0.95912, 0.85038, 0.86751, 0.42098, 0.97579, 0.62606, 0.32678, 0.85414, 0.86002, 0.4397, 0.90987, 0.28583, 0.88664, 0.06417, 0.46807, 0.16264, 0.87886, 0.83025, 0.60408, 0.70226, 0.07706, 0.73273, 0.90953, 0.12272, 0.11892, 0.5401, 0.16841, 0.96634, 0.79889, 0.94817, 0.87047, 0.51351, 0.90491, 0.11729, 0.10644, 0.36964, 0.36674, 0.67743, 0.0756, 0.90655, 0.23214, 0.69746, 0.90861, 0.95926, 0.95388, 0.56818, 0.94529, 0.91612, 0.88912, 0.92964, 0.16502, 0.50383, 0.80763, 0.04444, 0.0787, 0.27138, 0.13343, 0.21204, 0.12047, 0.15271, 0.91515, 0.21242, 0.69195, 0.0981, 0.93532, 0.25268, 0.50461, 0.15855, 0.41783, 0.91777, 0.75145, 0.76759, 0.67604, 0.95803, 0.14347, 0.3754, 0.88872, 0.28304, 0.92096, 0.16358, 0.59973, 0.76078, 0.67549, 0.67955, 0.89144, 0.92875, 0.79018, 0.09876, 0.77043, 0.27843, 0.09836, 0.9464, 0.25958, 0.29976, 0.84407, 0.86123, 0.89521, 0.93374, 0.403, 0.71402, 0.38647, 0.39712, 0.35252, 0.82247, 0.95097, 0.04279, 0.5705, 0.9687, 0.90133, 0.94749, 0.13382, 0.88093, 0.03484, 0.50315, 0.17565, 0.63029, 0.17618, 0.59299, 0.16683, 0.95823, 0.54833, 0.9552, 0.04834, 0.74094, 0.1269, 0.70319, 0.66166, 0.5116, 0.95505, 0.00936, 0.93242, 0.64026, 0.97262, 0.9731, 0.39536, 0.6463, 0.08525, 0.20252, 0.78325, 0.88654, 0.76886, 0.72015, 0.46375, 0.63669, 0.46392, 0.9282, 0.85904, 0.6366, 0.20973, 0.96758, 0.30359, 0.10923, 0.04494, 0.16687, 0.87704, 0.73414, 0.85362, 0.57917, 0.45137, 0.49592, 0.91932, 0.93808, 0.50283, 0.81498, 0.84384, 0.2134, 0.87959, 0.19222, 0.93148, 0.70309, 0.74364, 0.87766, 0.71063, 0.84709, 0.48947, 0.0282, 0.60562, 0.34282, 0.43835, 0.19603, 0.12302, 0.57023, 0.12022, 0.30693, 0.92797, 0.35815, 0.27775, 0.12411, 0.58385, 0.35843, 0.26225, 0.28341, 0.409, 0.60695, 0.76938, 0.3608, 0.05257, 0.09656, 0.21281, 0.24174, 0.69292, 0.89971, 0.90897, 0.89258, 0.77413, 0.09239, 0.96432, 0.74265, 0.29106, 0.10315, 0.41689, 0.96037, 0.88905, 0.77715, 0.27509, 0.92465, 0.21367, 0.63615, 0.17607, 0.86238, 0.76894, 0.12825, 0.35216, 0.50785, 0.96918, 0.39445, 0.55169, 0.0385, 0.84348, 0.88742, 0.22047, 0.2852, 0.60417, 0.31956, 0.95631, 0.09339, 0.10119, 0.47318, 0.54694, 0.11123, 0.84604, 0.2627, 0.77713, 0.69174, 0.91862, 0.20975, 0.87418, 0.35358, 0.1791, 0.93772, 0.09967, 0.47192, 0.51688, 0.69524, 0.13369, 0.94643, 0.93613, 0.81264, 0.85843, 0.15962, 0.25186, 0.06741, 0.09697, 0.87928, 0.87222, 0.55581, 0.96189, 0.10781, 0.12855, 0.06532, 0.84362, 0.97098, 0.79958, 0.11018, 0.25101, 0.57055, 0.48778, 0.73921, 0.80533, 0.29071, 0.12367, 0.73349, 0.91645, 0.29973, 0.69747, 0.25485, 0.53563, 0.9318, 0.80788, 0.74563, 0.80032, 0.86269, 0.94815, 0.09195, 0.48236, 0.9527, 0.93852, 0.20791, 0.07181, 0.17349, 0.3997, 0.86866, 0.85217, 0.05834, 0.34483, 0.92384, 0.16905, 0.9377, 0.70433, 0.22944, 0.75179, 0.8111, 0.31547, 0.52497, 0.67148, 0.34825, 0.80597, 0.59147, 0.93719, 0.8746, 0.08769, 0.93756, 0.71336, 0.81236, 0.09211, 0.1277, 0.06931, 0.36332, 0.08183, 0.66746, 0.93203, 0.19699, 0.96334, 0.02823, 0.87135, 0.45377, 0.96657, 0.97532, 0.65266, 0.92163, 0.10743, 0.63347, 0.27293, 0.83356, 0.13654, 0.87906, 0.17064, 0.63284, 0.91051, 0.80549, 0.8472, 0.38428, 0.12343, 0.31682, 0.94138, 0.10538, 0.87337, 0.05064, 0.69095, 0.15215, 0.07488, 0.87903, 0.98004, 0.20397, 0.75462, 0.36658, 0.84471, 0.33362, 0.66519, 0.51366, 0.84348, 0.10378, 0.45565, 0.81423, 0.35885, 0.92608, 0.5078, 0.74598, 0.23238, 0.63364, 0.36768, 0.4615, 0.79202, 0.84312, 0.75364, 0.76435, 0.54119, 0.35833, 0.22014, 0.87212, 0.79479, 0.47497, 0.56135, 0.96733, 0.7645, 0.91843, 0.12526, 0.67065, 0.39356, 0.84933, 0.27132, 0.93137, 0.75294, 0.60601, 0.06872, 0.12777, 0.05196, 0.55472, 0.40069, 0.64844, 0.85972, 0.94469, 0.78946, 0.1655, 0.24748, 0.94443, 0.51053, 0.80772, 0.43942, 0.94136, 0.33659, 0.86635, 0.38119, 0.10844, 0.37649, 0.94187, 0.54653, 0.3596, 0.15948, 0.34841, 0.04137, 0.26589, 0.25374, 0.15428, 0.07256, 0.59466, 0.11115, 0.91046, 0.1865, 0.94304, 0.36597, 0.71859, 0.27733, 0.6082, 0.80371, 0.95728, 0.87709, 0.96531, 0.72134, 0.71422, 0.62931, 0.08661, 0.12523, 0.7663, 0.05043, 0.94015, 0.1868, 0.90294, 0.74995, 0.24788, 0.88994, 0.92839, 0.85178, 0.29283, 0.22932, 0.55951, 0.94882, 0.89282, 0.62125, 0.86664, 0.77843, 0.86352, 0.2609, 0.44103, 0.28573, 0.93263, 0.02477, 0.20119, 0.67303, 0.19157, 0.13382, 0.62051, 0.61514, 0.21187, 0.66935, 0.01818, 0.60655, 0.86662, 0.87852, 0.88021, 0.13535, 0.93607, 0.1235, 0.31862, 0.84762, 0.9593, 0.44656, 0.96012, 0.699, 0.90274, 0.8831, 0.96401, 0.04705, 0.55691, 0.35687, 0.86716, 0.94563, 0.62062, 0.80792, 0.2621, 0.06456, 0.05671, 0.85384, 0.35173, 0.55918, 0.46636, 0.13738, 0.56033, 0.13043, 0.29329, 0.97489, 0.80449, 0.28438, 0.13883, 0.93604, 0.07636, 0.31216, 0.10831, 0.21166, 0.66809, 0.19237, 0.13686, 0.07363, 0.81077, 0.21725, 0.12846, 0.27759, 0.11574, 0.0472, 0.63648, 0.89656, 0.11336, 0.93417, 0.9298, 0.09887, 0.53073, 0.93799, 0.93952, 0.78148, 0.86327, 0.8389, 0.84752, 0.56101, 0.92453, 0.0891, 0.75596, 0.27794, 0.25223, 0.67594, 0.73475, 0.17933, 0.74459, 0.07993, 0.57711, 0.54896, 0.91393, 0.76913, 0.94847, 0.84911, 0.95775, 0.30435, 0.83257, 0.97451, 0.78317, 0.28134, 0.86976, 0.10007, 0.78987, 0.93583, 0.21432, 0.57605, 0.55388, 0.04175, 0.32359, 0.52846, 0.57212, 0.88663, 0.09736, 0.92517, 0.80609, 0.10454, 0.79761, 0.88488, 0.10224, 0.48408, 0.75315, 0.96785, 0.71376, 0.20342, 0.39387, 0.96777, 