{"model": "ai4bharat/indic-bert", "dataset": "dravidian_tamil", "train_config": "supcon", "seed": 42, "thr_cal": 0.7039308071136474, "metrics_05": {"macro": 0.6273193536053376, "toxf1": 0.5381244522348817, "prec": 0.3871374527112232, "rec": 0.882183908045977, "prauc": 0.5368917678855883, "ece": 0.25463784515857696, "covert": 0.7019027484143763}, "metrics_cal": {"macro": 0.6742506182913022, "toxf1": 0.5452538631346578, "prec": 0.44265232974910396, "rec": 0.7097701149425287, "prauc": 0.5368917678855883, "ece": 0.25463784515857696, "covert": 0.7}, "probs": [0.05984, 0.01612, 0.42706, 0.04128, 0.87341, 0.55428, 0.15407, 0.19536, 0.12173, 0.136, 0.08619, 0.14986, 0.03121, 0.07411, 0.17393, 0.02492, 0.89738, 0.52692, 0.03846, 0.53882, 0.77403, 0.24106, 0.04987, 0.29182, 0.16312, 0.78953, 0.91, 0.08197, 0.20289, 0.0734, 0.2733, 0.71697, 0.17219, 0.44992, 0.54254, 0.9317, 0.31317, 0.46367, 0.01858, 0.87117, 0.51953, 0.08384, 0.83585, 0.87718, 0.18067, 0.87307, 0.02956, 0.15406, 0.5447, 0.02654, 0.02922, 0.78952, 0.1507, 0.56139, 0.62289, 0.76615, 0.79023, 0.83602, 0.80992, 0.57316, 0.70712, 0.0446, 0.71188, 0.65136, 0.07367, 0.0651, 0.03214, 0.36103, 0.90384, 0.26002, 0.54537, 0.81219, 0.05062, 0.18346, 0.86701, 0.8469, 0.85313, 0.8881, 0.04541, 0.19464, 0.84788, 0.70145, 0.56154, 0.00978, 0.55792, 0.07161, 0.30196, 0.37888, 0.07991, 0.91642, 0.0872, 0.88792, 0.1169, 0.57413, 0.64671, 0.28858, 0.77366, 0.74266, 0.52341, 0.04498, 0.78885, 0.01787, 0.05614, 0.11469, 0.84919, 0.73096, 0.73772, 0.78854, 0.01339, 0.89458, 0.84069, 0.39323, 0.8823, 0.82334, 0.44813, 0.03976, 0.43326, 0.63793, 0.36055, 0.02181, 0.81718, 0.02644, 0.30131, 0.27596, 0.29004, 0.23383, 0.89001, 0.35975, 0.04662, 0.04656, 0.87431, 0.2087, 0.83507, 0.36082, 0.7189, 0.88019, 0.24698, 0.02908, 0.43591, 0.70511, 0.83994, 0.00954, 0.87342, 0.94611, 0.43546, 0.55383, 0.02443, 0.73507, 0.52221, 0.64592, 0.86741, 0.08392, 0.66273, 0.25695, 0.83142, 0.04944, 0.06738, 0.90335, 0.05212, 0.8942, 0.04135, 0.8372, 0.38958, 0.87661, 0.56927, 0.60591, 0.52763, 0.24141, 0.48256, 0.71357, 0.78442, 0.81416, 0.77708, 0.28978, 0.62687, 0.53581, 0.89218, 0.19086, 0.03183, 0.43536, 0.75933, 0.2478, 0.77187, 0.87855, 0.34406, 0.07036, 0.82075, 0.03947, 0.02072, 0.30793, 0.40794, 0.40131, 0.68032, 0.20466, 0.01466, 0.71024, 0.04408, 0.87004, 0.07208, 0.05676, 0.19787, 0.8875, 0.87155, 0.63393, 0.14744, 0.03003, 0.84859, 0.01372, 0.58822, 0.81632, 0.45852, 0.20529, 0.67618, 0.01913, 0.09065, 0.86538, 0.05208, 0.55977, 0.76965, 0.00838, 0.14732, 0.03409, 0.27718, 0.87207, 0.08692, 0.9299, 0.89129, 0.33259, 0.08305, 0.08485, 0.60476, 0.3526, 0.06647, 0.93092, 0.46271, 0.14717, 0.16999, 0.0099, 0.90494, 0.7651, 0.8996, 0.16216, 0.06188, 0.84874, 0.26546, 0.14793, 0.51536, 0.87536, 0.83839, 0.60421, 0.14732, 0.02895, 0.04778, 0.24218, 0.84541, 0.70287, 0.02506, 0.89269, 0.1837, 0.13815, 0.18874, 0.92264, 0.48432, 0.24079, 0.92215, 0.05519, 0.382, 0.63036, 0.88188, 0.47291, 0.14005, 0.91536, 0.89808, 0.01862, 0.08973, 0.06163, 0.90695, 0.4172, 0.09983, 0.76724, 0.06473, 0.13833, 0.17141, 0.69754, 0.20226, 0.56013, 0.20981, 0.45819, 0.72854, 0.90233, 0.08114, 0.00827, 0.03769, 0.80996, 0.2632, 0.53151, 0.43048, 0.79136, 0.78941, 0.21095, 0.02148, 0.53264, 0.60508, 0.55689, 0.79816, 0.18727, 0.47513, 0.77201, 0.63282, 0.10098, 0.34843, 0.94419, 0.69498, 0.65019, 0.79267, 0.9203, 0.87471, 0.82951, 0.6658, 0.6733, 0.22888, 0.43074, 0.14796, 0.08502, 0.44767, 0.83988, 0.80419, 0.44981, 0.65906, 0.01515, 0.41152, 0.76583, 0.66246, 0.59974, 0.0348, 0.03337, 0.8096, 0.69772, 0.54662, 0.83736, 0.03376, 0.0085, 0.33957, 0.1368, 0.79463, 0.18867, 0.86475, 0.04028, 0.78047, 0.78531, 0.84324, 0.64541, 0.61611, 0.86078, 0.68597, 0.60941, 0.15746, 0.76835, 0.6507, 0.75943, 0.85156, 0.81914, 0.34661, 0.45158, 0.88913, 0.8611, 0.01494, 0.88708, 0.02599, 0.93109, 0.51093, 0.62715, 0.62291, 0.1754, 0.08244, 0.74575, 0.1683, 0.5068, 0.90315, 0.11685, 0.40734, 0.07467, 0.46211, 0.51592, 0.37587, 0.60163, 0.3782, 0.82323, 0.04046, 0.77966, 0.56866, 0.15061, 0.24097, 0.27555, 0.10828, 0.89065, 0.70162, 0.87355, 0.04602, 0.07124, 0.74901, 0.54791, 0.50151, 0.1842, 0.03083, 0.07503, 0.1325, 0.92071, 0.02763, 0.89516, 0.93089, 0.68225, 0.10627, 0.68716, 0.76941, 0.1688, 0.10304, 0.55871, 0.86532, 0.79865, 0.84465, 0.38973, 0.51139, 0.5838, 0.82305, 0.02923, 0.11115, 0.16892, 0.88551, 0.67731, 0.03386, 0.80938, 0.73498, 0.79467, 0.21204, 0.05725, 0.40541, 0.89174, 0.07302, 0.02972, 0.85007, 0.10055, 0.94479, 0.83612, 0.54947, 0.89345, 0.3059, 0.03454, 0.81135, 0.76368, 0.68826, 0.68189, 0.14206, 0.25049, 0.17636, 0.80554, 0.68198, 0.74294, 0.40086, 0.22397, 0.01347, 0.1273, 0.23097, 0.04454, 0.0367, 0.84573, 0.13876, 0.63495, 0.78481, 0.31676, 0.24371, 0.41616, 0.53625, 0.05732, 0.75815, 0.34677, 0.02418, 0.85567, 0.8461, 0.85988, 0.70654, 0.48026, 0.58888, 0.61309, 0.14571, 0.92618, 0.89605, 0.14385, 0.02057, 0.91627, 0.40413, 0.92033, 0.13327, 0.14608, 0.79182, 0.73502, 0.85386, 0.01338, 0.16692, 0.84739, 0.65962, 0.93232, 0.57591, 0.54705, 0.71335, 0.70027, 0.08593, 0.0421, 0.90713, 0.0384, 0.01573, 0.15945, 0.27191, 0.75177, 0.04069, 0.79896, 0.72666, 0.56795, 0.78731, 0.17476, 0.86338, 0.3275, 0.06885, 0.82728, 0.89648, 0.1818, 0.03079, 0.56798, 0.50591, 0.34747, 0.39011, 0.45066, 0.88882, 0.89939, 0.42029, 0.07353, 0.09414, 0.07937, 0.02121, 0.69594, 0.56236, 0.7786, 0.15629, 0.17605, 0.81268, 0.93387, 0.20868, 0.87051, 0.08778, 0.24766, 0.56857, 0.19398, 0.64895, 0.82382, 0.16858, 0.83477, 0.78171, 0.91442, 0.78733, 0.91543, 0.61774, 0.66869, 0.77854, 0.17965, 0.44088, 0.71716, 0.80518, 0.83378, 0.08317, 0.88023, 0.09171, 0.32618, 0.12241, 0.02437, 0.82446, 0.43825, 0.54945, 0.59934, 0.90414, 0.7038, 0.88353, 0.48947, 0.01287, 0.86871, 0.08778, 0.3178, 0.75955, 0.02019, 0.93693, 0.89804, 0.0927, 0.87604, 0.89056, 0.85835, 0.44711, 0.05101, 0.08719, 0.14885, 0.09339, 0.22742, 0.06677, 0.70183, 0.9015, 0.37232, 0.10957, 0.4739, 0.28016, 0.60498, 0.74209, 0.88887, 0.82361, 0.72041, 0.90743, 0.21274, 0.81247, 0.6751, 0.3928, 0.12817, 0.01528, 0.85673, 0.06709, 0.09707, 0.92825, 0.08978, 0.85184, 0.28409, 0.06158, 0.01217, 0.87019, 0.78129, 0.72253, 0.48395, 0.0221, 0.82613, 0.19402, 0.89325, 0.87416, 0.0219, 0.89503, 0.37855, 0.11375, 0.70544, 0.87841, 0.70176, 0.54015, 0.01563, 0.80376, 0.90257, 0.84907, 0.88887, 0.0723, 0.06207, 0.70803, 0.8351, 0.22495, 0.2303, 0.00768, 0.88627, 0.89186, 0.84266, 0.86318, 0.12049, 0.13764, 0.01574, 0.64996, 0.61593, 0.55706, 0.04741, 0.7309, 0.7433, 0.87874, 0.02179, 0.8491, 0.76025, 0.10451, 0.11081, 0.6142, 0.883, 0.08146, 0.94404, 0.73133, 0.53137, 0.90044, 0.01871, 0.90189, 0.03108, 0.55104, 0.89631, 0.4414, 0.63853, 0.18629, 0.11682, 0.07296, 0.47484, 0.78977, 0.05852, 0.08151, 0.09942, 0.55686, 0.59929, 0.504, 0.42574, 0.75406, 0.83877, 0.44741, 0.79712, 0.30237, 0.75242, 0.03024, 0.07107, 0.06372, 0.03496, 0.86651, 0.04743, 0.92434, 0.71686, 0.71146, 0.06217, 0.93746, 0.07583, 0.7427, 0.75866, 0.88638, 0.50381, 0.12428, 0.06932, 0.36575, 0.74679, 0.30491, 0.83171, 0.00755, 0.87049, 0.72491, 0.29896, 0.88924, 0.08558, 0.61135, 0.10569, 0.70396, 0.02852, 0.73256, 0.20967, 0.954, 0.86955, 0.90015, 0.82855, 0.08284, 0.36972, 0.80758, 0.84127, 0.2645, 0.08308, 0.84027, 0.38111, 0.18642, 0.04498, 0.78748, 0.85473, 0.08814, 0.65434, 0.66351, 0.8912, 0.04644, 0.08567, 0.0409, 0.04801, 0.91826, 0.17783, 0.53213, 0.0618, 0.7695, 0.02649, 0.32329, 0.16616, 0.73973, 0.58054, 0.7081, 0.8602, 0.08866, 0.05454, 0.91324, 0.60449, 0.79251, 0.79927, 0.0681, 0.07366, 0.18408, 0.32052, 0.72858, 0.87568, 0.08727, 0.72006, 0.87317, 0.05581, 0.12601, 0.89167, 0.49983, 0.6535, 0.54402, 0.79194, 0.06489, 0.82751, 0.04671, 0.46239, 0.46519, 0.86541, 0.4103, 0.51459, 0.87441, 0.67103, 0.16469, 0.82075, 0.88278, 0.81831, 0.08031, 0.26924, 0.8046, 0.07907, 0.05125, 0.85698, 0.54147, 0.88685, 0.68521, 0.67481, 0.94368, 0.77808, 0.08714, 0.16832, 0.87693, 0.46604, 0.11382, 0.11639, 0.89749, 0.31956, 0.79563, 0.47421, 0.78574, 