{"model": "ai4bharat/indic-bert", "dataset": "dravidian_malayalam", "train_config": "supcon", "seed": 42, "thr_cal": 0.3230591848492622, "metrics_05": {"macro": 0.4920419911953945, "toxf1": 0.0, "prec": 0.0, "rec": 0.0, "prauc": 0.04257161516892911, "ece": 0.17359781750043232, "covert": 0.0}, "metrics_cal": {"macro": 0.5152543937838923, "toxf1": 0.061855670103092786, "prec": 0.06, "rec": 0.06382978723404255, "prauc": 0.04257161516892911, "ece": 0.17359781750043232, "covert": 0.14285714285714285}, "probs": [0.27815, 0.14587, 0.17603, 0.10633, 0.27345, 0.24456, 0.1794, 0.17046, 0.24486, 0.23865, 0.25216, 0.28037, 0.26391, 0.20402, 0.28885, 0.24653, 0.12283, 0.13808, 0.2223, 0.11194, 0.33776, 0.21318, 0.18707, 0.28274, 0.26839, 0.15747, 0.1923, 0.19172, 0.25884, 0.27801, 0.15965, 0.12832, 0.31865, 0.25502, 0.31563, 0.15921, 0.13028, 0.2816, 0.19695, 0.12505, 0.24864, 0.13041, 0.3474, 0.28876, 0.18479, 0.15972, 0.19684, 0.26987, 0.1019, 0.27165, 0.19529, 0.28437, 0.24807, 0.16031, 0.24254, 0.25968, 0.13846, 0.15995, 0.25394, 0.08991, 0.12368, 0.17461, 0.1234, 0.10785, 0.13501, 0.13649, 0.32662, 0.0954, 0.26251, 0.15114, 0.06449, 0.23702, 0.15495, 0.21102, 0.12272, 0.23439, 0.23208, 0.15996, 0.17784, 0.27122, 0.15925, 0.22205, 0.21932, 0.20331, 0.20652, 0.24561, 0.11118, 0.25132, 0.11993, 0.26264, 0.20659, 0.14768, 0.32041, 0.25182, 0.14328, 0.33739, 0.30626, 0.14331, 0.06807, 0.25831, 0.10153, 0.20022, 0.28003, 0.20527, 0.22504, 0.13903, 0.2031, 0.16682, 0.25263, 0.24558, 0.14872, 0.14688, 0.25706, 0.18617, 0.10016, 0.13166, 0.34755, 0.27428, 0.22097, 0.16608, 0.24946, 0.27036, 0.24705, 0.22387, 0.19824, 0.30334, 0.20383, 0.14771, 0.32058, 0.16436, 0.29832, 0.12239, 0.19976, 0.29154, 0.08709, 0.11931, 0.26634, 0.18934, 0.32387, 0.14801, 0.12677, 0.30764, 0.24891, 0.29147, 0.2224, 0.27827, 0.16684, 0.16519, 0.23655, 0.28775, 0.25921, 0.15218, 0.1425, 0.23474, 0.23078, 0.18789, 0.2599, 0.23897, 0.23964, 0.14145, 0.30671, 0.16811, 0.14727, 0.19434, 0.18936, 0.12523, 0.25798, 0.20299, 0.0717, 0.1906, 0.17007, 0.28213, 0.13677, 0.12681, 0.2778, 0.36438, 0.34722, 0.28703, 0.31969, 0.31721, 0.09644, 0.1492, 0.24016, 0.16005, 0.21834, 0.15208, 0.29202, 0.15248, 0.08736, 0.34001, 0.1455, 0.26082, 0.18533, 0.21119, 0.10183, 0.13886, 0.26806, 0.2344, 0.18665, 0.13626, 0.20026, 0.13494, 0.12208, 0.2734, 0.12445, 0.27719, 0.18392, 0.11326, 0.10185, 0.24069, 0.11169, 0.26745, 0.19496, 0.30144, 0.2495, 0.15174, 0.3573, 0.26047, 0.18675, 0.13332, 0.17613, 0.35565, 0.34216, 0.3047, 0.18663, 0.24351, 0.18951, 0.13699, 0.14078, 0.12608, 0.30664, 0.17215, 0.21512, 0.15972, 0.30722, 0.13457, 0.27431, 0.30514, 0.06507, 0.09779, 0.09327, 0.14979, 0.12908, 0.27804, 0.26831, 0.30975, 0.17719, 0.23582, 0.17221, 0.28895, 0.25613, 0.32216, 0.28336, 0.27338, 0.25078, 0.2325, 0.24804, 0.13195, 0.18214, 0.14226, 0.11652, 0.27929, 0.21685, 0.2968, 0.0732, 0.30187, 0.25545, 0.14345, 0.18972, 0.25489, 0.19547, 0.12718, 0.20373, 0.22441, 0.14274, 0.10164, 0.24281, 0.27792, 0.32839, 0.1196, 0.13966, 0.14194, 0.1401, 0.14744, 0.23597, 0.36591, 0.27998, 0.12259, 0.26893, 0.0811, 0.27662, 0.20573, 0.21931, 0.14023, 0.13729, 0.20687, 0.17933, 0.23815, 0.16021, 0.26954, 0.32284, 0.23095, 0.09068, 0.17762, 0.27588, 0.26498, 0.2794, 0.31127, 0.25344, 0.25513, 0.3016, 0.332, 0.26726, 0.18932, 0.24462, 0.25238, 0.18539, 0.25753, 0.1667, 0.17888, 0.19009, 0.29918, 0.27403, 0.07268, 0.25687, 0.18312, 0.22205, 0.28389, 0.11091, 0.24721, 0.3135, 0.09978, 0.12779, 0.19491, 0.2865, 0.19964, 0.16049, 0.2471, 0.22565, 0.18107, 0.35991, 0.10413, 0.21531, 0.24336, 0.18756, 0.2888, 0.14943, 0.26222, 0.20014, 0.21486, 0.10104, 0.1782, 0.31741, 0.27839, 0.12666, 0.28676, 0.30196, 0.23666, 0.26134, 0.28265, 0.29983, 0.13401, 0.17024, 0.19295, 0.09447, 0.27496, 0.11084, 0.14002, 0.11448, 0.13903, 0.14405, 0.1379, 0.27712, 0.2153, 0.09803, 0.3135, 0.26463, 0.22082, 0.17056, 0.28126, 0.14925, 0.27618, 0.23919, 0.14749, 0.24688, 0.11843, 0.26773, 0.29742, 0.0968, 0.10223, 0.10481, 0.0966, 0.21423, 0.1587, 0.24695, 0.33214, 0.11361, 0.18539, 0.25831, 0.15026, 0.08499, 0.24744, 0.22608, 0.2729, 0.24016, 0.21167, 0.17679, 0.13166, 0.13892, 0.14142, 0.11577, 0.16593, 0.31885, 0.15532, 0.11533, 0.09125, 0.145, 0.2423, 0.27466, 0.2008, 0.27268, 0.29872, 0.24493, 0.15466, 0.1548, 0.3234, 0.14829, 0.27866, 0.27539, 0.10358, 0.19473, 0.09817, 0.13638, 0.25147, 0.13964, 0.08833, 0.34363, 0.31119, 0.14352, 0.23386, 0.09269, 0.08404, 0.2545, 0.12716, 0.32232, 0.14028, 0.29204, 0.31615, 0.19807, 0.25086, 0.1308, 0.21416, 0.21343, 0.15462, 0.16884, 0.32534, 0.27428, 0.11448, 0.26926, 0.15331, 0.21072, 0.11662, 0.25708, 0.24028, 0.21048, 0.13665, 0.25215, 0.11012, 0.08554, 0.20068, 0.13457, 0.13003, 0.14733, 0.28997, 0.14457, 0.18881, 0.26173, 0.13544, 0.2034, 0.12745, 0.11514, 0.15478, 0.26326, 0.14, 0.20256, 0.13349, 0.15795, 0.21453, 0.11655, 0.18799, 0.31843, 0.1773, 0.16608, 0.14979, 0.29788, 0.24808, 0.18161, 0.22227, 0.08279, 0.19581, 0.23485, 0.22551, 0.17786, 0.18017, 0.10787, 0.23254, 0.08571, 0.20453, 0.13718, 0.23605, 0.10026, 0.18142, 0.23798, 0.27599, 0.21369, 0.13858, 0.17727, 0.16716, 0.35726, 0.17242, 0.18277, 0.08165, 0.27353, 0.18739, 0.15961, 0.08296, 0.15452, 0.1662, 0.17662, 0.26308, 0.26228, 0.27892, 0.27683, 0.16173, 0.18196, 0.08706, 0.13257, 0.31152, 0.21389, 0.28878, 0.21054, 0.17069, 0.16036, 0.23548, 0.17552, 0.12831, 0.17562, 0.26539, 0.14976, 0.16798, 0.23516, 0.14921, 0.22108, 0.30175, 0.24672, 0.16492, 0.14408, 0.26862, 0.2849, 0.28548, 0.29033, 0.21985, 0.14382, 0.13049, 0.20546, 0.13193, 0.0906, 0.1157, 0.20245, 0.23108, 0.26668, 0.09007, 0.2344, 0.29382, 0.25133, 0.30509, 0.23107, 0.14212, 0.1101, 0.32745, 0.243, 0.24685, 0.18049, 0.30499, 0.10217, 0.11328, 0.17777, 0.15773, 0.17396, 0.11025, 0.11383, 0.15584, 0.11728, 0.25675, 0.17287, 0.20077, 0.26607, 0.14624, 0.1308, 0.27929, 0.30053, 0.2408, 0.27307, 0.08518, 0.19635, 0.24584, 0.16801, 0.2826, 0.17035, 0.117, 0.11724, 0.08143, 0.17808, 0.11524, 0.1112, 0.31398, 0.10892, 0.27854, 0.26048, 0.1651, 0.26839, 0.26783, 0.35196, 0.16533, 0.09108, 0.15324, 0.25218, 0.23245, 0.17768, 0.10197, 0.23922, 0.32088, 0.23354, 0.19415, 0.3073, 0.1426, 0.33651, 0.13927, 0.23026, 0.30366, 0.29917, 0.27079, 0.13114, 0.27987, 0.19968, 0.17012, 0.12529, 0.25143, 0.1677, 0.12659, 0.12783, 0.29392, 0.28458, 0.20901, 0.11316, 0.09363, 0.17941, 0.23073, 0.28448, 0.1674, 0.10719, 0.17902, 0.21551, 0.11372, 0.21656, 0.24661, 0.28637, 0.25412, 0.18963, 0.28216, 0.16779, 0.20607, 0.20468, 0.35681, 0.24493, 0.30141, 0.22389, 0.29906, 0.21961, 0.28036, 0.26415, 0.19869, 0.21874, 0.2367, 0.15665, 0.14281, 0.17679, 0.17479, 0.15781, 0.28737, 0.25718, 0.22363, 0.08161, 0.24068, 0.2514, 0.10936, 0.26146, 0.20107, 0.21211, 0.13728, 0.28397, 0.18451, 0.18348, 0.31962, 0.13502, 0.29296, 0.10647, 0.29572, 0.19024, 0.2867, 0.29906, 0.13627, 0.25645, 0.12078, 0.10924, 0.23628, 0.17767, 0.13969, 0.22627, 0.23644, 0.15734, 0.18225, 0.07289, 0.24195, 0.11623, 0.11906, 0.16901, 0.15234, 0.28713, 0.22738, 0.25153, 0.30601, 0.28595, 0.11799, 0.24638, 0.18936, 0.37536, 0.11534, 0.17615, 0.16292, 0.18568, 0.3058, 0.28715, 0.33801, 0.30424, 0.12375, 0.13153, 0.28314, 0.30529, 0.20816, 0.14054, 0.26022, 0.22192, 0.30846, 0.2829, 0.27888, 0.32189, 0.311, 0.30111, 0.32836, 0.17514, 0.23222, 0.2958, 0.12017, 0.14002, 0.23074, 0.14997, 0.11721, 0.25718, 0.15817, 0.21014, 0.14905, 0.23445, 0.17909, 0.29983, 0.17827, 0.30966, 0.19161, 0.11518, 0.20381, 0.14161, 0.27403, 0.30454, 0.11992, 0.20892, 0.09142, 0.21961, 0.2495, 0.10481, 0.12482, 0.19133, 0.20105, 0.07515, 0.10343, 0.155, 0.1753, 0.15302, 0.13261, 0.28415, 0.14081, 0.26465, 0.24045, 0.29274, 0.18248, 0.27438, 0.09692, 0.28645, 0.13328, 0.32192, 0.10015, 0.16991, 0.31742, 0.12803, 0.33648, 0.23245, 0.22251, 0.22256, 0.18486, 0.13638, 0.23365, 0.11609, 0.27917, 0.28666, 0.27764, 0.23154, 0.14116, 0.30557, 0.29567, 0.2152, 0.09586, 0.10797, 0.12029, 0.23962, 0.2885, 0.08298, 0.21716, 0.15789, 0.2732, 0.13465, 0.24727, 0.36237, 0.27852, 