{"model": "ai4bharat/indic-bert", "dataset": "dravidian_kannada", "train_config": "hardneg", "seed": 42, "thr_cal": 0.41937248408794403, "metrics_05": {"macro": 0.7141301264961144, "toxf1": 0.5770491803278689, "prec": 0.6068965517241379, "rec": 0.55, "prauc": 0.6575923874974722, "ece": 0.06486036689513372, "covert": 0.7712418300653595}, "metrics_cal": {"macro": 0.724624060150376, "toxf1": 0.6071428571428571, "prec": 0.5795454545454546, "rec": 0.6375, "prauc": 0.6575923874974722, "ece": 0.06486036689513372, "covert": 0.7901234567901234}, "probs": [0.01549, 0.60441, 0.28418, 0.02251, 0.5717, 0.09061, 0.05101, 0.01904, 0.03842, 0.04517, 0.26646, 0.02475, 0.01542, 0.51868, 0.12438, 0.00829, 0.41918, 0.85114, 0.00774, 0.33475, 0.05845, 0.10354, 0.47236, 0.54409, 0.98288, 0.62579, 0.97159, 0.04658, 0.79508, 0.08654, 0.9877, 0.6855, 0.01393, 0.13269, 0.61808, 0.01408, 0.40494, 0.00885, 0.32988, 0.13135, 0.74506, 0.00525, 0.48596, 0.20549, 0.27211, 0.37119, 0.03329, 0.02701, 0.0476, 0.01833, 0.6823, 0.21986, 0.04448, 0.3768, 0.04759, 0.7754, 0.00303, 0.17607, 0.09656, 0.39039, 0.03351, 0.10399, 0.50439, 0.30768, 0.00548, 0.08311, 0.18647, 0.13101, 0.77019, 0.9708, 0.40608, 0.02047, 0.13656, 0.61201, 0.15023, 0.0184, 0.16351, 0.14105, 0.79784, 0.59127, 0.07558, 0.57844, 0.02109, 0.37556, 0.29396, 0.01015, 0.60246, 0.01268, 0.45706, 0.00259, 0.00995, 0.01467, 0.0056, 0.68178, 0.64189, 0.04398, 0.02419, 0.01945, 0.03014, 0.03683, 0.00972, 0.2006, 0.06363, 0.82571, 0.54343, 0.04361, 0.66734, 0.19178, 0.15459, 0.35263, 0.20089, 0.10279, 0.00324, 0.01683, 0.04588, 0.05116, 0.01393, 0.35441, 0.13988, 0.19786, 0.02429, 0.01491, 0.51952, 0.85791, 0.1841, 0.01397, 0.03329, 0.17428, 0.02177, 0.08507, 0.90692, 0.00926, 0.27075, 0.2094, 0.23155, 0.25641, 0.01531, 0.96478, 0.02419, 0.73062, 0.2781, 0.3294, 0.62542, 0.77125, 0.67637, 0.46644, 0.13572, 0.85922, 0.79449, 0.04549, 0.01461, 0.12201, 0.75309, 0.59163, 0.25661, 0.68351, 0.01859, 0.62566, 0.0149, 0.56179, 0.18781, 0.02198, 0.0611, 0.03625, 0.07831, 0.01427, 0.12023, 0.48961, 0.40653, 0.65678, 0.02276, 0.93825, 0.00648, 0.27244, 0.9777, 0.01775, 0.03329, 0.1191, 0.06726, 0.26559, 0.05975, 0.02695, 0.03329, 0.94997, 0.68312, 0.31417, 0.79433, 0.00351, 0.01957, 0.0071, 0.20207, 0.47569, 0.13787, 0.03329, 0.0737, 0.9074, 0.44988, 0.44196, 0.22784, 0.17559, 0.01066, 0.01452, 0.01649, 0.05759, 0.12395, 0.08568, 0.27655, 0.02911, 0.91264, 0.01944, 0.83534, 0.56707, 0.04999, 0.06186, 0.03209, 0.00551, 0.93257, 0.0364, 0.01013, 0.01415, 0.00486, 0.09178, 0.00506, 0.03097, 0.36755, 0.39656, 0.00721, 0.01236, 0.01819, 0.05143, 0.00816, 0.21273, 0.01245, 0.10614, 0.18002, 0.42776, 0.99209, 0.34507, 0.02947, 0.01697, 0.29619, 0.03329, 0.2752, 0.98762, 0.81096, 0.05338, 0.02478, 0.29327, 0.08755, 0.73402, 0.71765, 0.23526, 0.02985, 0.65719, 0.0303, 0.30805, 0.47888, 0.04557, 0.27875, 0.06148, 0.27031, 0.54343, 0.44077, 0.38312, 0.10659, 0.09655, 0.03329, 0.10289, 0.03777, 0.04653, 0.01128, 0.00707, 0.04674, 0.49151, 0.00435, 0.11657, 0.344, 0.02788, 0.88884, 0.85653, 0.01504, 0.56835, 0.7897, 0.58316, 0.56343, 0.10487, 0.034, 0.52494, 0.01349, 0.12918, 0.23798, 0.00411, 0.00958, 0.51611, 0.0577, 0.03329, 0.5627, 0.42386, 0.13225, 0.05983, 0.02582, 0.11327, 0.02144, 0.23912, 0.05732, 0.04985, 0.0253, 0.03329, 0.11876, 0.04843, 0.70686, 0.06294, 0.00525, 0.41744, 0.69342, 0.54502, 0.01901, 0.55007, 0.19051, 0.10932, 0.25019, 0.30161, 0.09099, 0.12014, 0.63762, 0.02986, 0.48479, 0.00926, 0.37021, 0.89682, 0.00633, 0.31762, 0.04267, 0.31369, 0.0278, 0.05746, 0.03608, 0.32907, 0.01064, 0.06261, 0.32886, 0.19179, 0.65281, 0.01541, 0.0202, 0.32907, 0.9227, 0.49039, 0.03329, 0.59077, 0.01016, 0.05235, 0.73616, 0.2116, 0.13536, 0.47935, 0.40016, 0.49782, 0.15405, 0.01879, 0.22278, 0.01945, 0.23659, 0.34458, 0.03235, 0.00604, 0.78186, 0.2775, 0.01001, 0.46532, 0.99061, 0.01188, 0.1889, 0.03329, 0.02449, 0.03448, 0.00275, 0.59625, 0.93834, 0.00817, 0.40857, 0.28092, 0.1374, 0.47684, 0.0381, 0.05826, 0.0078, 0.03596, 0.30541, 0.20123, 0.28263, 0.00796, 0.00697, 0.04454, 0.00868, 0.01951, 0.67903, 0.32805, 0.17889, 0.77079, 0.10906, 0.1306, 0.15375, 0.81199, 0.0302, 0.00871, 0.03817, 0.99284, 0.04636, 0.1044, 0.17859, 0.03195, 0.24192, 0.00552, 0.50318, 0.44841, 0.04056, 0.19626, 0.00594, 0.6123, 0.0622, 0.82116, 0.24033, 0.00822, 0.51849, 0.50541, 0.0947, 0.59798, 0.97301, 0.00709, 0.03385, 0.10176, 0.0202, 0.12356, 0.05507, 0.95195, 0.83648, 0.00809, 0.94305, 0.01133, 0.0316, 0.60662, 0.01552, 0.02884, 0.91898, 0.94712, 0.00883, 0.80105, 0.76163, 0.51709, 0.43654, 0.02049, 0.05182, 0.00763, 0.45062, 0.48925, 0.11293, 0.0471, 0.00975, 0.00466, 0.29056, 0.00403, 0.00408, 0.01013, 0.17667, 0.64898, 0.17701, 0.53469, 0.85759, 0.82113, 0.51023, 0.11113, 0.15641, 0.01931, 0.52853, 0.00637, 0.51061, 0.1538, 0.00764, 0.0076, 0.72439, 0.25183, 0.01842, 0.45664, 0.73879, 0.44971, 0.92327, 0.57494, 0.0347, 0.01793, 0.00746, 0.11035, 0.48967, 0.91013, 0.00944, 0.73364, 0.59921, 0.02874, 0.65796, 0.1405, 0.01904, 0.00902, 0.2461, 0.008, 0.00105, 0.76313, 0.02566, 0.06375, 0.11613, 0.87153, 0.00559, 0.973, 0.03831, 0.07561, 0.00703, 0.71235, 0.90284, 0.58546, 0.00655, 0.54896, 0.02774, 0.8065, 0.10354, 0.01332, 0.72373, 0.78101, 0.03329, 0.23059, 0.13122, 0.21379, 0.0556, 0.59582, 0.14725, 0.00804, 0.7815, 0.03329, 0.47997, 0.1467, 0.03676, 0.59771, 0.3427, 0.33535, 0.80291, 0.67874, 0.10764, 0.07673, 0.46704, 0.42846, 0.11118, 0.00716, 0.93853, 0.00945, 0.04457, 0.30614, 0.0027, 0.85416, 0.00451, 0.72942, 0.63419, 0.08702, 0.00454, 0.68816, 0.04313, 0.25352, 0.5019, 0.37052, 0.18281, 0.07372, 0.43815, 0.15522, 0.90909, 0.5852, 0.71277, 0.74681, 0.25533, 0.02838, 0.27363, 0.05715, 0.07925, 0.22617, 0.4741, 0.00413, 0.14439, 0.26371, 0.00685, 0.52089], "labels": [0, 0, 0, 0, 0, 0, 0, 0, 0, 0, 0, 0, 0, 0, 1, 0, 0, 1, 0, 0, 0, 0, 0, 1, 1, 1, 1, 1, 1, 0, 1, 0, 1, 1, 1, 0, 1, 0, 0, 1, 0, 0, 1, 0, 0, 0, 0, 0, 0, 1, 0, 0, 0, 1, 0, 0, 0, 0, 1, 0, 0, 0, 0, 1, 0, 0, 0, 0, 1, 1, 1, 0, 0, 0, 0, 1, 0, 0, 0, 1, 0, 1, 1, 0, 0, 0, 1, 0, 1, 0, 0, 0, 0, 0, 0, 0, 0, 1, 0, 0, 0, 1, 0, 1, 0, 0, 1, 0, 0, 0, 0, 0, 0, 0, 0, 0, 0, 0, 1, 0, 0, 0, 1, 1, 0, 0, 0, 0, 0, 0, 0, 0, 0, 1, 1, 0, 0, 1, 0, 0, 0, 0, 1, 1, 1, 0, 0, 0, 1, 0, 0, 0, 0, 0, 0, 1, 0, 0, 0, 1, 1, 1, 0, 1, 0, 0, 0, 0, 0, 0, 0, 1, 0, 0, 1, 0, 0, 0, 0, 0, 0, 0, 0, 0, 1, 0, 0, 0, 0, 0, 0, 1, 0, 1, 0, 1, 1, 0, 0, 0, 0, 0, 0, 0, 1, 1, 0, 0, 1, 0, 1, 0, 1, 0, 0, 0, 1, 0, 0, 0, 1, 0, 0, 0, 1, 0, 0, 0, 0, 0, 0, 0, 0, 0, 0, 1, 1, 0, 0, 0, 0, 0, 0, 1, 1, 0, 0, 0, 0, 0, 0, 0, 0, 1, 0, 0, 0, 0, 1, 0, 1, 0, 0, 0, 0, 0, 0, 0, 0, 0, 0, 0, 0, 1, 0, 0, 0, 0, 1, 1, 0, 1, 1, 0, 0, 1, 0, 1, 0, 0, 1, 0, 0, 1, 0, 0, 0, 1, 0, 0, 0, 0, 0, 0, 0, 0, 0, 1, 0, 0, 0, 0, 0, 0, 1, 1, 0, 0, 0, 0, 1, 1, 0, 0, 1, 0, 1, 0, 1, 1, 0, 0, 0, 0, 0, 0, 0, 1, 0, 0, 0, 0, 0, 0, 0, 0, 1, 0, 0, 0, 0, 0, 1, 0, 0, 1, 0, 1, 0, 0, 1, 0, 0, 0, 0, 0, 1, 0, 0, 1, 1, 0, 0, 0, 0, 0, 0, 1, 1, 0, 1, 0, 0, 1, 1, 1, 0, 0, 1, 1, 0, 0, 0, 0, 0, 0, 0, 0, 0, 1, 1, 1, 0, 1, 0, 0, 0, 1, 0, 0, 0, 0, 0, 0, 0, 0, 0, 1, 0, 1, 0, 0, 1, 0, 0, 0, 1, 1, 1, 0, 0, 0, 0, 0, 0, 1, 1, 0, 1, 0, 0, 0, 0, 0, 1, 1, 0, 1, 0, 1, 0, 0, 0, 0, 0, 0, 0, 0, 0, 0, 0, 0, 0, 0, 0, 0, 0, 1, 0, 1, 0, 0, 1, 1, 1, 0, 0, 1, 0, 0, 1, 1, 0, 0, 1, 0, 1, 1, 0, 0, 0, 0, 1, 1, 0, 1, 0, 0, 1, 0, 0, 0, 0, 0, 0, 0, 0, 0, 0, 1, 0, 1, 0, 0, 0, 1, 0, 1, 0, 0, 0, 1, 0, 0, 0, 0, 0, 0, 0, 0, 0, 0, 0, 0, 1, 0, 0, 1, 1, 1, 0, 0, 0, 1, 0, 0, 0, 1, 0, 1, 1, 0, 0, 0, 0, 1, 0, 0, 0, 0, 0, 0, 0, 1, 1, 1, 1, 0, 0, 0, 1, 1, 0, 0, 0, 0, 0, 0, 0, 0, 0, 0, 0, 1, 0, 1], "n": {"train": 3400, "val": 600, "test": 586, "toxic_frac": 0.23911764705882352}}