{"model": "ai4bharat/indic-bert", "dataset": "dravidian_malayalam", "train_config": "supcon", "seed": 123, "thr_cal": 0.6254710763692856, "metrics_05": {"macro": 0.4878808725812752, "toxf1": 0.10242587601078167, "prec": 0.05864197530864197, "rec": 0.40425531914893614, "prauc": 0.058678171578387214, "ece": 0.27588125333189967, "covert": 0.2}, "metrics_cal": {"macro": 0.5100655979717723, "toxf1": 0.10276679841897234, "prec": 0.06310679611650485, "rec": 0.2765957446808511, "prauc": 0.058678171578387214, "ece": 0.27588125333189967, "covert": 0.12987012987012986}, "probs": [0.37963, 0.16394, 0.14377, 0.19465, 0.30565, 0.66703, 0.16471, 0.15148, 0.69752, 0.16359, 0.19124, 0.45456, 0.68332, 0.1516, 0.249, 0.17228, 0.14113, 0.21559, 0.50977, 0.13375, 0.56239, 0.20055, 0.70538, 0.25394, 0.14819, 0.17215, 0.1935, 0.14082, 0.38862, 0.69984, 0.68194, 0.21499, 0.55678, 0.15885, 0.58344, 0.16358, 0.19412, 0.68967, 0.16058, 0.15569, 0.36322, 0.21338, 0.64783, 0.60178, 0.26024, 0.18319, 0.65895, 0.66709, 0.19618, 0.355, 0.13761, 0.58757, 0.16553, 0.69181, 0.1551, 0.18715, 0.18217, 0.20351, 0.30117, 0.17392, 0.18205, 0.14556, 0.21555, 0.19802, 0.19152, 0.25812, 0.57705, 0.17896, 0.17748, 0.17626, 0.22068, 0.14358, 0.18135, 0.1912, 0.23328, 0.21526, 0.17899, 0.16942, 0.14018, 0.61654, 0.19253, 0.15321, 0.14053, 0.16636, 0.14496, 0.59729, 0.18605, 0.16808, 0.20184, 0.65561, 0.17181, 0.14538, 0.61108, 0.6623, 0.19109, 0.67284, 0.45746, 0.1252, 0.17737, 0.18845, 0.18874, 0.16139, 0.35665, 0.18996, 0.18007, 0.26295, 0.13782, 0.23034, 0.69728, 0.22357, 0.17127, 0.22166, 0.18234, 0.15746, 0.17881, 0.19142, 0.60428, 0.14723, 0.13323, 0.16414, 0.27772, 0.21048, 0.59427, 0.28673, 0.67789, 0.5432, 0.70414, 0.14529, 0.64803, 0.1994, 0.66678, 0.18945, 0.40665, 0.58847, 0.19315, 0.18701, 0.20956, 0.16332, 0.6405, 0.17653, 0.188, 0.20596, 0.14114, 0.57691, 0.48967, 0.18879, 0.14391, 0.16313, 0.13025, 0.65038, 0.70165, 0.15398, 0.21338, 0.17489, 0.70455, 0.71504, 0.22929, 0.31685, 0.58947, 0.21011, 0.44086, 0.18957, 0.19741, 0.69922, 0.23492, 0.18476, 0.33749, 0.1576, 0.24567, 0.16808, 0.2489, 0.24141, 0.18922, 0.2659, 0.47698, 0.60023, 0.62582, 0.63769, 0.50733, 0.47276, 0.18427, 0.21972, 0.70281, 0.19499, 0.70844, 0.17392, 0.4782, 0.2078, 0.22073, 0.6591, 0.21257, 0.19931, 0.69356, 0.28801, 0.23469, 0.32625, 0.4875, 0.66707, 0.70629, 0.16583, 0.18785, 0.1875, 0.20428, 0.68681, 0.2469, 0.43766, 0.21656, 0.20521, 0.18051, 0.1577, 0.17147, 0.28944, 0.18042, 0.67459, 0.17083, 0.17108, 0.68878, 0.44038, 0.1456, 0.1999, 0.1811, 0.57953, 0.42815, 0.5541, 0.34697, 0.17646, 0.70133, 0.19128, 0.16438, 0.15736, 0.64368, 0.20513, 0.68575, 0.18319, 0.65427, 0.21566, 0.28105, 0.4999, 0.20413, 0.20524, 0.1729, 0.11922, 0.17564, 0.66699, 0.26804, 0.26993, 0.69946, 0.14655, 0.56471, 0.18489, 0.2498, 0.59582, 0.56943, 0.20419, 0.20317, 0.29307, 0.206, 0.18454, 0.18595, 0.16271, 0.16801, 0.68345, 0.16792, 0.6309, 0.21337, 0.53652, 0.17724, 0.2163, 0.23971, 0.19106, 0.67249, 0.22215, 0.2161, 0.68508, 0.20305, 0.14107, 0.41949, 0.14092, 0.5523, 0.13303, 0.19682, 0.19083, 0.15608, 0.23861, 0.33035, 0.59, 0.37185, 0.21231, 0.46634, 0.1847, 0.55956, 0.68892, 0.25477, 0.20543, 0.24476, 0.70589, 0.67986, 0.67233, 0.26804, 0.56822, 0.47669, 0.15373, 0.18949, 0.15395, 0.52942, 0.17733, 0.48304, 0.63815, 0.14207, 0.43972, 0.58097, 0.35889, 0.6357, 0.20658, 0.25949, 0.23396, 0.24279, 0.33169, 0.1714, 0.20457, 0.189, 0.30103, 0.34325, 0.20958, 0.16683, 0.19111, 0.15321, 0.54433, 0.19992, 0.13698, 0.52627, 0.19778, 0.21547, 0.61953, 0.19292, 0.13312, 0.1997, 0.67964, 0.39835, 0.1696, 0.66361, 0.17236, 0.69132, 0.32257, 0.13962, 0.46485, 0.22959, 0.16736, 0.15385, 0.18923, 0.20916, 0.27005, 0.63041, 0.53701, 0.20487, 0.27715, 0.68861, 0.15083, 0.46673, 0.68811, 0.66625, 0.16661, 0.14641, 0.69888, 0.218, 0.18172, 0.18068, 0.22691, 0.19504, 0.26295, 0.22658, 0.18686, 0.68577, 0.22121, 0.20759, 0.52627, 0.20156, 0.15911, 0.1522, 0.39541, 0.18672, 0.62697, 0.15276, 0.19629, 0.20529, 0.18216, 0.15892, 0.46176, 0.20708, 0.20033, 0.21243, 0.11813, 0.15523, 0.13774, 0.25482, 0.46571, 0.20812, 0.17249, 0.21041, 0.6939, 0.17369, 0.17356, 0.69076, 0.32798, 0.42975, 0.18023, 0.19297, 0.24907, 0.23534, 0.35246, 0.13904, 0.14045, 0.65137, 0.21137, 0.1769, 0.16781, 0.17975, 0.17796, 0.38404, 0.69388, 0.68818, 0.23233, 0.20687, 0.1577, 0.17352, 0.63268, 0.16554, 0.2735, 0.49799, 0.22436, 0.18216, 0.21996, 0.15629, 0.16539, 0.1663, 0.20957, 0.67662, 0.37905, 0.16675, 0.16679, 0.21266, 0.16505, 0.33588, 0.21499, 0.41172, 0.19441, 0.43933, 0.66955, 0.2303, 0.17247, 0.25051, 0.25562, 0.15316, 0.17536, 0.20961, 0.28374, 0.14723, 0.17646, 0.54622, 0.46565, 0.17387, 0.19131, 0.16479, 0.19659, 0.19389, 0.15843, 0.16662, 0.15388, 0.17738, 0.17106, 0.21566, 0.19401, 0.30881, 0.54346, 0.16383, 0.23351, 0.2019, 0.16923, 0.69406, 0.1971, 0.19962, 0.38081, 0.61477, 0.16269, 0.69056, 0.16701, 0.28954, 0.20265, 0.17722, 0.70452, 0.60796, 0.69385, 0.16414, 0.11922, 0.66579, 0.18284, 0.22913, 0.14941, 0.22177, 0.66578, 0.67821, 0.23287, 0.13789, 0.70567, 0.16031, 0.14775, 0.19158, 0.13369, 0.15923, 0.28389, 0.18085, 0.25149, 0.29369, 0.22615, 0.16876, 0.1845, 0.16467, 0.21741, 0.66495, 0.15464, 0.13404, 0.22449, 0.32592, 0.19861, 0.17174, 0.23386, 0.6913, 0.24211, 0.13813, 0.15371, 0.27141, 0.54487, 0.47135, 0.22343, 0.15327, 0.20481, 0.22026, 0.28347, 0.25061, 0.38088, 0.14429, 0.70208, 0.20263, 0.17781, 0.22388, 0.20059, 0.21501, 0.53365, 0.15941, 0.18612, 0.12102, 0.21167, 0.21869, 0.6301, 0.33315, 0.18797, 0.17469, 0.24653, 0.19495, 0.27632, 0.64113, 0.64767, 0.25024, 0.1647, 0.30677, 0.13173, 0.21979, 0.17164, 0.37465, 0.67999, 0.5431, 0.19181, 0.1581, 0.41513, 0.18346, 0.52706, 0.19448, 0.19214, 0.16775, 0.65955, 0.58543, 0.16883, 0.2006, 0.6944, 0.19911, 0.2101, 0.15331, 0.19455, 0.20679, 0.2431, 0.16614, 0.15732, 0.19531, 0.57883, 0.16398, 0.17597, 0.38916, 0.1415, 0.21152, 0.68345, 0.62166, 0.36153, 0.6921, 0.21349, 0.15729, 0.68861, 0.69128, 0.5321, 0.19184, 0.1807, 0.18994, 0.18727, 0.18958, 0.18842, 0.20768, 0.68974, 0.20807, 0.48924, 0.20222, 0.14907, 0.14819, 0.33847, 0.69771, 0.18107, 0.18834, 0.15432, 0.66808, 0.3132, 0.18729, 0.21432, 0.20015, 0.56229, 0.22218, 0.70025, 0.62404, 0.2152, 0.67698, 0.20239, 0.15168, 0.26595, 0.57864, 0.21688, 0.21294, 0.43878, 0.23916, 0.70192, 0.17928, 0.4921, 0.69349, 0.2084, 0.16654, 0.27567, 0.27784, 0.68863, 0.23439, 0.18641, 0.70623, 0.69539, 0.52365, 0.15259, 0.21462, 0.68162, 0.15257, 0.1638, 0.14369, 0.45397, 0.43263, 0.67414, 0.69473, 0.32962, 0.20259, 0.15955, 0.6174, 0.57011, 0.20687, 0.69889, 0.62854, 0.58105, 0.20922, 0.37919, 0.192, 0.16176, 0.15022, 0.28894, 0.16707, 0.17459, 0.25418, 0.19855, 0.20007, 0.42489, 0.16096, 0.2445, 0.17741, 0.2358, 0.22392, 0.16083, 0.22702, 0.70354, 0.27421, 0.5076, 0.52942, 0.18837, 0.18463, 0.58922, 0.18664, 0.49003, 0.19334, 0.53949, 0.69387, 0.52131, 0.56482, 0.15601, 0.22863, 0.1795, 0.20174, 0.16833, 0.1409, 0.19292, 0.17992, 0.21826, 0.16315, 0.14398, 0.23949, 0.175, 0.22647, 0.24558, 0.16218, 0.19083, 0.63025, 0.34721, 0.14719, 0.64518, 0.37909, 0.17944, 0.22324, 0.14881, 0.66356, 0.17719, 0.18064, 0.19359, 0.14662, 0.57157, 0.69346, 0.62222, 0.63772, 0.20475, 0.232, 0.66947, 0.56094, 0.17987, 0.15135, 0.14847, 0.20321, 0.38697, 0.18329, 0.17596, 0.36492, 0.66658, 0.3288, 0.25562, 0.1846, 0.15254, 0.53701, 0.22385, 0.22691, 0.18943, 0.20174, 0.1815, 0.16096, 0.13703, 0.6679, 0.24431, 0.59606, 0.15448, 0.65408, 0.68763, 0.34231, 0.1578, 0.20618, 0.6747, 0.18153, 0.34325, 0.64494, 0.24042, 0.19793, 0.19462, 0.20922, 0.17083, 0.17221, 0.1639, 0.70302, 0.69359, 0.49383, 0.19433, 0.16132, 0.67812, 0.13889, 0.21521, 0.29214, 0.19229, 0.51123, 0.25195, 0.47211, 0.69203, 0.65258, 0.16949, 0.64945, 0.19671, 0.59026, 0.16539, 0.1255, 0.47434, 0.19107, 0.53703, 0.3132, 0.69272, 0.1586, 0.19355, 0.17764, 0.16027, 0.19087, 0.29035, 0.46863, 0.50274, 0.1723, 0.16637, 0.3273, 0.47951, 0.22636, 0.18147, 0.18749, 0.20343, 0.666, 0.19125, 0.20614, 0.20897, 