{"model": "ai4bharat/indic-bert", "dataset": "dravidian_tamil", "train_config": "supcon", "seed": 99, "thr_cal": 0.6329956710338588, "metrics_05": {"macro": 0.6175321928013406, "toxf1": 0.5290546400693842, "prec": 0.37888198757763975, "rec": 0.8764367816091954, "prauc": 0.5147883517340934, "ece": 0.26941413192450997, "covert": 0.6958333333333333}, "metrics_cal": {"macro": 0.6620078924646704, "toxf1": 0.5506958250497018, "prec": 0.4209726443768997, "rec": 0.7959770114942529, "prauc": 0.5147883517340934, "ece": 0.26941413192450997, "covert": 0.6904231625835189}, "probs": [0.53785, 0.03469, 0.56436, 0.17736, 0.78018, 0.52176, 0.27998, 0.13012, 0.12394, 0.23429, 0.25369, 0.36526, 0.02982, 0.10878, 0.27968, 0.06258, 0.88835, 0.55652, 0.09647, 0.46707, 0.74053, 0.47153, 0.07415, 0.30088, 0.16609, 0.78419, 0.85102, 0.15345, 0.13995, 0.07687, 0.39638, 0.79995, 0.10616, 0.7026, 0.1978, 0.91758, 0.43852, 0.25391, 0.02204, 0.8484, 0.73299, 0.1441, 0.70084, 0.82089, 0.56971, 0.78564, 0.1225, 0.14188, 0.33978, 0.103, 0.03772, 0.61974, 0.32716, 0.45065, 0.7687, 0.6846, 0.82032, 0.85734, 0.84285, 0.72834, 0.25448, 0.09646, 0.76809, 0.63312, 0.198, 0.13735, 0.18852, 0.52807, 0.885, 0.23518, 0.66863, 0.87621, 0.35094, 0.15309, 0.834, 0.84714, 0.88032, 0.86254, 0.06145, 0.25288, 0.67066, 0.73348, 0.52714, 0.01195, 0.56761, 0.11757, 0.22085, 0.30462, 0.28708, 0.89928, 0.15418, 0.8552, 0.21743, 0.67081, 0.60761, 0.44836, 0.35791, 0.46492, 0.45812, 0.06945, 0.75456, 0.0242, 0.18129, 0.36802, 0.78913, 0.64374, 0.66905, 0.71307, 0.03002, 0.82924, 0.79086, 0.63843, 0.85508, 0.68063, 0.67963, 0.06618, 0.64366, 0.5238, 0.27793, 0.04888, 0.80473, 0.12662, 0.14042, 0.51543, 0.48051, 0.42881, 0.8867, 0.5155, 0.20814, 0.36722, 0.54034, 0.71416, 0.74892, 0.29703, 0.74698, 0.89658, 0.27253, 0.03885, 0.27217, 0.76723, 0.73513, 0.02664, 0.8389, 0.91097, 0.11569, 0.32681, 0.0751, 0.67837, 0.42702, 0.39785, 0.70296, 0.14698, 0.75886, 0.31058, 0.83247, 0.08092, 0.04262, 0.8857, 0.10477, 0.76131, 0.04394, 0.89775, 0.38737, 0.88776, 0.58698, 0.4144, 0.8382, 0.48365, 0.60971, 0.69943, 0.79605, 0.85967, 0.7255, 0.21488, 0.5114, 0.56957, 0.88546, 0.13209, 0.03891, 0.50011, 0.70957, 0.40756, 0.50714, 0.87204, 0.24483, 0.15747, 0.80853, 0.11903, 0.02849, 0.46717, 0.31576, 0.2878, 0.7534, 0.48157, 0.02708, 0.66211, 0.19888, 0.78311, 0.09978, 0.21613, 0.16279, 0.86175, 0.53543, 0.68718, 0.51122, 0.27489, 0.79803, 0.03717, 0.40923, 0.58516, 0.60084, 0.44391, 0.74525, 0.0658, 0.30289, 0.88563, 0.14488, 0.74351, 0.6679, 0.07253, 0.3436, 0.03541, 0.29342, 0.8698, 0.47712, 0.90197, 0.85639, 0.44444, 0.08368, 0.18726, 0.25771, 0.26406, 0.11263, 0.90649, 0.7402, 0.08601, 0.32935, 0.02061, 0.84901, 0.61677, 0.91461, 0.15312, 0.10548, 0.73878, 0.65563, 0.40679, 0.4113, 0.82897, 0.78861, 0.25284, 0.21869, 0.07526, 0.08875, 0.20276, 0.89524, 0.83426, 0.03639, 0.81486, 0.15349, 0.39376, 0.41674, 0.8892, 0.28421, 0.28567, 0.89932, 0.11343, 0.68677, 0.65239, 0.7633, 0.77454, 0.49471, 0.85506, 0.77906, 0.0204, 0.0704, 0.10304, 0.78424, 0.55677, 0.08503, 0.7566, 0.14423, 0.513, 0.22899, 0.38403, 0.52675, 0.25368, 0.54965, 0.3432, 0.67154, 0.8374, 0.46581, 0.02948, 0.1715, 0.737, 0.38821, 0.42821, 0.35676, 0.62686, 0.73362, 0.22303, 0.04683, 0.34781, 0.66972, 0.53029, 0.78794, 0.19114, 0.35078, 0.72896, 0.68525, 0.12053, 0.69702, 0.87821, 0.72034, 0.33672, 0.83134, 0.8902, 0.76359, 0.79944, 0.5265, 0.76427, 0.09147, 0.67103, 0.13458, 0.10603, 0.56901, 0.78867, 0.83334, 0.70498, 0.70659, 0.03825, 0.20348, 0.78254, 0.56561, 0.48202, 0.10212, 0.0773, 0.79831, 0.79113, 0.64137, 0.54629, 0.08082, 0.01048, 0.42227, 0.25817, 0.6547, 0.36347, 0.80524, 0.10167, 0.71324, 0.71614, 0.81833, 0.49591, 0.43445, 0.81783, 0.73284, 0.70971, 0.32338, 0.79384, 0.66639, 0.78834, 0.76941, 0.86432, 0.27988, 0.65002, 0.83029, 0.71912, 0.04691, 0.87141, 0.04451, 0.91574, 0.43447, 0.8022, 0.64214, 0.32838, 0.09794, 0.67778, 0.19842, 0.45928, 0.83895, 0.20205, 0.67816, 0.3351, 0.55167, 0.53764, 0.73594, 0.68586, 0.36254, 0.71057, 0.07482, 0.72306, 0.49427, 0.23567, 0.3364, 0.40801, 0.45879, 0.85883, 0.75555, 0.7776, 0.12268, 0.13628, 0.56583, 0.45941, 0.17765, 0.34798, 0.03152, 0.09836, 0.28634, 0.91816, 0.02799, 0.83388, 0.9175, 0.56375, 0.36829, 0.66883, 0.64071, 0.16255, 0.22575, 0.6149, 0.86664, 0.79396, 0.7857, 0.54717, 0.52274, 0.4019, 0.70566, 0.07785, 0.35031, 0.71206, 0.87409, 0.64258, 0.11974, 0.79412, 0.79973, 0.79644, 0.60263, 0.04569, 0.18605, 0.7773, 0.08734, 0.03442, 0.82382, 0.12941, 0.91724, 0.75378, 0.70308, 0.88176, 0.63234, 0.07296, 0.8216, 0.65565, 0.67348, 0.71295, 0.54924, 0.13614, 0.29594, 0.72961, 0.73738, 0.77034, 0.47605, 0.37944, 0.02177, 0.22011, 0.79047, 0.02473, 0.04089, 0.7978, 0.14741, 0.33369, 0.83333, 0.79604, 0.29822, 0.61309, 0.41988, 0.11775, 0.65671, 0.251, 0.07662, 0.78019, 0.84202, 0.88394, 0.6837, 0.63941, 0.81125, 0.72329, 0.22591, 0.88032, 0.87985, 0.24514, 0.03822, 0.91542, 0.63041, 0.86918, 0.31213, 0.32545, 0.78802, 0.72631, 0.81067, 0.02315, 0.51082, 0.8814, 0.81278, 0.90071, 0.80801, 0.54231, 0.72371, 0.79154, 0.20553, 0.05607, 0.89172, 0.04394, 0.02025, 0.30587, 0.08214, 0.64577, 0.04687, 0.68097, 0.57939, 0.68328, 0.80204, 0.26781, 0.83749, 0.51115, 0.17657, 0.72289, 0.81211, 0.32004, 0.16634, 0.71433, 0.60323, 0.44339, 0.74743, 0.61747, 0.87092, 0.89126, 0.54843, 0.16646, 0.11218, 0.07776, 0.02614, 0.59847, 0.51203, 0.84249, 0.18269, 0.50016, 0.81641, 0.88102, 0.10943, 0.76567, 0.13612, 0.15368, 0.37647, 0.44578, 0.61087, 0.43291, 0.19541, 0.68938, 0.81033, 0.868, 0.70705, 0.88411, 0.66351, 0.68327, 0.76923, 0.31305, 0.29833, 0.76561, 0.81833, 0.82489, 0.32681, 0.81926, 0.18257, 0.49397, 0.29527, 0.06241, 0.76059, 0.28334, 0.57478, 0.7643, 0.86075, 0.29037, 0.8827, 0.62733, 0.06274, 0.87579, 0.20003, 0.37034, 0.78119, 0.03323, 0.89392, 0.87372, 0.24892, 0.85081, 0.84094, 0.79079, 0.10839, 0.31197, 0.13564, 0.20893, 0.17572, 0.39083, 0.06169, 0.47903, 0.85029, 0.21223, 0.35957, 0.71249, 0.5906, 0.75121, 0.80487, 0.77569, 0.58535, 0.87741, 0.87428, 0.48211, 0.74366, 0.7189, 0.56329, 0.10374, 0.18231, 0.81558, 0.10066, 0.35642, 0.89902, 0.08546, 0.81107, 0.45462, 0.1613, 0.01692, 0.82995, 0.74856, 0.77086, 0.2014, 0.0793, 0.66538, 0.26642, 0.58124, 0.85482, 0.09491, 0.81422, 0.35489, 0.17252, 0.81118, 0.7986, 0.39273, 0.41245, 0.06245, 0.83197, 0.89963, 0.90504, 0.77792, 0.13484, 0.14544, 0.77766, 0.80991, 0.69469, 0.32276, 0.01085, 0.80621, 0.87733, 0.81147, 0.75292, 0.1115, 0.32412, 0.02363, 0.55794, 0.82465, 0.48867, 0.0365, 0.8115, 0.85885, 0.8279, 0.08603, 0.85432, 0.58326, 0.18036, 0.43314, 0.54193, 0.87426, 0.04576, 0.90768, 0.2549, 0.4354, 0.84801, 0.03886, 0.75769, 0.04862, 0.70517, 0.85094, 0.19541, 0.67311, 0.1864, 0.12194, 0.16191, 0.47536, 0.83692, 0.18189, 0.18924, 0.15762, 0.69409, 0.6633, 0.31075, 0.14639, 0.63732, 0.85713, 0.38285, 0.83377, 0.48442, 0.84611, 0.05113, 0.38758, 0.11502, 0.07959, 0.81791, 0.0337, 0.87572, 0.73148, 0.74527, 0.04747, 0.89849, 0.20891, 0.87476, 0.70982, 0.46095, 0.77231, 0.2655, 0.08806, 0.4671, 0.60847, 0.54513, 0.77928, 0.01352, 0.7566, 0.60027, 0.25104, 0.83739, 0.16075, 0.35993, 0.16718, 0.6845, 0.08207, 0.71746, 0.69652, 0.90159, 0.80938, 0.84902, 0.74391, 0.23714, 0.5641, 0.84662, 0.76513, 0.39896, 0.09469, 0.827, 0.50617, 0.25024, 0.0504, 0.73338, 0.71832, 0.0906, 0.66016, 0.65124, 0.83792, 0.21081, 0.34286, 0.16166, 0.15466, 0.83815, 0.34399, 0.595, 0.11086, 0.79448, 0.02549, 0.58615, 0.59846, 0.67007, 0.24361, 0.54765, 0.85425, 0.11297, 0.08253, 0.8428, 0.7122, 0.77383, 0.80959, 0.56586, 0.04723, 0.57913, 0.2712, 0.69366, 0.87637, 0.38567, 0.59004, 0.87428, 0.04031, 0.32679, 0.80438, 0.42216, 0.74388, 0.55432, 0.64253, 0.20646, 0.7676, 0.13615, 0.54049, 0.33562, 0.76906, 0.4219, 0.59847, 0.84653, 0.70443, 0.4341, 0.81372, 0.8156, 0.68892, 0.23262, 0.20624, 0.40172, 0.08377, 0.08269, 0.83297, 0.75892, 0.87461, 0.21874, 0.67194, 0.92143, 0.7601, 0.12288, 0.34338, 0.84131, 0.51548, 0.17992, 0.1367, 0.81925, 0.40089, 0.7758, 0.61481, 