{"model": "ai4bharat/indic-bert", "dataset": "dravidian_tamil", "train_config": "ce", "seed": 2024, "thr_cal": 0.468710099160671, "metrics_05": {"macro": 0.6618651518225468, "toxf1": 0.5387840670859538, "prec": 0.4240924092409241, "rec": 0.7385057471264368, "prauc": 0.5192014173943158, "ece": 0.1838889385362466, "covert": 0.6682027649769585}, "metrics_cal": {"macro": 0.6546539632711977, "toxf1": 0.5390781563126252, "prec": 0.41384615384615386, "rec": 0.7729885057471264, "prauc": 0.5192014173943158, "ece": 0.1838889385362466, "covert": 0.6740576496674058}, "probs": [0.11316, 0.02488, 0.45731, 0.05512, 0.78682, 0.29876, 0.24379, 0.20953, 0.14424, 0.21792, 0.12291, 0.16518, 0.05276, 0.07221, 0.36191, 0.07215, 0.78938, 0.29938, 0.06562, 0.38296, 0.5225, 0.21501, 0.23428, 0.26583, 0.12241, 0.49909, 0.84308, 0.11847, 0.17831, 0.09604, 0.5249, 0.46192, 0.19375, 0.11836, 0.18268, 0.89458, 0.45437, 0.38978, 0.0453, 0.47425, 0.41601, 0.19159, 0.74568, 0.65228, 0.26699, 0.79826, 0.07851, 0.46304, 0.26233, 0.11045, 0.06817, 0.47605, 0.12834, 0.35191, 0.24087, 0.69265, 0.65484, 0.67528, 0.72719, 0.43332, 0.33339, 0.07594, 0.68235, 0.46577, 0.27867, 0.18634, 0.05681, 0.47863, 0.80148, 0.5248, 0.74633, 0.62296, 0.18277, 0.37136, 0.76037, 0.74278, 0.69775, 0.75488, 0.05318, 0.24446, 0.58512, 0.50521, 0.4824, 0.01277, 0.37353, 0.12345, 0.21485, 0.13959, 0.15383, 0.82859, 0.18338, 0.79885, 0.13572, 0.48401, 0.28683, 0.19103, 0.52289, 0.47066, 0.27122, 0.03495, 0.64004, 0.05558, 0.15019, 0.11864, 0.7691, 0.58039, 0.67206, 0.45753, 0.01826, 0.72889, 0.66619, 0.44837, 0.75893, 0.72129, 0.72591, 0.06672, 0.33048, 0.42452, 0.46252, 0.0361, 0.62188, 0.09152, 0.26319, 0.28053, 0.52501, 0.22275, 0.73937, 0.60201, 0.09358, 0.10858, 0.46629, 0.66474, 0.69816, 0.1416, 0.68736, 0.78464, 0.43708, 0.1825, 0.31169, 0.68017, 0.51163, 0.0335, 0.81013, 0.91153, 0.25062, 0.34021, 0.04174, 0.55298, 0.25111, 0.4534, 0.75752, 0.09455, 0.54596, 0.14954, 0.65418, 0.19187, 0.0856, 0.75869, 0.06568, 0.39464, 0.15485, 0.692, 0.33687, 0.75151, 0.2317, 0.57923, 0.59592, 0.23874, 0.58792, 0.61555, 0.77855, 0.69488, 0.60776, 0.25334, 0.29653, 0.26357, 0.59667, 0.36647, 0.07558, 0.34583, 0.42422, 0.38516, 0.42565, 0.73133, 0.20726, 0.07085, 0.74177, 0.13916, 0.03017, 0.56911, 0.10618, 0.21307, 0.63887, 0.17199, 0.03581, 0.55361, 0.10314, 0.81824, 0.17937, 0.10819, 0.22921, 0.87842, 0.60984, 0.2098, 0.22304, 0.13837, 0.65985, 0.03981, 0.55828, 0.63035, 0.05666, 0.38889, 0.33674, 0.03976, 0.27374, 0.62085, 0.08524, 0.28021, 0.68993, 0.0675, 0.12384, 0.05748, 0.10725, 0.76138, 0.20225, 0.87052, 0.76878, 0.51244, 0.11844, 0.18701, 0.25472, 0.28682, 0.10683, 0.89763, 0.29335, 0.22933, 0.33363, 0.02043, 0.74672, 0.62384, 0.77142, 0.37315, 0.1116, 0.28723, 0.32894, 0.19754, 0.32921, 0.79295, 0.72225, 0.4408, 0.13781, 0.1244, 0.24378, 0.35077, 0.79169, 0.68224, 0.03681, 0.75676, 0.29153, 0.16996, 0.2463, 0.77072, 0.5316, 0.26617, 0.88163, 0.04088, 0.33983, 0.59717, 0.7169, 0.38551, 0.16872, 0.8247, 0.74573, 0.03034, 0.09444, 0.09979, 0.79469, 0.56941, 0.10881, 0.62549, 0.14547, 0.13898, 0.2669, 0.45002, 0.22802, 0.18259, 0.21941, 0.36858, 0.44801, 0.74004, 0.13451, 0.02454, 0.07271, 0.71927, 0.1763, 0.51173, 0.37214, 0.69429, 0.64121, 0.42957, 0.03828, 0.19538, 0.30667, 0.60304, 0.72113, 0.25401, 0.34614, 0.64431, 0.27494, 0.22347, 0.36781, 0.86416, 0.50582, 0.57603, 0.6118, 0.80257, 0.7726, 0.59366, 0.53773, 0.54069, 0.13724, 0.37326, 0.18487, 0.25256, 0.30662, 0.80904, 0.73905, 0.48125, 0.2667, 0.01312, 0.26821, 0.63518, 0.62795, 0.59267, 0.08867, 0.10326, 0.75285, 0.53974, 0.19135, 0.62563, 0.05413, 0.01905, 0.24947, 0.35592, 0.29149, 0.22408, 0.72556, 0.07825, 0.47056, 0.57496, 0.73858, 0.30694, 0.45845, 0.7713, 0.35908, 0.52407, 0.30533, 0.5899, 0.49675, 0.67211, 0.7572, 0.66885, 0.25644, 0.21922, 0.78634, 0.47357, 0.04553, 0.77523, 0.02999, 0.86618, 0.28971, 0.60507, 0.38992, 0.22485, 0.15983, 0.50641, 0.089, 0.29493, 0.70458, 0.20192, 0.3213, 0.22745, 0.47192, 0.4928, 0.33768, 0.34211, 0.28066, 0.6901, 0.09407, 0.56925, 0.60516, 0.15842, 0.2517, 0.3149, 0.14068, 0.76252, 0.49205, 0.87147, 0.09629, 0.16371, 0.33956, 0.4209, 0.21, 0.43228, 0.05731, 0.24934, 0.42831, 0.89094, 0.15138, 0.7891, 0.8806, 0.2516, 0.17478, 0.64732, 0.69735, 0.1073, 0.19347, 0.35703, 0.70442, 0.75349, 0.60968, 0.50585, 0.34047, 0.30218, 0.65182, 0.03951, 0.17742, 0.35279, 0.80357, 0.58334, 0.09106, 0.55024, 0.60513, 0.51009, 0.45149, 0.11542, 0.08127, 0.74843, 0.12968, 0.04209, 0.77343, 0.15785, 0.91552, 0.68754, 0.34633, 0.77361, 0.43632, 0.03183, 0.70987, 0.66661, 0.61298, 0.66819, 0.28799, 0.34074, 0.19327, 0.71497, 0.60478, 0.58149, 0.3322, 0.2107, 0.03967, 0.09996, 0.55549, 0.07924, 0.1051, 0.78746, 0.2005, 0.35276, 0.77499, 0.35936, 0.14352, 0.43462, 0.46819, 0.05584, 0.5446, 0.50681, 0.04488, 0.78811, 0.70835, 0.72932, 0.55441, 0.26127, 0.57585, 0.79375, 0.18678, 0.84514, 0.80857, 0.14039, 0.06002, 0.86972, 0.381, 0.78978, 0.23047, 0.20042, 0.55247, 0.41859, 0.74626, 0.02631, 0.27686, 0.7055, 0.42247, 0.86902, 0.23223, 0.395, 0.66571, 0.66094, 0.12757, 0.07192, 0.81574, 0.0768, 0.04546, 0.29801, 0.17053, 0.67657, 0.05448, 0.77914, 0.6322, 0.35664, 0.75187, 0.14948, 0.70263, 0.27059, 0.07175, 0.69898, 0.77332, 0.24447, 0.13735, 0.36583, 0.49088, 0.2495, 0.24499, 0.44263, 0.71433, 0.8612, 0.37208, 0.15989, 0.08456, 0.05708, 0.05374, 0.58359, 0.60611, 0.66535, 0.13573, 0.10379, 0.66057, 0.86827, 0.39113, 0.68261, 0.08225, 0.17724, 0.24901, 0.18313, 0.61532, 0.23134, 0.26358, 0.45838, 0.73299, 0.83874, 0.58071, 0.7917, 0.49222, 0.55626, 0.71413, 0.29415, 0.34315, 0.59992, 0.54561, 0.59781, 0.07523, 0.64949, 0.36205, 0.43266, 0.13404, 0.04498, 0.40898, 0.37125, 0.58813, 0.36697, 0.72038, 0.28091, 0.78001, 0.17136, 0.02952, 0.66059, 0.13654, 0.13195, 0.59394, 0.05132, 0.83922, 0.84909, 0.09638, 0.77927, 0.78284, 0.7734, 0.13226, 0.22819, 0.11325, 0.14554, 0.12414, 0.24591, 0.09041, 0.60431, 0.80572, 0.16505, 0.30966, 0.50967, 0.29606, 0.54293, 0.60547, 0.795, 0.58271, 0.56283, 0.83979, 0.34281, 0.76845, 0.6946, 0.32467, 0.18915, 0.15222, 0.72857, 0.06299, 0.23114, 0.88021, 0.18486, 0.70774, 0.22172, 0.10941, 0.0208, 0.78985, 0.53295, 0.6373, 0.27951, 0.05677, 0.72569, 0.16363, 0.70841, 0.86082, 0.05238, 0.80653, 0.26579, 0.13916, 0.6135, 0.73239, 0.36011, 0.30712, 0.04101, 0.69107, 0.86487, 0.78088, 0.77816, 0.15691, 0.17394, 0.68592, 0.74801, 0.30438, 0.28818, 0.01788, 0.76884, 0.85665, 0.61935, 0.76607, 0.12348, 0.09252, 0.0341, 0.57021, 0.5905, 0.42001, 0.24264, 0.67126, 0.61428, 0.74131, 0.04853, 0.74635, 0.47469, 0.07161, 0.07607, 0.31577, 0.78268, 0.17204, 0.92038, 0.59868, 0.5043, 0.73519, 0.03619, 0.82448, 0.07353, 0.27578, 0.66095, 0.34094, 0.56511, 0.15924, 0.16372, 0.14178, 0.26514, 0.55005, 0.09704, 0.22846, 0.12706, 0.17859, 0.25107, 0.2601, 0.36533, 0.59596, 0.79553, 0.25894, 0.45567, 0.50462, 0.71064, 0.04915, 0.25955, 0.09427, 0.04912, 0.81171, 0.04609, 0.79646, 0.69043, 0.46742, 0.10462, 0.87796, 0.0701, 0.61556, 0.73231, 0.59111, 0.21844, 0.29588, 0.05655, 0.23315, 0.40497, 0.16285, 0.64415, 0.01791, 0.75502, 0.54604, 0.33036, 0.82762, 0.13664, 0.27727, 0.10378, 0.57999, 0.06078, 0.23913, 0.31241, 0.91869, 0.75399, 0.78564, 0.59072, 0.30669, 0.2613, 0.63957, 0.76106, 0.18402, 0.07946, 0.71773, 0.45503, 0.37415, 0.06332, 0.59994, 0.62847, 0.15338, 0.49821, 0.44436, 0.50664, 0.05999, 0.06335, 0.18471, 0.28732, 0.84642, 0.20379, 0.59361, 0.03975, 0.33295, 0.04699, 0.20311, 0.23876, 0.63766, 0.32557, 0.33593, 0.78686, 0.24135, 0.18517, 0.82655, 0.45651, 0.63312, 0.66605, 0.48228, 0.11191, 0.16303, 0.20255, 0.47556, 0.73784, 0.17537, 0.457, 0.74844, 0.10752, 0.18167, 0.83673, 0.53649, 0.35684, 0.43277, 0.63193, 0.09516, 0.6137, 0.08446, 0.69945, 0.15804, 0.76463, 0.34748, 0.50563, 0.64549, 0.66924, 0.07546, 0.74025, 0.49084, 0.63563, 0.16485, 0.53867, 0.55157, 0.18735, 0.07542, 0.75657, 0.34955, 0.8281, 0.44295, 0.45605, 0.88835, 0.59118, 0.10963, 0.18585, 0.81648, 0.54347, 0.07743, 0.31234, 0.80309, 0.37562, 