{"model": "ai4bharat/indic-bert", "dataset": "hatexplain", "train_config": "hardneg", "seed": 42, "thr_cal": 0.1865095913410187, "metrics_05": {"macro": 0.7121780658366024, "toxf1": 0.770509977827051, "prec": 0.7800224466891134, "rec": 0.7612267250821467, "prauc": 0.8559443858082945, "ece": 0.10012297638257343, "covert": 0.8717518860016764}, "metrics_cal": {"macro": 0.6271879357257922, "toxf1": 0.7850117096018735, "prec": 0.6857610474631751, "rec": 0.9178532311062432, "prauc": 0.8559443858082945, "ece": 0.10012297638257343, "covert": 0.8921644685802949}, "probs": [0.86356, 0.76118, 0.04891, 0.8239, 0.79805, 0.82662, 0.97899, 0.03486, 0.60138, 0.04042, 0.4583, 0.08608, 0.0456, 0.43031, 0.20754, 0.17465, 0.2044, 0.24661, 0.98757, 0.08342, 0.02195, 0.68576, 0.02403, 0.70068, 0.2945, 0.93323, 0.99027, 0.352, 0.20229, 0.89853, 0.81946, 0.13846, 0.81492, 0.86521, 0.9797, 0.05604, 0.90215, 0.64723, 0.75451, 0.24739, 0.93239, 0.89658, 0.53798, 0.22844, 0.64056, 0.51366, 0.0376, 0.94075, 0.96889, 0.92764, 0.08077, 0.40425, 0.98939, 0.61729, 0.34922, 0.96508, 0.63651, 0.35556, 0.74001, 0.96934, 0.06319, 0.96941, 0.95076, 0.18335, 0.9769, 0.80888, 0.98166, 0.80686, 0.59813, 0.87351, 0.30942, 0.95796, 0.82123, 0.96211, 0.21943, 0.48353, 0.9567, 0.91486, 0.9005, 0.98706, 0.9834, 0.06205, 0.94074, 0.15218, 0.59232, 0.84392, 0.94833, 0.5536, 0.58937, 0.92254, 0.04801, 0.98411, 0.62613, 0.3003, 0.95066, 0.06432, 0.51111, 0.87562, 0.29861, 0.99233, 0.07586, 0.82906, 0.98851, 0.83843, 0.14134, 0.03793, 0.78426, 0.95949, 0.99123, 0.0823, 0.01685, 0.50516, 0.17461, 0.07977, 0.40429, 0.76933, 0.61922, 0.822, 0.91162, 0.88644, 0.64995, 0.59557, 0.09667, 0.94975, 0.29626, 0.46291, 0.5369, 0.1467, 0.1831, 0.9496, 0.09881, 0.96551, 0.04961, 0.5147, 0.94288, 0.23775, 0.19535, 0.93704, 0.98051, 0.49188, 0.82417, 0.97473, 0.83143, 0.94785, 0.39242, 0.11097, 0.95426, 0.38762, 0.96032, 0.75821, 0.69761, 0.78295, 0.94178, 0.22368, 0.98141, 0.33862, 0.93898, 0.6553, 0.27895, 0.52052, 0.8681, 0.94746, 0.94546, 0.97084, 0.60939, 0.55714, 0.90354, 0.1535, 0.9533, 0.80342, 0.1449, 0.37142, 0.57329, 0.51963, 0.94366, 0.76079, 0.27256, 0.49999, 0.97645, 0.68296, 0.98572, 0.49215, 0.4573, 0.2978, 0.90788, 0.18799, 0.97597, 0.71929, 0.40476, 0.97156, 0.19916, 0.89696, 0.92533, 0.97169, 0.96337, 0.9774, 0.73001, 0.96541, 0.9805, 0.15136, 0.74477, 0.32321, 0.47765, 0.30105, 0.94627, 0.91959, 0.34885, 0.68089, 0.09966, 0.06502, 0.18304, 0.07684, 0.73633, 0.35229, 0.38875, 0.34843, 0.06057, 0.04111, 0.97796, 0.47173, 0.96005, 0.06197, 0.66124, 0.98729, 0.04712, 0.98596, 0.91279, 0.56607, 0.49576, 0.86338, 0.89485, 0.94172, 0.27723, 0.68299, 0.97947, 0.82611, 0.92663, 0.55737, 0.98542, 0.5971, 0.23612, 0.79563, 0.79657, 0.67536, 0.9083, 0.80162, 0.79742, 0.25129, 0.24424, 0.24932, 0.68497, 0.95819, 0.8973, 0.93249, 0.08519, 0.83094, 0.98623, 0.20847, 0.12925, 0.35418, 0.11197, 0.97814, 0.46811, 0.95828, 0.79211, 0.51719, 0.96497, 0.02495, 0.27004, 0.34604, 0.43855, 0.56651, 0.08157, 0.96425, 0.21186, 0.26263, 0.93235, 0.99327, 0.95669, 0.96351, 0.98628, 0.96907, 0.95709, 0.99223, 0.23096, 0.44786, 0.85963, 0.05245, 0.15207, 0.16586, 0.1979, 0.29576, 0.05305, 0.33462, 0.96962, 0.35598, 0.64072, 0.06189, 0.9708, 0.08437, 0.80717, 0.11982, 0.37988, 0.99508, 0.93555, 0.63572, 0.66371, 0.98044, 0.10317, 0.47507, 0.83947, 0.5158, 0.97502, 0.48251, 0.63242, 0.95642, 0.93587, 0.31504, 0.97536, 0.98637, 0.78248, 0.10388, 0.74639, 0.78722, 0.25632, 0.98559, 0.13045, 0.30372, 0.78755, 0.95358, 0.96167, 0.98522, 0.58986, 0.63448, 0.67519, 0.29959, 0.59017, 0.91605, 0.98359, 0.04034, 0.75875, 0.979, 0.85228, 0.95542, 0.0889, 0.74447, 0.03588, 0.69031, 0.15017, 0.66812, 0.20614, 0.82379, 0.28679, 0.98448, 0.45465, 0.96886, 0.06042, 0.84436, 0.12857, 0.71125, 0.45902, 0.92177, 0.98309, 0.00731, 0.99339, 0.68001, 0.99126, 0.99357, 0.28303, 0.89135, 0.05489, 0.22957, 0.90496, 0.96493, 0.69868, 0.87339, 0.40051, 0.78646, 0.58574, 0.96332, 0.91774, 0.86552, 0.05251, 0.97871, 0.30251, 0.06726, 0.15371, 0.04616, 0.73591, 0.93405, 0.95258, 0.43289, 0.30565, 0.60517, 0.96817, 0.95477, 0.94285, 0.94242, 0.69433, 0.22066, 0.92859, 0.28795, 0.87244, 0.76354, 0.70722, 0.93115, 0.6198, 0.87966, 0.38635, 0.03489, 0.9254, 0.75929, 0.30614, 0.1489, 0.05437, 0.9089, 0.10231, 0.93806, 0.93833, 0.63972, 0.41161, 0.2229, 0.2775, 0.70948, 0.34396, 0.29496, 0.41996, 0.7935, 0.94913, 0.46551, 0.17333, 0.09221, 0.32852, 0.26844, 0.42968, 0.95928, 0.94908, 0.92414, 0.91205, 0.11946, 0.9743, 0.90281, 0.70479, 0.77465, 0.31113, 0.98304, 0.9756, 0.6812, 0.19182, 0.79293, 0.12067, 0.81882, 0.27425, 0.98194, 0.5715, 0.18437, 0.07246, 0.35449, 0.97942, 0.61998, 0.3865, 0.12054, 0.87581, 0.69966, 0.08049, 0.33289, 0.30595, 0.16849, 0.99038, 0.07529, 0.33574, 0.30515, 0.72764, 0.07774, 0.94929, 0.24597, 0.7497, 0.78105, 0.84499, 0.30576, 0.82955, 0.26221, 0.08246, 0.97426, 0.13986, 0.40174, 0.31246, 0.89059, 0.31808, 0.98299, 0.97965, 0.96788, 0.91041, 0.33332, 0.21611, 0.0298, 0.05102, 0.96723, 0.93558, 0.90509, 0.97364, 0.31489, 0.14831, 0.03846, 0.94385, 0.98604, 0.93927, 0.22399, 0.26473, 0.48278, 0.44764, 0.31932, 0.84714, 0.08947, 0.13958, 0.84881, 0.9734, 0.38909, 0.87403, 0.61866, 0.13075, 0.92298, 0.95655, 0.42367, 0.80939, 0.76408, 0.96982, 0.04694, 0.96434, 0.97937, 0.89566, 0.5356, 0.04541, 0.28903, 0.9122, 0.54023, 0.75631, 0.04669, 0.2137, 0.97577, 0.16855, 0.97265, 0.93297, 0.10297, 0.58904, 0.7567, 0.53182, 0.67859, 0.67306, 0.76959, 0.91077, 0.50336, 0.97497, 0.96113, 0.43844, 0.95995, 0.56779, 0.93364, 0.42593, 0.36737, 0.04907, 0.41611, 0.07318, 0.49159, 0.96002, 0.05231, 0.97673, 0.02965, 0.97224, 0.74106, 0.97461, 0.98624, 0.53954, 0.77004, 0.16421, 0.88116, 0.71911, 0.95858, 0.75899, 0.978, 0.14171, 0.85506, 0.92792, 0.97839, 0.93472, 0.50761, 0.02898, 0.10456, 0.92059, 0.10676, 0.9808, 0.06385, 0.70661, 0.06684, 0.07156, 0.90456, 0.99507, 0.12612, 0.76645, 0.41287, 0.91036, 0.77113, 0.37931, 0.86136, 0.94631, 0.04836, 0.34194, 0.78311, 0.6828, 0.98662, 0.24848, 0.91107, 0.83384, 0.34415, 0.24037, 0.92811, 0.96882, 0.84907, 0.9256, 0.82471, 0.69851, 0.21635, 0.08852, 0.85571, 0.89021, 0.45481, 0.47445, 0.99014, 0.906, 0.95322, 0.08297, 0.63094, 0.22074, 0.92103, 0.34008, 0.97103, 0.7763, 0.74145, 0.169, 0.29753, 0.06403, 0.91473, 0.29951, 0.71359, 0.96708, 0.98008, 0.66352, 0.23987, 0.14027, 0.97124, 0.97281, 0.9261, 0.38099, 0.89231, 0.21794, 0.585, 0.2139, 0.04596, 0.28744, 0.98763, 0.62529, 0.82779, 0.06599, 0.19068, 0.03533, 0.70881, 0.33536, 0.34735, 0.19231, 0.6764, 0.20381, 0.96598, 0.20959, 0.96904, 0.13832, 0.49128, 0.45782, 0.26385, 0.36091, 0.99379, 0.91638, 0.98714, 0.7912, 0.92196, 0.86699, 0.04174, 0.39118, 0.73333, 0.15177, 0.9555, 0.41357, 0.89707, 0.83509, 0.41845, 0.96716, 0.92803, 0.9667, 0.20543, 0.19838, 0.21461, 0.98177, 0.67894, 0.78238, 0.96129, 0.9101, 0.92724, 0.17673, 0.48044, 0.31859, 0.99329, 0.08644, 0.429, 0.9089, 0.29434, 0.08799, 0.47805, 0.80863, 0.15631, 0.83745, 0.01026, 0.73696, 0.88253, 0.75936, 0.93248, 0.07714, 0.97448, 0.07008, 0.33015, 0.97122, 0.98057, 0.46184, 0.98559, 0.5047, 0.93543, 0.97402, 0.97056, 0.02954, 0.35285, 0.15564, 0.94463, 0.95929, 0.83851, 0.96439, 0.18251, 0.06583, 0.07, 0.80644, 0.62386, 0.60443, 0.52024, 0.07191, 0.96829, 0.08218, 0.39681, 0.99131, 0.89506, 0.43287, 0.17548, 0.95784, 0.09379, 0.32588, 0.06959, 0.20599, 0.89707, 0.11154, 0.15853, 0.06465, 0.91928, 0.65387, 0.89283, 0.41778, 0.10845, 0.04005, 0.81864, 0.96212, 0.11952, 0.88737, 0.97777, 0.14087, 0.76058, 0.98021, 0.98983, 0.94711, 0.95032, 0.60887, 0.93993, 0.93437, 0.90665, 0.05919, 0.85881, 0.77279, 0.07375, 0.68826, 0.86417, 0.06231, 0.77373, 0.13737, 0.47635, 0.74556, 0.97859, 0.85513, 0.97853, 0.90583, 0.98097, 0.12675, 0.82263, 0.98898, 0.91624, 0.15384, 0.98017, 0.15967, 0.45459, 0.95825, 0.24908, 0.85539, 0.60757, 0.03195, 0.23705, 0.31623, 0.42298, 0.97128, 0.06191, 0.96224, 0.88954, 0.13945, 0.7823, 0.97404, 0.10439, 0.78478, 0.90405, 0.98822, 0.19044, 0.33524, 0.25789, 0.98777, 