{"model": "ai4bharat/indic-bert", "dataset": "hatexplain", "train_config": "hardneg", "seed": 123, "thr_cal": 0.13062163889408113, "metrics_05": {"macro": 0.7056029327938662, "toxf1": 0.7281733746130031, "prec": 0.8376068376068376, "rec": 0.6440306681270537, "prauc": 0.8705287449043541, "ece": 0.12310254768530528, "covert": 0.8442477876106195}, "metrics_cal": {"macro": 0.6607452747803625, "toxf1": 0.7984826932195354, "prec": 0.7040133779264214, "rec": 0.9222343921139102, "prauc": 0.8705287449043541, "ece": 0.12310254768530528, "covert": 0.8961748633879781}, "probs": [0.32826, 0.1688, 0.07298, 0.45606, 0.14702, 0.46121, 0.91646, 0.08263, 0.05446, 0.16217, 0.17074, 0.10323, 0.05994, 0.2322, 0.17359, 0.09725, 0.11228, 0.10405, 0.98129, 0.10101, 0.04421, 0.47019, 0.0456, 0.43666, 0.34366, 0.76122, 0.97134, 0.25492, 0.33129, 0.27275, 0.6723, 0.12516, 0.51172, 0.49275, 0.93409, 0.0524, 0.31093, 0.20007, 0.70667, 0.10637, 0.68918, 0.84745, 0.25154, 0.21052, 0.13073, 0.47499, 0.07296, 0.69588, 0.89415, 0.84874, 0.09831, 0.52495, 0.95446, 0.31332, 0.36839, 0.96665, 0.31381, 0.08743, 0.61597, 0.618, 0.07461, 0.89729, 0.89871, 0.20813, 0.93658, 0.30439, 0.91929, 0.47433, 0.36145, 0.79808, 0.42747, 0.88731, 0.79013, 0.8715, 0.0719, 0.1893, 0.9323, 0.31179, 0.70214, 0.94764, 0.91217, 0.10976, 0.82962, 0.11933, 0.15624, 0.67303, 0.75844, 0.61467, 0.41545, 0.80297, 0.05891, 0.93576, 0.60921, 0.73306, 0.92933, 0.09407, 0.25958, 0.52139, 0.18556, 0.9707, 0.0665, 0.52389, 0.89705, 0.3893, 0.0999, 0.14107, 0.42006, 0.55645, 0.9621, 0.09577, 0.02834, 0.13562, 0.30207, 0.08523, 0.2514, 0.43428, 0.65893, 0.41699, 0.54081, 0.86689, 0.26141, 0.18222, 0.10868, 0.93427, 0.4749, 0.14946, 0.24978, 0.11757, 0.13046, 0.79594, 0.07103, 0.83753, 0.09784, 0.24665, 0.86662, 0.3143, 0.13926, 0.90552, 0.87953, 0.80357, 0.45041, 0.90125, 0.71965, 0.93152, 0.8816, 0.09398, 0.94288, 0.16476, 0.64029, 0.78597, 0.74706, 0.41853, 0.86777, 0.11649, 0.9556, 0.78053, 0.94121, 0.80902, 0.28506, 0.57559, 0.45769, 0.74634, 0.78037, 0.62847, 0.62668, 0.69004, 0.70784, 0.13345, 0.91885, 0.89591, 0.11309, 0.43767, 0.16157, 0.26366, 0.8906, 0.24972, 0.12084, 0.29421, 0.79734, 0.25293, 0.97878, 0.09114, 0.29465, 0.60274, 0.94705, 0.29399, 0.94456, 0.57584, 0.37345, 0.95472, 0.17572, 0.6032, 0.74857, 0.83696, 0.88803, 0.9238, 0.71833, 0.83034, 0.95565, 0.34288, 0.73654, 0.17089, 0.3241, 0.10291, 0.60931, 0.66774, 0.17249, 0.27153, 0.14174, 0.09862, 0.07429, 0.07851, 0.69443, 0.40732, 0.4338, 0.18467, 0.04616, 0.04655, 0.75481, 0.10059, 0.4168, 0.09498, 0.29529, 0.9346, 0.03888, 0.94684, 0.88894, 0.44719, 0.25172, 0.93538, 0.80569, 0.76084, 0.88073, 0.57479, 0.91314, 0.4445, 0.92973, 0.35542, 0.96397, 0.21334, 0.07777, 0.64989, 0.46931, 0.34509, 0.81072, 0.28176, 0.36808, 0.07961, 0.2867, 0.19783, 0.52689, 0.8205, 0.22931, 0.44411, 0.10257, 0.55331, 0.96411, 0.17896, 0.08856, 0.65768, 0.07184, 0.95736, 0.48682, 0.93392, 0.823, 0.15714, 0.79853, 0.065, 0.14978, 0.18685, 0.52333, 0.28047, 0.1243, 0.79318, 0.08484, 0.31544, 0.90744, 0.98286, 0.94306, 0.64448, 0.98359, 0.95129, 0.69998, 0.9738, 0.52407, 0.61141, 0.77694, 0.4379, 0.09762, 0.1415, 0.09823, 0.11724, 0.0887, 0.35163, 0.87926, 0.16039, 0.67039, 0.07702, 0.63155, 0.18063, 0.83954, 0.08479, 0.31082, 0.98834, 0.71557, 0.40383, 0.77667, 0.90978, 0.08147, 0.37156, 0.80206, 0.24026, 0.92148, 0.20349, 0.41234, 0.87835, 0.72599, 0.11275, 0.92213, 0.98098, 0.55149, 0.07955, 0.45204, 0.22981, 0.09221, 0.95034, 0.19285, 0.19352, 0.69569, 0.70854, 0.88759, 0.98063, 0.18809, 0.54717, 0.6367, 0.34474, 0.34389, 0.76807, 0.93467, 0.05277, 0.77499, 0.96292, 0.89546, 0.94077, 0.06933, 0.76014, 0.0488, 0.18095, 0.30505, 0.60838, 0.09616, 0.40521, 0.16636, 0.96407, 0.47958, 0.97911, 0.05522, 0.53675, 0.10059, 0.28726, 0.38212, 0.75787, 0.947, 0.01396, 0.98293, 0.17423, 0.98547, 0.98518, 0.20886, 0.64995, 0.08255, 0.15362, 0.79791, 0.9102, 0.53706, 0.38351, 0.13861, 0.62439, 0.72405, 0.92697, 0.69069, 0.41732, 0.05341, 0.97165, 0.16757, 0.10829, 0.05626, 0.05345, 0.80131, 0.78867, 0.91252, 0.16439, 0.17187, 0.22981, 0.94773, 0.84038, 0.80757, 0.83923, 0.47498, 0.21986, 0.83416, 0.17881, 0.84789, 0.7231, 0.61765, 0.85098, 0.48627, 0.8116, 0.07835, 0.05153, 0.78489, 0.32117, 0.25664, 0.0652, 0.08784, 0.61547, 0.12393, 0.86534, 0.94282, 0.22752, 0.63593, 0.17402, 0.37976, 0.72756, 0.20647, 0.24817, 0.20892, 0.42746, 0.71847, 0.19672, 0.05312, 0.1024, 0.15881, 0.08354, 0.55942, 0.89727, 0.94788, 0.81008, 0.79682, 0.0768, 0.93123, 0.71716, 0.42097, 0.14294, 0.34907, 0.96678, 0.8101, 0.19944, 0.18759, 0.43249, 0.09105, 0.65313, 0.10849, 0.88957, 0.67481, 0.06775, 0.24532, 0.15068, 0.93816, 0.1936, 0.32372, 0.10327, 0.88725, 0.52743, 0.12877, 0.21448, 0.35518, 0.2961, 0.94965, 0.41766, 0.08093, 0.37959, 0.20175, 0.10346, 0.83844, 0.06121, 0.4043, 0.27536, 0.58478, 0.16723, 0.83384, 0.17185, 0.07832, 0.85636, 0.09788, 0.10955, 0.34102, 0.55457, 0.22942, 0.95621, 0.96559, 0.93951, 0.66975, 0.35536, 0.10019, 0.06651, 0.05639, 0.94155, 0.7877, 0.77187, 0.93312, 0.11844, 0.10739, 0.03234, 0.84287, 0.97921, 0.35743, 0.11118, 0.19443, 0.2901, 0.23102, 0.08341, 0.87975, 0.11653, 0.14375, 0.51385, 0.94908, 0.09625, 0.61203, 0.17543, 0.1363, 0.46116, 0.95677, 0.43147, 0.83221, 0.56088, 0.94618, 0.05721, 0.7786, 0.86248, 0.73618, 0.38364, 0.03744, 0.15179, 0.84137, 0.59929, 0.74658, 0.0766, 0.14671, 0.96251, 0.18394, 0.914, 0.58632, 0.13011, 0.47816, 0.51572, 0.30066, 0.36611, 0.39133, 0.88058, 0.89404, 0.13253, 0.94865, 0.88909, 0.08962, 0.93576, 0.35016, 0.82736, 0.39081, 0.15128, 0.06332, 0.25785, 0.08297, 0.62784, 0.93268, 0.04648, 0.92863, 0.05367, 0.71594, 0.36029, 0.96551, 0.97677, 0.31738, 0.62702, 0.12901, 0.68909, 0.59815, 0.89257, 0.2324, 0.91505, 0.10301, 0.74431, 0.92644, 0.9635, 0.80256, 0.48605, 0.08131, 0.13327, 0.7723, 0.09686, 0.71206, 0.0685, 0.33402, 0.09779, 0.11873, 0.79563, 0.96865, 0.07899, 0.38752, 0.21944, 0.65209, 0.49938, 0.19604, 0.62069, 0.4821, 0.07161, 0.17714, 0.27204, 0.11114, 0.76778, 0.29887, 0.82386, 0.60337, 0.40974, 0.1173, 0.49569, 0.89291, 0.3604, 0.85177, 0.85461, 0.71969, 0.11613, 0.25733, 0.67155, 0.38805, 0.20995, 0.22076, 0.96757, 0.72642, 0.88462, 0.08605, 0.36103, 0.29173, 0.71292, 0.20312, 0.84226, 0.60846, 0.55208, 0.07654, 0.09914, 0.04826, 0.2141, 0.14573, 0.21715, 0.81657, 0.95731, 0.3327, 0.12846, 0.09522, 0.91178, 0.81859, 0.89937, 0.24671, 0.8646, 0.14203, 0.30438, 0.13212, 0.09341, 0.16848, 0.95462, 0.33405, 0.38329, 0.1236, 0.39157, 0.05917, 0.39183, 0.18367, 0.09229, 0.16232, 0.67838, 0.15269, 0.85469, 0.16158, 0.94386, 0.07291, 0.47141, 0.08906, 0.31145, 0.38847, 0.97983, 0.58173, 0.9496, 0.72842, 0.77138, 0.84742, 0.04704, 0.14141, 0.56297, 0.11492, 0.8693, 0.11189, 0.74427, 0.8084, 0.19254, 0.94327, 0.91449, 0.86751, 0.08868, 0.24398, 0.67928, 0.97288, 0.6169, 0.63875, 0.66311, 0.7078, 0.78817, 0.19742, 0.35755, 0.2407, 0.9758, 0.04823, 0.15315, 0.77588, 0.46511, 0.06451, 0.47038, 0.51856, 0.11089, 0.62614, 0.02169, 0.32012, 0.86822, 0.4754, 0.78911, 0.10263, 0.96113, 0.09566, 0.3237, 0.46197, 0.96197, 0.74254, 0.93771, 0.48572, 0.81736, 0.94722, 0.94636, 0.04163, 0.24071, 0.15882, 0.78684, 0.95316, 0.72996, 0.7495, 0.09639, 0.09762, 0.07463, 0.48055, 0.43372, 0.56364, 0.23687, 0.09549, 0.92273, 0.16127, 0.11821, 0.96214, 0.90046, 0.16947, 0.09315, 0.87216, 0.09712, 0.30693, 0.10758, 0.23677, 0.58012, 0.10762, 0.11182, 0.10918, 0.87321, 0.59484, 0.14325, 0.29428, 0.10526, 0.06469, 0.37505, 0.72348, 0.10489, 0.91047, 0.95376, 0.106, 0.56942, 0.93105, 0.97016, 0.73967, 0.90861, 0.64761, 0.778, 0.57017, 0.94583, 0.07107, 0.50838, 0.47051, 0.13031, 0.64119, 0.76762, 0.10983, 0.51673, 0.3805, 0.20718, 0.27945, 0.95665, 0.84576, 0.90588, 0.71085, 0.96078, 0.10412, 0.74821, 0.96825, 0.88542, 0.15056, 0.95971, 0.08757, 0.41798, 0.82278, 0.05553, 0.57694, 0.5344, 0.04543, 0.15493, 0.33856, 0.2572, 0.77381, 0.0764, 0.96538, 0.84207, 0.13144, 0.58283, 0.94876, 0.11722, 0.22976, 0.81252, 0.93274, 0.12107, 0.35824, 0.34382, 0.97294, 