{"model": "ai4bharat/indic-bert", "dataset": "dravidian_tamil", "train_config": "ce", "seed": 42, "thr_cal": 0.6207759022712708, "metrics_05": {"macro": 0.656264057102603, "toxf1": 0.5423728813559322, "prec": 0.4152671755725191, "rec": 0.7816091954022989, "prauc": 0.5279047747595551, "ece": 0.19395508158206937, "covert": 0.680089485458613}, "metrics_cal": {"macro": 0.6750617803249382, "toxf1": 0.5472527472527473, "prec": 0.4430604982206406, "rec": 0.7155172413793104, "prauc": 0.5279047747595551, "ece": 0.19395508158206937, "covert": 0.6697892271662763}, "probs": [0.02998, 0.00468, 0.56235, 0.0215, 0.88005, 0.24631, 0.14308, 0.11154, 0.1102, 0.0958, 0.04295, 0.0699, 0.01201, 0.02122, 0.04311, 0.27432, 0.84025, 0.32959, 0.04815, 0.30844, 0.64058, 0.4599, 0.02456, 0.11638, 0.09447, 0.79128, 0.91629, 0.03753, 0.10633, 0.03892, 0.15812, 0.62009, 0.06541, 0.1293, 0.33581, 0.94338, 0.40729, 0.23856, 0.00863, 0.82536, 0.68275, 0.12041, 0.79504, 0.89302, 0.0528, 0.87878, 0.01237, 0.05569, 0.33778, 0.02361, 0.01908, 0.64516, 0.05143, 0.32306, 0.37892, 0.75007, 0.79096, 0.86418, 0.86255, 0.37186, 0.09807, 0.01406, 0.48361, 0.30637, 0.01973, 0.02203, 0.02163, 0.30315, 0.92627, 0.14965, 0.57737, 0.8106, 0.06109, 0.12783, 0.88456, 0.80808, 0.90018, 0.88659, 0.02193, 0.12264, 0.86519, 0.60001, 0.59617, 0.0031, 0.13274, 0.03453, 0.33435, 0.22739, 0.06745, 0.93956, 0.01312, 0.87738, 0.03591, 0.51415, 0.16764, 0.18202, 0.58094, 0.6684, 0.53165, 0.03626, 0.81973, 0.01008, 0.09693, 0.08937, 0.82286, 0.82007, 0.66692, 0.18222, 0.00737, 0.84643, 0.85961, 0.20894, 0.89484, 0.79581, 0.08242, 0.02128, 0.21116, 0.85506, 0.16644, 0.01333, 0.52878, 0.01845, 0.14347, 0.16131, 0.53025, 0.06637, 0.86944, 0.21767, 0.01642, 0.03064, 0.82153, 0.10945, 0.89938, 0.36449, 0.45006, 0.91089, 0.18933, 0.01083, 0.06417, 0.77915, 0.82312, 0.00504, 0.89734, 0.94014, 0.21346, 0.12664, 0.0131, 0.7259, 0.45571, 0.63959, 0.73839, 0.13104, 0.71517, 0.26087, 0.651, 0.01398, 0.02018, 0.89741, 0.06545, 0.75474, 0.01806, 0.8662, 0.55831, 0.91723, 0.18753, 0.3246, 0.74055, 0.12772, 0.18224, 0.66147, 0.80835, 0.84715, 0.69639, 0.12645, 0.10244, 0.13693, 0.81592, 0.17255, 0.02206, 0.13804, 0.62254, 0.26964, 0.7405, 0.64438, 0.04437, 0.01534, 0.87293, 0.01846, 0.01215, 0.26665, 0.54989, 0.21279, 0.81344, 0.19201, 0.00421, 0.61711, 0.07176, 0.81678, 0.03662, 0.02472, 0.05709, 0.92645, 0.83733, 0.1052, 0.09756, 0.03698, 0.79438, 0.00475, 0.66494, 0.52955, 0.44959, 0.06098, 0.55082, 0.00549, 0.06559, 0.7979, 0.0165, 0.20581, 0.78542, 0.00659, 0.11406, 0.02316, 0.13199, 0.88837, 0.02245, 0.9485, 0.89628, 0.20315, 0.05294, 0.03238, 0.26141, 0.09144, 0.07905, 0.9429, 0.53494, 0.05272, 0.13448, 0.00368, 0.93524, 0.34228, 0.89502, 0.1018, 0.05175, 0.62792, 0.30877, 0.17172, 0.22896, 0.89762, 0.7341, 0.19943, 0.14709, 0.02333, 0.15161, 0.16625, 0.89058, 0.81208, 0.01876, 0.89874, 0.08821, 0.31365, 0.28606, 0.92966, 0.25015, 0.14409, 0.93704, 0.0125, 0.17732, 0.65972, 0.72448, 0.16073, 0.16088, 0.90871, 0.86357, 0.00485, 0.06144, 0.01485, 0.87064, 0.42495, 0.06521, 0.81539, 0.03135, 0.09192, 0.03611, 0.5492, 0.07393, 0.09879, 0.08546, 0.32767, 0.7372, 0.89434, 0.021, 0.00322, 0.01039, 0.79087, 0.1566, 0.39043, 0.3649, 0.51711, 0.26245, 0.22676, 0.00789, 0.11855, 0.4836, 0.48491, 0.7755, 0.18934, 0.50488, 0.52522, 0.48378, 0.03407, 0.32285, 0.94326, 0.73899, 0.60685, 0.66205, 0.93131, 0.84188, 0.76612, 0.45066, 0.4524, 0.15029, 0.37892, 0.0676, 0.17109, 0.19115, 0.77859, 0.82108, 0.6494, 0.22025, 0.00875, 0.0712, 0.81756, 0.35858, 0.65373, 0.02404, 0.02236, 0.85351, 0.84504, 0.1322, 0.84404, 0.01165, 0.00293, 0.22212, 0.05619, 0.41738, 0.01911, 0.78499, 0.04639, 0.7185, 0.43675, 0.90156, 0.59663, 0.49457, 0.77954, 0.43268, 0.73679, 0.14021, 0.76028, 0.445, 0.71602, 0.81954, 0.88625, 0.39536, 0.49425, 0.87358, 0.78559, 0.00587, 0.9002, 0.00578, 0.93375, 0.09164, 0.63733, 0.63229, 0.12616, 0.02, 0.63734, 0.0495, 0.1509, 0.89551, 0.04785, 0.45658, 0.06881, 0.60712, 0.45091, 0.34076, 0.3639, 0.10887, 0.81506, 0.01519, 0.73231, 0.49431, 0.16489, 0.36825, 0.3405, 0.03211, 0.90955, 0.60236, 0.77766, 0.01496, 0.03416, 0.65224, 0.08598, 0.06941, 0.09821, 0.01403, 0.01608, 0.22299, 0.9397, 0.01743, 0.92471, 0.92593, 0.31276, 0.06368, 0.74719, 0.70337, 0.11799, 0.12522, 0.41731, 0.83868, 0.6856, 0.90329, 0.41392, 0.40861, 0.72624, 0.7317, 0.0189, 0.06781, 0.20209, 0.86544, 0.65333, 0.02385, 0.76478, 0.74485, 0.79843, 0.42249, 0.01585, 0.21258, 0.77007, 0.06668, 0.00884, 0.85752, 0.05867, 0.96123, 0.63149, 0.29142, 0.9265, 0.54275, 0.01072, 0.65448, 0.80576, 0.72128, 0.71185, 0.23548, 0.13004, 0.06857, 0.84938, 0.6812, 0.70442, 0.23776, 0.17703, 0.00422, 0.19898, 0.22102, 0.0109, 0.01562, 0.81924, 0.12277, 0.5458, 0.858, 0.62451, 0.07159, 0.16268, 0.47117, 0.04866, 0.71296, 0.28088, 0.00527, 0.79764, 0.8951, 0.85049, 0.65333, 0.43636, 0.57496, 0.82868, 0.25436, 0.9459, 0.92338, 0.10555, 0.01271, 0.92987, 0.20057, 0.92594, 0.08985, 0.09857, 0.36966, 0.74523, 0.8194, 0.00664, 0.15183, 0.883, 0.73672, 0.94081, 0.24753, 0.51952, 0.81286, 0.47088, 0.04536, 0.00684, 0.91391, 0.01325, 0.00508, 0.05268, 0.04552, 0.27465, 0.04846, 0.69088, 0.44884, 0.44914, 0.87568, 0.24297, 0.88057, 0.19761, 0.07074, 0.7597, 0.85135, 0.17363, 0.03174, 0.4033, 0.84559, 0.52191, 0.66356, 0.11153, 0.92787, 0.92471, 0.71295, 0.11153, 0.11948, 0.04569, 0.01817, 0.40634, 0.46788, 0.78098, 0.1888, 0.12956, 0.85335, 0.93742, 0.3422, 0.82989, 0.01923, 0.11847, 0.33113, 0.04418, 0.14777, 0.80925, 0.08326, 0.8425, 0.82776, 0.93256, 0.88687, 0.91035, 0.77042, 0.48879, 0.83091, 0.20114, 0.3387, 0.55856, 0.71432, 0.76364, 0.03465, 0.82266, 0.12177, 0.50389, 0.04125, 0.03314, 0.82462, 0.13096, 0.44036, 0.56058, 0.9202, 0.19051, 0.87079, 0.19464, 0.00886, 0.81717, 0.14555, 0.18327, 0.40969, 0.02517, 0.95599, 0.90261, 0.03634, 0.92166, 0.87075, 0.84815, 0.07811, 0.10313, 0.07396, 0.07231, 0.05086, 0.23014, 0.08422, 0.53165, 0.92888, 0.07792, 0.07196, 0.48192, 0.24748, 0.17916, 0.75396, 0.86869, 0.81856, 0.867, 0.82509, 0.11903, 0.56816, 0.53444, 0.39122, 0.07628, 0.01857, 0.91491, 0.0547, 0.04496, 0.94602, 0.05849, 0.83022, 0.07263, 0.06233, 0.00932, 0.64673, 0.58579, 0.82306, 0.68156, 0.00724, 0.90421, 0.07887, 0.6962, 0.9189, 0.00799, 0.8246, 0.13656, 0.09914, 0.52042, 0.87753, 0.72646, 0.27286, 0.01278, 0.69033, 0.93018, 0.88887, 0.91192, 0.04664, 0.10194, 0.50152, 0.84995, 0.21672, 0.08615, 0.00309, 0.90839, 0.86103, 0.57231, 0.79168, 0.0852, 0.0239, 0.00591, 0.76465, 0.70765, 0.42502, 0.02162, 0.82554, 0.51699, 0.92639, 0.05669, 0.84188, 0.66048, 0.17651, 0.18477, 0.38, 0.58208, 0.03911, 0.95087, 0.23875, 0.84085, 0.86382, 0.01817, 0.86665, 0.0186, 0.14787, 0.88235, 0.14995, 0.63175, 0.312, 0.21256, 0.09318, 0.1743, 0.83106, 0.07438, 0.04523, 0.02783, 0.10835, 0.6205, 0.17754, 0.23937, 0.74878, 0.91808, 0.32742, 0.57156, 0.24874, 0.90478, 0.05528, 0.03088, 0.01398, 0.00789, 0.8309, 0.00883, 0.9377, 0.72376, 0.35472, 0.03778, 0.94863, 0.06128, 0.51448, 0.62364, 0.81402, 0.30353, 0.03757, 0.06309, 0.14965, 0.67397, 0.20867, 0.83898, 0.00299, 0.85782, 0.66879, 0.25987, 0.9375, 0.01567, 0.58385, 0.11891, 0.55444, 0.00944, 0.68678, 0.12191, 0.959, 0.90319, 0.83635, 0.69834, 0.40204, 0.10927, 0.87348, 0.86327, 0.11934, 0.11505, 0.77918, 0.20717, 0.18274, 0.02311, 0.71949, 0.35209, 0.03911, 0.15957, 0.62891, 0.88955, 0.02065, 0.04312, 0.05157, 0.03748, 0.92291, 0.08003, 0.41, 0.01316, 0.72635, 0.01117, 0.20958, 0.02389, 0.72804, 0.39502, 0.4978, 0.89443, 0.02465, 0.0173, 0.75149, 0.43483, 0.64687, 0.86892, 0.03667, 0.04326, 0.18237, 0.12316, 0.7163, 0.77922, 0.17791, 0.71637, 0.86213, 0.03908, 0.0737, 0.8508, 0.36283, 0.2024, 0.14031, 0.61214, 0.04288, 0.55834, 0.02823, 0.52617, 0.08638, 0.87391, 0.25545, 0.267, 0.73179, 0.56236, 0.17836, 0.68139, 0.68021, 0.44937, 0.05108, 0.1795, 0.49063, 0.11886, 0.03297, 0.83895, 0.70079, 0.89425, 0.48109, 0.58324, 0.94314, 0.60286, 0.0551, 0.10091, 0.90546, 0.34324, 0.0544, 0.06714, 0.88556, 0.16617, 0.73061, 0.24471, 0.87505, 