{"model": "ai4bharat/indic-bert", "dataset": "dravidian_kannada", "train_config": "supcon", "seed": 123, "thr_cal": 0.6027972847223282, "metrics_05": {"macro": 0.6487712989125781, "toxf1": 0.5720524017467249, "prec": 0.4395973154362416, "rec": 0.81875, "prauc": 0.6336114420724075, "ece": 0.22963963365086928, "covert": 0.8297872340425532}, "metrics_cal": {"macro": 0.6674995271608748, "toxf1": 0.5511811023622047, "prec": 0.4751131221719457, "rec": 0.65625, "prauc": 0.6336114420724075, "ece": 0.22963963365086928, "covert": 0.7954545454545454}, "probs": [0.19569, 0.52822, 0.59869, 0.39329, 0.77519, 0.53023, 0.36279, 0.66719, 0.14315, 0.45642, 0.8488, 0.35873, 0.10275, 0.65209, 0.49443, 0.36032, 0.91054, 0.73363, 0.11516, 0.85604, 0.7829, 0.4203, 0.70748, 0.54963, 0.98747, 0.93901, 0.98178, 0.23695, 0.73309, 0.62467, 0.98579, 0.83521, 0.35295, 0.60298, 0.72331, 0.38669, 0.57229, 0.04906, 0.59528, 0.41119, 0.86158, 0.03213, 0.83067, 0.56363, 0.46444, 0.71677, 0.27003, 0.30011, 0.30109, 0.22542, 0.80502, 0.41733, 0.33956, 0.59058, 0.55537, 0.83874, 0.09439, 0.31017, 0.4899, 0.78833, 0.45217, 0.34916, 0.8695, 0.76265, 0.06683, 0.49021, 0.60605, 0.64381, 0.7199, 0.98754, 0.5529, 0.14613, 0.38777, 0.65875, 0.65069, 0.31373, 0.67098, 0.77696, 0.85021, 0.67725, 0.35729, 0.58549, 0.08216, 0.51266, 0.33414, 0.24618, 0.78937, 0.16765, 0.44789, 0.18522, 0.14364, 0.30788, 0.08533, 0.83803, 0.72697, 0.17281, 0.13781, 0.04817, 0.1368, 0.21637, 0.22228, 0.32294, 0.24158, 0.95915, 0.83693, 0.37765, 0.8188, 0.42135, 0.64612, 0.68678, 0.47044, 0.25525, 0.10694, 0.35647, 0.43468, 0.44056, 0.35295, 0.56472, 0.6599, 0.56428, 0.32582, 0.04367, 0.81847, 0.8615, 0.41394, 0.21084, 0.27003, 0.48469, 0.30196, 0.3466, 0.85629, 0.36392, 0.33021, 0.76102, 0.75916, 0.64244, 0.2095, 0.94475, 0.22902, 0.93876, 0.43253, 0.64772, 0.46415, 0.95585, 0.64461, 0.53212, 0.61834, 0.81831, 0.84707, 0.3804, 0.32571, 0.25607, 0.74273, 0.54617, 0.60499, 0.76081, 0.23783, 0.85162, 0.55298, 0.72371, 0.81494, 0.16757, 0.41524, 0.49789, 0.40784, 0.23632, 0.53449, 0.86379, 0.64101, 0.6854, 0.13668, 0.87617, 0.35464, 0.46659, 0.95138, 0.3245, 0.27003, 0.38714, 0.51134, 0.55092, 0.39025, 0.32194, 0.27003, 0.95299, 0.94318, 0.51205, 0.96278, 0.21197, 0.3737, 0.15157, 0.70199, 0.82367, 0.38958, 0.27003, 0.85753, 0.95528, 0.52637, 0.8709, 0.70489, 0.41501, 0.32314, 0.05421, 0.10204, 0.53161, 0.6502, 0.38512, 0.54394, 0.14459, 0.93009, 0.24906, 0.92481, 0.78592, 0.28965, 0.17909, 0.09391, 0.14678, 0.94535, 0.10877, 0.08531, 0.15345, 0.18741, 0.44433, 0.32265, 0.21365, 0.8156, 0.67112, 0.0509, 0.31423, 0.21931, 0.5961, 0.08414, 0.67754, 0.06345, 0.46861, 0.50432, 0.59249, 0.99209, 0.5266, 0.13854, 0.32163, 0.47062, 0.27003, 0.54247, 0.99451, 0.96941, 0.13215, 0.28334, 0.49143, 0.42558, 0.61844, 0.81631, 0.54926, 0.60971, 0.94946, 0.42102, 0.46171, 0.82468, 0.26345, 0.52807, 0.42483, 0.74767, 0.83693, 0.7037, 0.6316, 0.37738, 0.50901, 0.27003, 0.5339, 0.42251, 0.14373, 0.07242, 0.06334, 0.68222, 0.61873, 0.02011, 0.11507, 0.73177, 0.11247, 0.93134, 0.81741, 0.05284, 0.56139, 0.82312, 0.53774, 0.61729, 0.59258, 0.13304, 0.54709, 0.18785, 0.52965, 0.58509, 0.02716, 0.28823, 0.57988, 0.11066, 0.27003, 0.5596, 0.46136, 0.48531, 0.4166, 0.27706, 0.52563, 0.07297, 0.6034, 0.25117, 0.18604, 0.57172, 0.27003, 0.78997, 0.13936, 0.75754, 0.35063, 0.20903, 0.67119, 0.86732, 0.55348, 0.21122, 0.48851, 0.71178, 0.29364, 0.64498, 0.67548, 0.34273, 0.44459, 0.92786, 0.46593, 0.72262, 0.19118, 0.82376, 0.92492, 0.05705, 0.64458, 0.2011, 0.56864, 0.32156, 0.19066, 0.41555, 0.62801, 0.13229, 0.33885, 0.6148, 0.23124, 0.81946, 0.18498, 0.43393, 0.52167, 0.95237, 0.80716, 0.27003, 0.79503, 0.31035, 0.42384, 0.64879, 0.72858, 0.1155, 0.66093, 0.61387, 0.94748, 0.52992, 0.38119, 0.80416, 0.18174, 0.88317, 0.73874, 0.12726, 0.16086, 0.88471, 0.65192, 0.22911, 0.67556, 0.99233, 0.30793, 0.47003, 0.27003, 0.40425, 0.22017, 0.0426, 0.75284, 0.9285, 0.3167, 0.78743, 0.46307, 0.36283, 0.68419, 0.38095, 0.57228, 0.10499, 0.0881, 0.58273, 0.59386, 0.67612, 0.2049, 0.20217, 0.17041, 0.17398, 0.27968, 0.7643, 0.8385, 0.52703, 0.82773, 0.53908, 0.40031, 0.48183, 0.88137, 0.20625, 0.11535, 0.12826, 0.99439, 0.80268, 0.54109, 0.34712, 0.17943, 0.40265, 0.03927, 0.65708, 0.50844, 0.38581, 0.68468, 0.08079, 0.78896, 0.24935, 0.94738, 0.76286, 0.11354, 0.70826, 0.50814, 0.32725, 0.91035, 0.98755, 0.06699, 0.55431, 0.43204, 0.04691, 0.79109, 0.55413, 0.96398, 0.86136, 0.22134, 0.90886, 0.03352, 0.24665, 0.83736, 0.1119, 0.30239, 0.96894, 0.979, 0.07037, 0.8432, 0.74542, 0.55021, 0.82462, 0.13582, 0.09719, 0.33809, 0.72907, 0.57231, 0.79101, 0.42793, 0.21383, 0.17818, 0.42324, 0.09669, 0.30612, 0.08531, 0.73414, 0.68636, 0.5356, 0.85469, 0.93061, 0.88737, 0.57829, 0.68739, 0.66551, 0.17545, 0.922, 0.02464, 0.6003, 0.90563, 0.45915, 0.15649, 0.89625, 0.54651, 0.07936, 0.4953, 0.84165, 0.56591, 0.93103, 0.80704, 0.25093, 0.2907, 0.21796, 0.448, 0.65114, 0.95522, 0.09689, 0.52135, 0.7205, 0.21741, 0.80774, 0.53953, 0.26909, 0.04134, 0.36295, 0.05728, 0.02487, 0.65677, 0.20029, 0.38336, 0.49352, 0.91146, 0.18972, 0.98059, 0.31439, 0.45353, 0.33165, 0.90998, 0.94346, 0.5256, 0.2034, 0.57633, 0.48277, 0.96628, 0.45914, 0.44018, 0.93785, 0.67897, 0.27003, 0.61197, 0.84359, 0.67534, 0.47151, 0.61061, 0.86779, 0.39105, 0.89526, 0.27003, 0.92852, 0.43203, 0.48913, 0.64048, 0.62845, 0.72579, 0.61447, 0.70811, 0.5626, 0.62055, 0.77793, 0.56198, 0.22115, 0.24156, 0.94589, 0.08524, 0.26674, 0.68999, 0.0991, 0.9739, 0.03969, 0.61479, 0.77292, 0.24918, 0.17959, 0.79449, 0.29601, 0.57177, 0.73217, 0.47746, 0.38168, 0.21049, 0.79907, 0.52047, 0.97674, 0.90707, 0.49475, 0.86034, 0.50824, 0.13877, 0.93005, 0.70327, 0.31103, 0.54162, 0.68114, 0.08774, 0.50714, 0.58195, 0.19566, 0.53866], "labels": [0, 0, 0, 0, 0, 0, 0, 0, 0, 0, 0, 0, 0, 0, 1, 0, 0, 1, 0, 0, 0, 0, 0, 1, 1, 1, 1, 1, 1, 0, 1, 0, 1, 1, 1, 0, 1, 0, 0, 1, 0, 0, 1, 0, 0, 0, 0, 0, 0, 1, 0, 0, 0, 1, 0, 0, 0, 0, 1, 0, 0, 0, 0, 1, 0, 0, 0, 0, 1, 1, 1, 0, 0, 0, 0, 1, 0, 0, 0, 1, 0, 1, 1, 0, 0, 0, 1, 0, 1, 0, 0, 0, 0, 0, 0, 0, 0, 1, 0, 0, 0, 1, 0, 1, 0, 0, 1, 0, 0, 0, 0, 0, 0, 0, 0, 0, 0, 0, 1, 0, 0, 0, 1, 1, 0, 0, 0, 0, 0, 0, 0, 0, 0, 1, 1, 0, 0, 1, 0, 0, 0, 0, 1, 1, 1, 0, 0, 0, 1, 0, 0, 0, 0, 0, 0, 1, 0, 0, 0, 1, 1, 1, 0, 1, 0, 0, 0, 0, 0, 0, 0, 1, 0, 0, 1, 0, 0, 0, 0, 0, 0, 0, 0, 0, 1, 0, 0, 0, 0, 0, 0, 1, 0, 1, 0, 1, 1, 0, 0, 0, 0, 0, 0, 0, 1, 1, 0, 0, 1, 0, 1, 0, 1, 0, 0, 0, 1, 0, 0, 0, 1, 0, 0, 0, 1, 0, 0, 0, 0, 0, 0, 0, 0, 0, 0, 1, 1, 0, 0, 0, 0, 0, 0, 1, 1, 0, 0, 0, 0, 0, 0, 0, 0, 1, 0, 0, 0, 0, 1, 0, 1, 0, 0, 0, 0, 0, 0, 0, 0, 0, 0, 0, 0, 1, 0, 0, 0, 0, 1, 1, 0, 1, 1, 0, 0, 1, 0, 1, 0, 0, 1, 0, 0, 1, 0, 0, 0, 1, 0, 0, 0, 0, 0, 0, 0, 0, 0, 1, 0, 0, 0, 0, 0, 0, 1, 1, 0, 0, 0, 0, 1, 1, 0, 0, 1, 0, 1, 0, 1, 1, 0, 0, 0, 0, 0, 0, 0, 1, 0, 0, 0, 0, 0, 0, 0, 0, 1, 0, 0, 0, 0, 0, 1, 0, 0, 1, 0, 1, 0, 0, 1, 0, 0, 0, 0, 0, 1, 0, 0, 1, 1, 0, 0, 0, 0, 0, 0, 1, 1, 0, 1, 0, 0, 1, 1, 1, 0, 0, 1, 1, 0, 0, 0, 0, 0, 0, 0, 0, 0, 1, 1, 1, 0, 1, 0, 0, 0, 1, 0, 0, 0, 0, 0, 0, 0, 0, 0, 1, 0, 1, 0, 0, 1, 0, 0, 0, 1, 1, 1, 0, 0, 0, 0, 0, 0, 1, 1, 0, 1, 0, 0, 0, 0, 0, 1, 1, 0, 1, 0, 1, 0, 0, 0, 0, 0, 0, 0, 0, 0, 0, 0, 0, 0, 0, 0, 0, 0, 1, 0, 1, 0, 0, 1, 1, 1, 0, 0, 1, 0, 0, 1, 1, 0, 0, 1, 0, 1, 1, 0, 0, 0, 0, 1, 1, 0, 1, 0, 0, 1, 0, 0, 0, 0, 0, 0, 0, 0, 0, 0, 1, 0, 1, 0, 0, 0, 1, 0, 1, 0, 0, 0, 1, 0, 0, 0, 0, 0, 0, 0, 0, 0, 0, 0, 0, 1, 0, 0, 1, 1, 1, 0, 0, 0, 1, 0, 0, 0, 1, 0, 1, 1, 0, 0, 0, 0, 1, 0, 0, 0, 0, 0, 0, 0, 1, 1, 1, 1, 0, 0, 0, 1, 1, 0, 0, 0, 0, 0, 0, 0, 0, 0, 0, 0, 1, 0, 1], "n": {"train": 3400, "val": 600, "test": 586, "toxic_frac": 0.23911764705882352}}