{"model": "ai4bharat/indic-bert", "dataset": "dravidian_tamil", "train_config": "hardneg", "seed": 123, "thr_cal": 0.5658044338226318, "metrics_05": {"macro": 0.6535, "toxf1": 0.538, "prec": 0.4125766871165644, "rec": 0.7729885057471264, "prauc": 0.5340544446744739, "ece": 0.17826129773507515, "covert": 0.6787330316742082}, "metrics_cal": {"macro": 0.6752406242200737, "toxf1": 0.5537806176783813, "prec": 0.43993231810490696, "rec": 0.7471264367816092, "prauc": 0.5340544446744739, "ece": 0.17826129773507515, "covert": 0.6744730679156908}, "probs": [0.03929, 0.01196, 0.32573, 0.05817, 0.77166, 0.2968, 0.11975, 0.30025, 0.04846, 0.08325, 0.03329, 0.2656, 0.02027, 0.03289, 0.05412, 0.02264, 0.78983, 0.05253, 0.02798, 0.19781, 0.61529, 0.34114, 0.06278, 0.09715, 0.06356, 0.78698, 0.85076, 0.02202, 0.08674, 0.03399, 0.15377, 0.61702, 0.07599, 0.23973, 0.17994, 0.89718, 0.20253, 0.33172, 0.01308, 0.83211, 0.54475, 0.30458, 0.7262, 0.81693, 0.17591, 0.84268, 0.02851, 0.04793, 0.60543, 0.03298, 0.03016, 0.77763, 0.10702, 0.09324, 0.57092, 0.79069, 0.80533, 0.81081, 0.70099, 0.40569, 0.64776, 0.01991, 0.5551, 0.48372, 0.05488, 0.09991, 0.03172, 0.55515, 0.87674, 0.28672, 0.51421, 0.82505, 0.04682, 0.06032, 0.77912, 0.85707, 0.83732, 0.92519, 0.02759, 0.0909, 0.69108, 0.61792, 0.52342, 0.00827, 0.24943, 0.03248, 0.04124, 0.18877, 0.05895, 0.89283, 0.04162, 0.87341, 0.03087, 0.71231, 0.63112, 0.13201, 0.68113, 0.70724, 0.33047, 0.03196, 0.87288, 0.01058, 0.28152, 0.08135, 0.79402, 0.49664, 0.60206, 0.67028, 0.01004, 0.77717, 0.77444, 0.39404, 0.8762, 0.7398, 0.50087, 0.13522, 0.23833, 0.72568, 0.13857, 0.01519, 0.70247, 0.04204, 0.13602, 0.18367, 0.07136, 0.12656, 0.92494, 0.4612, 0.05207, 0.051, 0.60878, 0.16309, 0.80321, 0.39125, 0.46976, 0.89342, 0.04788, 0.03999, 0.07509, 0.56297, 0.61523, 0.00889, 0.7713, 0.9033, 0.51225, 0.18875, 0.01167, 0.29536, 0.08827, 0.39096, 0.86085, 0.03974, 0.44731, 0.5772, 0.82146, 0.02877, 0.02139, 0.81567, 0.01956, 0.64133, 0.02256, 0.89878, 0.39862, 0.88352, 0.18902, 0.60952, 0.62286, 0.30129, 0.26631, 0.41983, 0.70102, 0.85557, 0.40716, 0.04926, 0.30119, 0.17212, 0.84986, 0.06967, 0.03067, 0.36199, 0.60967, 0.10124, 0.76165, 0.83937, 0.53423, 0.04375, 0.78394, 0.02699, 0.01274, 0.15657, 0.19974, 0.47605, 0.7711, 0.24068, 0.01267, 0.58141, 0.05559, 0.84917, 0.0421, 0.03894, 0.07003, 0.86282, 0.83077, 0.20617, 0.18403, 0.02911, 0.6802, 0.0173, 0.30157, 0.4017, 0.42564, 0.107, 0.42917, 0.02022, 0.09953, 0.8579, 0.04552, 0.77946, 0.79912, 0.01596, 0.0514, 0.0178, 0.08602, 0.87364, 0.11518, 0.92547, 0.86822, 0.15376, 0.13713, 0.07682, 0.28942, 0.28282, 0.06366, 0.91349, 0.56458, 0.07682, 0.15558, 0.00906, 0.8952, 0.21297, 0.87389, 0.07871, 0.0378, 0.32327, 0.15978, 0.05536, 0.55426, 0.82252, 0.74745, 0.17322, 0.12651, 0.01146, 0.03523, 0.15148, 0.86764, 0.57037, 0.02249, 0.85844, 0.04056, 0.2147, 0.25248, 0.88083, 0.34813, 0.07868, 0.89968, 0.0492, 0.21284, 0.55379, 0.58651, 0.34986, 0.12322, 0.83268, 0.88666, 0.00964, 0.06062, 0.01945, 0.87303, 0.13646, 0.08854, 0.68905, 0.04301, 0.15393, 0.06925, 0.14221, 0.09472, 0.12384, 0.08554, 0.1096, 0.47978, 0.86323, 0.0696, 0.0177, 0.04917, 0.37052, 0.27432, 0.41828, 0.17431, 0.67661, 0.25513, 0.08189, 0.01226, 0.78098, 0.55102, 0.63939, 0.76413, 0.19482, 0.16682, 0.38001, 0.06241, 0.09256, 0.81319, 0.86385, 0.60946, 0.3786, 0.81679, 0.89987, 0.59816, 0.75501, 0.56336, 0.24186, 0.11152, 0.45162, 0.09017, 0.12861, 0.32142, 0.81908, 0.71435, 0.64608, 0.35192, 0.01234, 0.05405, 0.82213, 0.65173, 0.3746, 0.05839, 0.02275, 0.74954, 0.70418, 0.23785, 0.85979, 0.02711, 0.00763, 0.26261, 0.07692, 0.37014, 0.08258, 0.60285, 0.02573, 0.23367, 0.40205, 0.74279, 0.14162, 0.45424, 0.71703, 0.19815, 0.53516, 0.11569, 0.76919, 0.59153, 0.67992, 0.83957, 0.7815, 0.11711, 0.45067, 0.63703, 0.72391, 0.0117, 0.90648, 0.01429, 0.92925, 0.27954, 0.70252, 0.08634, 0.11618, 0.02545, 0.71502, 0.04991, 0.26302, 0.88801, 0.05842, 0.46063, 0.08145, 0.31212, 0.66203, 0.48857, 0.6647, 0.13725, 0.67805, 0.01479, 0.76767, 0.51772, 0.08267, 0.06704, 0.10711, 0.13084, 0.87838, 0.58209, 0.84307, 0.0191, 0.06006, 0.48965, 0.20752, 0.11572, 0.08584, 0.02375, 0.04624, 0.1416, 0.91233, 0.02628, 0.83747, 0.91908, 0.1562, 0.1498, 0.43458, 0.74032, 0.61575, 0.05192, 0.45956, 0.70867, 0.75262, 0.8678, 0.10249, 0.30896, 0.57241, 0.45122, 0.02132, 0.2123, 0.26345, 0.87773, 0.40506, 0.02943, 0.76286, 0.81243, 0.81435, 0.25227, 0.02688, 0.10979, 0.87736, 0.11482, 0.01316, 0.82376, 0.03588, 0.93, 0.68534, 0.45514, 0.73634, 0.24476, 0.01446, 0.755, 0.65108, 0.52831, 0.58374, 0.10114, 0.13838, 0.07921, 0.82765, 0.76577, 0.33797, 0.12341, 0.08288, 0.01249, 0.03856, 0.63297, 0.01316, 0.01467, 0.69102, 0.09141, 0.29509, 0.8084, 0.72306, 0.02302, 0.53166, 0.31452, 0.03036, 0.63525, 0.46494, 0.0199, 0.82608, 0.83659, 0.75912, 0.59852, 0.32827, 0.2883, 0.09821, 0.17768, 0.90591, 0.84669, 0.03796, 0.05849, 0.91003, 0.51231, 0.81373, 0.05861, 0.26072, 0.49233, 0.58476, 0.67414, 0.00891, 0.29877, 0.8358, 0.52462, 0.92107, 0.65505, 0.39251, 0.61587, 0.6658, 0.04053, 0.02032, 0.90199, 0.05437, 0.01182, 0.08004, 0.13854, 0.63533, 0.02498, 0.79209, 0.20611, 0.27998, 0.70546, 0.10497, 0.78, 0.21154, 0.06443, 0.66466, 0.80442, 0.21993, 0.04035, 0.21754, 0.28294, 0.14232, 0.20734, 0.15805, 0.77238, 0.90661, 0.6519, 0.09521, 0.06993, 0.10971, 0.01965, 0.5395, 0.55073, 0.87708, 0.10214, 0.10152, 0.60925, 0.91094, 0.42453, 0.79674, 0.04977, 0.04918, 0.2652, 0.23253, 0.53797, 0.63374, 0.05476, 0.59389, 0.71628, 0.82924, 0.83722, 0.87604, 0.64848, 0.53119, 0.74422, 0.13802, 0.46697, 0.43932, 0.73657, 0.75391, 0.03707, 0.82402, 0.19312, 0.22837, 0.05783, 0.05059, 0.67487, 0.32274, 0.10121, 0.71056, 0.87599, 0.33379, 0.85137, 0.10021, 0.02054, 0.86557, 0.10912, 0.22529, 0.43318, 0.01358, 0.90385, 0.91484, 0.02198, 0.8946, 0.80982, 0.83614, 0.50807, 0.15201, 0.11322, 0.06132, 0.05325, 0.04001, 0.04004, 0.7348, 0.82546, 0.0796, 0.08677, 0.50692, 0.03482, 0.36327, 0.78255, 0.7844, 0.76386, 0.653, 0.81577, 0.1703, 0.35932, 0.60665, 0.17633, 0.09083, 0.01961, 0.85434, 0.04397, 0.0973, 0.89916, 0.20759, 0.78413, 0.18686, 0.0277, 0.01719, 0.58542, 0.48693, 0.5998, 0.53374, 0.04346, 0.81276, 0.05198, 0.80223, 0.76337, 0.01521, 0.82173, 0.16913, 0.03571, 0.11861, 0.83089, 0.6806, 0.26952, 0.0268, 0.76915, 0.91101, 0.8445, 0.88179, 0.09186, 0.04097, 0.59972, 0.77757, 0.10172, 0.07969, 0.00793, 0.85482, 0.875, 0.5422, 0.82114, 0.15855, 0.02362, 0.0097, 0.62216, 0.7271, 0.31408, 0.03499, 0.74876, 0.74525, 0.83143, 0.02438, 0.81987, 0.69223, 0.156, 0.04659, 0.11004, 0.59422, 0.02619, 0.91211, 0.43068, 0.69458, 0.72852, 0.00956, 0.80935, 0.01156, 0.23659, 0.65154, 0.58206, 0.7023, 0.02769, 0.04505, 0.04685, 0.36449, 0.78473, 0.04138, 0.22007, 0.02258, 0.07528, 0.64391, 0.34304, 0.11936, 0.70178, 0.81767, 0.36072, 0.36861, 0.1136, 0.60491, 0.02966, 0.04869, 0.05606, 0.04833, 0.64944, 0.03135, 0.85439, 0.65842, 0.69289, 0.01898, 0.91858, 0.05453, 0.81052, 0.70984, 0.77309, 0.49067, 0.06043, 0.04786, 0.19305, 0.67703, 0.15317, 0.82285, 0.00812, 0.75488, 0.3101, 0.09956, 0.84488, 0.1519, 0.39877, 0.07007, 0.69546, 0.02347, 0.23971, 0.03254, 0.93234, 0.88017, 0.86567, 0.80041, 0.08915, 0.76705, 0.82051, 0.80578, 0.47626, 0.30087, 0.84371, 0.14538, 0.18758, 0.01775, 0.71383, 0.42494, 0.04426, 0.67455, 0.51024, 0.83382, 0.06265, 0.14654, 0.07555, 0.06933, 0.87266, 0.02765, 0.81736, 0.051, 0.74868, 0.0116, 0.08294, 0.1722, 0.67073, 0.45562, 0.43193, 0.80589, 0.07674, 0.03038, 0.67128, 0.67731, 0.57147, 0.68419, 0.08632, 0.02833, 0.40956, 0.08482, 0.36551, 0.8557, 0.1327, 0.44867, 0.85728, 0.01632, 0.06726, 0.83039, 0.15178, 0.16122, 0.42644, 0.41292, 0.02176, 0.34797, 0.03867, 0.68345, 0.45017, 0.8003, 0.36511, 0.28632, 0.68132, 0.61561, 0.12557, 0.84977, 0.78654, 0.47898, 0.16484, 0.54713, 0.5411, 0.13513, 0.01829, 0.78896, 0.69542, 0.85094, 0.1731, 0.68205, 0.91923, 0.70893, 0.03583, 0.10768, 0.83686, 0.27512, 0.06034, 0.06376, 0.80792, 0.28653, 0.6689, 0.31441, 0.74679, 