{"model": "ai4bharat/indic-bert", "dataset": "dravidian_kannada", "train_config": "supcon", "seed": 99, "thr_cal": 0.5520807981491088, "metrics_05": {"macro": 0.6986908199185223, "toxf1": 0.5958549222797928, "prec": 0.5088495575221239, "rec": 0.71875, "prauc": 0.6071290589415252, "ece": 0.13372508088069565, "covert": 0.8323699421965318}, "metrics_cal": {"macro": 0.6903997219325686, "toxf1": 0.5657142857142857, "prec": 0.5210526315789473, "rec": 0.61875, "prauc": 0.6071290589415252, "ece": 0.13372508088069565, "covert": 0.8292682926829268}, "probs": [0.10094, 0.53511, 0.35138, 0.20456, 0.68908, 0.16966, 0.29601, 0.13372, 0.07458, 0.19153, 0.25623, 0.08146, 0.03472, 0.51014, 0.37528, 0.05186, 0.85273, 0.80711, 0.0457, 0.58684, 0.32738, 0.34589, 0.56221, 0.5706, 0.98733, 0.86457, 0.97823, 0.26043, 0.68266, 0.38696, 0.99195, 0.63727, 0.17843, 0.24667, 0.62705, 0.09775, 0.3006, 0.0302, 0.4317, 0.42703, 0.91511, 0.01669, 0.91192, 0.38176, 0.15116, 0.93305, 0.18838, 0.10472, 0.12992, 0.29876, 0.83472, 0.33891, 0.05534, 0.67301, 0.16945, 0.7735, 0.07625, 0.47041, 0.16362, 0.60312, 0.22679, 0.33889, 0.64056, 0.44656, 0.04959, 0.40253, 0.33139, 0.56724, 0.88789, 0.98326, 0.36352, 0.03053, 0.50843, 0.69018, 0.59803, 0.11412, 0.60338, 0.43354, 0.79763, 0.59388, 0.14201, 0.61059, 0.07868, 0.32142, 0.43381, 0.17037, 0.55719, 0.02312, 0.77493, 0.04195, 0.03245, 0.09285, 0.05593, 0.7762, 0.83109, 0.21453, 0.3748, 0.01582, 0.13223, 0.11706, 0.05647, 0.44013, 0.13081, 0.85453, 0.78563, 0.25645, 0.70801, 0.29879, 0.68525, 0.44989, 0.43694, 0.11007, 0.02323, 0.22456, 0.18534, 0.31933, 0.17843, 0.39455, 0.49968, 0.50065, 0.11808, 0.06502, 0.5434, 0.7511, 0.4782, 0.10183, 0.18838, 0.17573, 0.09681, 0.38741, 0.90882, 0.12897, 0.12288, 0.6693, 0.51982, 0.34911, 0.05687, 0.9443, 0.12696, 0.68428, 0.76607, 0.25457, 0.55271, 0.8101, 0.51222, 0.63781, 0.4481, 0.60489, 0.70855, 0.13964, 0.0439, 0.09389, 0.8362, 0.78636, 0.56966, 0.85548, 0.19848, 0.6135, 0.23, 0.46048, 0.73798, 0.04226, 0.28384, 0.23255, 0.38422, 0.03674, 0.74866, 0.46541, 0.28465, 0.57443, 0.02775, 0.93109, 0.06032, 0.40133, 0.83729, 0.1577, 0.18838, 0.30449, 0.44558, 0.38637, 0.29218, 0.14376, 0.18838, 0.93436, 0.54795, 0.73697, 0.91617, 0.02337, 0.19572, 0.04972, 0.42721, 0.76113, 0.21142, 0.18838, 0.7805, 0.942, 0.74304, 0.34414, 0.53676, 0.2522, 0.18624, 0.04436, 0.11802, 0.16637, 0.63099, 0.19409, 0.50082, 0.02644, 0.91605, 0.06108, 0.88757, 0.54091, 0.33373, 0.12831, 0.11704, 0.02907, 0.87821, 0.18875, 0.01999, 0.08276, 0.05653, 0.05794, 0.05275, 0.1296, 0.51125, 0.35381, 0.05186, 0.21475, 0.10193, 0.45334, 0.03914, 0.41914, 0.01758, 0.27033, 0.3598, 0.53382, 0.99437, 0.50924, 0.04237, 0.17904, 0.25745, 0.18838, 0.75494, 0.9917, 0.95574, 0.2208, 0.21621, 0.26792, 0.43358, 0.43941, 0.69038, 0.38368, 0.13595, 0.5674, 0.17867, 0.55684, 0.49484, 0.27637, 0.20769, 0.13089, 0.64286, 0.78563, 0.72384, 0.56785, 0.43755, 0.17365, 0.18838, 0.62637, 0.33708, 0.08795, 0.03297, 0.0217, 0.17484, 0.44185, 0.03587, 0.20085, 0.53469, 0.04398, 0.89484, 0.70419, 0.11408, 0.46528, 0.74931, 0.65321, 0.76147, 0.31502, 0.10542, 0.49444, 0.05238, 0.14003, 0.73312, 0.02431, 0.19608, 0.73883, 0.32401, 0.18838, 0.52952, 0.51681, 0.48204, 0.6004, 0.11903, 0.3022, 0.02983, 0.763, 0.17772, 0.28507, 0.22672, 0.18838, 0.79575, 0.13811, 0.87357, 0.29628, 0.10217, 0.65742, 0.70907, 0.81237, 0.07787, 0.26016, 0.56469, 0.34491, 0.58726, 0.40219, 0.16749, 0.63599, 0.86804, 0.2519, 0.77465, 0.02886, 0.501, 0.96125, 0.03647, 0.50333, 0.1026, 0.8705, 0.1005, 0.22406, 0.14272, 0.20028, 0.03973, 0.33406, 0.28828, 0.84764, 0.47647, 0.04128, 0.24165, 0.271, 0.85135, 0.59474, 0.18838, 0.65582, 0.21551, 0.39602, 0.76161, 0.44885, 0.16609, 0.5266, 0.56482, 0.9324, 0.31175, 0.12188, 0.74149, 0.02486, 0.74902, 0.59317, 0.11984, 0.04235, 0.57259, 0.47622, 0.12914, 0.6651, 0.99286, 0.15803, 0.0467, 0.18838, 0.23604, 0.30624, 0.0245, 0.84172, 0.8177, 0.19134, 0.85435, 0.51579, 0.31252, 0.58025, 0.16881, 0.50879, 0.02649, 0.04639, 0.54867, 0.32687, 0.4776, 0.07271, 0.06327, 0.2553, 0.1056, 0.06811, 0.45216, 0.84738, 0.2102, 0.6136, 0.45958, 0.2955, 0.66773, 0.85363, 0.25349, 0.02325, 0.06855, 0.99461, 0.59652, 0.53504, 0.31279, 0.25361, 0.33656, 0.04026, 0.56205, 0.17008, 0.11419, 0.50508, 0.12292, 0.65834, 0.136, 0.84981, 0.5956, 0.02283, 0.92432, 0.59619, 0.26036, 0.71581, 0.99004, 0.02313, 0.14615, 0.38968, 0.02906, 0.3554, 0.42649, 0.95356, 0.86462, 0.06166, 0.92049, 0.01681, 0.08306, 0.91121, 0.07155, 0.21966, 0.94572, 0.97283, 0.00993, 0.85171, 0.81554, 0.5979, 0.3044, 0.41005, 0.0677, 0.07561, 0.60176, 0.54715, 0.19335, 0.44726, 0.06662, 0.06315, 0.126, 0.03906, 0.047, 0.01999, 0.34376, 0.76783, 0.45584, 0.70645, 0.8342, 0.92292, 0.28385, 0.53096, 0.49031, 0.06868, 0.53208, 0.02779, 0.49394, 0.67553, 0.48657, 0.0391, 0.55289, 0.74613, 0.02827, 0.47701, 0.53077, 0.38428, 0.94398, 0.76994, 0.22349, 0.15467, 0.05766, 0.3012, 0.48469, 0.73612, 0.08968, 0.66982, 0.53774, 0.03242, 0.87843, 0.54296, 0.1661, 0.01531, 0.44454, 0.04029, 0.01675, 0.8325, 0.20035, 0.21222, 0.23428, 0.89763, 0.04104, 0.95903, 0.29421, 0.10631, 0.1046, 0.70927, 0.82154, 0.39943, 0.05431, 0.47144, 0.31473, 0.90741, 0.23782, 0.09893, 0.89094, 0.28047, 0.18838, 0.53483, 0.32335, 0.4628, 0.39131, 0.68525, 0.62126, 0.05694, 0.54353, 0.18838, 0.91872, 0.39927, 0.20304, 0.52457, 0.63025, 0.54511, 0.54366, 0.69144, 0.56358, 0.42247, 0.46396, 0.46126, 0.63263, 0.11621, 0.81143, 0.03322, 0.57853, 0.76033, 0.02201, 0.98492, 0.01821, 0.85647, 0.36826, 0.42193, 0.18679, 0.71686, 0.24522, 0.56285, 0.78226, 0.65365, 0.4744, 0.04137, 0.88194, 0.5572, 0.80461, 0.62487, 0.67798, 0.70224, 0.46544, 0.12906, 0.80802, 0.4549, 0.56295, 0.69775, 0.9045, 0.05049, 0.41837, 0.44297, 0.07215, 0.60114], "labels": [0, 0, 0, 0, 0, 0, 0, 0, 0, 0, 0, 0, 0, 0, 1, 0, 0, 1, 0, 0, 0, 0, 0, 1, 1, 1, 1, 1, 1, 0, 1, 0, 1, 1, 1, 0, 1, 0, 0, 1, 0, 0, 1, 0, 0, 0, 0, 0, 0, 1, 0, 0, 0, 1, 0, 0, 0, 0, 1, 0, 0, 0, 0, 1, 0, 0, 0, 0, 1, 1, 1, 0, 0, 0, 0, 1, 0, 0, 0, 1, 0, 1, 1, 0, 0, 0, 1, 0, 1, 0, 0, 0, 0, 0, 0, 0, 0, 1, 0, 0, 0, 1, 0, 1, 0, 0, 1, 0, 0, 0, 0, 0, 0, 0, 0, 0, 0, 0, 1, 0, 0, 0, 1, 1, 0, 0, 0, 0, 0, 0, 0, 0, 0, 1, 1, 0, 0, 1, 0, 0, 0, 0, 1, 1, 1, 0, 0, 0, 1, 0, 0, 0, 0, 0, 0, 1, 0, 0, 0, 1, 1, 1, 0, 1, 0, 0, 0, 0, 0, 0, 0, 1, 0, 0, 1, 0, 0, 0, 0, 0, 0, 0, 0, 0, 1, 0, 0, 0, 0, 0, 0, 1, 0, 1, 0, 1, 1, 0, 0, 0, 0, 0, 0, 0, 1, 1, 0, 0, 1, 0, 1, 0, 1, 0, 0, 0, 1, 0, 0, 0, 1, 0, 0, 0, 1, 0, 0, 0, 0, 0, 0, 0, 0, 0, 0, 1, 1, 0, 0, 0, 0, 0, 0, 1, 1, 0, 0, 0, 0, 0, 0, 0, 0, 1, 0, 0, 0, 0, 1, 0, 1, 0, 0, 0, 0, 0, 0, 0, 0, 0, 0, 0, 0, 1, 0, 0, 0, 0, 1, 1, 0, 1, 1, 0, 0, 1, 0, 1, 0, 0, 1, 0, 0, 1, 0, 0, 0, 1, 0, 0, 0, 0, 0, 0, 0, 0, 0, 1, 0, 0, 0, 0, 0, 0, 1, 1, 0, 0, 0, 0, 1, 1, 0, 0, 1, 0, 1, 0, 1, 1, 0, 0, 0, 0, 0, 0, 0, 1, 0, 0, 0, 0, 0, 0, 0, 0, 1, 0, 0, 0, 0, 0, 1, 0, 0, 1, 0, 1, 0, 0, 1, 0, 0, 0, 0, 0, 1, 0, 0, 1, 1, 0, 0, 0, 0, 0, 0, 1, 1, 0, 1, 0, 0, 1, 1, 1, 0, 0, 1, 1, 0, 0, 0, 0, 0, 0, 0, 0, 0, 1, 1, 1, 0, 1, 0, 0, 0, 1, 0, 0, 0, 0, 0, 0, 0, 0, 0, 1, 0, 1, 0, 0, 1, 0, 0, 0, 1, 1, 1, 0, 0, 0, 0, 0, 0, 1, 1, 0, 1, 0, 0, 0, 0, 0, 1, 1, 0, 1, 0, 1, 0, 0, 0, 0, 0, 0, 0, 0, 0, 0, 0, 0, 0, 0, 0, 0, 0, 1, 0, 1, 0, 0, 1, 1, 1, 0, 0, 1, 0, 0, 1, 1, 0, 0, 1, 0, 1, 1, 0, 0, 0, 0, 1, 1, 0, 1, 0, 0, 1, 0, 0, 0, 0, 0, 0, 0, 0, 0, 0, 1, 0, 1, 0, 0, 0, 1, 0, 1, 0, 0, 0, 1, 0, 0, 0, 0, 0, 0, 0, 0, 0, 0, 0, 0, 1, 0, 0, 1, 1, 1, 0, 0, 0, 1, 0, 0, 0, 1, 0, 1, 1, 0, 0, 0, 0, 1, 0, 0, 0, 0, 0, 0, 0, 1, 1, 1, 1, 0, 0, 0, 1, 1, 0, 0, 0, 0, 0, 0, 0, 0, 0, 0, 0, 1, 0, 1], "n": {"train": 3400, "val": 600, "test": 586, "toxic_frac": 0.23911764705882352}}