{"model": "ai4bharat/indic-bert", "dataset": "dravidian_kannada", "train_config": "ce", "seed": 42, "thr_cal": 0.3076188191771508, "metrics_05": {"macro": 0.7198183122161128, "toxf1": 0.574468085106383, "prec": 0.6639344262295082, "rec": 0.50625, "prauc": 0.6588691499488022, "ece": 0.0640685476057562, "covert": 0.7785234899328859}, "metrics_cal": {"macro": 0.7133341374827442, "toxf1": 0.6096256684491979, "prec": 0.5327102803738317, "rec": 0.7125, "prauc": 0.6588691499488022, "ece": 0.0640685476057562, "covert": 0.8361581920903954}, "probs": [0.00787, 0.39557, 0.28351, 0.07791, 0.88761, 0.06683, 0.04649, 0.02079, 0.03639, 0.0625, 0.18443, 0.01457, 0.01544, 0.36288, 0.3477, 0.0146, 0.3719, 0.68436, 0.00783, 0.47067, 0.06027, 0.05913, 0.49603, 0.3417, 0.98116, 0.42644, 0.95454, 0.0712, 0.54794, 0.1362, 0.97572, 0.80527, 0.03743, 0.02723, 0.71, 0.01388, 0.19149, 0.01011, 0.39715, 0.07042, 0.65655, 0.00451, 0.77759, 0.20989, 0.30325, 0.45887, 0.07017, 0.03739, 0.0434, 0.07199, 0.6204, 0.14912, 0.03432, 0.47002, 0.03515, 0.74956, 0.01923, 0.22868, 0.04673, 0.71846, 0.04889, 0.12527, 0.21886, 0.32304, 0.01863, 0.11161, 0.0951, 0.45889, 0.67215, 0.87694, 0.28466, 0.01492, 0.14607, 0.38269, 0.26699, 0.11211, 0.1124, 0.06592, 0.6813, 0.56224, 0.05219, 0.55333, 0.01561, 0.44095, 0.12741, 0.02969, 0.48974, 0.02537, 0.18775, 0.00823, 0.0066, 0.02646, 0.00972, 0.63206, 0.57581, 0.04847, 0.02841, 0.02038, 0.0714, 0.04671, 0.02925, 0.12031, 0.03152, 0.73552, 0.24108, 0.03926, 0.5354, 0.13323, 0.23552, 0.52793, 0.19571, 0.08179, 0.00352, 0.02919, 0.08024, 0.11089, 0.03743, 0.35305, 0.19234, 0.49723, 0.2066, 0.0055, 0.67119, 0.49549, 0.2168, 0.00864, 0.07017, 0.45567, 0.06028, 0.22433, 0.82046, 0.03232, 0.15908, 0.21712, 0.45109, 0.20655, 0.038, 0.91535, 0.01949, 0.62275, 0.10808, 0.39182, 0.46879, 0.77528, 0.48815, 0.13553, 0.14427, 0.81145, 0.86959, 0.16802, 0.02962, 0.19931, 0.70556, 0.71658, 0.28269, 0.83897, 0.00434, 0.87938, 0.12516, 0.46521, 0.1912, 0.01773, 0.19214, 0.02705, 0.12291, 0.04496, 0.15127, 0.28106, 0.21948, 0.22451, 0.02636, 0.81441, 0.01668, 0.10708, 0.90712, 0.06094, 0.07017, 0.25262, 0.13752, 0.45381, 0.24155, 0.03318, 0.07017, 0.94378, 0.23608, 0.25371, 0.78043, 0.00414, 0.02208, 0.01343, 0.21242, 0.78857, 0.2729, 0.07017, 0.27674, 0.93776, 0.22696, 0.39674, 0.30738, 0.26824, 0.05589, 0.00759, 0.01629, 0.12525, 0.18887, 0.15517, 0.41871, 0.0076, 0.95069, 0.05516, 0.9133, 0.28425, 0.04262, 0.04214, 0.0087, 0.00556, 0.92973, 0.16511, 0.00998, 0.02068, 0.00719, 0.11153, 0.00502, 0.06385, 0.6819, 0.20494, 0.01451, 0.03747, 0.00784, 0.10502, 0.01538, 0.60425, 0.00922, 0.37653, 0.2045, 0.41793, 0.97949, 0.33777, 0.0256, 0.03432, 0.27172, 0.07017, 0.2829, 0.97167, 0.85558, 0.04302, 0.02919, 0.23072, 0.08308, 0.59215, 0.51943, 0.33048, 0.11901, 0.39164, 0.04178, 0.13911, 0.32647, 0.08687, 0.69298, 0.02403, 0.59574, 0.24108, 0.28294, 0.31052, 0.25186, 0.04555, 0.07017, 0.05208, 0.11048, 0.06576, 0.008, 0.00623, 0.03516, 0.41293, 0.00175, 0.06961, 0.40615, 0.02377, 0.91948, 0.75333, 0.03934, 0.4349, 0.61698, 0.54671, 0.21991, 0.13917, 0.10717, 0.59315, 0.01254, 0.09078, 0.29455, 0.00243, 0.06694, 0.24889, 0.02724, 0.07017, 0.67389, 0.39615, 0.19254, 0.10931, 0.0273, 0.23507, 0.01068, 0.29907, 0.07531, 0.10613, 0.10863, 0.07017, 0.13895, 0.13394, 0.30555, 0.33142, 0.01808, 0.79602, 0.64082, 0.06193, 0.01486, 0.36963, 0.25684, 0.04646, 0.4279, 0.80961, 0.05224, 0.14234, 0.33297, 0.12072, 0.58715, 0.00776, 0.46146, 0.93072, 0.00648, 0.6747, 0.0302, 0.37626, 0.03462, 0.08597, 0.04721, 0.27702, 0.00902, 0.1785, 0.35406, 0.09835, 0.55069, 0.04143, 0.14037, 0.172, 0.94314, 0.48466, 0.07017, 0.49481, 0.00592, 0.04909, 0.55113, 0.14177, 0.04761, 0.39347, 0.3133, 0.35687, 0.2248, 0.02976, 0.65719, 0.04291, 0.25819, 0.34335, 0.06006, 0.01451, 0.66545, 0.54449, 0.09759, 0.57155, 0.98432, 0.07341, 0.1221, 0.07017, 0.04403, 0.10412, 0.00173, 0.67332, 0.7611, 0.00686, 0.26059, 0.24657, 0.08904, 0.647, 0.04371, 0.18392, 0.00509, 0.00564, 0.41086, 0.11554, 0.45413, 0.02057, 0.01234, 0.10309, 0.03244, 0.05433, 0.57008, 0.29459, 0.11092, 0.7722, 0.26596, 0.10435, 0.19808, 0.67531, 0.10061, 0.00673, 0.03383, 0.96475, 0.16621, 0.06905, 0.15454, 0.07328, 0.27708, 0.00754, 0.45526, 0.30232, 0.04412, 0.25738, 0.0095, 0.56777, 0.04421, 0.85907, 0.43896, 0.01887, 0.51557, 0.28016, 0.07319, 0.59814, 0.95943, 0.02674, 0.05961, 0.33014, 0.01008, 0.20056, 0.04329, 0.96476, 0.69441, 0.0195, 0.88935, 0.00786, 0.0586, 0.33836, 0.0094, 0.04639, 0.78242, 0.9752, 0.00674, 0.6277, 0.71379, 0.54314, 0.34327, 0.0365, 0.02552, 0.00647, 0.49372, 0.34689, 0.48984, 0.28115, 0.01549, 0.00543, 0.11159, 0.00349, 0.07421, 0.00998, 0.21563, 0.26641, 0.31008, 0.44574, 0.37537, 0.83005, 0.32707, 0.13089, 0.40308, 0.02773, 0.6742, 0.00359, 0.35584, 0.56364, 0.09032, 0.01036, 0.91043, 0.17187, 0.0097, 0.34524, 0.46991, 0.34605, 0.88808, 0.45851, 0.04457, 0.04611, 0.01117, 0.21745, 0.44208, 0.94715, 0.00634, 0.62173, 0.57809, 0.06063, 0.82952, 0.18097, 0.0499, 0.00496, 0.09593, 0.00837, 0.00133, 0.55879, 0.02359, 0.12259, 0.30349, 0.66331, 0.00668, 0.9205, 0.02987, 0.03349, 0.01173, 0.56848, 0.90678, 0.55541, 0.0052, 0.32888, 0.11115, 0.95046, 0.2187, 0.03493, 0.53194, 0.48786, 0.07017, 0.40655, 0.05792, 0.07565, 0.14346, 0.4367, 0.41975, 0.01335, 0.25393, 0.07017, 0.74482, 0.08913, 0.0747, 0.40891, 0.19933, 0.56146, 0.56835, 0.61694, 0.1547, 0.32656, 0.48649, 0.37712, 0.08138, 0.01312, 0.94829, 0.02748, 0.12116, 0.62795, 0.00945, 0.83783, 0.00286, 0.4991, 0.45544, 0.03929, 0.03461, 0.46659, 0.02459, 0.5222, 0.64356, 0.41007, 0.15607, 0.05321, 0.44504, 0.11948, 0.76854, 0.48919, 0.50312, 0.78953, 0.30268, 0.01553, 0.44192, 0.31184, 0.08057, 0.1147, 0.48809, 0.00567, 0.30643, 0.47853, 0.02303, 0.52613], "labels": [0, 0, 0, 0, 0, 0, 0, 0, 0, 0, 0, 0, 0, 0, 1, 0, 0, 1, 0, 0, 0, 0, 0, 1, 1, 1, 1, 1, 1, 0, 1, 0, 1, 1, 1, 0, 1, 0, 0, 1, 0, 0, 1, 0, 0, 0, 0, 0, 0, 1, 0, 0, 0, 1, 0, 0, 0, 0, 1, 0, 0, 0, 0, 1, 0, 0, 0, 0, 1, 1, 1, 0, 0, 0, 0, 1, 0, 0, 0, 1, 0, 1, 1, 0, 0, 0, 1, 0, 1, 0, 0, 0, 0, 0, 0, 0, 0, 1, 0, 0, 0, 1, 0, 1, 0, 0, 1, 0, 0, 0, 0, 0, 0, 0, 0, 0, 0, 0, 1, 0, 0, 0, 1, 1, 0, 0, 0, 0, 0, 0, 0, 0, 0, 1, 1, 0, 0, 1, 0, 0, 0, 0, 1, 1, 1, 0, 0, 0, 1, 0, 0, 0, 0, 0, 0, 1, 0, 0, 0, 1, 1, 1, 0, 1, 0, 0, 0, 0, 0, 0, 0, 1, 0, 0, 1, 0, 0, 0, 0, 0, 0, 0, 0, 0, 1, 0, 0, 0, 0, 0, 0, 1, 0, 1, 0, 1, 1, 0, 0, 0, 0, 0, 0, 0, 1, 1, 0, 0, 1, 0, 1, 0, 1, 0, 0, 0, 1, 0, 0, 0, 1, 0, 0, 0, 1, 0, 0, 0, 0, 0, 0, 0, 0, 0, 0, 1, 1, 0, 0, 0, 0, 0, 0, 1, 1, 0, 0, 0, 0, 0, 0, 0, 0, 1, 0, 0, 0, 0, 1, 0, 1, 0, 0, 0, 0, 0, 0, 0, 0, 0, 0, 0, 0, 1, 0, 0, 0, 0, 1, 1, 0, 1, 1, 0, 0, 1, 0, 1, 0, 0, 1, 0, 0, 1, 0, 0, 0, 1, 0, 0, 0, 0, 0, 0, 0, 0, 0, 1, 0, 0, 0, 0, 0, 0, 1, 1, 0, 0, 0, 0, 1, 1, 0, 0, 1, 0, 1, 0, 1, 1, 0, 0, 0, 0, 0, 0, 0, 1, 0, 0, 0, 0, 0, 0, 0, 0, 1, 0, 0, 0, 0, 0, 1, 0, 0, 1, 0, 1, 0, 0, 1, 0, 0, 0, 0, 0, 1, 0, 0, 1, 1, 0, 0, 0, 0, 0, 0, 1, 1, 0, 1, 0, 0, 1, 1, 1, 0, 0, 1, 1, 0, 0, 0, 0, 0, 0, 0, 0, 0, 1, 1, 1, 0, 1, 0, 0, 0, 1, 0, 0, 0, 0, 0, 0, 0, 0, 0, 1, 0, 1, 0, 0, 1, 0, 0, 0, 1, 1, 1, 0, 0, 0, 0, 0, 0, 1, 1, 0, 1, 0, 0, 0, 0, 0, 1, 1, 0, 1, 0, 1, 0, 0, 0, 0, 0, 0, 0, 0, 0, 0, 0, 0, 0, 0, 0, 0, 0, 1, 0, 1, 0, 0, 1, 1, 1, 0, 0, 1, 0, 0, 1, 1, 0, 0, 1, 0, 1, 1, 0, 0, 0, 0, 1, 1, 0, 1, 0, 0, 1, 0, 0, 0, 0, 0, 0, 0, 0, 0, 0, 1, 0, 1, 0, 0, 0, 1, 0, 1, 0, 0, 0, 1, 0, 0, 0, 0, 0, 0, 0, 0, 0, 0, 0, 0, 1, 0, 0, 1, 1, 1, 0, 0, 0, 1, 0, 0, 0, 1, 0, 1, 1, 0, 0, 0, 0, 1, 0, 0, 0, 0, 0, 0, 0, 1, 1, 1, 1, 0, 0, 0, 1, 1, 0, 0, 0, 0, 0, 0, 0, 0, 0, 0, 0, 1, 0, 1], "n": {"train": 3400, "val": 600, "test": 586, "toxic_frac": 0.23911764705882352}}