{"model": "ai4bharat/indic-bert", "dataset": "dravidian_malayalam", "train_config": "ce", "seed": 7, "thr_cal": 0.4769602239131927, "metrics_05": {"macro": 0.5209215061739169, "toxf1": 0.1073170731707317, "prec": 0.06962025316455696, "rec": 0.23404255319148937, "prauc": 0.05858497567995995, "ece": 0.3362462711731593, "covert": 0.11428571428571428}, "metrics_cal": {"macro": 0.5148852173816069, "toxf1": 0.11450381679389313, "prec": 0.06976744186046512, "rec": 0.3191489361702128, "prauc": 0.05858497567995995, "ece": 0.3362462711731593, "covert": 0.13793103448275862}, "probs": [0.33289, 0.28775, 0.44155, 0.35695, 0.34673, 0.54751, 0.20174, 0.36523, 0.50233, 0.27335, 0.27442, 0.43929, 0.5118, 0.31542, 0.37312, 0.28361, 0.40704, 0.31439, 0.4281, 0.29008, 0.39293, 0.28025, 0.52617, 0.29283, 0.29133, 0.24443, 0.33855, 0.28584, 0.39903, 0.55681, 0.49212, 0.4024, 0.35995, 0.28127, 0.4625, 0.34791, 0.3151, 0.49503, 0.24234, 0.29899, 0.46666, 0.23989, 0.43912, 0.40331, 0.4625, 0.21561, 0.52708, 0.51578, 0.3273, 0.29114, 0.25734, 0.41739, 0.32109, 0.54066, 0.26185, 0.32932, 0.28474, 0.25836, 0.33901, 0.30426, 0.29596, 0.27762, 0.42123, 0.3723, 0.30876, 0.29727, 0.39638, 0.28641, 0.33869, 0.38597, 0.36876, 0.2898, 0.37382, 0.32478, 0.42647, 0.31507, 0.35027, 0.32776, 0.26684, 0.50539, 0.45838, 0.27401, 0.29992, 0.25819, 0.27739, 0.45212, 0.31437, 0.25507, 0.26735, 0.5027, 0.27657, 0.45507, 0.38155, 0.5162, 0.38744, 0.41823, 0.44033, 0.21906, 0.34112, 0.36042, 0.36689, 0.20439, 0.44009, 0.2494, 0.29029, 0.32645, 0.23135, 0.29941, 0.49954, 0.35655, 0.28486, 0.38922, 0.3443, 0.3022, 0.36369, 0.3761, 0.42705, 0.36167, 0.24235, 0.28606, 0.36214, 0.36498, 0.46653, 0.26053, 0.52, 0.44791, 0.5637, 0.33142, 0.44245, 0.31005, 0.46284, 0.30176, 0.35639, 0.43133, 0.3231, 0.40852, 0.33298, 0.22305, 0.41162, 0.37638, 0.29964, 0.31828, 0.28763, 0.39231, 0.37807, 0.31043, 0.24725, 0.29636, 0.26806, 0.50933, 0.52794, 0.234, 0.32223, 0.26025, 0.55349, 0.57976, 0.30169, 0.41103, 0.43753, 0.31591, 0.4131, 0.35831, 0.25721, 0.56671, 0.35998, 0.26484, 0.40697, 0.25187, 0.49206, 0.32647, 0.31741, 0.3818, 0.35911, 0.45947, 0.38754, 0.41458, 0.40924, 0.52659, 0.37025, 0.37114, 0.30233, 0.29531, 0.5554, 0.2622, 0.58486, 0.25848, 0.32343, 0.2759, 0.36303, 0.46313, 0.51121, 0.3727, 0.54862, 0.2281, 0.33939, 0.48324, 0.50441, 0.405, 0.56291, 0.356, 0.2473, 0.30789, 0.4313, 0.48775, 0.37083, 0.32602, 0.2334, 0.39375, 0.32137, 0.25931, 0.34744, 0.26827, 0.29779, 0.47509, 0.24405, 0.31231, 0.53695, 0.33839, 0.2536, 0.24767, 0.29875, 0.38876, 0.36802, 0.40835, 0.33536, 0.30573, 0.54138, 0.28018, 0.31053, 0.37135, 0.52632, 0.45803, 0.53663, 0.21561, 0.43425, 0.42914, 0.32657, 0.35401, 0.33634, 0.39594, 0.4625, 0.22559, 0.30144, 0.54113, 0.32216, 0.35862, 0.56929, 0.28402, 0.45176, 0.28138, 0.40177, 0.41736, 0.42682, 0.33509, 0.35613, 0.37275, 0.31741, 0.34913, 0.36388, 0.23397, 0.28352, 0.47111, 0.32174, 0.5342, 0.48731, 0.49461, 0.3533, 0.35401, 0.4824, 0.39607, 0.5161, 0.32081, 0.36849, 0.53606, 0.35898, 0.31286, 0.33328, 0.25135, 0.37512, 0.24516, 0.30048, 0.32962, 0.33403, 0.30564, 0.35555, 0.41722, 0.3244, 0.28764, 0.39112, 0.28454, 0.38005, 0.55476, 0.48138, 0.29965, 0.31594, 0.54911, 0.52806, 0.49442, 0.50769, 0.43488, 0.3544, 0.28204, 0.35128, 0.33971, 0.36375, 0.33268, 0.41127, 0.53718, 0.26856, 0.39356, 0.42893, 0.34427, 0.48231, 0.37957, 0.33199, 0.36688, 0.30352, 0.43337, 0.22198, 0.41357, 0.32554, 0.39772, 0.35717, 0.46709, 0.26613, 0.31774, 0.27401, 0.42403, 0.36033, 0.27452, 0.32438, 0.50571, 0.33991, 0.49853, 0.32251, 0.31667, 0.30949, 0.5064, 0.39303, 0.34145, 0.44909, 0.28227, 0.55724, 0.36312, 0.26958, 0.37371, 0.36878, 0.2725, 0.31717, 0.31892, 0.31876, 0.38208, 0.37814, 0.41175, 0.25247, 0.32674, 0.52068, 0.26954, 0.41761, 0.53659, 0.48252, 0.31199, 0.2367, 0.58076, 0.33416, 0.33903, 0.35931, 0.35043, 0.50124, 0.32645, 0.41725, 0.37177, 0.54552, 0.35578, 0.3444, 0.32438, 0.3411, 0.31681, 0.28443, 0.37382, 0.25149, 0.5003, 0.26523, 0.39524, 0.39072, 0.35869, 0.29004, 0.52093, 0.41462, 0.33574, 0.30051, 0.23217, 0.32218, 0.30345, 0.3458, 0.38118, 0.48188, 0.25801, 0.37143, 0.56536, 0.30554, 0.26395, 0.55745, 0.43151, 0.34426, 0.27474, 0.33891, 0.45101, 0.35668, 0.43276, 0.26646, 0.27234, 0.49887, 0.25799, 0.29647, 0.22646, 0.26439, 0.32796, 0.34476, 0.55979, 0.50704, 0.39041, 0.39733, 0.31445, 0.31324, 0.45289, 0.28025, 0.36723, 0.44219, 0.34013, 0.31041, 0.30186, 0.25102, 0.35238, 0.32999, 0.43962, 0.5186, 0.45737, 0.22695, 0.28402, 0.32835, 0.3079, 0.34742, 0.26972, 0.40501, 0.27502, 0.39673, 0.49062, 0.26774, 0.34815, 0.34173, 0.35844, 0.26159, 0.27101, 0.38961, 0.32396, 0.36167, 0.31216, 0.43493, 0.49172, 0.21928, 0.37666, 0.40056, 0.27283, 0.33032, 0.30398, 0.30553, 0.24323, 0.28221, 0.37214, 0.42914, 0.33573, 0.51724, 0.43566, 0.36141, 0.40753, 0.3518, 0.36206, 0.54951, 0.29868, 0.41622, 0.50061, 0.49087, 0.3191, 0.53284, 0.25479, 0.45846, 0.48725, 0.29156, 0.58028, 0.43308, 0.54461, 0.28606, 0.22559, 0.55826, 0.27363, 0.25751, 0.27103, 0.36323, 0.45985, 0.52737, 0.31166, 0.24583, 0.56356, 0.36227, 0.22438, 0.42791, 0.27056, 0.29306, 0.39347, 0.28187, 0.34402, 0.44095, 0.35028, 0.28915, 0.35458, 0.27148, 0.48802, 0.49051, 0.31687, 0.2098, 0.45787, 0.34825, 0.21254, 0.29923, 0.31938, 0.53216, 0.30067, 0.27416, 0.28583, 0.24753, 0.41058, 0.3776, 0.45847, 0.3772, 0.46549, 0.36975, 0.35942, 0.30724, 0.35322, 0.23286, 0.55749, 0.37566, 0.2986, 0.46198, 0.3394, 0.40503, 0.42296, 0.25049, 0.27268, 0.31165, 0.33217, 0.29686, 0.4701, 0.41487, 0.21618, 0.43661, 0.48314, 0.30275, 0.36409, 0.47033, 0.50911, 0.47935, 0.31611, 0.45563, 0.32942, 0.36605, 0.30868, 0.45073, 0.53691, 0.41794, 0.30476, 0.29999, 0.46609, 0.29943, 0.44089, 0.3133, 0.36026, 0.45018, 0.4645, 0.39567, 0.33411, 0.34222, 0.52686, 0.35039, 0.45003, 0.28146, 0.33389, 0.37179, 0.33205, 0.28212, 0.31578, 0.41928, 0.34594, 0.39284, 0.32168, 0.3762, 0.37568, 0.25367, 0.47111, 0.38533, 0.34034, 0.43224, 0.38248, 0.38344, 0.50416, 0.51143, 0.41841, 0.37058, 0.37595, 0.3269, 0.36087, 0.32286, 0.36548, 0.32001, 0.54625, 0.33913, 0.31731, 0.30014, 0.33585, 0.29133, 0.3573, 0.54585, 0.47838, 0.37124, 0.27378, 0.48924, 0.44333, 0.22592, 0.2916, 0.28765, 0.52187, 0.33744, 0.56711, 0.4745, 0.36139, 0.46888, 0.37293, 0.24647, 0.31008, 0.38198, 0.36991, 0.35986, 0.44934, 0.31829, 0.57392, 0.44516, 0.44023, 0.53657, 0.3843, 0.29333, 0.39385, 0.33167, 0.54147, 0.43232, 0.3068, 0.58152, 0.54795, 0.40569, 0.29599, 0.45684, 0.55839, 0.31205, 0.24699, 0.24342, 0.43145, 0.32751, 0.49148, 0.5696, 0.40665, 0.27914, 0.31177, 0.5042, 0.43195, 0.39733, 0.55167, 0.47414, 0.42891, 0.32658, 0.31284, 0.34015, 0.2253, 0.27591, 0.36759, 0.32419, 0.29721, 0.33051, 0.45237, 0.43415, 0.46697, 0.30046, 0.34911, 0.47387, 0.36712, 0.22255, 0.45057, 0.3276, 0.54331, 0.39433, 0.48563, 0.4956, 0.28248, 0.4596, 0.51877, 0.28165, 0.36406, 0.33441, 0.31671, 0.56021, 0.45392, 0.42295, 0.25262, 0.27813, 0.35579, 0.32775, 0.35438, 0.28663, 0.3782, 0.3032, 0.34332, 0.37689, 0.2734, 0.52333, 0.28518, 0.37513, 0.34564, 0.33686, 0.41954, 0.49112, 0.37197, 0.31121, 0.46148, 0.48536, 0.49944, 0.35015, 0.30438, 0.5051, 0.27157, 0.41526, 0.4208, 0.41673, 0.48973, 0.55935, 0.39745, 0.39661, 0.47535, 0.31952, 0.43194, 0.34966, 0.24206, 0.26366, 0.35696, 0.32499, 0.32305, 0.30363, 0.34179, 0.44669, 0.42226, 0.4553, 0.36827, 0.37561, 0.25635, 0.36779, 0.39497, 0.35043, 0.35813, 0.47002, 0.39262, 0.30046, 0.25877, 0.51263, 0.41353, 0.46034, 0.28602, 0.44471, 0.57289, 0.45531, 0.25916, 0.39631, 0.41328, 0.33865, 0.35717, 0.43082, 0.37226, 0.29767, 0.42555, 0.32658, 0.24405, 0.35704, 0.31162, 0.56835, 0.52303, 0.49794, 0.29158, 0.27201, 0.57122, 0.24374, 0.31399, 0.43466, 0.29797, 0.33175, 0.33893, 0.37689, 0.56667, 0.43639, 0.29785, 0.45486, 0.44525, 0.40876, 0.3131, 0.30651, 0.37279, 0.2897, 0.45033, 0.44333, 0.52995, 0.36214, 0.34679, 0.29539, 0.28406, 0.47081, 0.43848, 0.39849, 0.39231, 0.31083, 0.2767, 0.34471, 0.35185, 0.36167, 0.25186, 0.23394, 0.4088, 0.51103, 0.28986,