{"model": "ai4bharat/indic-bert", "dataset": "dravidian_malayalam", "train_config": "supcon", "seed": 2024, "thr_cal": 0.7868144154548645, "metrics_05": {"macro": 0.5168374306216924, "toxf1": 0.13707165109034267, "prec": 0.08029197080291971, "rec": 0.46808510638297873, "prauc": 0.07987061592131735, "ece": 0.18597965928415458, "covert": 0.2608695652173913}, "metrics_cal": {"macro": 0.5557023889540779, "toxf1": 0.14754098360655737, "prec": 0.12, "rec": 0.19148936170212766, "prauc": 0.07987061592131735, "ece": 0.18597965928415458, "covert": 0.23529411764705882}, "probs": [0.13134, 0.02968, 0.08249, 0.02444, 0.45724, 0.61069, 0.02924, 0.02983, 0.49946, 0.04962, 0.03663, 0.06563, 0.64173, 0.0379, 0.06836, 0.03337, 0.02755, 0.08096, 0.02872, 0.03613, 0.72101, 0.0839, 0.74387, 0.34802, 0.01617, 0.02564, 0.1357, 0.03838, 0.08351, 0.8194, 0.81838, 0.17061, 0.75371, 0.04078, 0.44749, 0.08582, 0.07959, 0.32096, 0.02185, 0.04674, 0.26408, 0.01752, 0.12832, 0.58889, 0.8474, 0.02666, 0.38247, 0.50447, 0.02592, 0.08632, 0.02385, 0.52167, 0.042, 0.84695, 0.11213, 0.07691, 0.0369, 0.08375, 0.05903, 0.04543, 0.03484, 0.03547, 0.30415, 0.03167, 0.0224, 0.10834, 0.25407, 0.01846, 0.06975, 0.04757, 0.03775, 0.04326, 0.03569, 0.04294, 0.56866, 0.09893, 0.06757, 0.07394, 0.02202, 0.43836, 0.13291, 0.01625, 0.03091, 0.03016, 0.16939, 0.08918, 0.03933, 0.0443, 0.0297, 0.14965, 0.03024, 0.0387, 0.55696, 0.53709, 0.03053, 0.55023, 0.60795, 0.01874, 0.05447, 0.17079, 0.03169, 0.01933, 0.17833, 0.06245, 0.05303, 0.05437, 0.01591, 0.05488, 0.75951, 0.45253, 0.08755, 0.06678, 0.13735, 0.05095, 0.03093, 0.07083, 0.63909, 0.05032, 0.01289, 0.00989, 0.53225, 0.15377, 0.35335, 0.15514, 0.14585, 0.1989, 0.78402, 0.05876, 0.68886, 0.07284, 0.70502, 0.06145, 0.43907, 0.82724, 0.01834, 0.05819, 0.07483, 0.05336, 0.68869, 0.03631, 0.02818, 0.07917, 0.0281, 0.5848, 0.02531, 0.03525, 0.01675, 0.0344, 0.05505, 0.57207, 0.5883, 0.02138, 0.02458, 0.02314, 0.7018, 0.81878, 0.06512, 0.29288, 0.71896, 0.05209, 0.70452, 0.05682, 0.02872, 0.79375, 0.11066, 0.0188, 0.08275, 0.04389, 0.20683, 0.08537, 0.37552, 0.05069, 0.05461, 0.1784, 0.52645, 0.60259, 0.56923, 0.82199, 0.27987, 0.1971, 0.03248, 0.03947, 0.79166, 0.01851, 0.83738, 0.03484, 0.18602, 0.02289, 0.2006, 0.71652, 0.13736, 0.45107, 0.85446, 0.08442, 0.05399, 0.27504, 0.34543, 0.36921, 0.72691, 0.05358, 0.03487, 0.07988, 0.15906, 0.76768, 0.1761, 0.33639, 0.02367, 0.11028, 0.02814, 0.02679, 0.02838, 0.15488, 0.03692, 0.19773, 0.05641, 0.036, 0.80472, 0.50311, 0.02047, 0.05541, 0.01613, 0.64162, 0.3775, 0.57958, 0.10625, 0.0288, 0.82664, 0.02748, 0.09934, 0.0281, 0.67948, 0.09847, 0.8055, 0.02666, 0.40778, 0.3083, 0.35972, 0.22833, 0.09549, 0.13775, 0.04239, 0.01414, 0.04276, 0.25973, 0.03219, 0.35342, 0.82202, 0.0602, 0.61574, 0.03864, 0.11252, 0.74042, 0.60199, 0.08267, 0.28505, 0.41675, 0.05836, 0.03029, 0.02967, 0.02747, 0.0288, 0.70896, 0.03301, 0.78163, 0.16396, 0.16094, 0.24163, 0.0658, 0.48782, 0.08776, 0.78598, 0.03201, 0.20249, 0.72627, 0.04304, 0.03303, 0.3271, 0.01589, 0.20016, 0.01288, 0.03869, 0.03597, 0.04299, 0.07251, 0.04987, 0.24498, 0.23053, 0.0175, 0.45013, 0.02161, 0.51748, 0.42938, 0.3075, 0.03322, 0.03015, 0.82481, 0.67471, 0.42445, 0.11157, 0.37426, 0.74792, 0.02323, 0.04365, 0.06102, 0.77386, 0.0869, 0.65385, 0.34374, 0.04277, 0.32717, 0.13428, 0.08609, 0.73032, 0.20511, 0.56901, 0.10681, 0.11396, 0.23171, 0.02064, 0.36282, 0.0685, 0.25401, 0.04017, 0.0536, 0.03273, 0.13428, 0.01625, 0.39387, 0.07769, 0.04879, 0.13859, 0.3535, 0.05676, 0.1387, 0.03265, 0.07118, 0.10268, 0.76142, 0.20186, 0.04135, 0.57159, 0.01226, 0.80275, 0.68502, 0.02927, 0.6285, 0.05956, 0.04795, 0.03523, 0.1094, 0.05254, 0.08664, 0.15257, 0.04781, 0.02593, 0.21999, 0.70136, 0.03072, 0.66078, 0.74397, 0.77129, 0.03502, 0.01525, 0.77093, 0.03297, 0.0876, 0.2744, 0.02251, 0.05243, 0.05437, 0.11953, 0.04253, 0.73145, 0.11489, 0.06179, 0.13859, 0.11542, 0.08751, 0.01937, 0.28441, 0.01616, 0.58374, 0.04893, 0.18319, 0.0878, 0.04161, 0.02683, 0.17686, 0.16415, 0.07684, 0.04327, 0.00799, 0.03139, 0.02106, 0.466, 0.2307, 0.20137, 0.04151, 0.12006, 0.52751, 0.0459, 0.02897, 0.83055, 0.13041, 0.02496, 0.12473, 0.03725, 0.07751, 0.15889, 0.14644, 0.0335, 0.04225, 0.58383, 0.04053, 0.02754, 0.00976, 0.04663, 0.04588, 0.11002, 0.5937, 0.59173, 0.19344, 0.35774, 0.01723, 0.06413, 0.78503, 0.04466, 0.49535, 0.0704, 0.05394, 0.14096, 0.01871, 0.02944, 0.11819, 0.03536, 0.06436, 0.79445, 0.64945, 0.13565, 0.02513, 0.02883, 0.13532, 0.53934, 0.0211, 0.15322, 0.01787, 0.31087, 0.49179, 0.10586, 0.12428, 0.14491, 0.06547, 0.04994, 0.03625, 0.20595, 0.28013, 0.05032, 0.05646, 0.76832, 0.76363, 0.04676, 0.03993, 0.0702, 0.05419, 0.07616, 0.04316, 0.0348, 0.08949, 0.03586, 0.03832, 0.3083, 0.0561, 0.46196, 0.18471, 0.16188, 0.26294, 0.04124, 0.09536, 0.85303, 0.12958, 0.08943, 0.63461, 0.5523, 0.08709, 0.74036, 0.03489, 0.13163, 0.23097, 0.05791, 0.85524, 0.78781, 0.75176, 0.00989, 0.01414, 0.74995, 0.06008, 0.07105, 0.02173, 0.29147, 0.5814, 0.30225, 0.08614, 0.0257, 0.83296, 0.03616, 0.03049, 0.13338, 0.01739, 0.02895, 0.34361, 0.01732, 0.08426, 0.26898, 0.23065, 0.05555, 0.03936, 0.04266, 0.15769, 0.5344, 0.03789, 0.01627, 0.0758, 0.68588, 0.01849, 0.05718, 0.10963, 0.78746, 0.06125, 0.02154, 0.0918, 0.08451, 0.75155, 0.80219, 0.0395, 0.09304, 0.07736, 0.0886, 0.12602, 0.09589, 0.04612, 0.02395, 0.79491, 0.08263, 0.03606, 0.11032, 0.03783, 0.17824, 0.21244, 0.01751, 0.06272, 0.04039, 0.03634, 0.0965, 0.11641, 0.25027, 0.02421, 0.0789, 0.16668, 0.03878, 0.14416, 0.63796, 0.14039, 0.29392, 0.02309, 0.42573, 0.06956, 0.05516, 0.03387, 0.77951, 0.53873, 0.67381, 0.05464, 0.02877, 0.09613, 0.107, 0.60213, 0.0797, 0.03303, 0.06822, 0.78471, 0.07843, 0.1409, 0.16497, 0.63643, 0.06265, 0.19449, 0.02075, 0.09435, 0.14098, 0.06358, 0.01804, 0.02663, 0.08275, 0.23003, 0.17807, 0.05453, 0.54363, 0.03239, 0.04222, 0.70896, 0.21195, 0.06905, 0.70212, 0.07514, 0.04107, 0.79784, 0.84984, 0.65276, 0.17096, 0.05054, 0.04011, 0.10173, 0.02102, 0.06283, 0.01994, 0.39594, 0.05614, 0.11825, 0.19121, 0.03543, 0.01617, 0.67439, 0.79153, 0.18393, 0.04519, 0.06186, 0.72869, 0.08684, 0.08633, 0.02431, 0.11868, 0.79454, 0.08172, 0.82166, 0.75298, 0.04376, 0.60566, 0.08581, 0.02032, 0.23438, 0.73995, 0.17719, 0.08737, 0.10578, 0.08442, 0.85621, 0.0597, 0.58498, 0.3009, 0.04699, 0.03364, 0.03667, 0.34755, 0.87275, 0.23328, 0.02144, 0.81639, 0.61349, 0.50977, 0.03777, 0.39549, 0.84766, 0.02753, 0.06578, 0.0212, 0.69625, 0.65673, 0.66972, 0.80579, 0.44052, 0.13958, 0.04825, 0.48412, 0.55099, 0.35774, 0.82219, 0.51309, 0.79465, 0.09294, 0.08271, 0.05763, 0.0167, 0.0151, 0.59487, 0.03308, 0.28271, 0.05958, 0.15231, 0.08538, 0.67664, 0.05675, 0.63442, 0.0929, 0.57806, 0.07785, 0.12288, 0.34958, 0.78305, 0.69348, 0.72287, 0.7413, 0.10941, 0.16534, 0.33197, 0.02814, 0.06847, 0.23663, 0.15485, 0.33977, 0.11394, 0.52415, 0.39354, 0.04506, 0.06782, 0.03448, 0.17704, 0.04736, 0.06744, 0.0455, 0.07142, 0.03993, 0.05566, 0.65726, 0.02906, 0.06169, 0.12393, 0.03206, 0.06954, 0.66922, 0.0965, 0.03216, 0.55185, 0.13932, 0.12099, 0.07197, 0.03257, 0.79441, 0.03129, 0.03396, 0.06379, 0.11835, 0.4658, 0.7288, 0.2669, 0.50139, 0.07323, 0.03232, 0.18802, 0.10551, 0.03404, 0.09552, 0.03552, 0.07199, 0.10353, 0.11854, 0.06908, 0.19277, 0.56548, 0.64769, 0.08486, 0.04957, 0.03754, 0.15289, 0.05599, 0.02251, 0.11418, 0.23633, 0.0254, 0.05675, 0.03335, 0.74166, 0.04669, 0.17693, 0.02125, 0.38886, 0.82675, 0.16883, 0.04097, 0.08414, 0.42399, 0.03153, 0.04017, 0.85159, 0.32676, 0.32945, 0.09015, 0.09294, 0.05641, 0.03941, 0.03038, 0.80636, 0.80711, 0.71622, 0.1705, 0.02295, 0.79138, 0.02131, 0.04663, 0.10791, 0.04211, 0.19336, 0.11962, 0.0761, 0.79685, 0.75816, 0.02307, 0.52162, 0.06724, 0.67799, 0.02021, 0.01359, 0.22971, 0.06558, 0.08079, 0.08684, 0.75431, 0.04069, 0.03937, 0.03287, 0.07225, 0.18964, 0.11313, 0.73387, 0.12681, 0.04705, 0.03432, 0.16572, 0.13718, 0.13519, 0.07305, 0.01647, 0.0398, 0.50838, 0.12168, 