{"model": "ai4bharat/indic-bert", "dataset": "dravidian_tamil", "train_config": "supcon", "seed": 123, "thr_cal": 0.5119064152240753, "metrics_05": {"macro": 0.6716638655462185, "toxf1": 0.5348571428571428, "prec": 0.444022770398482, "rec": 0.6724137931034483, "prauc": 0.5063998425436154, "ece": 0.12154254444688559, "covert": 0.6634844868735084}, "metrics_cal": {"macro": 0.6748855597170205, "toxf1": 0.5370370370370371, "prec": 0.4496124031007752, "rec": 0.6666666666666666, "prauc": 0.5063998425436154, "ece": 0.12154254444688559, "covert": 0.6666666666666666}, "probs": [0.0245, 0.02869, 0.09913, 0.06744, 0.81104, 0.17004, 0.06752, 0.05448, 0.04776, 0.03709, 0.08125, 0.05367, 0.03037, 0.06859, 0.07946, 0.01703, 0.82161, 0.0833, 0.04196, 0.10422, 0.58312, 0.41993, 0.04487, 0.05016, 0.04658, 0.79285, 0.82441, 0.07482, 0.07176, 0.03242, 0.10907, 0.54563, 0.04279, 0.37386, 0.17475, 0.84737, 0.16024, 0.37977, 0.01673, 0.73171, 0.4265, 0.04672, 0.62834, 0.81351, 0.12583, 0.84731, 0.04158, 0.04132, 0.55619, 0.03788, 0.01515, 0.54016, 0.18578, 0.11854, 0.69477, 0.39932, 0.72784, 0.75013, 0.60682, 0.46129, 0.52949, 0.01868, 0.38626, 0.38436, 0.05138, 0.02374, 0.06171, 0.11975, 0.83512, 0.54053, 0.54319, 0.77649, 0.02659, 0.01894, 0.71341, 0.82259, 0.66053, 0.86975, 0.01256, 0.0578, 0.52801, 0.37931, 0.36155, 0.01457, 0.07098, 0.02771, 0.06066, 0.41835, 0.02293, 0.85472, 0.07344, 0.82222, 0.0361, 0.66282, 0.73885, 0.11547, 0.428, 0.39217, 0.2001, 0.02911, 0.81051, 0.00979, 0.17984, 0.07086, 0.72924, 0.59534, 0.63198, 0.32433, 0.00656, 0.77689, 0.24918, 0.32463, 0.79225, 0.75884, 0.31392, 0.10973, 0.22619, 0.58713, 0.05567, 0.03195, 0.39484, 0.04241, 0.08003, 0.15136, 0.07698, 0.07513, 0.86631, 0.40107, 0.03515, 0.1839, 0.64494, 0.08502, 0.61683, 0.12168, 0.21645, 0.85162, 0.03882, 0.03956, 0.07428, 0.27381, 0.45191, 0.00868, 0.70093, 0.86052, 0.24788, 0.08856, 0.02886, 0.12497, 0.17836, 0.24611, 0.80478, 0.04346, 0.4948, 0.05547, 0.76104, 0.02356, 0.03104, 0.83834, 0.01941, 0.40667, 0.03267, 0.77043, 0.28362, 0.86718, 0.10304, 0.25838, 0.33848, 0.15763, 0.49667, 0.32524, 0.70972, 0.82157, 0.34078, 0.04441, 0.22739, 0.14278, 0.81598, 0.0649, 0.03169, 0.31371, 0.70595, 0.14989, 0.54561, 0.72233, 0.18799, 0.05959, 0.67517, 0.0152, 0.02713, 0.28575, 0.2022, 0.2705, 0.6385, 0.0845, 0.02082, 0.54412, 0.02073, 0.63525, 0.02192, 0.02661, 0.06507, 0.76397, 0.68281, 0.20818, 0.21998, 0.01997, 0.5637, 0.01657, 0.23774, 0.16783, 0.17024, 0.25372, 0.31578, 0.02188, 0.06186, 0.79264, 0.05127, 0.61843, 0.63249, 0.01468, 0.16649, 0.0173, 0.11163, 0.75907, 0.22571, 0.86814, 0.82469, 0.14085, 0.0834, 0.02186, 0.30616, 0.03602, 0.01735, 0.84111, 0.24446, 0.11277, 0.06927, 0.01513, 0.84098, 0.12081, 0.78775, 0.083, 0.01649, 0.6424, 0.07254, 0.07405, 0.15909, 0.5399, 0.65549, 0.27817, 0.06013, 0.02036, 0.02183, 0.05453, 0.82863, 0.518, 0.01977, 0.82658, 0.03316, 0.16848, 0.31983, 0.85963, 0.26662, 0.05081, 0.81382, 0.03878, 0.23598, 0.45942, 0.40433, 0.25363, 0.15569, 0.77246, 0.63492, 0.02054, 0.11678, 0.02484, 0.83095, 0.16346, 0.11958, 0.47058, 0.07348, 0.07674, 0.05853, 0.18206, 0.05, 0.03805, 0.06366, 0.10747, 0.56379, 0.85312, 0.0346, 0.01184, 0.03075, 0.39176, 0.46189, 0.3565, 0.24839, 0.59044, 0.31091, 0.11623, 0.02449, 0.68173, 0.49066, 0.49133, 0.72486, 0.29757, 0.12939, 0.46774, 0.12131, 0.05918, 0.6366, 0.81751, 0.63641, 0.27141, 0.36521, 0.85376, 0.21261, 0.7484, 0.404, 0.40303, 0.07267, 0.2045, 0.22992, 0.06876, 0.11467, 0.69667, 0.64785, 0.26436, 0.24987, 0.01051, 0.07349, 0.7044, 0.52989, 0.19053, 0.04753, 0.01125, 0.68835, 0.58767, 0.32114, 0.80679, 0.01368, 0.00973, 0.04905, 0.09132, 0.18165, 0.09004, 0.67846, 0.10762, 0.14403, 0.09968, 0.66807, 0.0774, 0.20876, 0.68795, 0.12752, 0.50638, 0.12615, 0.63607, 0.33363, 0.56867, 0.70137, 0.70523, 0.15513, 0.52071, 0.55864, 0.68418, 0.00961, 0.83943, 0.02005, 0.87051, 0.2045, 0.52169, 0.03887, 0.12352, 0.05278, 0.6026, 0.09654, 0.35441, 0.8204, 0.07364, 0.41387, 0.0529, 0.39578, 0.4617, 0.5118, 0.21553, 0.18498, 0.62644, 0.03072, 0.60627, 0.65708, 0.089, 0.03484, 0.10885, 0.08461, 0.79808, 0.34738, 0.86144, 0.02544, 0.07982, 0.52804, 0.15353, 0.07439, 0.09793, 0.02267, 0.07038, 0.08985, 0.87417, 0.01796, 0.78464, 0.90737, 0.33865, 0.07331, 0.44145, 0.58769, 0.0788, 0.05705, 0.13097, 0.66606, 0.61064, 0.71476, 0.05517, 0.18166, 0.44084, 0.1493, 0.03577, 0.01853, 0.13674, 0.8016, 0.57075, 0.05754, 0.58977, 0.72623, 0.70207, 0.23009, 0.03197, 0.19737, 0.81872, 0.0971, 0.0156, 0.79777, 0.07149, 0.90099, 0.28539, 0.4083, 0.78621, 0.14931, 0.01016, 0.65194, 0.47896, 0.55255, 0.45353, 0.03958, 0.12179, 0.06043, 0.60276, 0.49942, 0.26091, 0.07412, 0.03696, 0.01326, 0.06402, 0.65143, 0.02645, 0.01375, 0.75071, 0.06967, 0.15402, 0.73261, 0.60252, 0.04011, 0.29684, 0.29787, 0.03143, 0.51417, 0.27385, 0.04245, 0.70101, 0.82365, 0.56805, 0.45203, 0.18427, 0.1914, 0.10659, 0.07656, 0.87486, 0.74581, 0.02241, 0.09916, 0.86701, 0.44317, 0.80951, 0.05414, 0.14418, 0.14894, 0.39801, 0.65498, 0.01274, 0.22912, 0.77154, 0.51565, 0.88813, 0.71239, 0.21024, 0.34072, 0.4827, 0.08126, 0.02606, 0.85455, 0.02766, 0.01764, 0.10677, 0.05202, 0.38392, 0.01591, 0.70062, 0.34197, 0.35414, 0.6466, 0.21519, 0.74415, 0.18205, 0.03503, 0.42994, 0.79141, 0.35512, 0.06093, 0.22239, 0.41653, 0.09125, 0.17957, 0.17998, 0.81668, 0.74176, 0.49635, 0.04561, 0.04689, 0.04534, 0.02279, 0.21906, 0.5316, 0.79753, 0.04646, 0.12585, 0.66941, 0.84775, 0.4687, 0.81161, 0.08452, 0.0236, 0.09676, 0.04351, 0.61337, 0.52733, 0.02612, 0.3397, 0.46412, 0.75982, 0.71334, 0.84255, 0.36668, 0.53662, 0.57205, 0.11808, 0.28926, 0.23446, 0.55833, 0.72838, 0.02631, 0.82119, 0.1648, 0.16057, 0.17584, 0.02686, 0.43979, 0.12839, 0.51601, 0.38422, 0.82867, 0.12398, 0.81386, 0.14694, 0.01915, 0.82327, 0.08471, 0.14287, 0.3479, 0.0148, 0.85823, 0.87865, 0.04494, 0.83253, 0.78801, 0.84291, 0.0435, 0.05796, 0.11965, 0.07542, 0.07164, 0.02819, 0.12519, 0.65905, 0.78263, 0.05354, 0.04519, 0.4456, 0.03861, 0.26708, 0.72208, 0.61273, 0.61105, 0.75509, 0.69745, 0.10419, 0.27283, 0.51638, 0.06263, 0.18295, 0.01957, 0.77562, 0.03117, 0.12239, 0.85074, 0.16481, 0.63902, 0.22038, 0.05465, 0.0225, 0.63022, 0.34778, 0.6367, 0.28516, 0.02849, 0.76296, 0.06574, 0.58331, 0.71585, 0.02156, 0.83369, 0.08721, 0.03494, 0.14128, 0.81223, 0.4149, 0.04807, 0.03352, 0.60804, 0.84412, 0.77873, 0.81583, 0.05907, 0.10213, 0.48164, 0.62752, 0.15307, 0.12952, 0.00933, 0.74416, 0.8476, 0.61014, 0.75209, 0.06289, 0.01878, 0.01511, 0.51738, 0.69106, 0.24804, 0.03313, 0.71563, 0.77999, 0.76715, 0.03987, 0.57662, 0.40214, 0.10469, 0.04274, 0.02714, 0.56997, 0.01047, 0.88285, 0.36341, 0.3826, 0.64505, 0.01041, 0.75579, 0.01485, 0.20119, 0.70281, 0.11204, 0.51673, 0.03768, 0.01445, 0.06385, 0.53321, 0.7159, 0.02277, 0.16127, 0.02171, 0.04406, 0.48482, 0.30738, 0.13665, 0.46209, 0.77463, 0.2969, 0.12, 0.1601, 0.47694, 0.01573, 0.03747, 0.07078, 0.02086, 0.70771, 0.04929, 0.84559, 0.64366, 0.31288, 0.03095, 0.86333, 0.06732, 0.68044, 0.62327, 0.44866, 0.50585, 0.05689, 0.02329, 0.09574, 0.43289, 0.18014, 0.65429, 0.0103, 0.7123, 0.20865, 0.20041, 0.75762, 0.18862, 0.35142, 0.02695, 0.67885, 0.01522, 0.09904, 0.13783, 0.86735, 0.80169, 0.84287, 0.63834, 0.06561, 0.52282, 0.74144, 0.68412, 0.20749, 0.16111, 0.69318, 0.07395, 0.04759, 0.05301, 0.63464, 0.1921, 0.07714, 0.39439, 0.5729, 0.75174, 0.02748, 0.06666, 0.06319, 0.05606, 0.80953, 0.01618, 0.58603, 0.03763, 0.76338, 0.02182, 0.09482, 0.11124, 0.58941, 0.08314, 0.19007, 0.78264, 0.04289, 0.02238, 0.75213, 0.41598, 0.43141, 0.29501, 0.13627, 0.02748, 0.33227, 0.10307, 0.50967, 0.78724, 0.04974, 0.63394, 0.78813, 0.04132, 0.05355, 0.72412, 0.18587, 0.04536, 0.09472, 0.16264, 0.02368, 0.16971, 0.02024, 0.18514, 0.14533, 0.753, 0.42494, 0.24308, 0.5202, 0.44643, 0.10722, 0.73498, 0.61228, 0.23127, 0.11488, 0.45603, 0.44926, 0.07251, 0.01403, 0.69516, 0.31665, 0.84431, 0.14855, 0.70337, 0.8735, 0.58966, 0.01066, 0.08997, 0.80354, 0.14299, 0.0242, 0.04416, 0.64452, 0.13457, 