{"model": "ai4bharat/indic-bert", "dataset": "dravidian_kannada", "train_config": "ce", "seed": 7, "thr_cal": 0.1908888809382913, "metrics_05": {"macro": 0.6895853012539126, "toxf1": 0.546031746031746, "prec": 0.5548387096774193, "rec": 0.5375, "prauc": 0.6305291613379833, "ece": 0.09190375924924127, "covert": 0.759493670886076}, "metrics_cal": {"macro": 0.6568818083044484, "toxf1": 0.5661252900232019, "prec": 0.45018450184501846, "rec": 0.7625, "prauc": 0.6305291613379833, "ece": 0.09190375924924127, "covert": 0.8287292817679558}, "probs": [0.0426, 0.3885, 0.1088, 0.19085, 0.83399, 0.22622, 0.10184, 0.05179, 0.06054, 0.06944, 0.45911, 0.02625, 0.01121, 0.31179, 0.27808, 0.01465, 0.2215, 0.90455, 0.00924, 0.69998, 0.08479, 0.1454, 0.41252, 0.25029, 0.98587, 0.88308, 0.97169, 0.14311, 0.31739, 0.23891, 0.97776, 0.841, 0.0223, 0.03827, 0.7761, 0.0279, 0.20219, 0.00721, 0.3231, 0.03174, 0.43689, 0.01376, 0.94585, 0.38887, 0.51662, 0.62005, 0.13237, 0.02556, 0.04917, 0.07766, 0.86828, 0.04738, 0.06451, 0.81814, 0.06097, 0.46476, 0.03433, 0.11066, 0.04826, 0.5529, 0.26012, 0.40443, 0.82877, 0.19565, 0.01464, 0.04136, 0.28286, 0.52169, 0.67561, 0.97881, 0.06928, 0.00991, 0.26653, 0.35015, 0.33346, 0.10248, 0.17389, 0.05392, 0.65587, 0.4437, 0.04019, 0.54627, 0.01569, 0.49447, 0.25182, 0.10402, 0.7748, 0.01009, 0.03523, 0.02107, 0.0069, 0.02722, 0.01175, 0.81518, 0.48352, 0.14083, 0.05175, 0.01543, 0.23485, 0.04195, 0.01153, 0.36792, 0.01827, 0.76847, 0.66448, 0.02648, 0.30547, 0.0885, 0.12101, 0.32563, 0.22999, 0.09444, 0.0049, 0.01672, 0.08438, 0.09188, 0.0223, 0.59501, 0.27752, 0.30569, 0.10249, 0.0094, 0.38252, 0.67872, 0.19762, 0.01641, 0.13237, 0.11602, 0.17188, 0.20565, 0.93307, 0.01669, 0.12579, 0.56579, 0.52963, 0.22276, 0.0125, 0.95249, 0.03279, 0.74302, 0.05388, 0.72586, 0.1656, 0.64862, 0.31032, 0.32413, 0.17655, 0.53272, 0.82273, 0.11654, 0.03592, 0.04103, 0.78292, 0.2392, 0.55763, 0.53883, 0.07263, 0.25817, 0.17002, 0.48454, 0.05796, 0.02613, 0.12321, 0.03214, 0.26106, 0.00841, 0.06593, 0.82865, 0.23039, 0.0869, 0.05835, 0.93719, 0.01904, 0.04274, 0.92518, 0.07311, 0.13237, 0.0372, 0.29075, 0.36603, 0.05627, 0.02324, 0.13237, 0.79205, 0.68839, 0.1177, 0.93405, 0.00869, 0.04094, 0.02193, 0.22114, 0.78416, 0.0813, 0.13237, 0.34462, 0.9435, 0.16541, 0.04263, 0.82256, 0.10297, 0.04646, 0.00994, 0.0072, 0.12344, 0.3018, 0.70593, 0.34142, 0.00726, 0.93319, 0.01561, 0.85341, 0.70847, 0.07556, 0.118, 0.02097, 0.01044, 0.82111, 0.01679, 0.00407, 0.01152, 0.01102, 0.05208, 0.01792, 0.0257, 0.55547, 0.09224, 0.00588, 0.03458, 0.03427, 0.06072, 0.00964, 0.22838, 0.00913, 0.11021, 0.09198, 0.26568, 0.99477, 0.63423, 0.02164, 0.07141, 0.14354, 0.13237, 0.64091, 0.9905, 0.9612, 0.06398, 0.02884, 0.16943, 0.1783, 0.89613, 0.73355, 0.32947, 0.03414, 0.34136, 0.09203, 0.42863, 0.50875, 0.05283, 0.09187, 0.16166, 0.74151, 0.66448, 0.25091, 0.69439, 0.20318, 0.16153, 0.13237, 0.29867, 0.23612, 0.20343, 0.00728, 0.00345, 0.03876, 0.10421, 0.00464, 0.04646, 0.31623, 0.06198, 0.89698, 0.88158, 0.05139, 0.29992, 0.91251, 0.92949, 0.69679, 0.15182, 0.05415, 0.42757, 0.04128, 0.35173, 0.5242, 0.01284, 0.02077, 0.31012, 0.0358, 0.13237, 0.3153, 0.29042, 0.27107, 0.13626, 0.01383, 0.21129, 0.03573, 0.15037, 0.01834, 0.20725, 0.05241, 0.13237, 0.25917, 0.17416, 0.61166, 0.26569, 0.04542, 0.77051, 0.74989, 0.28946, 0.02151, 0.14376, 0.21306, 0.03684, 0.21378, 0.4473, 0.16332, 0.0605, 0.85483, 0.08847, 0.81457, 0.01191, 0.31086, 0.91424, 0.01399, 0.74604, 0.08167, 0.19917, 0.0511, 0.056, 0.04845, 0.1934, 0.04809, 0.61075, 0.15037, 0.19299, 0.52339, 0.01348, 0.03092, 0.07094, 0.86997, 0.54051, 0.13237, 0.30732, 0.02081, 0.10632, 0.69777, 0.37711, 0.03117, 0.4677, 0.20018, 0.93609, 0.17353, 0.0359, 0.82224, 0.00579, 0.61965, 0.57018, 0.0947, 0.01329, 0.47042, 0.41478, 0.0334, 0.50872, 0.99294, 0.06112, 0.13559, 0.13237, 0.01082, 0.54479, 0.00435, 0.71326, 0.85805, 0.01486, 0.78359, 0.07471, 0.11301, 0.84757, 0.02886, 0.1588, 0.01178, 0.0204, 0.27723, 0.12532, 0.50277, 0.01115, 0.01066, 0.10859, 0.03708, 0.0892, 0.87596, 0.76881, 0.07192, 0.78445, 0.07059, 0.10948, 0.69653, 0.87998, 0.08289, 0.00733, 0.03755, 0.99349, 0.2645, 0.34527, 0.09952, 0.05157, 0.04118, 0.02002, 0.63687, 0.10896, 0.02041, 0.37136, 0.01523, 0.05735, 0.02217, 0.94214, 0.61139, 0.01764, 0.81524, 0.33436, 0.09336, 0.70417, 0.984, 0.00507, 0.02495, 0.1482, 0.01264, 0.09932, 0.03009, 0.94423, 0.88107, 0.02414, 0.72553, 0.00821, 0.1127, 0.37436, 0.017, 0.08196, 0.94038, 0.95252, 0.02581, 0.88024, 0.63059, 0.46488, 0.39651, 0.06969, 0.00894, 0.01455, 0.80303, 0.44814, 0.2376, 0.33985, 0.01311, 0.00888, 0.16535, 0.00428, 0.02805, 0.00407, 0.26795, 0.49996, 0.13213, 0.76162, 0.1629, 0.79275, 0.17698, 0.09015, 0.18345, 0.02274, 0.87548, 0.0088, 0.1709, 0.61548, 0.27215, 0.01633, 0.72169, 0.11682, 0.01434, 0.64452, 0.47406, 0.69632, 0.85316, 0.9294, 0.0109, 0.03314, 0.0114, 0.07288, 0.34182, 0.90956, 0.00447, 0.61341, 0.80069, 0.10872, 0.52683, 0.12217, 0.13299, 0.00759, 0.03714, 0.01026, 0.00243, 0.79402, 0.05137, 0.01631, 0.19551, 0.86324, 0.00637, 0.94693, 0.06226, 0.05871, 0.01206, 0.86545, 0.87587, 0.12335, 0.01229, 0.2569, 0.07053, 0.7353, 0.06659, 0.02176, 0.87683, 0.08096, 0.13237, 0.56703, 0.10302, 0.13692, 0.18357, 0.56531, 0.53387, 0.07397, 0.19551, 0.13237, 0.70483, 0.18394, 0.03748, 0.76734, 0.78412, 0.74515, 0.30329, 0.85552, 0.25467, 0.12037, 0.16071, 0.29695, 0.04218, 0.03391, 0.95357, 0.01923, 0.19127, 0.84003, 0.01514, 0.95748, 0.00411, 0.78779, 0.48957, 0.02551, 0.01675, 0.60004, 0.03467, 0.32441, 0.71533, 0.41398, 0.01922, 0.09224, 0.39374, 0.1685, 0.9165, 0.72884, 0.10653, 0.68425, 0.13332, 0.04066, 0.64618, 0.2116, 0.05906, 0.14922, 0.6419, 0.03038, 0.21233, 0.45641, 0.01745, 0.59435], "labels": [0, 0, 0, 0, 0, 0, 0, 0, 0, 0, 0, 0, 0, 0, 1, 0, 0, 1, 0, 0, 0, 0, 0, 1, 1, 1, 1, 1, 1, 0, 1, 0, 1, 1, 1, 0, 1, 0, 0, 1, 0, 0, 1, 0, 0, 0, 0, 0, 0, 1, 0, 0, 0, 1, 0, 0, 0, 0, 1, 0, 0, 0, 0, 1, 0, 0, 0, 0, 1, 1, 1, 0, 0, 0, 0, 1, 0, 0, 0, 1, 0, 1, 1, 0, 0, 0, 1, 0, 1, 0, 0, 0, 0, 0, 0, 0, 0, 1, 0, 0, 0, 1, 0, 1, 0, 0, 1, 0, 0, 0, 0, 0, 0, 0, 0, 0, 0, 0, 1, 0, 0, 0, 1, 1, 0, 0, 0, 0, 0, 0, 0, 0, 0, 1, 1, 0, 0, 1, 0, 0, 0, 0, 1, 1, 1, 0, 0, 0, 1, 0, 0, 0, 0, 0, 0, 1, 0, 0, 0, 1, 1, 1, 0, 1, 0, 0, 0, 0, 0, 0, 0, 1, 0, 0, 1, 0, 0, 0, 0, 0, 0, 0, 0, 0, 1, 0, 0, 0, 0, 0, 0, 1, 0, 1, 0, 1, 1, 0, 0, 0, 0, 0, 0, 0, 1, 1, 0, 0, 1, 0, 1, 0, 1, 0, 0, 0, 1, 0, 0, 0, 1, 0, 0, 0, 1, 0, 0, 0, 0, 0, 0, 0, 0, 0, 0, 1, 1, 0, 0, 0, 0, 0, 0, 1, 1, 0, 0, 0, 0, 0, 0, 0, 0, 1, 0, 0, 0, 0, 1, 0, 1, 0, 0, 0, 0, 0, 0, 0, 0, 0, 0, 0, 0, 1, 0, 0, 0, 0, 1, 1, 0, 1, 1, 0, 0, 1, 0, 1, 0, 0, 1, 0, 0, 1, 0, 0, 0, 1, 0, 0, 0, 0, 0, 0, 0, 0, 0, 1, 0, 0, 0, 0, 0, 0, 1, 1, 0, 0, 0, 0, 1, 1, 0, 0, 1, 0, 1, 0, 1, 1, 0, 0, 0, 0, 0, 0, 0, 1, 0, 0, 0, 0, 0, 0, 0, 0, 1, 0, 0, 0, 0, 0, 1, 0, 0, 1, 0, 1, 0, 0, 1, 0, 0, 0, 0, 0, 1, 0, 0, 1, 1, 0, 0, 0, 0, 0, 0, 1, 1, 0, 1, 0, 0, 1, 1, 1, 0, 0, 1, 1, 0, 0, 0, 0, 0, 0, 0, 0, 0, 1, 1, 1, 0, 1, 0, 0, 0, 1, 0, 0, 0, 0, 0, 0, 0, 0, 0, 1, 0, 1, 0, 0, 1, 0, 0, 0, 1, 1, 1, 0, 0, 0, 0, 0, 0, 1, 1, 0, 1, 0, 0, 0, 0, 0, 1, 1, 0, 1, 0, 1, 0, 0, 0, 0, 0, 0, 0, 0, 0, 0, 0, 0, 0, 0, 0, 0, 0, 1, 0, 1, 0, 0, 1, 1, 1, 0, 0, 1, 0, 0, 1, 1, 0, 0, 1, 0, 1, 1, 0, 0, 0, 0, 1, 1, 0, 1, 0, 0, 1, 0, 0, 0, 0, 0, 0, 0, 0, 0, 0, 1, 0, 1, 0, 0, 0, 1, 0, 1, 0, 0, 0, 1, 0, 0, 0, 0, 0, 0, 0, 0, 0, 0, 0, 0, 1, 0, 0, 1, 1, 1, 0, 0, 0, 1, 0, 0, 0, 1, 0, 1, 1, 0, 0, 0, 0, 1, 0, 0, 0, 0, 0, 0, 0, 1, 1, 1, 1, 0, 0, 0, 1, 1, 0, 0, 0, 0, 0, 0, 0, 0, 0, 0, 0, 1, 0, 1], "n": {"train": 3400, "val": 600, "test": 586, "toxic_frac": 0.23911764705882352}}