{"model": "ai4bharat/indic-bert", "dataset": "dravidian_kannada", "train_config": "supcon", "seed": 7, "thr_cal": 0.23642250895500183, "metrics_05": {"macro": 0.6852438369357856, "toxf1": 0.5396825396825397, "prec": 0.5483870967741935, "rec": 0.53125, "prauc": 0.6085013551566756, "ece": 0.08204839805795879, "covert": 0.7924528301886793}, "metrics_cal": {"macro": 0.6751062650157087, "toxf1": 0.5714285714285714, "prec": 0.4769874476987448, "rec": 0.7125, "prauc": 0.6085013551566756, "ece": 0.08204839805795879, "covert": 0.8351648351648352}, "probs": [0.0192, 0.47916, 0.23401, 0.18561, 0.86548, 0.13443, 0.05775, 0.15378, 0.02972, 0.10806, 0.08789, 0.04374, 0.04126, 0.17013, 0.34976, 0.03124, 0.81161, 0.92932, 0.02366, 0.75742, 0.12175, 0.13325, 0.24372, 0.39151, 0.98087, 0.57975, 0.95671, 0.12323, 0.20936, 0.10324, 0.97378, 0.83593, 0.10359, 0.12384, 0.78439, 0.03003, 0.14382, 0.01789, 0.27618, 0.13557, 0.92538, 0.01475, 0.93983, 0.35403, 0.17876, 0.50221, 0.13634, 0.03808, 0.06589, 0.15082, 0.56806, 0.07413, 0.18397, 0.7663, 0.02968, 0.63396, 0.05551, 0.09204, 0.09188, 0.59651, 0.10034, 0.03486, 0.86334, 0.0962, 0.02848, 0.08361, 0.09546, 0.61446, 0.71074, 0.94437, 0.15918, 0.01837, 0.34257, 0.22359, 0.10053, 0.04809, 0.21821, 0.12339, 0.82166, 0.40452, 0.08968, 0.54877, 0.01885, 0.18728, 0.31083, 0.04325, 0.63992, 0.01624, 0.17573, 0.06518, 0.00897, 0.04259, 0.02115, 0.65316, 0.92573, 0.10313, 0.09223, 0.02419, 0.10062, 0.06483, 0.04499, 0.39009, 0.01633, 0.69601, 0.81545, 0.03543, 0.507, 0.22579, 0.34093, 0.47492, 0.21868, 0.13687, 0.00824, 0.05424, 0.03735, 0.03638, 0.10359, 0.64116, 0.09858, 0.40816, 0.10032, 0.04064, 0.67711, 0.77445, 0.37086, 0.05817, 0.13634, 0.23099, 0.12257, 0.36074, 0.79763, 0.03423, 0.17314, 0.24813, 0.51877, 0.15703, 0.02556, 0.95878, 0.02509, 0.71927, 0.05827, 0.19367, 0.20131, 0.80955, 0.49358, 0.14735, 0.19774, 0.80912, 0.44009, 0.10893, 0.04364, 0.15304, 0.90955, 0.41104, 0.50401, 0.21192, 0.01825, 0.42213, 0.09923, 0.65223, 0.71009, 0.08248, 0.117, 0.02853, 0.39996, 0.03228, 0.06957, 0.6536, 0.12894, 0.29514, 0.06352, 0.96348, 0.01518, 0.03447, 0.82408, 0.10065, 0.13634, 0.12112, 0.19665, 0.1757, 0.41228, 0.01946, 0.13634, 0.74082, 0.55154, 0.09916, 0.54756, 0.01345, 0.05005, 0.04622, 0.08785, 0.72214, 0.46581, 0.13634, 0.79372, 0.89074, 0.04663, 0.15142, 0.51371, 0.11647, 0.16166, 0.00725, 0.01693, 0.04824, 0.21861, 0.1405, 0.48555, 0.01352, 0.78836, 0.08115, 0.49602, 0.40774, 0.04888, 0.11664, 0.02128, 0.02059, 0.91195, 0.02258, 0.01123, 0.02039, 0.01457, 0.20423, 0.02776, 0.06659, 0.70601, 0.38073, 0.01825, 0.04633, 0.01587, 0.12463, 0.0149, 0.65187, 0.01855, 0.1298, 0.0785, 0.16924, 0.98658, 0.5697, 0.02911, 0.03787, 0.33649, 0.13634, 0.83103, 0.97294, 0.94168, 0.05401, 0.04457, 0.32012, 0.05676, 0.70564, 0.67205, 0.50138, 0.03185, 0.83028, 0.17334, 0.40491, 0.0988, 0.11856, 0.44678, 0.27272, 0.81678, 0.81545, 0.45971, 0.70359, 0.39409, 0.22104, 0.13634, 0.07152, 0.05732, 0.03825, 0.0138, 0.00836, 0.06004, 0.14758, 0.01232, 0.10352, 0.39969, 0.04438, 0.87381, 0.86179, 0.05844, 0.25687, 0.70001, 0.80406, 0.39378, 0.09697, 0.04621, 0.43918, 0.04044, 0.07195, 0.06804, 0.00519, 0.09202, 0.58915, 0.02595, 0.13634, 0.66697, 0.23224, 0.12706, 0.10884, 0.05895, 0.0995, 0.02001, 0.16784, 0.0336, 0.15573, 0.09656, 0.13634, 0.11738, 0.2184, 0.29166, 0.32359, 0.01147, 0.77234, 0.76933, 0.12634, 0.0443, 0.2602, 0.21161, 0.02898, 0.59933, 0.1728, 0.13398, 0.13318, 0.78171, 0.10974, 0.46998, 0.02417, 0.3301, 0.91209, 0.01241, 0.81513, 0.09175, 0.60311, 0.08683, 0.1106, 0.02553, 0.08636, 0.02101, 0.13419, 0.09634, 0.01867, 0.70254, 0.05272, 0.04499, 0.1069, 0.8859, 0.78089, 0.13634, 0.28597, 0.01123, 0.1096, 0.58188, 0.11695, 0.05844, 0.50629, 0.52622, 0.92628, 0.12469, 0.01746, 0.86093, 0.01645, 0.70587, 0.6478, 0.03752, 0.02603, 0.59852, 0.85497, 0.08583, 0.43604, 0.98356, 0.12027, 0.13582, 0.13634, 0.05366, 0.07596, 0.01801, 0.72747, 0.89279, 0.03457, 0.41096, 0.16992, 0.05273, 0.79578, 0.11832, 0.33061, 0.0171, 0.03195, 0.17273, 0.31184, 0.24253, 0.02159, 0.02296, 0.15095, 0.03438, 0.05672, 0.66185, 0.19931, 0.17944, 0.68409, 0.06479, 0.05292, 0.34599, 0.48154, 0.31313, 0.01113, 0.04661, 0.98501, 0.41036, 0.16719, 0.05304, 0.0426, 0.25127, 0.01264, 0.34468, 0.11367, 0.01364, 0.54472, 0.04087, 0.18563, 0.03358, 0.93921, 0.72529, 0.05638, 0.79535, 0.36862, 0.07871, 0.68761, 0.96887, 0.01562, 0.03692, 0.2238, 0.00823, 0.34173, 0.04682, 0.87582, 0.8751, 0.02446, 0.87823, 0.01896, 0.13509, 0.20757, 0.02396, 0.05034, 0.92122, 0.95426, 0.01318, 0.52122, 0.62489, 0.50767, 0.6009, 0.04, 0.01264, 0.03012, 0.80869, 0.54358, 0.5917, 0.33643, 0.01654, 0.01213, 0.18004, 0.03015, 0.06413, 0.01123, 0.17428, 0.26505, 0.06911, 0.56088, 0.15693, 0.55275, 0.24325, 0.07762, 0.34058, 0.0293, 0.80158, 0.02289, 0.29486, 0.33384, 0.35197, 0.02894, 0.75445, 0.28124, 0.06658, 0.44357, 0.52914, 0.65549, 0.9247, 0.86572, 0.0282, 0.02341, 0.01914, 0.15462, 0.12933, 0.95122, 0.01965, 0.61975, 0.69913, 0.15997, 0.48456, 0.15114, 0.04432, 0.03564, 0.07332, 0.02127, 0.00674, 0.7282, 0.03413, 0.04302, 0.24773, 0.85693, 0.01434, 0.93738, 0.41509, 0.07166, 0.0269, 0.72461, 0.75073, 0.3764, 0.006, 0.41624, 0.03387, 0.76053, 0.28922, 0.09706, 0.91971, 0.20343, 0.13634, 0.54891, 0.09271, 0.05663, 0.11096, 0.37292, 0.59697, 0.03243, 0.47244, 0.13634, 0.80186, 0.18349, 0.04946, 0.29266, 0.56801, 0.51406, 0.67367, 0.85192, 0.2644, 0.13866, 0.67304, 0.37733, 0.1734, 0.0306, 0.9371, 0.02598, 0.23273, 0.4935, 0.01796, 0.90409, 0.00658, 0.25851, 0.54391, 0.05985, 0.037, 0.65899, 0.06969, 0.37878, 0.57019, 0.48915, 0.05399, 0.07364, 0.7207, 0.17166, 0.88554, 0.62059, 0.22225, 0.70344, 0.10211, 0.02396, 0.15144, 0.41089, 0.12768, 0.2312, 0.55073, 0.0289, 0.14709, 0.37358, 0.02977, 0.65886], "labels": [0, 0, 0, 0, 0, 0, 0, 0, 0, 0, 0, 0, 0, 0, 1, 0, 0, 1, 0, 0, 0, 0, 0, 1, 1, 1, 1, 1, 1, 0, 1, 0, 1, 1, 1, 0, 1, 0, 0, 1, 0, 0, 1, 0, 0, 0, 0, 0, 0, 1, 0, 0, 0, 1, 0, 0, 0, 0, 1, 0, 0, 0, 0, 1, 0, 0, 0, 0, 1, 1, 1, 0, 0, 0, 0, 1, 0, 0, 0, 1, 0, 1, 1, 0, 0, 0, 1, 0, 1, 0, 0, 0, 0, 0, 0, 0, 0, 1, 0, 0, 0, 1, 0, 1, 0, 0, 1, 0, 0, 0, 0, 0, 0, 0, 0, 0, 0, 0, 1, 0, 0, 0, 1, 1, 0, 0, 0, 0, 0, 0, 0, 0, 0, 1, 1, 0, 0, 1, 0, 0, 0, 0, 1, 1, 1, 0, 0, 0, 1, 0, 0, 0, 0, 0, 0, 1, 0, 0, 0, 1, 1, 1, 0, 1, 0, 0, 0, 0, 0, 0, 0, 1, 0, 0, 1, 0, 0, 0, 0, 0, 0, 0, 0, 0, 1, 0, 0, 0, 0, 0, 0, 1, 0, 1, 0, 1, 1, 0, 0, 0, 0, 0, 0, 0, 1, 1, 0, 0, 1, 0, 1, 0, 1, 0, 0, 0, 1, 0, 0, 0, 1, 0, 0, 0, 1, 0, 0, 0, 0, 0, 0, 0, 0, 0, 0, 1, 1, 0, 0, 0, 0, 0, 0, 1, 1, 0, 0, 0, 0, 0, 0, 0, 0, 1, 0, 0, 0, 0, 1, 0, 1, 0, 0, 0, 0, 0, 0, 0, 0, 0, 0, 0, 0, 1, 0, 0, 0, 0, 1, 1, 0, 1, 1, 0, 0, 1, 0, 1, 0, 0, 1, 0, 0, 1, 0, 0, 0, 1, 0, 0, 0, 0, 0, 0, 0, 0, 0, 1, 0, 0, 0, 0, 0, 0, 1, 1, 0, 0, 0, 0, 1, 1, 0, 0, 1, 0, 1, 0, 1, 1, 0, 0, 0, 0, 0, 0, 0, 1, 0, 0, 0, 0, 0, 0, 0, 0, 1, 0, 0, 0, 0, 0, 1, 0, 0, 1, 0, 1, 0, 0, 1, 0, 0, 0, 0, 0, 1, 0, 0, 1, 1, 0, 0, 0, 0, 0, 0, 1, 1, 0, 1, 0, 0, 1, 1, 1, 0, 0, 1, 1, 0, 0, 0, 0, 0, 0, 0, 0, 0, 1, 1, 1, 0, 1, 0, 0, 0, 1, 0, 0, 0, 0, 0, 0, 0, 0, 0, 1, 0, 1, 0, 0, 1, 0, 0, 0, 1, 1, 1, 0, 0, 0, 0, 0, 0, 1, 1, 0, 1, 0, 0, 0, 0, 0, 1, 1, 0, 1, 0, 1, 0, 0, 0, 0, 0, 0, 0, 0, 0, 0, 0, 0, 0, 0, 0, 0, 0, 1, 0, 1, 0, 0, 1, 1, 1, 0, 0, 1, 0, 0, 1, 1, 0, 0, 1, 0, 1, 1, 0, 0, 0, 0, 1, 1, 0, 1, 0, 0, 1, 0, 0, 0, 0, 0, 0, 0, 0, 0, 0, 1, 0, 1, 0, 0, 0, 1, 0, 1, 0, 0, 0, 1, 0, 0, 0, 0, 0, 0, 0, 0, 0, 0, 0, 0, 1, 0, 0, 1, 1, 1, 0, 0, 0, 1, 0, 0, 0, 1, 0, 1, 1, 0, 0, 0, 0, 1, 0, 0, 0, 0, 0, 0, 0, 1, 1, 1, 1, 0, 0, 0, 1, 1, 0, 0, 0, 0, 0, 0, 0, 0, 0, 0, 0, 1, 0, 1], "n": {"train": 3400, "val": 600, "test": 586, "toxic_frac": 0.23911764705882352}}