{"model": "ai4bharat/indic-bert", "dataset": "hatexplain", "train_config": "supcon", "seed": 123, "thr_cal": 0.08936469964683055, "metrics_05": {"macro": 0.7072484743055951, "toxf1": 0.7220812182741116, "prec": 0.8582202111613876, "rec": 0.6232201533406353, "prauc": 0.8682122596199557, "ece": 0.1416276030614972, "covert": 0.8377153218495014}, "metrics_cal": {"macro": 0.6157218596494558, "toxf1": 0.7891593936610014, "prec": 0.6795886075949367, "rec": 0.940854326396495, "prauc": 0.8682122596199557, "ece": 0.1416276030614972, "covert": 0.8986852281515855}, "probs": [0.24869, 0.26749, 0.04955, 0.59664, 0.21271, 0.34174, 0.9593, 0.10302, 0.05355, 0.06099, 0.10511, 0.07234, 0.02956, 0.31858, 0.16679, 0.07783, 0.04462, 0.1353, 0.98271, 0.06365, 0.03172, 0.40137, 0.04093, 0.34465, 0.26747, 0.79556, 0.97474, 0.17607, 0.09343, 0.19623, 0.63301, 0.0713, 0.83351, 0.51271, 0.943, 0.05865, 0.79312, 0.13941, 0.52614, 0.12429, 0.64562, 0.85144, 0.23815, 0.42642, 0.163, 0.45873, 0.05383, 0.68565, 0.92521, 0.8219, 0.06551, 0.45745, 0.90801, 0.35101, 0.25745, 0.94918, 0.17144, 0.06537, 0.43056, 0.69721, 0.05899, 0.87131, 0.90962, 0.09092, 0.88755, 0.26374, 0.95294, 0.52352, 0.48053, 0.81495, 0.38816, 0.88871, 0.54195, 0.92665, 0.04561, 0.13385, 0.86675, 0.35814, 0.70047, 0.95944, 0.9059, 0.08711, 0.71895, 0.13322, 0.16263, 0.23276, 0.75873, 0.4357, 0.36896, 0.80302, 0.02893, 0.92452, 0.47622, 0.48564, 0.92031, 0.06034, 0.16751, 0.36253, 0.15996, 0.97456, 0.05338, 0.56519, 0.9284, 0.60596, 0.06807, 0.13908, 0.20038, 0.75887, 0.97594, 0.06864, 0.01564, 0.20266, 0.23924, 0.04494, 0.26217, 0.42764, 0.49531, 0.4733, 0.53248, 0.90099, 0.4708, 0.15812, 0.05807, 0.92175, 0.56915, 0.17605, 0.45966, 0.11188, 0.18063, 0.87122, 0.06027, 0.89449, 0.08157, 0.22444, 0.89684, 0.25824, 0.10756, 0.91488, 0.88448, 0.74295, 0.2588, 0.95126, 0.69284, 0.9412, 0.76148, 0.05914, 0.93677, 0.17037, 0.54914, 0.76679, 0.70927, 0.3786, 0.91464, 0.07752, 0.95001, 0.7436, 0.84384, 0.69626, 0.27452, 0.84322, 0.38656, 0.82042, 0.82847, 0.43039, 0.72937, 0.70667, 0.69997, 0.095, 0.89031, 0.83038, 0.0696, 0.14994, 0.11333, 0.21993, 0.90245, 0.25521, 0.0654, 0.1318, 0.7179, 0.13039, 0.96937, 0.08308, 0.18815, 0.40723, 0.93704, 0.22516, 0.94033, 0.52007, 0.29062, 0.96449, 0.1585, 0.67897, 0.84473, 0.93007, 0.8452, 0.93217, 0.56018, 0.78258, 0.9659, 0.17537, 0.4825, 0.08606, 0.34746, 0.12612, 0.48747, 0.59716, 0.12585, 0.15857, 0.0994, 0.09589, 0.06269, 0.06099, 0.82853, 0.30773, 0.27008, 0.16032, 0.026, 0.03369, 0.72767, 0.11739, 0.45898, 0.08492, 0.27169, 0.95669, 0.02131, 0.96825, 0.6778, 0.47579, 0.28124, 0.94499, 0.83106, 0.64056, 0.73824, 0.56473, 0.89629, 0.48342, 0.94756, 0.32507, 0.96568, 0.20006, 0.07442, 0.67872, 0.32426, 0.387, 0.82806, 0.30478, 0.34491, 0.04042, 0.19342, 0.22027, 0.54883, 0.87054, 0.17324, 0.46737, 0.10259, 0.39156, 0.93029, 0.25092, 0.10389, 0.53306, 0.05989, 0.87739, 0.45066, 0.95173, 0.52528, 0.13221, 0.86887, 0.03681, 0.11659, 0.13961, 0.4692, 0.32453, 0.07985, 0.76814, 0.0526, 0.29464, 0.89763, 0.98473, 0.91713, 0.66265, 0.98883, 0.9335, 0.89991, 0.95879, 0.1542, 0.62536, 0.66798, 0.19177, 0.05968, 0.17347, 0.11683, 0.06274, 0.05163, 0.171, 0.84008, 0.16442, 0.48807, 0.06601, 0.76648, 0.14808, 0.88716, 0.05921, 0.20709, 0.98882, 0.61389, 0.3035, 0.70755, 0.89621, 0.04999, 0.17217, 0.69029, 0.2146, 0.91545, 0.12878, 0.26255, 0.83022, 0.81254, 0.11466, 0.94787, 0.9685, 0.46031, 0.06262, 0.45638, 0.28645, 0.11517, 0.95969, 0.18461, 0.15226, 0.70612, 0.91684, 0.93225, 0.98168, 0.26637, 0.48271, 0.27849, 0.38854, 0.43881, 0.83018, 0.90668, 0.03754, 0.7052, 0.97295, 0.80043, 0.93163, 0.04011, 0.69651, 0.04472, 0.24059, 0.26218, 0.58687, 0.11428, 0.31619, 0.22353, 0.96506, 0.59133, 0.98147, 0.0505, 0.5154, 0.0714, 0.34123, 0.32377, 0.86278, 0.95768, 0.00418, 0.98205, 0.3604, 0.99003, 0.98293, 0.21896, 0.77385, 0.04517, 0.10628, 0.79627, 0.93434, 0.34775, 0.27284, 0.31415, 0.541, 0.73202, 0.9599, 0.78517, 0.56853, 0.03337, 0.97055, 0.14239, 0.08628, 0.04973, 0.0417, 0.60029, 0.7378, 0.91127, 0.13081, 0.19755, 0.20141, 0.92112, 0.83043, 0.75431, 0.94051, 0.39412, 0.17141, 0.8573, 0.13225, 0.84046, 0.64297, 0.61758, 0.76429, 0.55198, 0.74802, 0.06698, 0.03777, 0.72728, 0.20178, 0.20312, 0.04012, 0.07664, 0.59257, 0.06999, 0.92279, 0.93161, 0.25934, 0.60229, 0.15891, 0.37319, 0.64776, 0.16656, 0.28478, 0.17447, 0.46941, 0.65307, 0.15661, 0.0364, 0.07479, 0.19423, 0.0648, 0.70125, 0.93031, 0.94649, 0.77237, 0.76365, 0.05488, 0.94402, 0.55167, 0.51558, 0.18901, 0.25429, 0.94994, 0.66803, 0.15033, 0.09742, 0.53029, 0.06529, 0.48666, 0.08734, 0.7955, 0.53279, 0.07406, 0.13581, 0.19044, 0.95017, 0.225, 0.34302, 0.03309, 0.92309, 0.49673, 0.14058, 0.12295, 0.28029, 0.14145, 0.96133, 0.24143, 0.05014, 0.17301, 0.31513, 0.11172, 0.80447, 0.02828, 0.35462, 0.25776, 0.56317, 0.19666, 0.82667, 0.39598, 0.06797, 0.85273, 0.07401, 0.0955, 0.31908, 0.42951, 0.26764, 0.96793, 0.9632, 0.95981, 0.65468, 0.16559, 0.09508, 0.04462, 0.04331, 0.88737, 0.85309, 0.9154, 0.9477, 0.12114, 0.15262, 0.02427, 0.86034, 0.98443, 0.37888, 0.08016, 0.18112, 0.23352, 0.19078, 0.08156, 0.92733, 0.09251, 0.09281, 0.22875, 0.9587, 0.15103, 0.47782, 0.10879, 0.05832, 0.37724, 0.94413, 0.38815, 0.8722, 0.33828, 0.93955, 0.02075, 0.58482, 0.85228, 0.64865, 0.3611, 0.02743, 0.12461, 0.86466, 0.55906, 0.67503, 0.04267, 0.19408, 0.9702, 0.1387, 0.96168, 0.76045, 0.27474, 0.61301, 0.58597, 0.22822, 0.6755, 0.3189, 0.83408, 0.46942, 0.13579, 0.92793, 0.79381, 0.10914, 0.90983, 0.30343, 0.82409, 0.62503, 0.16505, 0.03643, 0.26112, 0.10597, 0.43561, 0.89728, 0.03648, 0.9478, 0.03184, 0.57688, 0.32718, 0.93254, 0.97523, 0.18709, 0.65749, 0.14176, 0.71106, 0.6333, 0.92618, 0.58182, 0.95614, 0.07754, 0.85925, 0.87727, 0.97089, 0.70111, 0.33148, 0.0713, 0.09267, 0.8314, 0.08846, 0.85224, 0.05775, 0.31306, 0.0668, 0.10756, 0.83345, 0.98752, 0.04346, 0.37059, 0.16743, 0.75203, 0.42162, 0.1952, 0.49278, 0.48111, 0.04428, 0.10871, 0.20134, 0.05422, 0.79029, 0.25836, 0.84846, 0.52373, 0.28204, 0.11352, 0.53044, 0.82127, 0.33785, 0.72615, 0.79094, 0.4395, 0.07545, 0.13454, 0.66536, 0.46252, 0.2004, 0.5333, 0.96537, 0.75415, 0.88713, 0.06034, 0.31486, 0.20914, 0.80439, 0.21964, 0.92517, 0.44626, 0.52318, 0.05091, 0.06593, 0.02583, 0.24407, 0.08567, 0.42161, 0.88019, 0.95112, 0.18673, 0.07401, 0.05957, 0.89243, 0.85143, 0.52008, 0.30681, 0.83277, 0.11775, 0.1661, 0.08261, 0.07946, 0.1209, 0.95416, 0.25419, 0.35461, 0.24449, 0.45337, 0.02655, 0.67096, 0.14528, 0.07335, 0.10877, 0.39334, 0.0842, 0.84838, 0.10262, 0.96626, 0.06794, 0.36396, 0.06282, 0.35042, 0.30547, 0.98897, 0.56947, 0.89774, 0.66662, 0.7639, 0.87264, 0.03533, 0.18687, 0.59535, 0.12411, 0.81291, 0.30147, 0.52606, 0.74911, 0.13922, 0.85057, 0.82234, 0.90866, 0.08187, 0.23086, 0.52307, 0.97997, 0.51962, 0.71627, 0.65942, 0.84345, 0.79825, 0.1151, 0.48621, 0.30418, 0.9892, 0.0381, 0.10965, 0.81205, 0.59946, 0.05494, 0.26533, 0.45267, 0.06802, 0.78736, 0.00998, 0.34183, 0.91868, 0.35739, 0.64286, 0.04655, 0.95812, 0.07219, 0.22591, 0.3769, 0.94669, 0.53104, 0.90797, 0.47862, 0.78804, 0.95259, 0.93578, 0.02917, 0.23194, 0.13909, 0.6032, 0.93434, 0.70148, 0.56233, 0.09611, 0.07498, 0.11753, 0.40027, 0.3923, 0.56678, 0.16793, 0.09183, 0.8754, 0.08447, 0.09678, 0.97308, 0.89498, 0.11546, 0.15858, 0.89471, 0.04408, 0.15178, 0.10607, 0.14329, 0.74079, 0.09803, 0.07148, 0.07745, 0.87011, 0.3431, 0.12829, 0.23312, 0.07021, 0.06642, 0.42038, 0.69004, 0.08333, 0.88847, 0.96561, 0.09799, 0.41719, 0.94884, 0.97893, 0.80886, 0.92364, 0.71225, 0.82642, 0.36074, 0.94745, 0.06575, 0.45795, 0.69828, 0.10273, 0.67433, 0.58705, 0.05017, 0.49706, 0.10336, 0.27428, 0.31002, 0.92995, 0.7202, 0.87526, 0.73649, 0.96507, 0.10434, 0.68579, 0.97274, 0.77587, 0.10871, 0.95221, 0.12711, 0.30182, 0.65533, 0.03545, 0.41191, 0.36751, 0.03035, 0.11576, 0.24757, 0.26667, 0.92852, 0.05141, 0.95896, 0.71984, 0.15842, 0.73116, 0.9686, 0.08096, 0.15029, 0.89928, 0.89729, 0.10784, 0.21433, 0.24464, 0.97775, 