{"model": "ai4bharat/indic-bert", "dataset": "dravidian_kannada", "train_config": "supcon", "seed": 2024, "thr_cal": 0.6417232543230057, "metrics_05": {"macro": 0.6703844468545963, "toxf1": 0.5876993166287016, "prec": 0.46236559139784944, "rec": 0.80625, "prauc": 0.6214479596956013, "ece": 0.19077141761601782, "covert": 0.8324324324324325}, "metrics_cal": {"macro": 0.7070265445748204, "toxf1": 0.6005361930294906, "prec": 0.5258215962441315, "rec": 0.7, "prauc": 0.6214479596956013, "ece": 0.19077141761601782, "covert": 0.8208092485549133}, "probs": [0.05115, 0.56339, 0.47864, 0.16095, 0.90345, 0.2486, 0.08533, 0.09963, 0.0847, 0.62621, 0.61763, 0.23723, 0.055, 0.4166, 0.6121, 0.08102, 0.63103, 0.86026, 0.02484, 0.88871, 0.45223, 0.31703, 0.7189, 0.84039, 0.96373, 0.75155, 0.96828, 0.37702, 0.66389, 0.71142, 0.96796, 0.85537, 0.1961, 0.24327, 0.83452, 0.13598, 0.3824, 0.04586, 0.7666, 0.52442, 0.93054, 0.00994, 0.88812, 0.28732, 0.87053, 0.80823, 0.11448, 0.28182, 0.09991, 0.06049, 0.86578, 0.46033, 0.18545, 0.85803, 0.33829, 0.84951, 0.02819, 0.48111, 0.30902, 0.93216, 0.37569, 0.24106, 0.51835, 0.72207, 0.06767, 0.13794, 0.45574, 0.40729, 0.90226, 0.92765, 0.32904, 0.01833, 0.52964, 0.83516, 0.74927, 0.04577, 0.42647, 0.40172, 0.80746, 0.741, 0.27488, 0.62347, 0.04028, 0.58515, 0.24746, 0.12424, 0.77813, 0.01556, 0.69326, 0.01621, 0.11146, 0.18396, 0.04031, 0.70635, 0.94856, 0.11871, 0.15777, 0.02562, 0.07103, 0.16567, 0.06374, 0.59337, 0.15156, 0.87345, 0.80073, 0.22127, 0.91236, 0.41212, 0.58853, 0.652, 0.29996, 0.25599, 0.01111, 0.13258, 0.20684, 0.63392, 0.1961, 0.54359, 0.60057, 0.72749, 0.19396, 0.02222, 0.81605, 0.74238, 0.41812, 0.09377, 0.11448, 0.23861, 0.077, 0.3597, 0.92291, 0.04488, 0.48628, 0.64974, 0.76707, 0.54129, 0.02986, 0.97146, 0.1086, 0.90364, 0.33387, 0.72107, 0.63389, 0.87109, 0.86503, 0.55781, 0.64538, 0.88499, 0.8109, 0.51676, 0.06425, 0.10928, 0.89807, 0.68948, 0.7486, 0.59609, 0.14699, 0.7089, 0.41188, 0.76871, 0.53779, 0.03545, 0.22148, 0.17659, 0.1336, 0.06218, 0.3282, 0.81584, 0.5053, 0.85625, 0.01965, 0.94442, 0.09744, 0.37955, 0.9443, 0.22445, 0.11448, 0.49007, 0.18539, 0.67831, 0.35119, 0.0742, 0.11448, 0.92096, 0.87629, 0.57664, 0.85624, 0.04848, 0.15695, 0.09343, 0.46203, 0.85405, 0.60126, 0.11448, 0.60397, 0.94029, 0.56651, 0.62721, 0.58733, 0.27264, 0.17296, 0.05132, 0.04179, 0.39577, 0.48681, 0.33003, 0.46117, 0.08777, 0.82815, 0.10725, 0.85947, 0.77256, 0.28111, 0.1274, 0.04384, 0.0191, 0.95965, 0.07368, 0.01455, 0.07613, 0.0192, 0.03941, 0.07745, 0.08116, 0.55297, 0.60837, 0.05643, 0.17842, 0.05929, 0.71428, 0.01227, 0.68453, 0.01773, 0.57334, 0.64784, 0.60106, 0.98405, 0.62073, 0.1133, 0.2406, 0.71496, 0.11448, 0.85992, 0.97497, 0.8891, 0.10198, 0.1463, 0.69088, 0.27758, 0.83709, 0.82307, 0.43355, 0.2499, 0.87377, 0.13689, 0.44714, 0.55895, 0.35288, 0.68276, 0.26897, 0.829, 0.80073, 0.68337, 0.49181, 0.36727, 0.51091, 0.11448, 0.4256, 0.28056, 0.09936, 0.01665, 0.00566, 0.3978, 0.21081, 0.00943, 0.01896, 0.79646, 0.04097, 0.94478, 0.88867, 0.16516, 0.83518, 0.86986, 0.83729, 0.82207, 0.59478, 0.36251, 0.78194, 0.05065, 0.29857, 0.67342, 0.02784, 0.05518, 0.86471, 0.16668, 0.11448, 0.8053, 0.8003, 0.5203, 0.08743, 0.13532, 0.58709, 0.02636, 0.79885, 0.08803, 0.12949, 0.31227, 0.11448, 0.53165, 0.17533, 0.86352, 0.24434, 0.10307, 0.32348, 0.83236, 0.54743, 0.14941, 0.65783, 0.71246, 0.31679, 0.52332, 0.75185, 0.25293, 0.28149, 0.76899, 0.2212, 0.88729, 0.03505, 0.72228, 0.93863, 0.02306, 0.55019, 0.07548, 0.87912, 0.05283, 0.13967, 0.21485, 0.73162, 0.01348, 0.23569, 0.66654, 0.21064, 0.82878, 0.06251, 0.65356, 0.5321, 0.94652, 0.89122, 0.11448, 0.80205, 0.0889, 0.53273, 0.75325, 0.72703, 0.22245, 0.80646, 0.71768, 0.85174, 0.55643, 0.24913, 0.82364, 0.01706, 0.85512, 0.71963, 0.10154, 0.03615, 0.88218, 0.33223, 0.03425, 0.74922, 0.97918, 0.10581, 0.16737, 0.11448, 0.15557, 0.09325, 0.00683, 0.80494, 0.93462, 0.04489, 0.73929, 0.73013, 0.12125, 0.81924, 0.21247, 0.64393, 0.04288, 0.1179, 0.52483, 0.65894, 0.56273, 0.07691, 0.0886, 0.16866, 0.06013, 0.09083, 0.83229, 0.77928, 0.61424, 0.89018, 0.45858, 0.33385, 0.45755, 0.86447, 0.081, 0.07445, 0.1319, 0.98112, 0.27552, 0.61367, 0.25525, 0.0406, 0.46712, 0.03157, 0.78083, 0.57212, 0.21284, 0.59789, 0.01924, 0.80017, 0.28353, 0.93395, 0.833, 0.02105, 0.79026, 0.61732, 0.14589, 0.74635, 0.95819, 0.00943, 0.35906, 0.59179, 0.02334, 0.71655, 0.46444, 0.93237, 0.91219, 0.02841, 0.959, 0.01387, 0.04523, 0.80076, 0.06195, 0.11585, 0.90363, 0.96761, 0.03341, 0.88638, 0.86181, 0.77798, 0.69581, 0.07851, 0.10456, 0.14236, 0.73029, 0.33243, 0.85414, 0.39131, 0.0208, 0.13521, 0.41431, 0.02679, 0.04928, 0.01455, 0.66967, 0.68178, 0.46856, 0.84451, 0.90957, 0.91129, 0.54914, 0.60857, 0.74987, 0.02824, 0.81679, 0.03272, 0.62137, 0.61151, 0.03267, 0.05917, 0.94939, 0.21957, 0.03869, 0.73038, 0.86084, 0.81657, 0.81796, 0.84999, 0.06722, 0.08096, 0.07081, 0.44589, 0.49128, 0.92492, 0.02743, 0.88816, 0.82698, 0.05616, 0.85469, 0.18476, 0.14587, 0.01649, 0.42964, 0.04055, 0.0056, 0.92224, 0.12677, 0.27305, 0.55154, 0.90846, 0.02005, 0.97729, 0.03253, 0.38662, 0.04608, 0.91477, 0.91224, 0.72601, 0.12887, 0.71926, 0.27316, 0.90264, 0.38313, 0.35442, 0.88623, 0.90365, 0.11448, 0.54272, 0.23995, 0.20341, 0.35254, 0.75048, 0.63006, 0.05629, 0.90577, 0.11448, 0.80863, 0.18128, 0.2333, 0.65286, 0.66989, 0.87484, 0.8969, 0.78932, 0.61509, 0.51633, 0.85248, 0.70742, 0.15127, 0.09077, 0.95273, 0.02487, 0.39571, 0.74621, 0.1292, 0.9565, 0.00695, 0.90717, 0.86193, 0.17078, 0.03311, 0.90267, 0.09232, 0.74876, 0.85725, 0.08383, 0.44568, 0.04967, 0.38835, 0.67545, 0.94032, 0.83154, 0.81935, 0.86665, 0.62585, 0.04548, 0.72556, 0.62875, 0.27437, 0.55662, 0.90841, 0.02303, 0.56793, 0.66649, 0.05706, 0.7774], "labels": [0, 0, 0, 0, 0, 0, 0, 0, 0, 0, 0, 0, 0, 0, 1, 0, 0, 1, 0, 0, 0, 0, 0, 1, 1, 1, 1, 1, 1, 0, 1, 0, 1, 1, 1, 0, 1, 0, 0, 1, 0, 0, 1, 0, 0, 0, 0, 0, 0, 1, 0, 0, 0, 1, 0, 0, 0, 0, 1, 0, 0, 0, 0, 1, 0, 0, 0, 0, 1, 1, 1, 0, 0, 0, 0, 1, 0, 0, 0, 1, 0, 1, 1, 0, 0, 0, 1, 0, 1, 0, 0, 0, 0, 0, 0, 0, 0, 1, 0, 0, 0, 1, 0, 1, 0, 0, 1, 0, 0, 0, 0, 0, 0, 0, 0, 0, 0, 0, 1, 0, 0, 0, 1, 1, 0, 0, 0, 0, 0, 0, 0, 0, 0, 1, 1, 0, 0, 1, 0, 0, 0, 0, 1, 1, 1, 0, 0, 0, 1, 0, 0, 0, 0, 0, 0, 1, 0, 0, 0, 1, 1, 1, 0, 1, 0, 0, 0, 0, 0, 0, 0, 1, 0, 0, 1, 0, 0, 0, 0, 0, 0, 0, 0, 0, 1, 0, 0, 0, 0, 0, 0, 1, 0, 1, 0, 1, 1, 0, 0, 0, 0, 0, 0, 0, 1, 1, 0, 0, 1, 0, 1, 0, 1, 0, 0, 0, 1, 0, 0, 0, 1, 0, 0, 0, 1, 0, 0, 0, 0, 0, 0, 0, 0, 0, 0, 1, 1, 0, 0, 0, 0, 0, 0, 1, 1, 0, 0, 0, 0, 0, 0, 0, 0, 1, 0, 0, 0, 0, 1, 0, 1, 0, 0, 0, 0, 0, 0, 0, 0, 0, 0, 0, 0, 1, 0, 0, 0, 0, 1, 1, 0, 1, 1, 0, 0, 1, 0, 1, 0, 0, 1, 0, 0, 1, 0, 0, 0, 1, 0, 0, 0, 0, 0, 0, 0, 0, 0, 1, 0, 0, 0, 0, 0, 0, 1, 1, 0, 0, 0, 0, 1, 1, 0, 0, 1, 0, 1, 0, 1, 1, 0, 0, 0, 0, 0, 0, 0, 1, 0, 0, 0, 0, 0, 0, 0, 0, 1, 0, 0, 0, 0, 0, 1, 0, 0, 1, 0, 1, 0, 0, 1, 0, 0, 0, 0, 0, 1, 0, 0, 1, 1, 0, 0, 0, 0, 0, 0, 1, 1, 0, 1, 0, 0, 1, 1, 1, 0, 0, 1, 1, 0, 0, 0, 0, 0, 0, 0, 0, 0, 1, 1, 1, 0, 1, 0, 0, 0, 1, 0, 0, 0, 0, 0, 0, 0, 0, 0, 1, 0, 1, 0, 0, 1, 0, 0, 0, 1, 1, 1, 0, 0, 0, 0, 0, 0, 1, 1, 0, 1, 0, 0, 0, 0, 0, 1, 1, 0, 1, 0, 1, 0, 0, 0, 0, 0, 0, 0, 0, 0, 0, 0, 0, 0, 0, 0, 0, 0, 1, 0, 1, 0, 0, 1, 1, 1, 0, 0, 1, 0, 0, 1, 1, 0, 0, 1, 0, 1, 1, 0, 0, 0, 0, 1, 1, 0, 1, 0, 0, 1, 0, 0, 0, 0, 0, 0, 0, 0, 0, 0, 1, 0, 1, 0, 0, 0, 1, 0, 1, 0, 0, 0, 1, 0, 0, 0, 0, 0, 0, 0, 0, 0, 0, 0, 0, 1, 0, 0, 1, 1, 1, 0, 0, 0, 1, 0, 0, 0, 1, 0, 1, 1, 0, 0, 0, 0, 1, 0, 0, 0, 0, 0, 0, 0, 1, 1, 1, 1, 0, 0, 0, 1, 1, 0, 0, 0, 0, 0, 0, 0, 0, 0, 0, 0, 1, 0, 1], "n": {"train": 3400, "val": 600, "test": 586, "toxic_frac": 0.23911764705882352}}