{"model": "ai4bharat/indic-bert", "dataset": "dravidian_kannada", "train_config": "ce", "seed": 99, "thr_cal": 0.5886874765157701, "metrics_05": {"macro": 0.6541697866561751, "toxf1": 0.5550239234449761, "prec": 0.4496124031007752, "rec": 0.725, "prauc": 0.634799623988506, "ece": 0.17552258251648103, "covert": 0.8176795580110497}, "metrics_cal": {"macro": 0.6854264696136259, "toxf1": 0.5759162303664922, "prec": 0.4954954954954955, "rec": 0.6875, "prauc": 0.634799623988506, "ece": 0.17552258251648103, "covert": 0.8295454545454546}, "probs": [0.04769, 0.67705, 0.61463, 0.20947, 0.77203, 0.17444, 0.5117, 0.16808, 0.08219, 0.22934, 0.75987, 0.16975, 0.0558, 0.62727, 0.47755, 0.0542, 0.92006, 0.91974, 0.02456, 0.83489, 0.4775, 0.34924, 0.78409, 0.65152, 0.98976, 0.93502, 0.97293, 0.30961, 0.68405, 0.46763, 0.9897, 0.94242, 0.11511, 0.23304, 0.84726, 0.21316, 0.3761, 0.01837, 0.67984, 0.40681, 0.95408, 0.0478, 0.97549, 0.60746, 0.35331, 0.80079, 0.13134, 0.07999, 0.12838, 0.12345, 0.87381, 0.37364, 0.16373, 0.84833, 0.1552, 0.87513, 0.0521, 0.34843, 0.24722, 0.79646, 0.35808, 0.34264, 0.8929, 0.76298, 0.06217, 0.23653, 0.45673, 0.27507, 0.83031, 0.97836, 0.21847, 0.04812, 0.52572, 0.6561, 0.84933, 0.11746, 0.58007, 0.25475, 0.93045, 0.7331, 0.29958, 0.88476, 0.06166, 0.424, 0.63271, 0.09133, 0.66735, 0.02833, 0.28522, 0.1648, 0.0382, 0.11682, 0.02829, 0.84268, 0.81001, 0.15651, 0.12767, 0.02217, 0.0906, 0.14977, 0.09582, 0.23826, 0.0486, 0.90204, 0.87205, 0.20575, 0.60326, 0.55159, 0.52084, 0.7551, 0.53816, 0.29036, 0.01955, 0.06379, 0.36049, 0.41218, 0.11511, 0.4541, 0.50605, 0.67257, 0.3349, 0.0333, 0.61295, 0.90944, 0.52125, 0.02676, 0.13134, 0.41063, 0.13437, 0.29664, 0.83712, 0.07466, 0.16565, 0.86384, 0.73027, 0.66334, 0.04753, 0.97567, 0.09002, 0.82511, 0.30438, 0.84673, 0.61028, 0.92674, 0.69474, 0.73833, 0.36206, 0.83867, 0.87953, 0.35045, 0.06506, 0.16223, 0.68049, 0.60104, 0.56352, 0.77075, 0.17518, 0.70254, 0.29668, 0.71976, 0.6613, 0.10925, 0.13949, 0.13108, 0.17715, 0.04451, 0.39875, 0.7837, 0.56006, 0.65612, 0.11788, 0.97269, 0.08046, 0.15183, 0.91571, 0.10568, 0.13134, 0.49278, 0.25358, 0.70702, 0.59921, 0.12957, 0.13134, 0.94037, 0.61754, 0.3411, 0.9393, 0.03182, 0.10311, 0.10844, 0.33456, 0.89003, 0.5005, 0.13134, 0.74613, 0.95827, 0.53237, 0.61021, 0.88045, 0.3656, 0.39786, 0.01791, 0.06311, 0.55767, 0.5429, 0.4346, 0.57059, 0.04259, 0.93372, 0.10501, 0.8977, 0.82887, 0.26583, 0.17649, 0.0665, 0.03067, 0.92855, 0.15984, 0.01801, 0.08172, 0.09538, 0.17014, 0.02616, 0.11325, 0.65841, 0.60072, 0.03697, 0.1509, 0.06613, 0.44319, 0.04009, 0.53128, 0.04498, 0.37356, 0.53981, 0.48207, 0.99419, 0.75664, 0.0487, 0.10969, 0.51646, 0.13134, 0.80468, 0.9923, 0.96932, 0.24375, 0.19333, 0.30559, 0.51134, 0.83396, 0.82794, 0.46867, 0.21943, 0.49815, 0.34605, 0.71405, 0.67232, 0.2372, 0.40021, 0.11554, 0.79625, 0.87205, 0.65157, 0.49909, 0.17128, 0.25438, 0.13134, 0.41531, 0.35974, 0.08622, 0.03884, 0.03109, 0.27332, 0.49294, 0.01327, 0.13122, 0.83549, 0.11179, 0.92032, 0.90874, 0.07293, 0.66196, 0.88598, 0.73055, 0.72596, 0.3682, 0.12164, 0.7087, 0.10237, 0.42519, 0.62126, 0.01082, 0.13122, 0.7138, 0.1155, 0.13134, 0.682, 0.64461, 0.40789, 0.39941, 0.11691, 0.48403, 0.03937, 0.68339, 0.16347, 0.1385, 0.58111, 0.13134, 0.81902, 0.25679, 0.7073, 0.28071, 0.08974, 0.89477, 0.90901, 0.42189, 0.08542, 0.49075, 0.6025, 0.241, 0.42035, 0.79484, 0.24873, 0.28428, 0.93823, 0.25743, 0.81019, 0.06208, 0.75743, 0.96353, 0.05709, 0.30045, 0.1874, 0.89683, 0.16218, 0.1384, 0.0856, 0.65186, 0.06238, 0.32183, 0.42912, 0.73611, 0.71398, 0.03481, 0.33613, 0.44966, 0.95625, 0.76637, 0.13134, 0.67008, 0.10781, 0.45242, 0.79392, 0.47321, 0.08235, 0.52728, 0.6257, 0.93959, 0.53401, 0.09935, 0.80444, 0.02857, 0.8656, 0.86278, 0.09944, 0.07601, 0.83277, 0.60166, 0.06524, 0.93321, 0.99355, 0.08947, 0.4561, 0.13134, 0.26716, 0.08791, 0.01033, 0.92495, 0.96634, 0.08226, 0.91101, 0.51399, 0.38579, 0.79559, 0.25124, 0.39725, 0.06875, 0.06806, 0.40015, 0.44222, 0.82428, 0.04471, 0.04439, 0.11051, 0.05685, 0.2139, 0.90382, 0.90606, 0.60755, 0.84689, 0.41182, 0.64968, 0.48467, 0.92686, 0.14645, 0.04904, 0.11269, 0.98967, 0.62358, 0.57783, 0.44727, 0.2178, 0.23393, 0.01853, 0.80474, 0.60666, 0.12574, 0.79731, 0.03226, 0.56798, 0.11213, 0.83774, 0.67129, 0.03805, 0.93229, 0.51638, 0.33984, 0.66577, 0.98333, 0.02313, 0.148, 0.57031, 0.05287, 0.69091, 0.14385, 0.94929, 0.93285, 0.09798, 0.90637, 0.03754, 0.12474, 0.90065, 0.04277, 0.09624, 0.95831, 0.97434, 0.03902, 0.84148, 0.91612, 0.8384, 0.43232, 0.13464, 0.04791, 0.0355, 0.8957, 0.47854, 0.23651, 0.49095, 0.1798, 0.04607, 0.53173, 0.01545, 0.04047, 0.01801, 0.70216, 0.88625, 0.60726, 0.84711, 0.78385, 0.91949, 0.6732, 0.64934, 0.61413, 0.11983, 0.9502, 0.0145, 0.55262, 0.68739, 0.2444, 0.03116, 0.88205, 0.2712, 0.05446, 0.44751, 0.93685, 0.56734, 0.955, 0.9512, 0.08851, 0.09562, 0.12836, 0.44699, 0.44824, 0.91508, 0.03541, 0.81763, 0.77911, 0.08794, 0.88685, 0.4469, 0.26696, 0.01563, 0.37708, 0.01772, 0.00739, 0.90112, 0.15331, 0.2539, 0.49799, 0.95431, 0.06601, 0.96992, 0.04582, 0.21708, 0.06258, 0.74293, 0.92839, 0.44202, 0.04361, 0.56785, 0.32766, 0.8971, 0.25114, 0.23516, 0.89737, 0.23938, 0.13134, 0.55068, 0.47973, 0.44228, 0.23605, 0.74078, 0.89281, 0.06285, 0.67746, 0.13134, 0.92192, 0.48877, 0.28655, 0.41705, 0.67875, 0.82944, 0.78191, 0.60431, 0.39172, 0.73606, 0.62681, 0.5892, 0.35579, 0.13518, 0.92221, 0.07137, 0.26957, 0.81036, 0.03067, 0.97154, 0.01521, 0.83357, 0.78138, 0.32913, 0.03831, 0.75274, 0.32551, 0.74637, 0.81016, 0.55691, 0.29026, 0.13243, 0.77117, 0.4317, 0.97284, 0.83943, 0.72937, 0.91146, 0.67542, 0.08644, 0.71971, 0.5427, 0.29698, 0.50075, 0.45586, 0.02603, 0.51515, 0.59181, 0.0284, 0.33777], "labels": [0, 0, 0, 0, 0, 0, 0, 0, 0, 0, 0, 0, 0, 0, 1, 0, 0, 1, 0, 0, 0, 0, 0, 1, 1, 1, 1, 1, 1, 0, 1, 0, 1, 1, 1, 0, 1, 0, 0, 1, 0, 0, 1, 0, 0, 0, 0, 0, 0, 1, 0, 0, 0, 1, 0, 0, 0, 0, 1, 0, 0, 0, 0, 1, 0, 0, 0, 0, 1, 1, 1, 0, 0, 0, 0, 1, 0, 0, 0, 1, 0, 1, 1, 0, 0, 0, 1, 0, 1, 0, 0, 0, 0, 0, 0, 0, 0, 1, 0, 0, 0, 1, 0, 1, 0, 0, 1, 0, 0, 0, 0, 0, 0, 0, 0, 0, 0, 0, 1, 0, 0, 0, 1, 1, 0, 0, 0, 0, 0, 0, 0, 0, 0, 1, 1, 0, 0, 1, 0, 0, 0, 0, 1, 1, 1, 0, 0, 0, 1, 0, 0, 0, 0, 0, 0, 1, 0, 0, 0, 1, 1, 1, 0, 1, 0, 0, 0, 0, 0, 0, 0, 1, 0, 0, 1, 0, 0, 0, 0, 0, 0, 0, 0, 0, 1, 0, 0, 0, 0, 0, 0, 1, 0, 1, 0, 1, 1, 0, 0, 0, 0, 0, 0, 0, 1, 1, 0, 0, 1, 0, 1, 0, 1, 0, 0, 0, 1, 0, 0, 0, 1, 0, 0, 0, 1, 0, 0, 0, 0, 0, 0, 0, 0, 0, 0, 1, 1, 0, 0, 0, 0, 0, 0, 1, 1, 0, 0, 0, 0, 0, 0, 0, 0, 1, 0, 0, 0, 0, 1, 0, 1, 0, 0, 0, 0, 0, 0, 0, 0, 0, 0, 0, 0, 1, 0, 0, 0, 0, 1, 1, 0, 1, 1, 0, 0, 1, 0, 1, 0, 0, 1, 0, 0, 1, 0, 0, 0, 1, 0, 0, 0, 0, 0, 0, 0, 0, 0, 1, 0, 0, 0, 0, 0, 0, 1, 1, 0, 0, 0, 0, 1, 1, 0, 0, 1, 0, 1, 0, 1, 1, 0, 0, 0, 0, 0, 0, 0, 1, 0, 0, 0, 0, 0, 0, 0, 0, 1, 0, 0, 0, 0, 0, 1, 0, 0, 1, 0, 1, 0, 0, 1, 0, 0, 0, 0, 0, 1, 0, 0, 1, 1, 0, 0, 0, 0, 0, 0, 1, 1, 0, 1, 0, 0, 1, 1, 1, 0, 0, 1, 1, 0, 0, 0, 0, 0, 0, 0, 0, 0, 1, 1, 1, 0, 1, 0, 0, 0, 1, 0, 0, 0, 0, 0, 0, 0, 0, 0, 1, 0, 1, 0, 0, 1, 0, 0, 0, 1, 1, 1, 0, 0, 0, 0, 0, 0, 1, 1, 0, 1, 0, 0, 0, 0, 0, 1, 1, 0, 1, 0, 1, 0, 0, 0, 0, 0, 0, 0, 0, 0, 0, 0, 0, 0, 0, 0, 0, 0, 1, 0, 1, 0, 0, 1, 1, 1, 0, 0, 1, 0, 0, 1, 1, 0, 0, 1, 0, 1, 1, 0, 0, 0, 0, 1, 1, 0, 1, 0, 0, 1, 0, 0, 0, 0, 0, 0, 0, 0, 0, 0, 1, 0, 1, 0, 0, 0, 1, 0, 1, 0, 0, 0, 1, 0, 0, 0, 0, 0, 0, 0, 0, 0, 0, 0, 0, 1, 0, 0, 1, 1, 1, 0, 0, 0, 1, 0, 0, 0, 1, 0, 1, 1, 0, 0, 0, 0, 1, 0, 0, 0, 0, 0, 0, 0, 1, 1, 1, 1, 0, 0, 0, 1, 1, 0, 0, 0, 0, 0, 0, 0, 0, 0, 0, 0, 1, 0, 1], "n": {"train": 3400, "val": 600, "test": 586, "toxic_frac": 0.23911764705882352}}