{"model": "ai4bharat/indic-bert", "dataset": "dravidian_kannada", "train_config": "supcon", "seed": 42, "thr_cal": 0.2560916185379028, "metrics_05": {"macro": 0.7253873399327945, "toxf1": 0.6030769230769231, "prec": 0.593939393939394, "rec": 0.6125, "prauc": 0.6663902248113525, "ece": 0.06984381175539599, "covert": 0.8}, "metrics_cal": {"macro": 0.6884913498113988, "toxf1": 0.5975903614457831, "prec": 0.48627450980392156, "rec": 0.775, "prauc": 0.6663902248113525, "ece": 0.06984381175539599, "covert": 0.8156424581005587}, "probs": [0.02052, 0.51587, 0.20009, 0.02246, 0.49747, 0.05242, 0.04909, 0.04303, 0.03191, 0.11792, 0.44624, 0.03948, 0.08317, 0.42889, 0.35348, 0.02458, 0.59577, 0.78816, 0.01117, 0.78458, 0.21196, 0.0785, 0.81116, 0.51647, 0.98093, 0.53973, 0.96631, 0.06187, 0.65388, 0.07283, 0.99022, 0.82028, 0.03757, 0.12755, 0.59986, 0.01719, 0.2904, 0.01279, 0.68249, 0.15342, 0.64845, 0.00832, 0.61692, 0.12903, 0.42504, 0.55633, 0.07839, 0.05251, 0.06389, 0.06996, 0.78845, 0.27941, 0.03454, 0.42537, 0.06199, 0.70922, 0.00678, 0.29694, 0.06187, 0.57286, 0.11484, 0.09205, 0.46967, 0.78205, 0.00726, 0.13175, 0.21777, 0.14779, 0.76301, 0.97346, 0.3307, 0.01979, 0.12059, 0.56222, 0.28751, 0.04864, 0.21651, 0.25423, 0.83952, 0.77056, 0.03928, 0.65079, 0.02052, 0.53016, 0.27327, 0.02715, 0.50039, 0.00949, 0.45646, 0.00884, 0.01906, 0.02347, 0.01227, 0.46914, 0.5092, 0.08569, 0.05393, 0.02557, 0.05538, 0.04963, 0.11978, 0.44241, 0.01878, 0.84565, 0.26577, 0.08448, 0.68223, 0.17952, 0.16079, 0.52014, 0.23824, 0.08299, 0.00225, 0.01948, 0.07359, 0.16182, 0.03757, 0.29313, 0.34381, 0.47929, 0.08343, 0.01209, 0.47637, 0.89486, 0.10923, 0.0121, 0.07839, 0.16166, 0.06125, 0.08809, 0.92621, 0.01549, 0.102, 0.20557, 0.31999, 0.35066, 0.02706, 0.94945, 0.02985, 0.85687, 0.06044, 0.43912, 0.65416, 0.73131, 0.6308, 0.24625, 0.09335, 0.88261, 0.83778, 0.05065, 0.07135, 0.06987, 0.77835, 0.50034, 0.26673, 0.74771, 0.04085, 0.79167, 0.04677, 0.59404, 0.23279, 0.03168, 0.10532, 0.03567, 0.06116, 0.01323, 0.10433, 0.50769, 0.62199, 0.55783, 0.06637, 0.9471, 0.01176, 0.06515, 0.98098, 0.02794, 0.07839, 0.20768, 0.05185, 0.26603, 0.3151, 0.03456, 0.07839, 0.92081, 0.6365, 0.52548, 0.89727, 0.00248, 0.11648, 0.00629, 0.25956, 0.62813, 0.16155, 0.07839, 0.17918, 0.9434, 0.33582, 0.71539, 0.19863, 0.11942, 0.03086, 0.00941, 0.03294, 0.0595, 0.07709, 0.07848, 0.27373, 0.06019, 0.84423, 0.03132, 0.89459, 0.54553, 0.0325, 0.08043, 0.0503, 0.0099, 0.94303, 0.04213, 0.00487, 0.02964, 0.01022, 0.03072, 0.00561, 0.03725, 0.80498, 0.62506, 0.0145, 0.02525, 0.01336, 0.10055, 0.01902, 0.27955, 0.00941, 0.18964, 0.27887, 0.36617, 0.98907, 0.28917, 0.03121, 0.09419, 0.26662, 0.07839, 0.43651, 0.97918, 0.88056, 0.07106, 0.03512, 0.04551, 0.07405, 0.70795, 0.79095, 0.15947, 0.11281, 0.6707, 0.055, 0.41951, 0.45726, 0.10234, 0.41455, 0.02854, 0.32175, 0.26577, 0.54153, 0.37436, 0.15273, 0.09801, 0.07839, 0.12933, 0.09356, 0.0493, 0.02012, 0.01363, 0.12535, 0.68637, 0.00508, 0.07404, 0.49307, 0.06348, 0.94721, 0.81782, 0.01785, 0.51154, 0.81659, 0.56642, 0.43209, 0.20007, 0.15286, 0.60988, 0.02035, 0.09668, 0.18107, 0.00285, 0.06026, 0.83131, 0.09003, 0.07839, 0.71529, 0.49799, 0.17348, 0.06438, 0.0354, 0.40323, 0.02501, 0.16781, 0.03945, 0.04367, 0.0348, 0.07839, 0.11001, 0.28701, 0.60672, 0.05459, 0.00735, 0.43461, 0.76861, 0.25706, 0.02253, 0.45289, 0.3057, 0.04746, 0.20359, 0.38517, 0.07615, 0.15724, 0.75101, 0.05365, 0.53277, 0.00992, 0.50219, 0.90295, 0.00889, 0.37144, 0.05457, 0.48247, 0.037, 0.10191, 0.02835, 0.27936, 0.01971, 0.04156, 0.48276, 0.125, 0.7071, 0.02496, 0.09694, 0.329, 0.94857, 0.51363, 0.07839, 0.69814, 0.01942, 0.22672, 0.82808, 0.58489, 0.15778, 0.59946, 0.63409, 0.84417, 0.31477, 0.02032, 0.48527, 0.00964, 0.44075, 0.32178, 0.0311, 0.00864, 0.90101, 0.61746, 0.01607, 0.72076, 0.9904, 0.02658, 0.22656, 0.07839, 0.05369, 0.02995, 0.00388, 0.82548, 0.9446, 0.02429, 0.27163, 0.17957, 0.13022, 0.47596, 0.0375, 0.25135, 0.00887, 0.04466, 0.27675, 0.14105, 0.39781, 0.04827, 0.01183, 0.02908, 0.02156, 0.02103, 0.70035, 0.58678, 0.24368, 0.80532, 0.14317, 0.17422, 0.25387, 0.87929, 0.12564, 0.00834, 0.04289, 0.99098, 0.07105, 0.03541, 0.17189, 0.02417, 0.18391, 0.00663, 0.57678, 0.60567, 0.17447, 0.47337, 0.01267, 0.64751, 0.0618, 0.93017, 0.24407, 0.02505, 0.67974, 0.66842, 0.11042, 0.75154, 0.97219, 0.00444, 0.02159, 0.426, 0.01432, 0.2839, 0.04563, 0.97465, 0.89751, 0.01149, 0.95563, 0.01096, 0.08686, 0.62382, 0.01335, 0.03119, 0.94906, 0.97593, 0.01262, 0.72882, 0.91425, 0.81995, 0.34641, 0.0185, 0.03205, 0.01054, 0.44091, 0.31141, 0.24384, 0.11072, 0.01242, 0.01076, 0.14096, 0.00368, 0.02113, 0.00487, 0.30885, 0.17617, 0.21341, 0.62626, 0.90699, 0.72795, 0.48625, 0.15863, 0.46189, 0.02045, 0.58242, 0.00656, 0.45159, 0.44201, 0.04198, 0.00609, 0.86972, 0.10679, 0.01412, 0.53393, 0.86659, 0.26751, 0.9447, 0.41569, 0.02326, 0.07126, 0.00875, 0.1779, 0.5645, 0.94248, 0.04014, 0.67771, 0.76783, 0.01893, 0.7362, 0.16898, 0.03471, 0.01431, 0.27313, 0.00811, 0.00188, 0.75049, 0.02179, 0.09106, 0.2456, 0.89198, 0.00632, 0.98242, 0.07462, 0.10402, 0.0101, 0.73462, 0.93198, 0.52793, 0.00341, 0.41952, 0.05826, 0.88007, 0.04786, 0.03071, 0.46918, 0.84297, 0.07839, 0.58439, 0.08541, 0.13014, 0.10157, 0.52459, 0.18156, 0.01635, 0.71574, 0.07839, 0.4149, 0.13673, 0.06394, 0.60841, 0.29376, 0.29947, 0.76769, 0.75914, 0.11053, 0.10891, 0.29946, 0.54269, 0.09616, 0.06249, 0.92516, 0.00948, 0.10653, 0.35536, 0.00401, 0.91904, 0.00781, 0.59917, 0.64384, 0.07234, 0.01378, 0.71339, 0.139, 0.51286, 0.67018, 0.22111, 0.20807, 0.10457, 0.44015, 0.18038, 0.94816, 0.44351, 0.75411, 0.81219, 0.1162, 0.02239, 0.15829, 0.18645, 0.03801, 0.27888, 0.63976, 0.0052, 0.35573, 0.52167, 0.01215, 0.73676], "labels": [0, 0, 0, 0, 0, 0, 0, 0, 0, 0, 0, 0, 0, 0, 1, 0, 0, 1, 0, 0, 0, 0, 0, 1, 1, 1, 1, 1, 1, 0, 1, 0, 1, 1, 1, 0, 1, 0, 0, 1, 0, 0, 1, 0, 0, 0, 0, 0, 0, 1, 0, 0, 0, 1, 0, 0, 0, 0, 1, 0, 0, 0, 0, 1, 0, 0, 0, 0, 1, 1, 1, 0, 0, 0, 0, 1, 0, 0, 0, 1, 0, 1, 1, 0, 0, 0, 1, 0, 1, 0, 0, 0, 0, 0, 0, 0, 0, 1, 0, 0, 0, 1, 0, 1, 0, 0, 1, 0, 0, 0, 0, 0, 0, 0, 0, 0, 0, 0, 1, 0, 0, 0, 1, 1, 0, 0, 0, 0, 0, 0, 0, 0, 0, 1, 1, 0, 0, 1, 0, 0, 0, 0, 1, 1, 1, 0, 0, 0, 1, 0, 0, 0, 0, 0, 0, 1, 0, 0, 0, 1, 1, 1, 0, 1, 0, 0, 0, 0, 0, 0, 0, 1, 0, 0, 1, 0, 0, 0, 0, 0, 0, 0, 0, 0, 1, 0, 0, 0, 0, 0, 0, 1, 0, 1, 0, 1, 1, 0, 0, 0, 0, 0, 0, 0, 1, 1, 0, 0, 1, 0, 1, 0, 1, 0, 0, 0, 1, 0, 0, 0, 1, 0, 0, 0, 1, 0, 0, 0, 0, 0, 0, 0, 0, 0, 0, 1, 1, 0, 0, 0, 0, 0, 0, 1, 1, 0, 0, 0, 0, 0, 0, 0, 0, 1, 0, 0, 0, 0, 1, 0, 1, 0, 0, 0, 0, 0, 0, 0, 0, 0, 0, 0, 0, 1, 0, 0, 0, 0, 1, 1, 0, 1, 1, 0, 0, 1, 0, 1, 0, 0, 1, 0, 0, 1, 0, 0, 0, 1, 0, 0, 0, 0, 0, 0, 0, 0, 0, 1, 0, 0, 0, 0, 0, 0, 1, 1, 0, 0, 0, 0, 1, 1, 0, 0, 1, 0, 1, 0, 1, 1, 0, 0, 0, 0, 0, 0, 0, 1, 0, 0, 0, 0, 0, 0, 0, 0, 1, 0, 0, 0, 0, 0, 1, 0, 0, 1, 0, 1, 0, 0, 1, 0, 0, 0, 0, 0, 1, 0, 0, 1, 1, 0, 0, 0, 0, 0, 0, 1, 1, 0, 1, 0, 0, 1, 1, 1, 0, 0, 1, 1, 0, 0, 0, 0, 0, 0, 0, 0, 0, 1, 1, 1, 0, 1, 0, 0, 0, 1, 0, 0, 0, 0, 0, 0, 0, 0, 0, 1, 0, 1, 0, 0, 1, 0, 0, 0, 1, 1, 1, 0, 0, 0, 0, 0, 0, 1, 1, 0, 1, 0, 0, 0, 0, 0, 1, 1, 0, 1, 0, 1, 0, 0, 0, 0, 0, 0, 0, 0, 0, 0, 0, 0, 0, 0, 0, 0, 0, 1, 0, 1, 0, 0, 1, 1, 1, 0, 0, 1, 0, 0, 1, 1, 0, 0, 1, 0, 1, 1, 0, 0, 0, 0, 1, 1, 0, 1, 0, 0, 1, 0, 0, 0, 0, 0, 0, 0, 0, 0, 0, 1, 0, 1, 0, 0, 0, 1, 0, 1, 0, 0, 0, 1, 0, 0, 0, 0, 0, 0, 0, 0, 0, 0, 0, 0, 1, 0, 0, 1, 1, 1, 0, 0, 0, 1, 0, 0, 0, 1, 0, 1, 1, 0, 0, 0, 0, 1, 0, 0, 0, 0, 0, 0, 0, 1, 1, 1, 1, 0, 0, 0, 1, 1, 0, 0, 0, 0, 0, 0, 0, 0, 0, 0, 0, 1, 0, 1], "n": {"train": 3400, "val": 600, "test": 586, "toxic_frac": 0.23911764705882352}}