{"model": "ai4bharat/indic-bert", "dataset": "dravidian_malayalam", "train_config": "hardneg", "seed": 42, "thr_cal": 0.4810091450810432, "metrics_05": {"macro": 0.5228495762113692, "toxf1": 0.10582010582010581, "prec": 0.07042253521126761, "rec": 0.2127659574468085, "prauc": 0.05012682682339115, "ece": 0.3505528290669124, "covert": 0.12903225806451613}, "metrics_cal": {"macro": 0.5127320905992048, "toxf1": 0.10894941634241245, "prec": 0.06666666666666667, "rec": 0.2978723404255319, "prauc": 0.05012682682339115, "ece": 0.3505528290669124, "covert": 0.18181818181818182}, "probs": [0.44453, 0.32882, 0.28611, 0.2362, 0.41741, 0.54694, 0.38352, 0.35543, 0.52312, 0.38342, 0.45556, 0.40105, 0.4974, 0.41022, 0.43786, 0.38759, 0.26939, 0.33074, 0.41855, 0.26684, 0.47582, 0.38216, 0.57508, 0.42407, 0.38352, 0.34919, 0.38861, 0.37579, 0.43518, 0.55812, 0.54276, 0.30225, 0.46662, 0.40755, 0.53113, 0.33518, 0.25663, 0.51311, 0.38994, 0.31117, 0.39811, 0.3754, 0.44204, 0.46592, 0.34733, 0.33305, 0.44155, 0.46125, 0.2435, 0.39929, 0.3876, 0.47724, 0.35865, 0.51581, 0.34371, 0.39462, 0.37363, 0.36685, 0.38221, 0.25834, 0.28708, 0.39227, 0.30323, 0.2741, 0.29193, 0.27833, 0.45076, 0.26016, 0.42171, 0.3554, 0.2956, 0.40955, 0.38718, 0.4088, 0.28758, 0.46737, 0.37862, 0.30157, 0.31476, 0.46344, 0.36486, 0.39502, 0.3562, 0.41699, 0.39175, 0.45053, 0.28915, 0.41377, 0.2617, 0.45354, 0.41028, 0.31841, 0.49836, 0.51009, 0.2973, 0.44909, 0.45834, 0.37406, 0.27039, 0.41402, 0.29452, 0.30574, 0.46823, 0.37075, 0.41425, 0.26241, 0.36691, 0.2709, 0.51984, 0.40773, 0.26876, 0.2908, 0.39555, 0.31808, 0.30845, 0.30308, 0.51354, 0.41112, 0.40198, 0.24382, 0.41911, 0.41853, 0.44663, 0.39537, 0.49343, 0.41859, 0.532, 0.32306, 0.51639, 0.35232, 0.46116, 0.28679, 0.42555, 0.44961, 0.22894, 0.28162, 0.41145, 0.38334, 0.48439, 0.26969, 0.30102, 0.40653, 0.40454, 0.44175, 0.38514, 0.42875, 0.38455, 0.34161, 0.40531, 0.51404, 0.53893, 0.35101, 0.28365, 0.37524, 0.43145, 0.57473, 0.41187, 0.38312, 0.44594, 0.25816, 0.4385, 0.30893, 0.28016, 0.53122, 0.40239, 0.26187, 0.41669, 0.35582, 0.33982, 0.33819, 0.30065, 0.4651, 0.30156, 0.28512, 0.4837, 0.48251, 0.47456, 0.52246, 0.52021, 0.48615, 0.26316, 0.34478, 0.52853, 0.30674, 0.53367, 0.25734, 0.43786, 0.27742, 0.28227, 0.54471, 0.31705, 0.42949, 0.54527, 0.36232, 0.26806, 0.34105, 0.46424, 0.415, 0.56881, 0.30529, 0.3628, 0.29417, 0.30209, 0.45231, 0.30051, 0.44875, 0.29186, 0.3047, 0.24358, 0.39689, 0.30561, 0.42074, 0.37805, 0.52176, 0.4182, 0.2549, 0.53896, 0.42642, 0.38005, 0.27543, 0.29409, 0.47918, 0.42435, 0.46559, 0.40082, 0.39122, 0.59594, 0.28538, 0.27504, 0.27841, 0.49946, 0.30099, 0.52803, 0.33305, 0.44882, 0.35988, 0.41499, 0.4658, 0.24367, 0.29831, 0.32752, 0.34698, 0.3647, 0.4441, 0.42178, 0.45052, 0.54979, 0.40788, 0.49788, 0.41344, 0.43925, 0.5132, 0.47893, 0.47135, 0.40263, 0.44404, 0.46515, 0.30117, 0.31152, 0.31544, 0.3077, 0.53152, 0.32503, 0.52466, 0.31139, 0.52175, 0.41842, 0.31119, 0.3709, 0.42929, 0.56392, 0.27685, 0.39895, 0.49841, 0.36727, 0.28391, 0.4192, 0.41015, 0.49773, 0.35178, 0.31697, 0.26733, 0.29382, 0.28748, 0.44561, 0.46213, 0.43188, 0.24876, 0.43986, 0.24714, 0.46733, 0.43059, 0.40736, 0.24276, 0.28556, 0.55083, 0.53985, 0.46097, 0.28002, 0.48468, 0.45163, 0.36382, 0.2812, 0.3159, 0.48253, 0.4023, 0.44927, 0.51827, 0.40358, 0.41972, 0.49262, 0.45425, 0.5231, 0.33365, 0.48411, 0.35986, 0.36468, 0.43055, 0.28078, 0.37435, 0.28036, 0.45032, 0.42259, 0.32827, 0.42464, 0.25666, 0.39502, 0.48095, 0.33405, 0.4067, 0.47595, 0.30494, 0.31925, 0.40865, 0.39857, 0.39342, 0.28366, 0.46121, 0.4161, 0.29657, 0.46853, 0.24528, 0.48621, 0.42673, 0.40375, 0.5005, 0.28463, 0.38282, 0.40723, 0.37778, 0.29647, 0.31476, 0.4354, 0.38551, 0.24334, 0.4466, 0.507, 0.37195, 0.4542, 0.50502, 0.47265, 0.30238, 0.38807, 0.57392, 0.24779, 0.4139, 0.29717, 0.26698, 0.31022, 0.26241, 0.30929, 0.30616, 0.53609, 0.4285, 0.32343, 0.47595, 0.41951, 0.40407, 0.34411, 0.43475, 0.27845, 0.51913, 0.38271, 0.28862, 0.3454, 0.2638, 0.42273, 0.42131, 0.30023, 0.24571, 0.26914, 0.33997, 0.35976, 0.33099, 0.42137, 0.48308, 0.33835, 0.34223, 0.43796, 0.47375, 0.25452, 0.43063, 0.5337, 0.4478, 0.42651, 0.41008, 0.32756, 0.32367, 0.30395, 0.40322, 0.30594, 0.32615, 0.55123, 0.3126, 0.25864, 0.24181, 0.40321, 0.38187, 0.43917, 0.49706, 0.50503, 0.49092, 0.40551, 0.24739, 0.28821, 0.54251, 0.37609, 0.44219, 0.42855, 0.26418, 0.35984, 0.27516, 0.27917, 0.43116, 0.27074, 0.30113, 0.47326, 0.48152, 0.37683, 0.35564, 0.25948, 0.2337, 0.41181, 0.23639, 0.45742, 0.25147, 0.44145, 0.47755, 0.32503, 0.43985, 0.27014, 0.28278, 0.38256, 0.24743, 0.35347, 0.45343, 0.41112, 0.25095, 0.41887, 0.40516, 0.36689, 0.23911, 0.42976, 0.39796, 0.40786, 0.2956, 0.42339, 0.35259, 0.23354, 0.3402, 0.35988, 0.29419, 0.43505, 0.46276, 0.32531, 0.3272, 0.44521, 0.28961, 0.51492, 0.27798, 0.26762, 0.32441, 0.46531, 0.25703, 0.53224, 0.38971, 0.34984, 0.34582, 0.37038, 0.53782, 0.43926, 0.53887, 0.24382, 0.34698, 0.48356, 0.39968, 0.30305, 0.38358, 0.28978, 0.50618, 0.52938, 0.36183, 0.34875, 0.57651, 0.26933, 0.38899, 0.30831, 0.38307, 0.26156, 0.41149, 0.27525, 0.2936, 0.46573, 0.44491, 0.38275, 0.26678, 0.35997, 0.36211, 0.52618, 0.27983, 0.38131, 0.30624, 0.45434, 0.31223, 0.30408, 0.26336, 0.60639, 0.29436, 0.28116, 0.36605, 0.33518, 0.42863, 0.44116, 0.38131, 0.39097, 0.35344, 0.29553, 0.40276, 0.33798, 0.42554, 0.3321, 0.50972, 0.30663, 0.40407, 0.33242, 0.32655, 0.32607, 0.43303, 0.34061, 0.32905, 0.38356, 0.26418, 0.42286, 0.49994, 0.414, 0.29239, 0.33723, 0.43393, 0.40259, 0.45707, 0.50957, 0.44041, 0.31214, 0.22955, 0.32427, 0.30296, 0.32902, 0.24545, 0.3702, 0.4575, 0.4552, 0.27037, 0.42176, 0.45517, 0.42037, 0.51576, 0.33237, 0.30015, 0.33596, 0.52273, 0.41996, 0.41802, 0.27989, 0.5094, 0.2512, 0.3051, 0.36357, 0.23579, 0.30953, 0.25594, 0.28394, 0.30684, 0.32161, 0.4221, 0.34553, 0.41511, 0.42122, 0.31217, 0.2835, 0.53152, 0.49356, 0.3981, 0.4134, 0.24504, 0.39859, 0.49324, 0.51003, 0.51011, 0.34542, 0.29238, 0.27196, 0.28888, 0.30103, 0.27104, 0.25725, 0.53461, 0.24564, 0.44187, 0.41029, 0.26829, 0.38352, 0.50512, 0.53462, 0.29257, 0.28827, 0.35056, 0.50557, 0.42309, 0.32948, 0.27894, 0.40738, 0.50507, 0.41604, 0.47013, 0.48985, 0.32006, 0.47381, 0.31702, 0.36112, 0.44093, 0.48717, 0.40597, 0.30234, 0.43357, 0.29934, 0.56452, 0.30886, 0.46093, 0.42651, 0.30856, 0.29267, 0.42052, 0.43865, 0.52454, 0.30708, 0.29582, 0.5808, 0.4855, 0.44751, 0.37339, 0.30885, 0.58728, 0.36335, 0.31801, 0.33256, 0.43135, 0.49331, 0.46281, 0.5806, 0.48039, 0.35879, 0.34049, 0.43607, 0.51757, 0.40551, 0.47824, 0.42237, 0.50409, 0.41274, 0.43243, 0.41595, 0.33087, 0.4304, 0.43413, 0.34376, 0.28373, 0.33062, 0.31337, 0.27984, 0.42074, 0.37167, 0.34284, 0.31068, 0.44533, 0.42504, 0.27583, 0.4545, 0.48444, 0.44025, 0.34312, 0.44356, 0.39362, 0.3411, 0.49855, 0.25571, 0.39796, 0.27506, 0.46001, 0.49616, 0.49531, 0.45497, 0.37643, 0.39512, 0.32752, 0.25856, 0.39191, 0.36032, 0.28766, 0.37681, 0.44814, 0.3236, 0.33138, 0.35691, 0.40014, 0.32703, 0.27811, 0.33577, 0.31306, 0.51038, 0.42733, 0.31838, 0.51476, 0.45067, 0.33959, 0.44252, 0.35481, 0.5475, 0.24339, 0.31402, 0.28, 0.28655, 0.49605, 0.51331, 0.4512, 0.42979, 0.29629, 0.27306, 0.42976, 0.46466, 0.29328, 0.3826, 0.36189, 0.42063, 0.44049, 0.39902, 0.43383, 0.46647, 0.48699, 0.43776, 0.42737, 0.26002, 0.40624, 0.48604, 0.31089, 0.26698, 0.34313, 0.33405, 0.29916, 0.37167, 0.3137, 0.51497, 0.2888, 0.47814, 0.35228, 0.50017, 0.57528, 0.45708, 0.35937, 0.29696, 0.52712, 0.32546, 0.42259, 0.45966, 0.27342, 0.40933, 0.32549, 0.41274, 0.4182, 0.27235, 0.27637, 0.47936, 0.52435, 0.34384, 0.28083, 0.24865, 0.54963, 0.33272, 0.30154, 0.40747, 0.29157, 0.44693, 0.38207, 0.44045, 0.4398, 0.52043, 0.25034, 0.51798, 0.30406, 0.44679, 0.28373, 0.31933, 0.44984, 0.26406, 0.42998, 0.42309, 0.4769, 0.37701, 0.29704, 0.2756, 0.41282, 0.30639, 0.48128, 0.4879, 0.47006, 0.38609, 0.31685, 0.43661, 0.43154, 0.33013, 0.31179, 0.28673, 0.29819, 0.39621, 