{"model": "ai4bharat/indic-bert", "dataset": "dravidian_malayalam", "train_config": "ce", "seed": 99, "thr_cal": 0.7021583855152131, "metrics_05": {"macro": 0.543098052824836, "toxf1": 0.1589958158995816, "prec": 0.09895833333333333, "rec": 0.40425531914893614, "prauc": 0.1176572129237866, "ece": 0.17655885557333628, "covert": 0.3058823529411765}, "metrics_cal": {"macro": 0.570096197812632, "toxf1": 0.18633540372670807, "prec": 0.13157894736842105, "rec": 0.3191489361702128, "prauc": 0.1176572129237866, "ece": 0.17655885557333628, "covert": 0.3492063492063492}, "probs": [0.05438, 0.04, 0.0794, 0.07336, 0.10665, 0.41118, 0.0858, 0.04528, 0.57778, 0.0994, 0.03926, 0.09428, 0.50494, 0.03744, 0.04144, 0.04628, 0.08844, 0.22026, 0.06224, 0.12322, 0.83377, 0.07585, 0.84108, 0.04471, 0.0283, 0.07003, 0.44457, 0.07634, 0.08557, 0.95606, 0.58658, 0.16898, 0.29459, 0.05136, 0.11572, 0.22188, 0.13539, 0.07871, 0.05867, 0.11714, 0.09807, 0.07662, 0.04581, 0.08878, 0.9239, 0.06205, 0.08941, 0.29724, 0.07093, 0.08074, 0.04141, 0.49933, 0.05682, 0.9396, 0.39977, 0.03899, 0.05639, 0.0532, 0.09772, 0.07469, 0.04688, 0.06324, 0.68399, 0.09091, 0.05306, 0.32328, 0.14552, 0.05118, 0.08474, 0.13511, 0.22279, 0.07907, 0.13823, 0.079, 0.39713, 0.0639, 0.06658, 0.06947, 0.03229, 0.10568, 0.10831, 0.02589, 0.07947, 0.03555, 0.04944, 0.13377, 0.09508, 0.04675, 0.05816, 0.07134, 0.05535, 0.09034, 0.0671, 0.19677, 0.09175, 0.56489, 0.55869, 0.07192, 0.30532, 0.07437, 0.0703, 0.05569, 0.13775, 0.1986, 0.10584, 0.08954, 0.02677, 0.08203, 0.87203, 0.22519, 0.11929, 0.09628, 0.06823, 0.45665, 0.04543, 0.20181, 0.73105, 0.04262, 0.05007, 0.03375, 0.63355, 0.07292, 0.34117, 0.44274, 0.08866, 0.06518, 0.68255, 0.07398, 0.17481, 0.12852, 0.05391, 0.596, 0.16365, 0.9594, 0.07527, 0.14781, 0.05843, 0.03448, 0.29789, 0.16938, 0.04073, 0.10092, 0.03147, 0.4928, 0.03752, 0.04884, 0.03703, 0.05414, 0.03696, 0.1653, 0.57737, 0.05274, 0.08576, 0.03945, 0.14922, 0.93642, 0.06568, 0.8365, 0.77425, 0.33479, 0.13378, 0.13569, 0.0471, 0.50382, 0.05961, 0.06321, 0.18535, 0.07868, 0.41388, 0.07819, 0.23353, 0.06535, 0.06756, 0.46012, 0.20871, 0.2852, 0.58975, 0.67883, 0.14928, 0.0718, 0.06658, 0.06259, 0.93717, 0.04288, 0.98731, 0.03772, 0.08412, 0.04792, 0.57201, 0.12854, 0.24148, 0.07066, 0.96971, 0.15527, 0.1132, 0.48218, 0.18526, 0.06701, 0.73344, 0.05405, 0.06734, 0.07249, 0.22781, 0.62037, 0.2996, 0.04559, 0.07694, 0.11929, 0.06378, 0.05567, 0.03685, 0.09022, 0.04336, 0.22479, 0.10049, 0.06104, 0.97429, 0.08287, 0.03526, 0.08574, 0.10295, 0.10259, 0.20665, 0.09863, 0.12265, 0.04551, 0.97578, 0.06478, 0.22312, 0.06434, 0.77711, 0.08451, 0.75951, 0.06205, 0.09899, 0.43026, 0.0835, 0.08551, 0.18673, 0.27149, 0.20936, 0.03219, 0.10058, 0.06693, 0.03919, 0.18216, 0.94903, 0.04248, 0.34475, 0.07961, 0.10624, 0.23444, 0.23551, 0.07991, 0.0847, 0.27856, 0.03261, 0.03013, 0.07025, 0.06271, 0.06774, 0.66522, 0.03121, 0.89649, 0.18647, 0.10763, 0.18756, 0.63351, 0.29158, 0.04752, 0.37238, 0.0393, 0.23832, 0.59552, 0.20311, 0.06976, 0.07381, 0.04099, 0.09505, 0.05996, 0.05878, 0.0606, 0.1492, 0.15697, 0.0761, 0.27075, 0.06597, 0.05927, 0.66131, 0.0597, 0.12434, 0.08704, 0.44484, 0.05185, 0.06619, 0.95411, 0.2654, 0.18492, 0.54276, 0.0587, 0.11996, 0.03388, 0.06051, 0.10806, 0.28199, 0.04416, 0.05715, 0.17955, 0.05466, 0.62387, 0.12147, 0.1618, 0.52895, 0.1969, 0.25199, 0.18045, 0.22061, 0.14329, 0.03935, 0.31203, 0.08502, 0.1461, 0.04385, 0.09386, 0.05389, 0.39106, 0.02589, 0.2669, 0.22087, 0.03868, 0.05316, 0.75473, 0.10762, 0.09677, 0.07026, 0.07022, 0.12917, 0.72593, 0.14233, 0.04046, 0.69273, 0.05388, 0.93935, 0.6298, 0.03914, 0.7386, 0.19086, 0.05424, 0.15429, 0.17684, 0.10237, 0.15573, 0.06175, 0.03019, 0.03173, 0.05655, 0.84307, 0.0458, 0.29368, 0.74159, 0.3816, 0.07221, 0.04711, 0.94101, 0.06647, 0.10193, 0.46811, 0.04785, 0.13276, 0.08954, 0.10144, 0.11502, 0.45518, 0.10024, 0.45716, 0.05316, 0.08792, 0.13127, 0.04476, 0.15448, 0.04717, 0.45287, 0.06961, 0.18148, 0.05466, 0.04714, 0.04223, 0.04732, 0.51528, 0.23282, 0.12464, 0.03762, 0.05852, 0.03625, 0.9165, 0.1078, 0.29432, 0.0455, 0.05774, 0.11257, 0.04821, 0.06281, 0.95239, 0.08437, 0.04589, 0.02997, 0.0438, 0.18238, 0.75446, 0.44217, 0.04372, 0.08439, 0.32144, 0.06285, 0.05102, 0.02657, 0.05538, 0.06533, 0.1205, 0.29562, 0.12842, 0.03311, 0.49434, 0.03029, 0.05476, 0.1519, 0.20176, 0.04785, 0.13308, 0.40496, 0.11538, 0.06068, 0.04292, 0.05116, 0.04269, 0.1697, 0.92525, 0.48626, 0.03835, 0.03261, 0.08711, 0.28311, 0.10469, 0.05809, 0.12579, 0.06203, 0.17603, 0.09687, 0.23591, 0.07239, 0.24666, 0.1271, 0.03551, 0.03217, 0.07301, 0.12882, 0.04262, 0.0588, 0.83026, 0.64966, 0.03405, 0.07322, 0.11658, 0.09863, 0.09958, 0.05693, 0.06786, 0.07539, 0.08545, 0.06334, 0.43026, 0.08551, 0.56457, 0.06219, 0.37189, 0.60792, 0.06487, 0.31064, 0.96211, 0.07974, 0.31446, 0.88237, 0.43955, 0.12226, 0.72691, 0.05327, 0.16662, 0.25521, 0.07745, 0.95464, 0.3686, 0.85297, 0.03375, 0.03219, 0.6862, 0.04669, 0.20243, 0.03187, 0.43455, 0.22538, 0.16541, 0.24572, 0.04199, 0.97188, 0.06133, 0.06072, 0.19984, 0.03545, 0.03473, 0.17591, 0.02663, 0.0643, 0.24404, 0.2226, 0.08213, 0.0676, 0.06221, 0.31711, 0.10271, 0.04959, 0.02569, 0.17324, 0.23641, 0.06398, 0.47908, 0.14597, 0.92409, 0.07257, 0.03653, 0.04097, 0.2247, 0.48535, 0.39746, 0.22078, 0.14375, 0.11518, 0.1481, 0.03856, 0.40853, 0.10413, 0.03977, 0.57379, 0.14021, 0.07077, 0.19556, 0.09409, 0.82281, 0.10596, 0.03147, 0.07998, 0.03456, 0.05156, 0.05302, 0.09769, 0.50442, 0.05601, 0.05535, 0.18778, 0.05499, 0.08558, 0.1281, 0.04504, 0.52529, 0.04505, 0.30715, 0.04152, 0.09807, 0.06962, 0.69756, 0.11783, 0.15504, 0.08007, 0.04457, 0.10385, 0.04465, 0.25525, 0.13447, 0.0727, 0.13089, 0.81111, 0.04844, 0.33275, 0.28041, 0.55865, 0.16314, 0.27407, 0.0608, 0.07697, 0.32063, 0.43324, 0.0512, 0.08422, 0.74361, 0.0615, 0.04606, 0.07906, 0.11724, 0.05097, 0.162, 0.66522, 0.05819, 0.091, 0.53092, 0.09748, 0.07397, 0.60259, 0.93552, 0.88374, 0.0782, 0.08267, 0.10817, 0.54356, 0.06462, 0.08701, 0.07291, 0.15728, 0.04115, 0.04075, 0.05644, 0.0798, 0.0283, 0.29249, 0.29749, 0.12352, 0.1912, 0.05407, 0.28732, 0.0948, 0.06589, 0.08565, 0.04818, 0.41656, 0.05605, 0.95068, 0.5873, 0.13094, 0.08489, 0.70214, 0.06806, 0.13049, 0.6329, 0.09652, 0.14919, 0.07097, 0.23756, 0.97403, 0.19369, 0.27076, 0.15485, 0.08017, 0.05916, 0.08787, 0.06503, 0.96158, 0.40188, 0.04314, 0.97442, 0.23317, 0.10148, 0.05343, 0.43348, 0.96476, 0.04443, 0.09071, 0.03328, 0.14548, 0.30754, 0.37052, 0.85869, 0.11124, 0.24726, 0.04144, 0.15767, 0.08548, 0.49434, 0.9795, 0.21049, 0.84411, 0.08741, 0.0482, 0.05945, 0.04613, 0.02474, 0.22997, 0.10045, 0.4766, 0.42829, 0.1313, 0.19986, 0.11679, 0.03307, 0.12963, 0.14759, 0.13555, 0.06028, 0.08242, 0.10821, 0.60369, 0.56188, 0.86525, 0.9224, 0.096, 0.14794, 0.14278, 0.07387, 0.07256, 0.46999, 0.15813, 0.10247, 0.0794, 0.22783, 0.04482, 0.04456, 0.07615, 0.13327, 0.25916, 0.06633, 0.18908, 0.08461, 0.0989, 0.0856, 0.07422, 0.74527, 0.04757, 0.08987, 0.06799, 0.05878, 0.09644, 0.37485, 0.05124, 0.05991, 0.29455, 0.08322, 0.21698, 0.07236, 0.06996, 0.5669, 0.07746, 0.04731, 0.05901, 0.08683, 0.22631, 0.69304, 0.23599, 0.08663, 0.21812, 0.04905, 0.22006, 0.07, 0.10327, 0.06422, 0.05686, 0.19999, 0.04514, 0.05495, 0.05573, 0.14753, 0.13702, 0.21566, 0.05975, 0.05999, 0.03183, 0.09392, 0.11193, 0.04785, 0.16648, 0.36547, 0.07242, 0.03307, 0.09528, 0.81992, 0.07856, 0.09476, 0.03551, 0.07639, 0.95439, 0.13031, 0.06229, 0.06902, 0.27982, 0.05828, 0.04385, 0.95781, 0.46081, 0.29395, 0.42898, 0.08741, 0.10049, 0.05112, 0.13629, 0.91737, 0.90519, 0.55048, 0.65778, 0.0534, 0.90697, 0.05677, 0.09773, 0.11737, 0.179, 0.1119, 0.17546, 0.10828, 0.95449, 0.38646, 0.08095, 0.09074, 0.24266, 0.12202, 0.02996, 0.02627, 0.35262, 0.25399, 0.20069, 0.0948, 0.90924, 0.06099, 0.05006, 0.04669, 0.06167, 0.10392, 0.09679, 0.32618, 0.07521, 0.10694, 0.04755, 0.10605, 0.17523, 0.12904, 0.0549, 0.03342, 0.03869, 0.42911, 0.13596, 0.21888, 