{"model": "ai4bharat/indic-bert", "dataset": "hatexplain", "train_config": "supcon", "seed": 7, "thr_cal": 0.13965464383363724, "metrics_05": {"macro": 0.7021823379112248, "toxf1": 0.7293830177153329, "prec": 0.824585635359116, "rec": 0.6538882803943045, "prauc": 0.8581298893269913, "ece": 0.13238134342432023, "covert": 0.8447971781305115}, "metrics_cal": {"macro": 0.6551003344481605, "toxf1": 0.7884615384615384, "prec": 0.702656383890317, "rec": 0.8981380065717415, "prauc": 0.8581298893269913, "ece": 0.13238134342432023, "covert": 0.8904538341158059}, "probs": [0.43772, 0.68564, 0.04012, 0.368, 0.31029, 0.53129, 0.95542, 0.04719, 0.16464, 0.05281, 0.10009, 0.05044, 0.03036, 0.39719, 0.18322, 0.1543, 0.13529, 0.20873, 0.98073, 0.06728, 0.04219, 0.39378, 0.0359, 0.40379, 0.17155, 0.91663, 0.97359, 0.17436, 0.20177, 0.64048, 0.75529, 0.08141, 0.58546, 0.4631, 0.96502, 0.0427, 0.65121, 0.30902, 0.83372, 0.06767, 0.93205, 0.7468, 0.15592, 0.11981, 0.22339, 0.86313, 0.03663, 0.92839, 0.85705, 0.85363, 0.03601, 0.26938, 0.94101, 0.22861, 0.17608, 0.96816, 0.54591, 0.14828, 0.69439, 0.89312, 0.04332, 0.96114, 0.89794, 0.09113, 0.89899, 0.44728, 0.97255, 0.53034, 0.3766, 0.8497, 0.32232, 0.9453, 0.42268, 0.94058, 0.0817, 0.38124, 0.90843, 0.49014, 0.34863, 0.96535, 0.92029, 0.06711, 0.80134, 0.14508, 0.18608, 0.36699, 0.86247, 0.35504, 0.54154, 0.70676, 0.04028, 0.94259, 0.76568, 0.29416, 0.88268, 0.04552, 0.38188, 0.73208, 0.17802, 0.98241, 0.058, 0.64412, 0.96905, 0.67047, 0.07973, 0.07638, 0.6585, 0.86292, 0.97872, 0.13943, 0.01192, 0.23766, 0.21829, 0.11, 0.21417, 0.70833, 0.48459, 0.63576, 0.89413, 0.44878, 0.39334, 0.17647, 0.04478, 0.91622, 0.27245, 0.13782, 0.3867, 0.097, 0.10056, 0.8142, 0.04021, 0.94031, 0.07792, 0.73717, 0.89001, 0.23617, 0.11907, 0.90521, 0.96271, 0.20039, 0.30319, 0.97602, 0.55399, 0.93112, 0.62952, 0.08771, 0.83848, 0.28661, 0.86976, 0.88111, 0.83352, 0.79923, 0.85247, 0.22448, 0.94839, 0.42714, 0.9386, 0.74159, 0.10436, 0.72326, 0.33545, 0.86414, 0.88019, 0.89577, 0.61897, 0.46986, 0.71735, 0.11878, 0.93314, 0.23818, 0.10514, 0.3352, 0.49311, 0.24393, 0.69151, 0.33637, 0.23113, 0.34003, 0.90148, 0.10152, 0.97789, 0.05639, 0.19066, 0.18245, 0.90279, 0.21673, 0.8827, 0.59334, 0.41125, 0.96418, 0.14035, 0.7211, 0.95723, 0.89005, 0.92127, 0.87225, 0.55973, 0.8701, 0.96528, 0.07814, 0.63937, 0.13977, 0.25331, 0.20464, 0.59165, 0.79027, 0.3876, 0.57791, 0.02542, 0.0636, 0.07358, 0.08769, 0.84314, 0.40959, 0.35929, 0.22861, 0.05333, 0.04187, 0.83983, 0.11952, 0.59418, 0.03418, 0.74061, 0.96226, 0.02467, 0.94267, 0.86583, 0.21962, 0.35122, 0.63042, 0.84441, 0.92719, 0.50177, 0.7138, 0.94889, 0.80845, 0.81756, 0.51553, 0.95804, 0.22146, 0.18267, 0.47011, 0.55605, 0.29905, 0.83583, 0.34903, 0.76218, 0.14068, 0.18466, 0.17689, 0.72745, 0.87623, 0.21102, 0.83251, 0.11833, 0.52746, 0.95112, 0.15898, 0.07656, 0.31708, 0.09471, 0.9825, 0.1515, 0.82248, 0.71148, 0.19567, 0.90712, 0.06142, 0.09255, 0.15186, 0.50228, 0.21459, 0.06419, 0.59801, 0.05712, 0.24948, 0.90426, 0.99002, 0.92093, 0.85312, 0.97829, 0.95971, 0.7487, 0.96849, 0.18945, 0.40464, 0.40228, 0.05291, 0.05915, 0.0862, 0.10344, 0.07516, 0.05429, 0.26798, 0.89315, 0.23814, 0.41372, 0.02505, 0.83906, 0.0449, 0.82882, 0.05422, 0.1791, 0.99083, 0.81683, 0.34961, 0.62436, 0.95938, 0.04701, 0.27562, 0.6394, 0.23511, 0.95126, 0.39135, 0.3936, 0.93539, 0.79029, 0.18134, 0.86545, 0.97974, 0.7771, 0.07249, 0.4651, 0.46342, 0.09031, 0.97328, 0.06379, 0.18745, 0.73761, 0.83437, 0.91444, 0.96334, 0.23053, 0.86876, 0.5287, 0.21337, 0.33253, 0.91777, 0.9295, 0.0845, 0.62229, 0.95402, 0.70499, 0.9007, 0.05078, 0.76369, 0.02038, 0.25639, 0.19635, 0.73056, 0.10824, 0.6024, 0.10056, 0.96786, 0.58434, 0.96701, 0.03612, 0.54136, 0.10399, 0.64188, 0.46931, 0.83837, 0.96522, 0.005, 0.99246, 0.5, 0.98752, 0.98556, 0.2789, 0.83256, 0.10643, 0.18794, 0.85033, 0.86819, 0.62703, 0.61113, 0.24609, 0.56217, 0.68595, 0.92374, 0.80063, 0.48339, 0.07972, 0.98338, 0.14934, 0.07474, 0.04063, 0.06518, 0.34092, 0.78027, 0.93111, 0.1214, 0.14323, 0.49588, 0.96307, 0.90156, 0.39309, 0.58463, 0.63973, 0.13151, 0.72302, 0.31251, 0.85699, 0.33674, 0.36689, 0.83114, 0.39474, 0.81097, 0.07821, 0.05664, 0.74277, 0.27336, 0.11599, 0.07531, 0.0628, 0.7009, 0.07855, 0.89018, 0.87562, 0.21874, 0.36516, 0.25308, 0.42639, 0.57535, 0.43822, 0.39382, 0.18896, 0.37327, 0.88577, 0.31955, 0.09104, 0.07083, 0.11869, 0.06937, 0.51515, 0.89405, 0.76079, 0.86877, 0.6593, 0.05793, 0.92358, 0.51216, 0.51636, 0.20941, 0.18381, 0.97828, 0.90197, 0.40652, 0.11243, 0.53685, 0.06299, 0.69676, 0.09704, 0.9292, 0.59617, 0.04816, 0.17299, 0.07363, 0.96733, 0.30791, 0.36567, 0.08851, 0.86693, 0.63918, 0.07066, 0.2468, 0.28484, 0.15766, 0.96598, 0.13059, 0.12353, 0.15483, 0.21669, 0.0984, 0.9033, 0.43862, 0.69245, 0.34109, 0.52721, 0.08184, 0.54241, 0.23606, 0.08536, 0.87148, 0.08742, 0.22094, 0.17524, 0.6557, 0.18505, 0.97443, 0.95618, 0.9642, 0.72203, 0.14674, 0.07019, 0.04632, 0.0498, 0.87964, 0.81132, 0.48653, 0.97213, 0.13571, 0.0591, 0.03298, 0.75361, 0.97907, 0.77517, 0.1912, 0.15172, 0.11304, 0.21437, 0.16964, 0.89375, 0.06082, 0.10461, 0.5411, 0.89508, 0.13721, 0.52793, 0.33839, 0.08477, 0.49813, 0.93184, 0.46265, 0.76907, 0.81203, 0.94257, 0.03775, 0.93275, 0.90328, 0.8757, 0.2756, 0.02519, 0.09363, 0.85804, 0.5411, 0.80308, 0.04269, 0.10635, 0.96896, 0.11505, 0.85611, 0.69401, 0.04293, 0.3077, 0.35017, 0.19502, 0.6069, 0.46915, 0.91194, 0.73477, 0.2029, 0.96203, 0.9612, 0.13124, 0.79862, 0.32064, 0.92574, 0.50575, 0.19046, 0.05904, 0.28349, 0.14574, 0.61386, 0.87901, 0.04947, 0.96418, 0.02007, 0.94074, 0.25113, 0.97132, 0.97922, 0.48935, 0.61233, 0.16736, 0.79784, 0.67811, 0.85074, 0.50956, 0.9775, 0.10534, 0.85701, 0.96428, 0.95439, 0.71231, 0.60354, 0.07426, 0.07808, 0.81416, 0.06498, 0.93384, 0.04003, 0.40378, 0.06054, 0.08255, 0.97028, 0.98406, 0.12343, 0.45461, 0.17083, 0.70352, 0.69717, 0.19846, 0.36065, 0.83534, 0.24416, 0.13318, 0.18966, 0.15233, 0.87525, 0.14268, 0.83652, 0.8389, 0.18965, 0.10265, 0.37917, 0.80861, 0.7986, 0.84632, 0.77137, 0.52031, 0.29853, 0.17188, 0.86644, 0.8425, 0.31321, 0.78245, 0.97787, 0.64053, 0.92473, 0.04021, 0.4973, 0.20534, 0.60787, 0.26702, 0.96046, 0.84399, 0.76844, 0.04112, 0.16697, 0.05193, 0.56595, 0.10877, 0.4619, 0.86871, 0.97245, 0.33012, 0.0946, 0.08725, 0.92323, 0.94861, 0.65863, 0.15279, 0.78763, 0.22974, 0.61744, 0.28909, 0.02669, 0.36251, 0.95769, 0.33682, 0.29322, 0.07868, 0.16687, 0.03376, 0.3102, 0.21913, 0.14926, 0.14638, 0.60765, 0.08414, 0.95952, 0.19716, 0.94191, 0.08454, 0.23374, 0.26811, 0.25576, 0.28183, 0.98779, 0.88939, 0.96949, 0.6283, 0.79231, 0.67251, 0.03492, 0.10803, 0.67361, 0.1593, 0.80558, 0.26237, 0.75926, 0.48575, 0.19766, 0.90455, 0.90148, 0.86869, 0.09505, 0.16003, 0.24293, 0.9821, 0.75564, 0.66681, 0.65504, 0.4968, 0.8519, 0.13751, 0.74993, 0.1196, 0.99342, 0.0369, 0.31854, 0.60668, 0.26895, 0.06013, 0.33718, 0.34168, 0.03439, 0.61356, 0.01511, 0.42473, 0.91556, 0.66626, 0.60034, 0.084, 0.9062, 0.06747, 0.25418, 0.70208, 0.97635, 0.51826, 0.9586, 0.41645, 0.81349, 0.86564, 0.95219, 0.02127, 0.46411, 0.25653, 0.82018, 0.95345, 0.26483, 0.93954, 0.12094, 0.06063, 0.03465, 0.77202, 0.30267, 0.66463, 0.18675, 0.07247, 0.82108, 0.07708, 0.14909, 0.97954, 0.87357, 0.11655, 0.07822, 0.94303, 0.06581, 0.07261, 0.09764, 0.17424, 0.29876, 0.06314, 0.1116, 0.09812, 0.92592, 0.44265, 0.41038, 0.09631, 0.09469, 0.01853, 0.50909, 0.85494, 0.0845, 0.93885, 0.96895, 0.10855, 0.69229, 0.95084, 0.97475, 0.60658, 0.85907, 0.63785, 0.88787, 0.62789, 0.72919, 0.09398, 0.73084, 0.19373, 0.0889, 0.78435, 0.89125, 0.04026, 0.63731, 0.07799, 0.30538, 0.19722, 0.9638, 0.84752, 0.91762, 0.65494, 0.95859, 0.13331, 0.58997, 0.97838, 0.88524, 0.21551, 0.94723, 0.08453, 0.30012, 0.9385, 0.04669, 0.68349, 0.42131, 0.02638, 0.18819, 0.29256, 0.31636, 0.94419, 0.04885, 0.96517, 0.93607, 0.06848, 0.7342, 0.89225, 0.07728, 0.32466, 0.7009, 0.97797, 0.16245, 0.08887, 0.26694, 0.97586, 0.32461, 