{"model": "ai4bharat/indic-bert", "dataset": "dravidian_malayalam", "train_config": "ce", "seed": 2024, "thr_cal": 0.54788556098938, "metrics_05": {"macro": 0.5523364893756272, "toxf1": 0.16585365853658537, "prec": 0.10759493670886076, "rec": 0.3617021276595745, "prauc": 0.09813319870020346, "ece": 0.14298653900871675, "covert": 0.29333333333333333}, "metrics_cal": {"macro": 0.5523887158286995, "toxf1": 0.16326530612244897, "prec": 0.10738255033557047, "rec": 0.3404255319148936, "prauc": 0.09813319870020346, "ece": 0.14298653900871675, "covert": 0.28169014084507044}, "probs": [0.05371, 0.05837, 0.03978, 0.04743, 0.49199, 0.89483, 0.03664, 0.04881, 0.84459, 0.03549, 0.06263, 0.04881, 0.81489, 0.05264, 0.06137, 0.04251, 0.04045, 0.08664, 0.02174, 0.0406, 0.15017, 0.15034, 0.90719, 0.07224, 0.02853, 0.03473, 0.27626, 0.06498, 0.062, 0.70409, 0.88105, 0.06727, 0.848, 0.09378, 0.88675, 0.17343, 0.07692, 0.07705, 0.04001, 0.06768, 0.17771, 0.05153, 0.04585, 0.06353, 0.36457, 0.04386, 0.08459, 0.32805, 0.07889, 0.04572, 0.03853, 0.11243, 0.07199, 0.91155, 0.51951, 0.07231, 0.04273, 0.14455, 0.04174, 0.04872, 0.04191, 0.03216, 0.27944, 0.08572, 0.04131, 0.23173, 0.08811, 0.03975, 0.07155, 0.05412, 0.06009, 0.0312, 0.25381, 0.04036, 0.07009, 0.03986, 0.08224, 0.11377, 0.04266, 0.22255, 0.10718, 0.0259, 0.05489, 0.03521, 0.14093, 0.04899, 0.07855, 0.10119, 0.04598, 0.02513, 0.0212, 0.04567, 0.103, 0.0811, 0.04861, 0.83471, 0.78149, 0.08238, 0.11016, 0.05001, 0.08477, 0.03553, 0.15974, 0.17718, 0.04488, 0.0631, 0.02927, 0.07879, 0.82461, 0.04299, 0.06912, 0.08511, 0.08532, 0.07931, 0.05767, 0.14102, 0.30059, 0.0277, 0.02397, 0.02581, 0.46049, 0.20161, 0.1026, 0.4284, 0.13379, 0.08605, 0.43245, 0.0513, 0.09398, 0.17553, 0.07929, 0.08889, 0.10735, 0.7778, 0.05155, 0.04756, 0.02495, 0.07176, 0.04176, 0.07356, 0.05711, 0.05255, 0.02954, 0.10297, 0.02186, 0.03531, 0.03437, 0.03444, 0.0464, 0.09269, 0.59469, 0.03558, 0.04187, 0.05937, 0.03978, 0.87972, 0.03509, 0.82587, 0.05846, 0.14361, 0.3407, 0.19777, 0.06785, 0.92696, 0.06196, 0.04937, 0.10072, 0.03635, 0.10119, 0.09318, 0.61069, 0.04168, 0.11181, 0.15276, 0.38572, 0.17712, 0.43625, 0.35054, 0.05136, 0.05368, 0.06366, 0.04953, 0.90954, 0.0903, 0.95075, 0.03467, 0.08453, 0.03427, 0.37871, 0.11515, 0.04748, 0.08372, 0.94353, 0.12957, 0.10485, 0.29984, 0.12536, 0.04763, 0.90792, 0.06366, 0.06018, 0.07606, 0.08955, 0.12382, 0.22176, 0.09811, 0.04859, 0.11281, 0.05466, 0.03253, 0.04317, 0.10407, 0.06386, 0.07253, 0.04302, 0.04959, 0.9486, 0.05885, 0.02684, 0.08235, 0.05324, 0.11238, 0.3291, 0.0825, 0.07385, 0.03228, 0.85249, 0.03101, 0.18778, 0.03919, 0.54894, 0.14155, 0.55039, 0.04386, 0.15817, 0.23209, 0.06851, 0.11502, 0.04452, 0.17648, 0.0713, 0.02086, 0.06278, 0.06305, 0.04415, 0.23826, 0.90545, 0.12684, 0.24883, 0.11724, 0.03894, 0.05828, 0.18616, 0.10964, 0.14612, 0.08786, 0.08098, 0.04555, 0.04019, 0.0472, 0.04075, 0.2341, 0.11579, 0.8966, 0.12036, 0.79371, 0.09992, 0.27034, 0.10028, 0.03029, 0.88934, 0.05179, 0.05844, 0.25393, 0.07092, 0.05674, 0.04253, 0.03071, 0.26923, 0.0313, 0.11074, 0.07146, 0.09464, 0.08428, 0.03536, 0.29584, 0.13581, 0.03506, 0.28172, 0.04308, 0.49014, 0.07045, 0.77692, 0.0739, 0.06652, 0.88005, 0.07978, 0.04314, 0.13732, 0.83268, 0.36188, 0.03266, 0.04207, 0.06524, 0.07473, 0.03645, 0.31503, 0.40283, 0.05077, 0.51915, 0.7009, 0.06244, 0.18912, 0.1367, 0.68318, 0.19434, 0.13386, 0.07272, 0.03508, 0.08858, 0.05587, 0.13978, 0.02986, 0.08871, 0.04381, 0.09631, 0.0259, 0.60933, 0.12119, 0.03993, 0.03494, 0.16821, 0.13796, 0.0483, 0.04498, 0.02654, 0.0899, 0.15714, 0.06792, 0.07406, 0.19375, 0.03807, 0.53374, 0.89361, 0.03032, 0.21458, 0.16608, 0.03734, 0.05312, 0.08069, 0.10018, 0.27436, 0.042, 0.03048, 0.05581, 0.62146, 0.08759, 0.02856, 0.74528, 0.32607, 0.77449, 0.04912, 0.04618, 0.93228, 0.04491, 0.09179, 0.08719, 0.03784, 0.13265, 0.0631, 0.04648, 0.07318, 0.91951, 0.07346, 0.14036, 0.03494, 0.11235, 0.2672, 0.07442, 0.37616, 0.04191, 0.23528, 0.03511, 0.08528, 0.11208, 0.05225, 0.02396, 0.03594, 0.09559, 0.09073, 0.18765, 0.01761, 0.05981, 0.03806, 0.38978, 0.13539, 0.17922, 0.0589, 0.06091, 0.1263, 0.07702, 0.03011, 0.88799, 0.044, 0.02312, 0.17674, 0.05409, 0.12974, 0.20097, 0.0623, 0.06281, 0.04341, 0.29582, 0.05841, 0.04626, 0.02363, 0.06099, 0.0599, 0.13123, 0.18023, 0.0575, 0.06301, 0.74483, 0.02685, 0.04813, 0.50352, 0.03935, 0.37549, 0.03257, 0.09144, 0.1063, 0.05631, 0.04318, 0.51452, 0.04703, 0.06818, 0.87894, 0.11126, 0.11694, 0.07494, 0.08571, 0.05845, 0.06888, 0.05051, 0.07968, 0.03785, 0.18816, 0.06087, 0.13371, 0.12804, 0.10312, 0.08003, 0.06076, 0.04581, 0.107, 0.11497, 0.0277, 0.03358, 0.87442, 0.19349, 0.06188, 0.07269, 0.05281, 0.11966, 0.10033, 0.06789, 0.07687, 0.23824, 0.05824, 0.05179, 0.23209, 0.0708, 0.26567, 0.06183, 0.16381, 0.25326, 0.03639, 0.09605, 0.82415, 0.06185, 0.07648, 0.32245, 0.43166, 0.05095, 0.06885, 0.14093, 0.09047, 0.09315, 0.04084, 0.95056, 0.42673, 0.82313, 0.02581, 0.02086, 0.32096, 0.18714, 0.0652, 0.03117, 0.32718, 0.0981, 0.07645, 0.15897, 0.04808, 0.91221, 0.03642, 0.07564, 0.05474, 0.02811, 0.03787, 0.1479, 0.05165, 0.09916, 0.39952, 0.13913, 0.17976, 0.05398, 0.05587, 0.13612, 0.05751, 0.05347, 0.02707, 0.07469, 0.13197, 0.02534, 0.11769, 0.07349, 0.88794, 0.06668, 0.04516, 0.08283, 0.14683, 0.56919, 0.16381, 0.08934, 0.05286, 0.07976, 0.10435, 0.04352, 0.37459, 0.04746, 0.07713, 0.93541, 0.05772, 0.10409, 0.14311, 0.06593, 0.28698, 0.33194, 0.06233, 0.08964, 0.05937, 0.09794, 0.03178, 0.12097, 0.06071, 0.05438, 0.05789, 0.11546, 0.03662, 0.05618, 0.60612, 0.03444, 0.12576, 0.04007, 0.09703, 0.07361, 0.09882, 0.05017, 0.13082, 0.1339, 0.06453, 0.04347, 0.13088, 0.05128, 0.04137, 0.64022, 0.42075, 0.10117, 0.05843, 0.16114, 0.05593, 0.04574, 0.10502, 0.66661, 0.10729, 0.07903, 0.02626, 0.0433, 0.18062, 0.10249, 0.03112, 0.08943, 0.10501, 0.02994, 0.11601, 0.03481, 0.12446, 0.04463, 0.09479, 0.2341, 0.19427, 0.07228, 0.05066, 0.08314, 0.06396, 0.65509, 0.92991, 0.31607, 0.12233, 0.06599, 0.06092, 0.18599, 0.09382, 0.06297, 0.05039, 0.67471, 0.08901, 0.05278, 0.07581, 0.05189, 0.02853, 0.10944, 0.76063, 0.11057, 0.07574, 0.07227, 0.33289, 0.06085, 0.06028, 0.04933, 0.02362, 0.54086, 0.06814, 0.94942, 0.74948, 0.07991, 0.28752, 0.11834, 0.04036, 0.05955, 0.42631, 0.09888, 0.12414, 0.29979, 0.27033, 0.93264, 0.05779, 0.22759, 0.04696, 0.09877, 0.04793, 0.04889, 0.06542, 0.87467, 0.0994, 0.06957, 0.94361, 0.19447, 0.20771, 0.07418, 0.05227, 0.8865, 0.04711, 0.05741, 0.03221, 0.10371, 0.78241, 0.54721, 0.46213, 0.29272, 0.09744, 0.04022, 0.05254, 0.19916, 0.74483, 0.94206, 0.03241, 0.69846, 0.06663, 0.06735, 0.06602, 0.03, 0.04519, 0.57483, 0.04778, 0.22452, 0.16259, 0.20427, 0.05565, 0.08925, 0.26436, 0.12702, 0.08485, 0.40456, 0.03946, 0.09522, 0.78933, 0.11954, 0.11231, 0.14914, 0.85721, 0.07185, 0.08352, 0.27356, 0.04016, 0.02717, 0.16514, 0.05133, 0.13236, 0.03072, 0.22056, 0.11595, 0.05619, 0.08806, 0.09717, 0.09507, 0.04359, 0.12732, 0.06756, 0.44215, 0.04682, 0.05833, 0.16545, 0.05532, 0.17624, 0.05084, 0.04383, 0.04028, 0.63878, 0.04944, 0.05423, 0.1935, 0.06254, 0.0716, 0.09454, 0.08742, 0.76209, 0.04201, 0.05935, 0.08238, 0.14874, 0.7645, 0.33606, 0.08106, 0.41449, 0.05777, 0.0509, 0.06498, 0.08283, 0.2299, 0.1694, 0.03191, 0.0608, 0.0451, 0.19549, 0.22751, 0.27143, 0.06902, 0.24582, 0.06128, 0.14665, 0.03673, 0.1292, 0.10244, 0.03784, 0.1263, 0.11249, 0.07497, 0.26436, 0.06492, 0.34646, 0.06079, 0.11008, 0.03871, 0.16633, 0.90299, 0.12591, 0.04017, 0.14271, 0.06582, 0.07322, 0.02986, 0.54809, 0.24642, 0.06618, 0.16548, 0.06663, 0.04302, 0.05857, 0.03048, 0.88084, 0.89441, 0.18386, 0.31554, 0.03418, 0.89898, 0.03724, 0.13642, 0.2815, 0.05348, 0.04792, 0.09728, 0.04943, 0.29272, 0.76725, 0.0301, 0.32699, 0.07983, 0.28325, 0.0369, 0.03394, 0.05877, 0.07205, 0.25174, 0.06085, 0.91525, 0.0825, 0.10821, 0.05046, 0.0524, 0.11532, 0.10972, 0.22936, 0.12608, 0.04745, 0.03246, 0.25355, 0.10401, 0.05152, 0.06656, 0.02468, 0.12814, 