{"model": "ai4bharat/indic-bert", "dataset": "dravidian_tamil", "train_config": "ce", "seed": 7, "thr_cal": 0.5667581439018249, "metrics_05": {"macro": 0.6575430103399431, "toxf1": 0.5417925478348439, "prec": 0.4170542635658915, "rec": 0.7729885057471264, "prauc": 0.5290687633381138, "ece": 0.18706896541515988, "covert": 0.6916299559471366}, "metrics_cal": {"macro": 0.6741126668837513, "toxf1": 0.5491891891891892, "prec": 0.44020797227036396, "rec": 0.7298850574712644, "prauc": 0.5290687633381138, "ece": 0.18706896541515988, "covert": 0.6869158878504673}, "probs": [0.03182, 0.03434, 0.4206, 0.05828, 0.83327, 0.21361, 0.05715, 0.09049, 0.04284, 0.09376, 0.05016, 0.06137, 0.03219, 0.05677, 0.08308, 0.03667, 0.79352, 0.34729, 0.03529, 0.13538, 0.46461, 0.31844, 0.05621, 0.14672, 0.0912, 0.83769, 0.92803, 0.07999, 0.1134, 0.02363, 0.25514, 0.71552, 0.06955, 0.39411, 0.27276, 0.92692, 0.29395, 0.1856, 0.01445, 0.8622, 0.49744, 0.04872, 0.77344, 0.77197, 0.13396, 0.87601, 0.01612, 0.09196, 0.73519, 0.02269, 0.0116, 0.65405, 0.05496, 0.35251, 0.50001, 0.70637, 0.73449, 0.80638, 0.86377, 0.2848, 0.22004, 0.02732, 0.74377, 0.31802, 0.05461, 0.11477, 0.13568, 0.38367, 0.86388, 0.37619, 0.68623, 0.9004, 0.12705, 0.06245, 0.8566, 0.83789, 0.9007, 0.90986, 0.01426, 0.09008, 0.63577, 0.74289, 0.44862, 0.01183, 0.30986, 0.0173, 0.17183, 0.33322, 0.0481, 0.92007, 0.0344, 0.86505, 0.06389, 0.56425, 0.46391, 0.14614, 0.38111, 0.53244, 0.15442, 0.02508, 0.70344, 0.02809, 0.08831, 0.09444, 0.45416, 0.66271, 0.59093, 0.57313, 0.00589, 0.85752, 0.78943, 0.39492, 0.87269, 0.81453, 0.42596, 0.04055, 0.27563, 0.45691, 0.11456, 0.01873, 0.7515, 0.02683, 0.15454, 0.30445, 0.2428, 0.05902, 0.88318, 0.61458, 0.07355, 0.38613, 0.26578, 0.52146, 0.74306, 0.31903, 0.44162, 0.88832, 0.19323, 0.01385, 0.05958, 0.77504, 0.70786, 0.00913, 0.88403, 0.94029, 0.13063, 0.16432, 0.01624, 0.64704, 0.37379, 0.22897, 0.83136, 0.02515, 0.57181, 0.31802, 0.67108, 0.01216, 0.10558, 0.89855, 0.03337, 0.63574, 0.08141, 0.87327, 0.51573, 0.88115, 0.42426, 0.29239, 0.59311, 0.20339, 0.20156, 0.60617, 0.70979, 0.56971, 0.68312, 0.22538, 0.27012, 0.45079, 0.86897, 0.05289, 0.06829, 0.15778, 0.537, 0.35663, 0.21266, 0.85346, 0.14475, 0.0528, 0.85901, 0.0414, 0.01852, 0.08305, 0.17626, 0.12934, 0.74457, 0.43434, 0.01732, 0.42867, 0.05196, 0.77992, 0.03437, 0.05268, 0.1713, 0.89512, 0.72697, 0.50979, 0.15655, 0.0266, 0.78852, 0.00728, 0.32501, 0.51961, 0.60073, 0.13511, 0.39399, 0.05162, 0.05929, 0.874, 0.0363, 0.56335, 0.76526, 0.01171, 0.04876, 0.00574, 0.05636, 0.82962, 0.05174, 0.93668, 0.85146, 0.19486, 0.09446, 0.04789, 0.37183, 0.17928, 0.05028, 0.92748, 0.59596, 0.22802, 0.11277, 0.00944, 0.9204, 0.36824, 0.91236, 0.19939, 0.02853, 0.17964, 0.49284, 0.10513, 0.42584, 0.85198, 0.65562, 0.33049, 0.12456, 0.02587, 0.05816, 0.21418, 0.90835, 0.78765, 0.03479, 0.86261, 0.11462, 0.16267, 0.10999, 0.8991, 0.51258, 0.22881, 0.92993, 0.0149, 0.33379, 0.72114, 0.65559, 0.34435, 0.15204, 0.91453, 0.91575, 0.01735, 0.02311, 0.03976, 0.88377, 0.31836, 0.0514, 0.70159, 0.1324, 0.10484, 0.09729, 0.23165, 0.18596, 0.14076, 0.24018, 0.35731, 0.75392, 0.87784, 0.08474, 0.01297, 0.01812, 0.75026, 0.31905, 0.39247, 0.27608, 0.67604, 0.47542, 0.11617, 0.0094, 0.36841, 0.39642, 0.69888, 0.77737, 0.26403, 0.34474, 0.45218, 0.4939, 0.07789, 0.35164, 0.9364, 0.72742, 0.29289, 0.74449, 0.91605, 0.83084, 0.77309, 0.37845, 0.40362, 0.09662, 0.31251, 0.26278, 0.12475, 0.38319, 0.8309, 0.84554, 0.64602, 0.52783, 0.01228, 0.07137, 0.82832, 0.53241, 0.46426, 0.02965, 0.02238, 0.79831, 0.42696, 0.14711, 0.78151, 0.0256, 0.0057, 0.20915, 0.07374, 0.2146, 0.04544, 0.67136, 0.02435, 0.14403, 0.46954, 0.86639, 0.24876, 0.21617, 0.83381, 0.59306, 0.53525, 0.19151, 0.62305, 0.53916, 0.73565, 0.85369, 0.81794, 0.12802, 0.48411, 0.73652, 0.67969, 0.00693, 0.8692, 0.04814, 0.9448, 0.11259, 0.67537, 0.24099, 0.05765, 0.08583, 0.49242, 0.12381, 0.44164, 0.85567, 0.05426, 0.27598, 0.06747, 0.49089, 0.58412, 0.3942, 0.53327, 0.11728, 0.76415, 0.02727, 0.65085, 0.28083, 0.05806, 0.16227, 0.26301, 0.08264, 0.8939, 0.70906, 0.86551, 0.03506, 0.04997, 0.3971, 0.10644, 0.07801, 0.22504, 0.03058, 0.02963, 0.13739, 0.93031, 0.0141, 0.87983, 0.92457, 0.6138, 0.11591, 0.61933, 0.77228, 0.05884, 0.03461, 0.30333, 0.81714, 0.75967, 0.73777, 0.3966, 0.24318, 0.18316, 0.81099, 0.03985, 0.30981, 0.3355, 0.89253, 0.63345, 0.03719, 0.74194, 0.75798, 0.82598, 0.19935, 0.04353, 0.07141, 0.86352, 0.05148, 0.00661, 0.83944, 0.03347, 0.94468, 0.69948, 0.65015, 0.88264, 0.29654, 0.01584, 0.79949, 0.67421, 0.63076, 0.65679, 0.31819, 0.11181, 0.11777, 0.63195, 0.7367, 0.48215, 0.24741, 0.14882, 0.02221, 0.06125, 0.49511, 0.04357, 0.04408, 0.79636, 0.22975, 0.31572, 0.86656, 0.61472, 0.12695, 0.25533, 0.53552, 0.03978, 0.61754, 0.38337, 0.01516, 0.8817, 0.89222, 0.8667, 0.71562, 0.37453, 0.56354, 0.55636, 0.05545, 0.94507, 0.92422, 0.06308, 0.02403, 0.93754, 0.37708, 0.83428, 0.06275, 0.05882, 0.64852, 0.82034, 0.78176, 0.00778, 0.10083, 0.91402, 0.63907, 0.92406, 0.68437, 0.36014, 0.45638, 0.7215, 0.03402, 0.01098, 0.92128, 0.01454, 0.0186, 0.18201, 0.10346, 0.56179, 0.01226, 0.75322, 0.48078, 0.40374, 0.86017, 0.08494, 0.88899, 0.27176, 0.04153, 0.72994, 0.85945, 0.09316, 0.03089, 0.47817, 0.6559, 0.22556, 0.76643, 0.50277, 0.83904, 0.90403, 0.37208, 0.08611, 0.10969, 0.06059, 0.0212, 0.36161, 0.65228, 0.77723, 0.10803, 0.17976, 0.73986, 0.93122, 0.33685, 0.87777, 0.03174, 0.08905, 0.18412, 0.1745, 0.45086, 0.37591, 0.18405, 0.73369, 0.8108, 0.89746, 0.83898, 0.86511, 0.59348, 0.28564, 0.69472, 0.14913, 0.44156, 0.48094, 0.80081, 0.74736, 0.0862, 0.65033, 0.1964, 0.45627, 0.08731, 0.04509, 0.69809, 0.42857, 0.54741, 0.65086, 0.8773, 0.12222, 0.89876, 0.41693, 0.01643, 0.76857, 0.1192, 0.16321, 0.544, 0.01234, 0.92715, 0.87484, 0.06231, 0.88273, 0.83166, 0.85814, 0.07538, 0.06988, 0.2982, 0.06075, 0.07186, 0.39924, 0.02109, 0.40971, 0.90833, 0.10018, 0.10665, 0.70697, 0.4205, 0.49382, 0.65352, 0.8448, 0.71982, 0.70638, 0.93021, 0.14809, 0.76283, 0.61478, 0.42119, 0.16172, 0.0317, 0.89871, 0.03234, 0.08921, 0.93306, 0.13219, 0.70368, 0.17508, 0.01297, 0.01657, 0.81674, 0.62349, 0.57755, 0.43292, 0.02792, 0.67796, 0.12155, 0.80251, 0.89261, 0.01565, 0.78076, 0.25237, 0.0684, 0.63761, 0.85731, 0.2963, 0.13705, 0.01614, 0.69531, 0.90965, 0.85604, 0.90986, 0.09572, 0.14726, 0.51182, 0.7737, 0.22064, 0.18049, 0.00807, 0.87404, 0.87428, 0.75027, 0.8255, 0.14044, 0.05881, 0.01549, 0.37152, 0.66969, 0.36069, 0.01911, 0.7339, 0.83573, 0.89357, 0.03053, 0.79356, 0.63963, 0.02067, 0.40482, 0.1177, 0.85372, 0.07182, 0.9387, 0.25939, 0.52612, 0.81887, 0.01365, 0.81801, 0.01527, 0.20338, 0.87503, 0.04548, 0.67561, 0.03651, 0.06925, 0.02268, 0.4349, 0.81177, 0.06138, 0.05371, 0.06035, 0.35484, 0.35721, 0.37265, 0.23983, 0.68585, 0.89453, 0.27877, 0.6342, 0.19852, 0.72296, 0.02502, 0.05832, 0.01707, 0.01476, 0.8324, 0.03264, 0.93327, 0.54048, 0.42214, 0.06045, 0.93943, 0.07482, 0.68032, 0.55704, 0.71549, 0.39554, 0.09889, 0.05411, 0.32548, 0.51156, 0.15663, 0.76903, 0.00949, 0.80953, 0.31594, 0.35633, 0.86888, 0.06151, 0.30653, 0.11687, 0.67525, 0.02722, 0.62406, 0.24233, 0.95393, 0.78241, 0.8645, 0.71735, 0.1319, 0.54202, 0.73164, 0.81334, 0.16418, 0.03187, 0.80199, 0.39682, 0.12446, 0.05397, 0.66546, 0.56813, 0.15999, 0.25944, 0.43609, 0.83331, 0.08893, 0.07159, 0.03944, 0.04578, 0.92351, 0.19387, 0.29443, 0.02669, 0.58276, 0.05987, 0.29199, 0.13265, 0.70915, 0.38294, 0.36583, 0.8686, 0.02144, 0.02233, 0.90346, 0.38911, 0.60325, 0.76928, 0.08423, 0.06784, 0.14185, 0.15755, 0.75778, 0.78922, 0.18172, 0.6245, 0.8549, 0.05813, 0.1984, 0.87104, 0.2169, 0.30804, 0.52273, 0.63633, 0.04896, 0.63358, 0.03756, 0.84335, 0.08613, 0.82087, 0.52974, 0.25463, 0.71893, 0.6652, 0.1466, 0.83644, 0.79341, 0.39801, 0.0325, 0.45593, 0.23936, 0.18782, 0.02648, 0.86623, 0.77826, 0.88438, 0.10262, 0.5325, 0.92633, 0.74558, 0.07199, 0.05931, 0.90994, 0.53338, 0.08932, 0.08274, 0.72459, 0.29709, 