{"model": "ai4bharat/indic-bert", "dataset": "dravidian_tamil", "train_config": "hardneg", "seed": 99, "thr_cal": 0.5840038925409317, "metrics_05": {"macro": 0.6351351156079805, "toxf1": 0.5337026777469991, "prec": 0.39319727891156464, "rec": 0.8304597701149425, "prauc": 0.5199765563281715, "ece": 0.2258564802805583, "covert": 0.688034188034188}, "metrics_cal": {"macro": 0.6604381806328024, "toxf1": 0.5445344129554656, "prec": 0.4203125, "rec": 0.7729885057471264, "prauc": 0.5199765563281715, "ece": 0.2258564802805583, "covert": 0.690744920993228}, "probs": [0.33784, 0.01721, 0.61406, 0.08521, 0.81734, 0.45056, 0.18787, 0.0646, 0.07391, 0.09215, 0.14574, 0.38832, 0.01565, 0.10593, 0.32405, 0.05, 0.85114, 0.55585, 0.05245, 0.11354, 0.76817, 0.50322, 0.05029, 0.18374, 0.11473, 0.78639, 0.84147, 0.07788, 0.08904, 0.08706, 0.15939, 0.76778, 0.06427, 0.56866, 0.15372, 0.91253, 0.31005, 0.12794, 0.01313, 0.86742, 0.72128, 0.06165, 0.78569, 0.76949, 0.46701, 0.82468, 0.05916, 0.15585, 0.20532, 0.04783, 0.02396, 0.26887, 0.27996, 0.29978, 0.79675, 0.69214, 0.70408, 0.86177, 0.80926, 0.67566, 0.17179, 0.03839, 0.74865, 0.70062, 0.11187, 0.0757, 0.1179, 0.42806, 0.88884, 0.10119, 0.39652, 0.79866, 0.24888, 0.09981, 0.79489, 0.85342, 0.88812, 0.79361, 0.03444, 0.10982, 0.79314, 0.75714, 0.59628, 0.00979, 0.48084, 0.06315, 0.13925, 0.43313, 0.0985, 0.89004, 0.07179, 0.8442, 0.08101, 0.50747, 0.55816, 0.46866, 0.12227, 0.51927, 0.55961, 0.04731, 0.66447, 0.01064, 0.21808, 0.21661, 0.74051, 0.71121, 0.62772, 0.70825, 0.00772, 0.73005, 0.75796, 0.41697, 0.84949, 0.80328, 0.62165, 0.03112, 0.56596, 0.56922, 0.18407, 0.01552, 0.77613, 0.03675, 0.11947, 0.36104, 0.53162, 0.20747, 0.89691, 0.4184, 0.0855, 0.3209, 0.57481, 0.41286, 0.81938, 0.06245, 0.79155, 0.87507, 0.57052, 0.04617, 0.34401, 0.75106, 0.37328, 0.00998, 0.82807, 0.91477, 0.08237, 0.28809, 0.03884, 0.77417, 0.4526, 0.4529, 0.70646, 0.16554, 0.74949, 0.04759, 0.80236, 0.05359, 0.01845, 0.90664, 0.086, 0.56834, 0.01101, 0.80983, 0.32326, 0.88511, 0.18727, 0.42968, 0.68148, 0.36803, 0.51469, 0.66898, 0.76198, 0.81019, 0.77635, 0.13863, 0.47755, 0.4596, 0.89081, 0.09384, 0.03424, 0.49101, 0.73453, 0.18499, 0.41587, 0.83951, 0.25418, 0.08472, 0.78664, 0.07629, 0.01104, 0.373, 0.10821, 0.30144, 0.67144, 0.20723, 0.01549, 0.66933, 0.09566, 0.81905, 0.07538, 0.1067, 0.06613, 0.87896, 0.58562, 0.61283, 0.37878, 0.17158, 0.80751, 0.01634, 0.32333, 0.7831, 0.54797, 0.28235, 0.70866, 0.02395, 0.20171, 0.84638, 0.04498, 0.78065, 0.76152, 0.01064, 0.28468, 0.02221, 0.25796, 0.85512, 0.32484, 0.90926, 0.86246, 0.35159, 0.08247, 0.08485, 0.20816, 0.13851, 0.10494, 0.89314, 0.47097, 0.04903, 0.26248, 0.01225, 0.78726, 0.43978, 0.90721, 0.07022, 0.02123, 0.772, 0.49047, 0.2847, 0.33487, 0.81852, 0.76354, 0.26838, 0.13118, 0.02496, 0.191, 0.25942, 0.92101, 0.73984, 0.0176, 0.82973, 0.07725, 0.32241, 0.16336, 0.91294, 0.27648, 0.16464, 0.90527, 0.07211, 0.57849, 0.75828, 0.74606, 0.76377, 0.49913, 0.86275, 0.6411, 0.00923, 0.03222, 0.06003, 0.85296, 0.36716, 0.04158, 0.28366, 0.07162, 0.23686, 0.19517, 0.55432, 0.37602, 0.09357, 0.39297, 0.29276, 0.72483, 0.81572, 0.04786, 0.01338, 0.14666, 0.70539, 0.23248, 0.3947, 0.31228, 0.69085, 0.80686, 0.13015, 0.01881, 0.12389, 0.52823, 0.60262, 0.82537, 0.15281, 0.23641, 0.66945, 0.64662, 0.11421, 0.54712, 0.90478, 0.61443, 0.27221, 0.83514, 0.846, 0.78948, 0.85321, 0.57739, 0.59462, 0.04283, 0.60391, 0.10646, 0.04265, 0.44888, 0.82679, 0.63678, 0.6442, 0.63504, 0.01481, 0.15033, 0.75115, 0.61083, 0.43703, 0.07182, 0.03559, 0.81951, 0.76846, 0.5111, 0.53645, 0.03447, 0.00763, 0.31823, 0.20308, 0.55343, 0.28426, 0.81551, 0.03677, 0.69704, 0.69886, 0.82878, 0.48689, 0.59032, 0.8188, 0.59582, 0.56565, 0.29182, 0.741, 0.50235, 0.73337, 0.79267, 0.83515, 0.2701, 0.58358, 0.85375, 0.73533, 0.0203, 0.88154, 0.01863, 0.91776, 0.36722, 0.77521, 0.51147, 0.34848, 0.06568, 0.7059, 0.0744, 0.34987, 0.84987, 0.09918, 0.59607, 0.49943, 0.68541, 0.57318, 0.72431, 0.75861, 0.33119, 0.77422, 0.04567, 0.44361, 0.49245, 0.22362, 0.23012, 0.33934, 0.2376, 0.78748, 0.38702, 0.81909, 0.05279, 0.08137, 0.52037, 0.29589, 0.24386, 0.3731, 0.02283, 0.02972, 0.09807, 0.92952, 0.02159, 0.81508, 0.9143, 0.6127, 0.3585, 0.5331, 0.50587, 0.0838, 0.16073, 0.47412, 0.84664, 0.81529, 0.81115, 0.4105, 0.36457, 0.26723, 0.60599, 0.05923, 0.13055, 0.57973, 0.76547, 0.59439, 0.07056, 0.67335, 0.78829, 0.73299, 0.6019, 0.03362, 0.09782, 0.78202, 0.05422, 0.01893, 0.80784, 0.10856, 0.9225, 0.62926, 0.619, 0.86485, 0.61605, 0.02837, 0.76724, 0.66636, 0.71138, 0.73899, 0.29229, 0.07142, 0.21195, 0.69977, 0.74152, 0.67947, 0.26168, 0.34866, 0.01583, 0.20077, 0.76724, 0.01954, 0.03698, 0.7936, 0.09277, 0.21692, 0.85404, 0.65132, 0.36183, 0.44475, 0.28709, 0.06266, 0.6366, 0.09601, 0.06756, 0.80867, 0.85308, 0.88993, 0.64982, 0.6036, 0.71887, 0.68773, 0.10582, 0.90892, 0.88859, 0.10826, 0.01984, 0.89411, 0.57284, 0.87006, 0.19185, 0.22475, 0.64323, 0.63201, 0.72394, 0.01356, 0.3549, 0.88259, 0.73418, 0.89983, 0.68694, 0.58859, 0.5934, 0.78834, 0.15948, 0.04015, 0.88994, 0.01712, 0.01459, 0.16333, 0.0453, 0.55593, 0.02258, 0.70375, 0.56743, 0.64998, 0.82766, 0.19785, 0.79427, 0.39137, 0.0733, 0.72818, 0.84671, 0.13913, 0.11194, 0.66453, 0.71834, 0.29166, 0.67667, 0.6194, 0.77836, 0.90749, 0.28742, 0.06925, 0.06588, 0.036, 0.0188, 0.53791, 0.54725, 0.82031, 0.23196, 0.47942, 0.82374, 0.89598, 0.11278, 0.7591, 0.12701, 0.10085, 0.52262, 0.19186, 0.53373, 0.38646, 0.07776, 0.74431, 0.7917, 0.83747, 0.79307, 0.86097, 0.62935, 0.66131, 0.77926, 0.16624, 0.24417, 0.7582, 0.71166, 0.6256, 0.16699, 0.76568, 0.10375, 0.67954, 0.15296, 0.02814, 0.7933, 0.17192, 0.50928, 0.71089, 0.85322, 0.28129, 0.89876, 0.65903, 0.02927, 0.80016, 0.16393, 0.33243, 0.71448, 0.02923, 0.89274, 0.81184, 0.03799, 0.86394, 0.72477, 0.83747, 0.08104, 0.16165, 0.06298, 0.11809, 0.18296, 0.07716, 0.03237, 0.29296, 0.87147, 0.21397, 0.19175, 0.59192, 0.64904, 0.71538, 0.72866, 0.821, 0.72983, 0.87036, 0.86672, 0.40171, 0.71922, 0.67856, 0.24179, 0.10823, 0.1082, 0.79643, 0.04844, 0.2009, 0.90558, 0.046, 0.80484, 0.21684, 0.09173, 0.00944, 0.76625, 0.70864, 0.80319, 0.20761, 0.04416, 0.81418, 0.18032, 0.69863, 0.87068, 0.06595, 0.74788, 0.27131, 0.11944, 0.69082, 0.83459, 0.30583, 0.28266, 0.02659, 0.81965, 0.90275, 0.87569, 0.7892, 0.06113, 0.07008, 0.8339, 0.76749, 0.77214, 0.19818, 0.00759, 0.83982, 0.81731, 0.78443, 0.81219, 0.04987, 0.27029, 0.01147, 0.5801, 0.80106, 0.61339, 0.03386, 0.81489, 0.8715, 0.85899, 0.05124, 0.85853, 0.4776, 0.06529, 0.34123, 0.35687, 0.881, 0.04033, 0.90627, 0.32647, 0.51355, 0.61628, 0.03629, 0.85872, 0.01945, 0.63427, 0.79825, 0.10424, 0.60354, 0.12085, 0.13314, 0.35265, 0.48408, 0.79632, 0.112, 0.10062, 0.13079, 0.64333, 0.5666, 0.36299, 0.09258, 0.50858, 0.86052, 0.51466, 0.82172, 0.47327, 0.84897, 0.022, 0.27722, 0.06388, 0.03376, 0.8588, 0.03211, 0.88287, 0.69635, 0.71328, 0.02876, 0.88267, 0.12404, 0.81367, 0.65986, 0.52823, 0.5853, 0.3188, 0.05015, 0.24313, 0.52166, 0.43891, 0.52794, 0.00922, 0.83058, 0.77123, 0.16699, 0.84068, 0.12533, 0.29016, 0.19943, 0.66108, 0.02667, 0.74221, 0.58296, 0.93882, 0.63881, 0.84495, 0.66164, 0.29966, 0.34382, 0.86031, 0.80332, 0.50432, 0.04567, 0.82185, 0.48347, 0.24707, 0.03772, 0.69221, 0.77094, 0.04479, 0.6521, 0.5922, 0.84329, 0.12533, 0.21975, 0.10228, 0.11256, 0.87065, 0.20832, 0.6589, 0.10594, 0.68452, 0.01029, 0.49793, 0.39187, 0.71407, 0.20412, 0.41312, 0.84422, 0.05196, 0.06148, 0.79673, 0.69843, 0.84504, 0.70857, 0.605, 0.03738, 0.54182, 0.25695, 0.73689, 0.86633, 0.20584, 0.72592, 0.85887, 0.02364, 0.30594, 0.86324, 0.3367, 0.63121, 0.59843, 0.52627, 0.09201, 0.72926, 0.09058, 0.38988, 0.08291, 0.74703, 0.32733, 0.60853, 0.85557, 0.66879, 0.34532, 0.83999, 0.74249, 0.47469, 0.15523, 0.11234, 0.45966, 0.04863, 0.04461, 0.83669, 0.70308, 0.87806, 0.20069, 0.7291, 0.89049, 0.74496, 0.0433, 0.29943, 0.85561, 0.48207, 0.11514, 0.04405, 0.84235, 0.3596, 0.81756, 0.57523, 0.79023,