{"model": "ai4bharat/indic-bert", "dataset": "hatexplain", "train_config": "ce", "seed": 7, "thr_cal": 0.224212122708559, "metrics_05": {"macro": 0.6917678617515342, "toxf1": 0.7084123972169513, "prec": 0.8383233532934131, "rec": 0.6133625410733844, "prauc": 0.8512680726529551, "ece": 0.14534577068934837, "covert": 0.8234217749313815}, "metrics_cal": {"macro": 0.6968965655938817, "toxf1": 0.7781282860147214, "prec": 0.7482305358948432, "rec": 0.8105147864184009, "prauc": 0.8512680726529551, "ece": 0.14534577068934837, "covert": 0.8775344687753447}, "probs": [0.4514, 0.29809, 0.03015, 0.70843, 0.46968, 0.38295, 0.98463, 0.06485, 0.11347, 0.02369, 0.23424, 0.03042, 0.02508, 0.33158, 0.17347, 0.08449, 0.06606, 0.18825, 0.96628, 0.1478, 0.01594, 0.43874, 0.03002, 0.33914, 0.40799, 0.79386, 0.95841, 0.14995, 0.19952, 0.342, 0.76892, 0.03919, 0.37079, 0.52705, 0.95686, 0.04979, 0.53251, 0.43243, 0.71123, 0.05925, 0.9324, 0.80442, 0.22919, 0.12806, 0.21901, 0.45112, 0.03184, 0.89841, 0.77149, 0.55359, 0.04753, 0.24611, 0.95645, 0.28854, 0.32325, 0.92844, 0.30909, 0.05127, 0.44807, 0.88216, 0.14166, 0.9188, 0.8934, 0.15139, 0.82003, 0.2902, 0.96857, 0.55234, 0.28979, 0.92222, 0.21457, 0.88222, 0.15491, 0.95027, 0.11526, 0.25516, 0.93126, 0.45339, 0.48272, 0.9695, 0.92717, 0.06459, 0.86925, 0.11554, 0.11487, 0.33481, 0.80968, 0.51384, 0.56325, 0.62416, 0.03576, 0.84008, 0.78828, 0.0742, 0.62584, 0.06485, 0.23134, 0.21517, 0.27089, 0.98607, 0.04822, 0.70086, 0.92769, 0.72153, 0.04067, 0.12448, 0.43531, 0.69434, 0.95603, 0.09298, 0.00499, 0.28771, 0.22623, 0.05973, 0.33565, 0.53359, 0.44794, 0.74163, 0.83164, 0.38828, 0.39813, 0.21414, 0.01684, 0.8992, 0.27927, 0.10147, 0.36845, 0.08314, 0.21681, 0.81304, 0.04153, 0.95297, 0.05308, 0.55163, 0.7351, 0.26618, 0.2707, 0.84794, 0.96915, 0.1756, 0.16767, 0.97199, 0.6579, 0.89205, 0.41295, 0.16183, 0.70123, 0.39223, 0.7579, 0.71128, 0.80123, 0.70934, 0.86128, 0.30331, 0.9506, 0.74344, 0.84484, 0.6178, 0.09016, 0.78421, 0.33533, 0.7976, 0.71956, 0.6736, 0.8026, 0.37909, 0.78487, 0.06932, 0.93163, 0.18053, 0.20479, 0.20333, 0.28704, 0.34655, 0.67599, 0.36989, 0.25034, 0.35545, 0.87313, 0.14366, 0.98594, 0.04544, 0.09847, 0.32282, 0.88303, 0.18066, 0.86912, 0.6571, 0.3493, 0.92292, 0.27286, 0.80431, 0.94577, 0.89034, 0.89544, 0.7856, 0.59658, 0.77652, 0.96657, 0.07502, 0.5209, 0.08959, 0.12937, 0.1621, 0.48421, 0.53941, 0.38338, 0.32615, 0.03361, 0.07576, 0.0619, 0.05559, 0.57954, 0.5897, 0.16277, 0.22067, 0.03858, 0.04492, 0.90569, 0.13278, 0.80224, 0.0511, 0.45497, 0.9662, 0.01288, 0.96306, 0.94879, 0.23132, 0.18873, 0.70521, 0.5052, 0.77785, 0.32432, 0.47242, 0.8733, 0.48744, 0.88171, 0.53071, 0.97888, 0.23195, 0.21234, 0.81349, 0.54265, 0.245, 0.85425, 0.48424, 0.83024, 0.08051, 0.26316, 0.16375, 0.66893, 0.82382, 0.0546, 0.76337, 0.0521, 0.67325, 0.97495, 0.04771, 0.04336, 0.38755, 0.14489, 0.97605, 0.20627, 0.8846, 0.71091, 0.28672, 0.83346, 0.0295, 0.21971, 0.08777, 0.25157, 0.29078, 0.04631, 0.71901, 0.09951, 0.2955, 0.79378, 0.98254, 0.61518, 0.68056, 0.98471, 0.92671, 0.33839, 0.97738, 0.17036, 0.31011, 0.88812, 0.07737, 0.02912, 0.07805, 0.09563, 0.04912, 0.08353, 0.32509, 0.94671, 0.18391, 0.23664, 0.02011, 0.93509, 0.07388, 0.64837, 0.07548, 0.18892, 0.98928, 0.83908, 0.17311, 0.20943, 0.87865, 0.04415, 0.19145, 0.75865, 0.25564, 0.88983, 0.26518, 0.17879, 0.96043, 0.85918, 0.35466, 0.91637, 0.98412, 0.6523, 0.0479, 0.4113, 0.53202, 0.07639, 0.96351, 0.11423, 0.13541, 0.84043, 0.87616, 0.83021, 0.97368, 0.21151, 0.85379, 0.47901, 0.07193, 0.46669, 0.84555, 0.92399, 0.06418, 0.52572, 0.9696, 0.59456, 0.90385, 0.07829, 0.83472, 0.02845, 0.38383, 0.1639, 0.57824, 0.1197, 0.30766, 0.08898, 0.90642, 0.49965, 0.9744, 0.02462, 0.54879, 0.19557, 0.42611, 0.48807, 0.8086, 0.9583, 0.00246, 0.98613, 0.54521, 0.98533, 0.98994, 0.37436, 0.91949, 0.09566, 0.17525, 0.85441, 0.82516, 0.30522, 0.52065, 0.17324, 0.4651, 0.52236, 0.93522, 0.54792, 0.72792, 0.06541, 0.97929, 0.07607, 0.08974, 0.09203, 0.04848, 0.53399, 0.81264, 0.91231, 0.25911, 0.33407, 0.34542, 0.94907, 0.89774, 0.22729, 0.43469, 0.51748, 0.16633, 0.7425, 0.32876, 0.47293, 0.56264, 0.41215, 0.72031, 0.36501, 0.68238, 0.15709, 0.01461, 0.63795, 0.26355, 0.16021, 0.08777, 0.03853, 0.64584, 0.0482, 0.88865, 0.84645, 0.30147, 0.49123, 0.08619, 0.32503, 0.57126, 0.11089, 0.4067, 0.11019, 0.26294, 0.64476, 0.49167, 0.03805, 0.07522, 0.12963, 0.11991, 0.34591, 0.95012, 0.8233, 0.7213, 0.67935, 0.06521, 0.88762, 0.67569, 0.73126, 0.37272, 0.31736, 0.96856, 0.70946, 0.25671, 0.06605, 0.36888, 0.07349, 0.53564, 0.05666, 0.9526, 0.33415, 0.05615, 0.17582, 0.07227, 0.96368, 0.23227, 0.14372, 0.06075, 0.76575, 0.88523, 0.0587, 0.22535, 0.42935, 0.28147, 0.95636, 0.10282, 0.19526, 0.13617, 0.45765, 0.11414, 0.84195, 0.11453, 0.51717, 0.35211, 0.67029, 0.14369, 0.59609, 0.11989, 0.03588, 0.74454, 0.07099, 0.10946, 0.15219, 0.57728, 0.07234, 0.98615, 0.95984, 0.82191, 0.59885, 0.16398, 0.15511, 0.0462, 0.06046, 0.92674, 0.87201, 0.26466, 0.95133, 0.13672, 0.06875, 0.01914, 0.81945, 0.97491, 0.76195, 0.08991, 0.13257, 0.20494, 0.20912, 0.16046, 0.77437, 0.05992, 0.13479, 0.46198, 0.92908, 0.1666, 0.52483, 0.28696, 0.10108, 0.76164, 0.89578, 0.58548, 0.76185, 0.64812, 0.96622, 0.04598, 0.93663, 0.79931, 0.75385, 0.20783, 0.03495, 0.13102, 0.81581, 0.56628, 0.78773, 0.04447, 0.06874, 0.97425, 0.13501, 0.70295, 0.64704, 0.04959, 0.26894, 0.64584, 0.27783, 0.6058, 0.67053, 0.26166, 0.63716, 0.15865, 0.93728, 0.89619, 0.06824, 0.9623, 0.24964, 0.91996, 0.43695, 0.04473, 0.03801, 0.30191, 0.14569, 0.79467, 0.90877, 0.02976, 0.95022, 0.01919, 0.80528, 0.62251, 0.91838, 0.96819, 0.37263, 0.6103, 0.07876, 0.67429, 0.78099, 0.64094, 0.0733, 0.90551, 0.11064, 0.70688, 0.73342, 0.95946, 0.75685, 0.70995, 0.03838, 0.15181, 0.79914, 0.05631, 0.93502, 0.01824, 0.38263, 0.08823, 0.04255, 0.90737, 0.98226, 0.08189, 0.6272, 0.14674, 0.69824, 0.68683, 0.35413, 0.30027, 0.74237, 0.10618, 0.24366, 0.28344, 0.17707, 0.91342, 0.19046, 0.79574, 0.38537, 0.17139, 0.07005, 0.60175, 0.73451, 0.63652, 0.81652, 0.75285, 0.57257, 0.11648, 0.16197, 0.66069, 0.88386, 0.12435, 0.5697, 0.96186, 0.59564, 0.83635, 0.04143, 0.59786, 0.22239, 0.64604, 0.22285, 0.89279, 0.61515, 0.92252, 0.02055, 0.25845, 0.03841, 0.23496, 0.18257, 0.50731, 0.75883, 0.94164, 0.31296, 0.05595, 0.09934, 0.91475, 0.8953, 0.71723, 0.29104, 0.8774, 0.21663, 0.66517, 0.35515, 0.03225, 0.21969, 0.95699, 0.35565, 0.18393, 0.0702, 0.1077, 0.02804, 0.10806, 0.40247, 0.1002, 0.17761, 0.18848, 0.0512, 0.87347, 0.15347, 0.9781, 0.0663, 0.45836, 0.126, 0.22496, 0.31604, 0.98973, 0.83566, 0.96554, 0.41482, 0.78389, 0.60055, 0.0307, 0.36382, 0.55236, 0.11752, 0.8554, 0.46832, 0.63846, 0.70965, 0.17267, 0.85088, 0.91919, 0.88252, 0.09114, 0.23506, 0.39315, 0.97666, 0.65036, 0.52829, 0.82566, 0.46073, 0.87615, 0.0643, 0.29323, 0.22136, 0.99062, 0.03234, 0.18293, 0.74033, 0.1086, 0.03223, 0.46137, 0.16444, 0.02824, 0.885, 0.00878, 0.56949, 0.91537, 0.63816, 0.85102, 0.05096, 0.91653, 0.02131, 0.28529, 0.78939, 0.96974, 0.47046, 0.95559, 0.58758, 0.89661, 0.9152, 0.88965, 0.02571, 0.31597, 0.25641, 0.84414, 0.94813, 0.29715, 0.82938, 0.08513, 0.04088, 0.02708, 0.90955, 0.22455, 0.42116, 0.16233, 0.05039, 0.80836, 0.04702, 0.3169, 0.94198, 0.8794, 0.08587, 0.08855, 0.90719, 0.09495, 0.16916, 0.08208, 0.21574, 0.4683, 0.05322, 0.13136, 0.08538, 0.5788, 0.54004, 0.1427, 0.10276, 0.09479, 0.01945, 0.37889, 0.91304, 0.1263, 0.89405, 0.95927, 0.14341, 0.65078, 0.94098, 0.97527, 0.68372, 0.93227, 0.3806, 0.89749, 0.70667, 0.91212, 0.0544, 0.42589, 0.24716, 0.09403, 0.80357, 0.90853, 0.03555, 0.5186, 0.03018, 0.26124, 0.30252, 0.95164, 0.83055, 0.91201, 0.77475, 0.96408, 0.23845, 0.70604, 0.98232, 0.85071, 0.26841, 0.8921, 0.02036, 0.40663, 0.86274, 0.04719, 0.43035, 0.43938, 0.02602, 0.13148, 0.35815, 0.37427, 0.93163, 0.05561, 0.94271, 0.70152, 0.03216, 0.60651, 0.86324, 0.07997, 0.27284, 0.75198, 0.96515, 0.11045, 0.09004, 0.14715, 0.97049, 0.50706, 