{"model": "ai4bharat/indic-bert", "dataset": "hatexplain", "train_config": "ce", "seed": 2024, "thr_cal": 0.14759770482778548, "metrics_05": {"macro": 0.5852033183734531, "toxf1": 0.5271317829457365, "prec": 0.9018567639257294, "rec": 0.3723986856516977, "prauc": 0.8412790759908233, "ece": 0.2719536008636156, "covert": 0.6688311688311688}, "metrics_cal": {"macro": 0.6901130532665338, "toxf1": 0.7874175545408422, "prec": 0.7334593572778828, "rec": 0.8499452354874042, "prauc": 0.8412790759908233, "ece": 0.2719536008636156, "covert": 0.8878205128205128}, "probs": [0.20646, 0.1052, 0.06466, 0.24409, 0.09783, 0.15467, 0.93355, 0.05632, 0.12155, 0.0567, 0.066, 0.08751, 0.0565, 0.21277, 0.1183, 0.10986, 0.11007, 0.08726, 0.80344, 0.15671, 0.06595, 0.24105, 0.06926, 0.15128, 0.11665, 0.46627, 0.83994, 0.15563, 0.10322, 0.43488, 0.54231, 0.14694, 0.75025, 0.45663, 0.67398, 0.03679, 0.25569, 0.20152, 0.29247, 0.07588, 0.4986, 0.38983, 0.41567, 0.1794, 0.09654, 0.20686, 0.05082, 0.32072, 0.51673, 0.83439, 0.06865, 0.3617, 0.87737, 0.4404, 0.15323, 0.3529, 0.21856, 0.13606, 0.48122, 0.33483, 0.0681, 0.75021, 0.56099, 0.18113, 0.46182, 0.16981, 0.75784, 0.1356, 0.41863, 0.32105, 0.21531, 0.43451, 0.16446, 0.68738, 0.08646, 0.11167, 0.95063, 0.24236, 0.25428, 0.59269, 0.88207, 0.12102, 0.80057, 0.1594, 0.14289, 0.25015, 0.522, 0.33487, 0.2842, 0.41217, 0.0961, 0.56348, 0.25536, 0.25985, 0.2132, 0.12514, 0.43023, 0.49776, 0.20044, 0.94138, 0.104, 0.46404, 0.44768, 0.2689, 0.09309, 0.13122, 0.14139, 0.32626, 0.91088, 0.08129, 0.02786, 0.21544, 0.12078, 0.1035, 0.13851, 0.34367, 0.31705, 0.32171, 0.44818, 0.31902, 0.29385, 0.17969, 0.13659, 0.72135, 0.13535, 0.14556, 0.18305, 0.24679, 0.16249, 0.32573, 0.10225, 0.79013, 0.11376, 0.15895, 0.53344, 0.1448, 0.11332, 0.40259, 0.64102, 0.35002, 0.13047, 0.86172, 0.43057, 0.60573, 0.24678, 0.074, 0.73041, 0.11002, 0.36202, 0.39269, 0.39046, 0.36101, 0.47313, 0.13621, 0.69036, 0.39404, 0.61463, 0.32729, 0.11269, 0.63687, 0.16368, 0.48436, 0.43768, 0.28434, 0.34486, 0.27697, 0.35542, 0.10284, 0.85362, 0.54032, 0.09506, 0.16032, 0.141, 0.16446, 0.45712, 0.22039, 0.17497, 0.14841, 0.25341, 0.15238, 0.88875, 0.12155, 0.08573, 0.26681, 0.51345, 0.19622, 0.54836, 0.21018, 0.1965, 0.54709, 0.16861, 0.37852, 0.49412, 0.75546, 0.34288, 0.57566, 0.25696, 0.29841, 0.90454, 0.1614, 0.15206, 0.10434, 0.11558, 0.14923, 0.25308, 0.26068, 0.22601, 0.20377, 0.12109, 0.10653, 0.06864, 0.11004, 0.65693, 0.20958, 0.18603, 0.13193, 0.04135, 0.06643, 0.84124, 0.14065, 0.302, 0.07631, 0.2697, 0.72838, 0.07297, 0.7659, 0.80615, 0.59715, 0.31847, 0.54574, 0.70487, 0.78738, 0.42663, 0.31314, 0.32104, 0.53656, 0.86077, 0.37612, 0.8951, 0.2787, 0.14564, 0.32949, 0.19212, 0.16672, 0.72855, 0.44262, 0.42252, 0.125, 0.15737, 0.13103, 0.32599, 0.72863, 0.21503, 0.29037, 0.2018, 0.53402, 0.90241, 0.06272, 0.0777, 0.20201, 0.12431, 0.80503, 0.14473, 0.85672, 0.34767, 0.08841, 0.88306, 0.04579, 0.09593, 0.17838, 0.26995, 0.24185, 0.07181, 0.24236, 0.15485, 0.24659, 0.54051, 0.94624, 0.55276, 0.37336, 0.75608, 0.65496, 0.66342, 0.94027, 0.21376, 0.3847, 0.72244, 0.11821, 0.0569, 0.17538, 0.1248, 0.15373, 0.09361, 0.12078, 0.85606, 0.08666, 0.29684, 0.06836, 0.55439, 0.10427, 0.42687, 0.05841, 0.21864, 0.79164, 0.28474, 0.1323, 0.39255, 0.56665, 0.05824, 0.14238, 0.35673, 0.25099, 0.37781, 0.15114, 0.13257, 0.76424, 0.48357, 0.06098, 0.90784, 0.93236, 0.39653, 0.0433, 0.21197, 0.37979, 0.15998, 0.90267, 0.11108, 0.17987, 0.50267, 0.68141, 0.92288, 0.70658, 0.22138, 0.33067, 0.2011, 0.13287, 0.21862, 0.37133, 0.63847, 0.05797, 0.35351, 0.91184, 0.20099, 0.63086, 0.08817, 0.365, 0.04327, 0.08852, 0.28989, 0.30292, 0.0936, 0.20023, 0.25066, 0.74313, 0.25338, 0.85575, 0.05545, 0.32851, 0.16645, 0.24752, 0.25612, 0.45192, 0.81736, 0.01231, 0.75636, 0.24343, 0.87938, 0.93701, 0.07501, 0.46951, 0.11351, 0.12014, 0.38511, 0.73593, 0.12098, 0.16807, 0.13514, 0.26708, 0.41938, 0.6531, 0.32654, 0.39838, 0.07393, 0.93404, 0.11215, 0.08186, 0.13157, 0.05052, 0.38954, 0.41905, 0.66203, 0.14973, 0.23496, 0.15657, 0.90486, 0.48358, 0.30979, 0.69427, 0.21025, 0.33246, 0.20224, 0.25312, 0.21243, 0.18428, 0.18604, 0.22384, 0.1329, 0.39938, 0.11159, 0.04148, 0.67027, 0.14899, 0.13021, 0.07348, 0.13354, 0.26338, 0.07123, 0.3353, 0.7261, 0.15541, 0.38348, 0.1451, 0.20025, 0.49285, 0.07747, 0.31972, 0.19558, 0.15038, 0.40318, 0.43594, 0.08073, 0.05224, 0.14746, 0.08125, 0.24459, 0.90712, 0.89707, 0.72963, 0.38235, 0.06881, 0.69739, 0.41909, 0.21001, 0.23129, 0.22784, 0.83773, 0.51508, 0.12542, 0.08462, 0.23277, 0.18247, 0.33402, 0.08242, 0.53179, 0.29546, 0.07901, 0.16102, 0.16054, 0.93368, 0.08561, 0.06204, 0.22453, 0.654, 0.44153, 0.09533, 0.11997, 0.15673, 0.17836, 0.89272, 0.17984, 0.1217, 0.09923, 0.16984, 0.14728, 0.59309, 0.08002, 0.19185, 0.21836, 0.25352, 0.31666, 0.07395, 0.36588, 0.11598, 0.75547, 0.10058, 0.14759, 0.33261, 0.29631, 0.09474, 0.85004, 0.85429, 0.69285, 0.35316, 0.13034, 0.08881, 0.09846, 0.06256, 0.73175, 0.69621, 0.51904, 0.74029, 0.11403, 0.08694, 0.03022, 0.44457, 0.86683, 0.36655, 0.12879, 0.17361, 0.1488, 0.21532, 0.14332, 0.58538, 0.04332, 0.22477, 0.25234, 0.85296, 0.19176, 0.30277, 0.34315, 0.04224, 0.1434, 0.79679, 0.16631, 0.61478, 0.4361, 0.77249, 0.08129, 0.41104, 0.40488, 0.41505, 0.17796, 0.03526, 0.14987, 0.31531, 0.24155, 0.53067, 0.06538, 0.12192, 0.80452, 0.07797, 0.66492, 0.43461, 0.13615, 0.15015, 0.19065, 0.20667, 0.29699, 0.39684, 0.36067, 0.46264, 0.07887, 0.45193, 0.61984, 0.08427, 0.85789, 0.20557, 0.69067, 0.19809, 0.08144, 0.0572, 0.11916, 0.09755, 0.32194, 0.50849, 0.0496, 0.73357, 0.03665, 0.26301, 0.37817, 0.25451, 0.82398, 0.17137, 0.20997, 0.14546, 0.37662, 0.25308, 0.64677, 0.28818, 0.84085, 0.07899, 0.55613, 0.71793, 0.80454, 0.52983, 0.25325, 0.04156, 0.15673, 0.29549, 0.04172, 0.41232, 0.05079, 0.13524, 0.12486, 0.10651, 0.88155, 0.94723, 0.16678, 0.14153, 0.10685, 0.58447, 0.25955, 0.1638, 0.20212, 0.51951, 0.14127, 0.14961, 0.19358, 0.1439, 0.79928, 0.06864, 0.43613, 0.40147, 0.10834, 0.06415, 0.1478, 0.48016, 0.53041, 0.36087, 0.19909, 0.31486, 0.08442, 0.13839, 0.24865, 0.30932, 0.20555, 0.21489, 0.77971, 0.45142, 0.44609, 0.10727, 0.19584, 0.13682, 0.70489, 0.22443, 0.6859, 0.37019, 0.37095, 0.05924, 0.0913, 0.03433, 0.12595, 0.10744, 0.15053, 0.51658, 0.78447, 0.16602, 0.05773, 0.12424, 0.58417, 0.91844, 0.35403, 0.16962, 0.55287, 0.16325, 0.27746, 0.14572, 0.03603, 0.13928, 0.61257, 0.22199, 0.21725, 0.15004, 0.23933, 0.06097, 0.23846, 0.16441, 0.25742, 0.20017, 0.2352, 0.17024, 0.58642, 0.1779, 0.79656, 0.08076, 0.19735, 0.18275, 0.19444, 0.12164, 0.90048, 0.31888, 0.89043, 0.38366, 0.78631, 0.57186, 0.04663, 0.35635, 0.50582, 0.20608, 0.26834, 0.27554, 0.24212, 0.30512, 0.16165, 0.63919, 0.59518, 0.58274, 0.0435, 0.27948, 0.13311, 0.82517, 0.24378, 0.53237, 0.43447, 0.59299, 0.8944, 0.10939, 0.12152, 0.14719, 0.79148, 0.06811, 0.11925, 0.46959, 0.14731, 0.05333, 0.2589, 0.15669, 0.07227, 0.72528, 0.04488, 0.28296, 0.85811, 0.30476, 0.24769, 0.03813, 0.38631, 0.0548, 0.10994, 0.23993, 0.67121, 0.35306, 0.66137, 0.28777, 0.49932, 0.49789, 0.80109, 0.03272, 0.14445, 0.14209, 0.5865, 0.85263, 0.60184, 0.33412, 0.0883, 0.08934, 0.09308, 0.50677, 0.25886, 0.36804, 0.22626, 0.08026, 0.58839, 0.06196, 0.11565, 0.61999, 0.77428, 0.07835, 0.13128, 0.6903, 0.07625, 0.25046, 0.08817, 0.12276, 0.40082, 0.18307, 0.15949, 0.06351, 0.32085, 0.23268, 0.09599, 0.18401, 0.10465, 0.06061, 0.17386, 0.58328, 0.11478, 0.62509, 0.62256, 0.15703, 0.34499, 0.8103, 0.80958, 0.14234, 0.85971, 0.30364, 0.67649, 0.20806, 0.64516, 0.06305, 0.15247, 0.33625, 0.10373, 0.38729, 0.50751, 0.1117, 0.38971, 0.07265, 0.28014, 0.4471, 0.57639, 0.53189, 0.66099, 0.29775, 0.8579, 0.09836, 0.55274, 0.84452, 0.5653, 0.08586, 0.82027, 0.10603, 0.18804, 0.33942, 0.04327, 0.3575, 0.34882, 0.06406, 0.17937, 0.22693, 0.13354, 0.34351, 0.06065, 0.80218, 0.53103, 0.14597, 0.37312, 0.58223, 0.17107, 0.14551, 0.57324, 0.53412, 0.11362, 0.13303, 0.1862, 0.90423, 