{"model": "ai4bharat/indic-bert", "dataset": "dravidian_kannada", "train_config": "ce", "seed": 2024, "thr_cal": 0.6614368498325347, "metrics_05": {"macro": 0.678814067021019, "toxf1": 0.5845410628019324, "prec": 0.4763779527559055, "rec": 0.75625, "prauc": 0.6412159287493309, "ece": 0.15417402992247517, "covert": 0.8156424581005587}, "metrics_cal": {"macro": 0.7151130839146058, "toxf1": 0.5964912280701754, "prec": 0.5604395604395604, "rec": 0.6375, "prauc": 0.6412159287493309, "ece": 0.15417402992247517, "covert": 0.8}, "probs": [0.02602, 0.83712, 0.35805, 0.07142, 0.91712, 0.23085, 0.36491, 0.09366, 0.04181, 0.4666, 0.42824, 0.20477, 0.08045, 0.58931, 0.37604, 0.13882, 0.69738, 0.82168, 0.01908, 0.89558, 0.83557, 0.25457, 0.69952, 0.65869, 0.98841, 0.87871, 0.98345, 0.13549, 0.77623, 0.53158, 0.99413, 0.89274, 0.17752, 0.19602, 0.89083, 0.03314, 0.5049, 0.01647, 0.61767, 0.27956, 0.88169, 0.01721, 0.94256, 0.28382, 0.28058, 0.75914, 0.0545, 0.07023, 0.06315, 0.05959, 0.87933, 0.2087, 0.5591, 0.95991, 0.15434, 0.86615, 0.00784, 0.19043, 0.11891, 0.76176, 0.36813, 0.295, 0.51391, 0.61641, 0.02153, 0.18897, 0.59041, 0.64877, 0.886, 0.97363, 0.29893, 0.02336, 0.31576, 0.73377, 0.44786, 0.19618, 0.4524, 0.34333, 0.84495, 0.81594, 0.09558, 0.89631, 0.04489, 0.41717, 0.44633, 0.08538, 0.73805, 0.02909, 0.73374, 0.04551, 0.01665, 0.14192, 0.03853, 0.75244, 0.85315, 0.0954, 0.091, 0.01576, 0.59813, 0.02168, 0.05955, 0.48536, 0.18363, 0.90839, 0.60714, 0.08799, 0.78979, 0.23622, 0.32498, 0.63451, 0.54169, 0.16576, 0.00814, 0.58289, 0.07253, 0.22836, 0.17752, 0.57293, 0.70695, 0.54318, 0.26498, 0.03281, 0.57045, 0.78705, 0.30222, 0.01771, 0.0545, 0.69546, 0.0246, 0.37966, 0.95938, 0.02907, 0.12568, 0.63807, 0.63914, 0.35575, 0.0179, 0.97126, 0.0593, 0.87461, 0.06913, 0.69382, 0.59384, 0.75896, 0.81071, 0.28475, 0.46903, 0.94097, 0.68165, 0.29796, 0.01985, 0.22081, 0.941, 0.76241, 0.57914, 0.48491, 0.07329, 0.74526, 0.38165, 0.68903, 0.36938, 0.03294, 0.12863, 0.13332, 0.12685, 0.02116, 0.37204, 0.67012, 0.61315, 0.64692, 0.06365, 0.94844, 0.11352, 0.18512, 0.9324, 0.08349, 0.0545, 0.1861, 0.60934, 0.8984, 0.2855, 0.03148, 0.0545, 0.91629, 0.89086, 0.40587, 0.90374, 0.01414, 0.09035, 0.05697, 0.53145, 0.80925, 0.62663, 0.0545, 0.80201, 0.94506, 0.27459, 0.85925, 0.64602, 0.23713, 0.10731, 0.03683, 0.02516, 0.15937, 0.54529, 0.49714, 0.63737, 0.01944, 0.9229, 0.05286, 0.88142, 0.82166, 0.14865, 0.04002, 0.03187, 0.01364, 0.9288, 0.17245, 0.01032, 0.01864, 0.01934, 0.19699, 0.03649, 0.05655, 0.88381, 0.58876, 0.02044, 0.06056, 0.19487, 0.46543, 0.03729, 0.79612, 0.01844, 0.31353, 0.56891, 0.41164, 0.98964, 0.86264, 0.04085, 0.02585, 0.56099, 0.0545, 0.764, 0.98932, 0.97036, 0.08161, 0.07499, 0.37739, 0.30908, 0.82569, 0.69086, 0.61039, 0.26407, 0.70655, 0.16609, 0.3825, 0.63016, 0.06185, 0.57019, 0.26364, 0.8795, 0.60714, 0.49344, 0.58144, 0.18162, 0.28172, 0.0545, 0.26934, 0.08489, 0.04817, 0.01958, 0.00854, 0.24182, 0.71507, 0.00536, 0.13384, 0.75584, 0.03985, 0.91888, 0.88885, 0.03441, 0.68021, 0.87877, 0.69586, 0.75583, 0.3703, 0.04632, 0.70334, 0.02394, 0.32249, 0.5857, 0.00245, 0.07659, 0.54405, 0.17245, 0.0545, 0.83019, 0.57591, 0.28439, 0.24912, 0.06398, 0.18803, 0.01287, 0.75598, 0.1412, 0.04912, 0.44086, 0.0545, 0.59624, 0.03212, 0.75196, 0.19095, 0.01079, 0.91606, 0.89738, 0.47122, 0.30413, 0.58462, 0.57604, 0.46889, 0.29808, 0.64125, 0.05672, 0.18591, 0.85607, 0.14999, 0.86878, 0.01194, 0.63102, 0.96148, 0.0126, 0.83698, 0.07261, 0.70993, 0.06305, 0.1021, 0.04548, 0.69757, 0.03908, 0.19401, 0.4291, 0.13074, 0.87744, 0.0401, 0.30757, 0.29856, 0.92742, 0.82067, 0.0545, 0.76988, 0.31116, 0.17967, 0.90977, 0.38057, 0.06407, 0.83044, 0.52415, 0.83502, 0.25609, 0.07328, 0.88667, 0.03048, 0.52181, 0.59332, 0.02176, 0.00826, 0.75788, 0.78667, 0.05703, 0.7207, 0.99249, 0.18727, 0.62285, 0.0545, 0.05051, 0.07163, 0.00462, 0.75455, 0.90179, 0.5139, 0.78182, 0.65459, 0.11723, 0.90814, 0.14253, 0.76993, 0.02612, 0.02477, 0.29856, 0.58928, 0.58214, 0.0764, 0.03053, 0.3564, 0.0225, 0.10181, 0.8611, 0.63315, 0.51887, 0.85396, 0.41028, 0.2382, 0.34665, 0.81658, 0.04778, 0.05091, 0.07833, 0.98603, 0.39087, 0.37126, 0.10721, 0.15164, 0.46789, 0.00845, 0.78133, 0.51765, 0.02818, 0.59832, 0.00966, 0.45679, 0.15642, 0.86414, 0.49281, 0.01444, 0.82908, 0.33052, 0.42277, 0.78909, 0.98366, 0.00718, 0.1447, 0.50834, 0.01174, 0.14578, 0.26799, 0.93766, 0.87076, 0.02106, 0.86754, 0.01208, 0.13255, 0.8098, 0.03337, 0.03304, 0.9715, 0.93637, 0.03509, 0.80652, 0.81919, 0.86449, 0.42983, 0.02649, 0.02482, 0.09012, 0.80875, 0.4516, 0.85345, 0.11589, 0.06862, 0.03338, 0.36605, 0.01489, 0.23196, 0.01032, 0.22867, 0.2922, 0.10245, 0.84613, 0.68164, 0.89272, 0.62569, 0.81512, 0.71574, 0.0391, 0.88772, 0.0028, 0.6779, 0.76009, 0.52803, 0.01575, 0.90793, 0.49933, 0.01163, 0.73683, 0.72489, 0.69199, 0.95283, 0.79536, 0.05721, 0.04986, 0.03003, 0.58223, 0.72693, 0.94164, 0.03682, 0.68746, 0.87349, 0.19205, 0.85426, 0.25068, 0.08469, 0.01771, 0.42188, 0.00947, 0.00253, 0.89904, 0.42649, 0.08482, 0.54508, 0.93563, 0.01724, 0.96225, 0.02766, 0.11995, 0.01655, 0.72902, 0.82865, 0.67615, 0.01439, 0.65757, 0.21532, 0.84912, 0.40363, 0.07153, 0.87488, 0.49864, 0.0545, 0.71572, 0.29556, 0.42301, 0.23886, 0.83213, 0.5408, 0.02581, 0.63435, 0.0545, 0.86483, 0.26036, 0.19427, 0.81041, 0.70478, 0.23633, 0.85242, 0.83837, 0.14958, 0.50947, 0.80581, 0.74167, 0.52633, 0.13242, 0.95562, 0.0545, 0.13982, 0.84062, 0.0254, 0.9676, 0.00783, 0.70058, 0.79091, 0.09972, 0.02074, 0.88515, 0.1403, 0.7952, 0.84345, 0.69287, 0.47906, 0.09121, 0.735, 0.48736, 0.9317, 0.56189, 0.52356, 0.91232, 0.25534, 0.03531, 0.46789, 0.70447, 0.08842, 0.27026, 0.84784, 0.02119, 0.51729, 0.71717, 0.03713, 0.66133], "labels": [0, 0, 0, 0, 0, 0, 0, 0, 0, 0, 0, 0, 0, 0, 1, 0, 0, 1, 0, 0, 0, 0, 0, 1, 1, 1, 1, 1, 1, 0, 1, 0, 1, 1, 1, 0, 1, 0, 0, 1, 0, 0, 1, 0, 0, 0, 0, 0, 0, 1, 0, 0, 0, 1, 0, 0, 0, 0, 1, 0, 0, 0, 0, 1, 0, 0, 0, 0, 1, 1, 1, 0, 0, 0, 0, 1, 0, 0, 0, 1, 0, 1, 1, 0, 0, 0, 1, 0, 1, 0, 0, 0, 0, 0, 0, 0, 0, 1, 0, 0, 0, 1, 0, 1, 0, 0, 1, 0, 0, 0, 0, 0, 0, 0, 0, 0, 0, 0, 1, 0, 0, 0, 1, 1, 0, 0, 0, 0, 0, 0, 0, 0, 0, 1, 1, 0, 0, 1, 0, 0, 0, 0, 1, 1, 1, 0, 0, 0, 1, 0, 0, 0, 0, 0, 0, 1, 0, 0, 0, 1, 1, 1, 0, 1, 0, 0, 0, 0, 0, 0, 0, 1, 0, 0, 1, 0, 0, 0, 0, 0, 0, 0, 0, 0, 1, 0, 0, 0, 0, 0, 0, 1, 0, 1, 0, 1, 1, 0, 0, 0, 0, 0, 0, 0, 1, 1, 0, 0, 1, 0, 1, 0, 1, 0, 0, 0, 1, 0, 0, 0, 1, 0, 0, 0, 1, 0, 0, 0, 0, 0, 0, 0, 0, 0, 0, 1, 1, 0, 0, 0, 0, 0, 0, 1, 1, 0, 0, 0, 0, 0, 0, 0, 0, 1, 0, 0, 0, 0, 1, 0, 1, 0, 0, 0, 0, 0, 0, 0, 0, 0, 0, 0, 0, 1, 0, 0, 0, 0, 1, 1, 0, 1, 1, 0, 0, 1, 0, 1, 0, 0, 1, 0, 0, 1, 0, 0, 0, 1, 0, 0, 0, 0, 0, 0, 0, 0, 0, 1, 0, 0, 0, 0, 0, 0, 1, 1, 0, 0, 0, 0, 1, 1, 0, 0, 1, 0, 1, 0, 1, 1, 0, 0, 0, 0, 0, 0, 0, 1, 0, 0, 0, 0, 0, 0, 0, 0, 1, 0, 0, 0, 0, 0, 1, 0, 0, 1, 0, 1, 0, 0, 1, 0, 0, 0, 0, 0, 1, 0, 0, 1, 1, 0, 0, 0, 0, 0, 0, 1, 1, 0, 1, 0, 0, 1, 1, 1, 0, 0, 1, 1, 0, 0, 0, 0, 0, 0, 0, 0, 0, 1, 1, 1, 0, 1, 0, 0, 0, 1, 0, 0, 0, 0, 0, 0, 0, 0, 0, 1, 0, 1, 0, 0, 1, 0, 0, 0, 1, 1, 1, 0, 0, 0, 0, 0, 0, 1, 1, 0, 1, 0, 0, 0, 0, 0, 1, 1, 0, 1, 0, 1, 0, 0, 0, 0, 0, 0, 0, 0, 0, 0, 0, 0, 0, 0, 0, 0, 0, 1, 0, 1, 0, 0, 1, 1, 1, 0, 0, 1, 0, 0, 1, 1, 0, 0, 1, 0, 1, 1, 0, 0, 0, 0, 1, 1, 0, 1, 0, 0, 1, 0, 0, 0, 0, 0, 0, 0, 0, 0, 0, 1, 0, 1, 0, 0, 0, 1, 0, 1, 0, 0, 0, 1, 0, 0, 0, 0, 0, 0, 0, 0, 0, 0, 0, 0, 1, 0, 0, 1, 1, 1, 0, 0, 0, 1, 0, 0, 0, 1, 0, 1, 1, 0, 0, 0, 0, 1, 0, 0, 0, 0, 0, 0, 0, 1, 1, 1, 1, 0, 0, 0, 1, 1, 0, 0, 0, 0, 0, 0, 0, 0, 0, 0, 0, 1, 0, 1], "n": {"train": 3400, "val": 600, "test": 586, "toxic_frac": 0.23911764705882352}}