{"model": "ai4bharat/indic-bert", "dataset": "dravidian_tamil", "train_config": "hardneg", "seed": 42, "thr_cal": 0.6601931095123291, "metrics_05": {"macro": 0.671185912420134, "toxf1": 0.546236559139785, "prec": 0.436426116838488, "rec": 0.7298850574712644, "prauc": 0.533695501177046, "ece": 0.16353436831881604, "covert": 0.6993006993006993}, "metrics_cal": {"macro": 0.6919802867383512, "toxf1": 0.5416666666666666, "prec": 0.49523809523809526, "rec": 0.5977011494252874, "prauc": 0.533695501177046, "ece": 0.16353436831881604, "covert": 0.6596306068601583}, "probs": [0.10105, 0.00309, 0.10398, 0.02561, 0.86048, 0.19725, 0.15558, 0.09153, 0.0697, 0.06622, 0.07892, 0.06236, 0.0106, 0.03169, 0.08732, 0.02404, 0.74665, 0.3282, 0.05628, 0.10685, 0.53742, 0.28409, 0.05792, 0.09789, 0.1778, 0.7828, 0.82667, 0.08243, 0.08008, 0.05873, 0.21111, 0.62602, 0.06021, 0.3452, 0.1541, 0.94414, 0.13475, 0.17572, 0.00756, 0.74829, 0.5646, 0.08281, 0.70885, 0.89944, 0.21314, 0.89095, 0.03248, 0.13099, 0.2152, 0.02759, 0.02071, 0.6307, 0.14646, 0.4364, 0.41755, 0.71934, 0.7786, 0.84794, 0.75837, 0.35713, 0.19656, 0.03534, 0.38549, 0.61485, 0.04793, 0.09079, 0.05864, 0.25205, 0.88396, 0.14275, 0.44834, 0.88837, 0.11047, 0.14398, 0.84324, 0.86063, 0.85302, 0.84838, 0.03061, 0.12492, 0.78317, 0.61589, 0.31298, 0.00333, 0.25605, 0.02006, 0.10477, 0.0304, 0.06883, 0.93279, 0.03845, 0.8896, 0.03669, 0.60455, 0.57934, 0.30098, 0.26239, 0.63809, 0.37891, 0.02392, 0.69004, 0.00644, 0.02878, 0.11725, 0.8501, 0.55394, 0.4498, 0.65698, 0.01344, 0.86175, 0.73479, 0.38484, 0.83827, 0.74367, 0.29486, 0.02248, 0.30943, 0.30364, 0.13381, 0.00632, 0.60321, 0.03148, 0.10822, 0.29895, 0.25832, 0.15637, 0.90944, 0.21441, 0.02045, 0.02198, 0.68545, 0.26058, 0.8196, 0.16828, 0.64793, 0.89515, 0.06481, 0.02007, 0.13431, 0.53286, 0.29241, 0.00518, 0.88282, 0.94282, 0.17848, 0.29819, 0.01528, 0.84987, 0.32634, 0.35924, 0.73231, 0.04206, 0.5691, 0.28068, 0.54576, 0.04087, 0.05201, 0.87601, 0.04297, 0.87579, 0.02544, 0.89184, 0.19889, 0.88108, 0.47053, 0.17225, 0.67329, 0.17877, 0.14902, 0.48435, 0.65821, 0.67796, 0.69802, 0.07057, 0.43925, 0.15519, 0.90059, 0.11503, 0.01643, 0.28885, 0.69772, 0.19633, 0.48858, 0.81659, 0.18951, 0.03319, 0.79035, 0.01616, 0.00644, 0.02554, 0.19998, 0.35739, 0.74486, 0.05829, 0.00489, 0.48716, 0.03969, 0.83277, 0.06038, 0.02601, 0.04934, 0.92734, 0.76533, 0.43222, 0.19848, 0.02562, 0.77747, 0.00979, 0.28553, 0.7841, 0.16796, 0.11851, 0.55224, 0.01543, 0.06037, 0.79372, 0.06029, 0.51814, 0.53402, 0.00407, 0.09381, 0.02127, 0.16682, 0.84435, 0.03428, 0.93598, 0.87511, 0.22112, 0.04465, 0.04342, 0.35993, 0.11796, 0.03055, 0.90753, 0.1816, 0.08779, 0.2364, 0.00297, 0.8946, 0.48772, 0.88143, 0.08022, 0.03573, 0.162, 0.3297, 0.20277, 0.19898, 0.86311, 0.72219, 0.35969, 0.09244, 0.0238, 0.01307, 0.21621, 0.88809, 0.61482, 0.01062, 0.76579, 0.05289, 0.19946, 0.13868, 0.90063, 0.20541, 0.17279, 0.92284, 0.01834, 0.21289, 0.51091, 0.84625, 0.3641, 0.21947, 0.90136, 0.82419, 0.00571, 0.0336, 0.03297, 0.91516, 0.29975, 0.0354, 0.43396, 0.04108, 0.08301, 0.10051, 0.71174, 0.24789, 0.1602, 0.19418, 0.34975, 0.54324, 0.89024, 0.02095, 0.00216, 0.03465, 0.75478, 0.13009, 0.33118, 0.26749, 0.7214, 0.6511, 0.19939, 0.00679, 0.10739, 0.41855, 0.43715, 0.39167, 0.12369, 0.25577, 0.53885, 0.62946, 0.11976, 0.28949, 0.93966, 0.64924, 0.44409, 0.73354, 0.92947, 0.90761, 0.81551, 0.53922, 0.39198, 0.04265, 0.53549, 0.15015, 0.11529, 0.22594, 0.74621, 0.73971, 0.53399, 0.66396, 0.00996, 0.19328, 0.75142, 0.33986, 0.58496, 0.02664, 0.02049, 0.78185, 0.56778, 0.24653, 0.81175, 0.02564, 0.00291, 0.45565, 0.05769, 0.34955, 0.22427, 0.71735, 0.01677, 0.58462, 0.19694, 0.78961, 0.39467, 0.43933, 0.74844, 0.62189, 0.60817, 0.1017, 0.59613, 0.52998, 0.644, 0.87316, 0.84804, 0.2876, 0.27867, 0.86934, 0.74908, 0.00466, 0.83275, 0.00501, 0.94406, 0.10722, 0.24082, 0.39322, 0.13079, 0.03553, 0.35495, 0.11566, 0.29175, 0.86687, 0.05243, 0.21998, 0.10776, 0.48396, 0.32766, 0.40903, 0.529, 0.10126, 0.73818, 0.01898, 0.65567, 0.50222, 0.22453, 0.27843, 0.14625, 0.03436, 0.87597, 0.55391, 0.8615, 0.03224, 0.06406, 0.50906, 0.18058, 0.1022, 0.09152, 0.01685, 0.03774, 0.23869, 0.94542, 0.02636, 0.88186, 0.94751, 0.50671, 0.16114, 0.53412, 0.61799, 0.04026, 0.05306, 0.2528, 0.86206, 0.65601, 0.48525, 0.38472, 0.33713, 0.19976, 0.79832, 0.01823, 0.08586, 0.15609, 0.92474, 0.44598, 0.029, 0.60998, 0.75105, 0.69339, 0.29233, 0.03179, 0.11162, 0.80617, 0.03347, 0.014, 0.87345, 0.05236, 0.94993, 0.57523, 0.43812, 0.87517, 0.34914, 0.01865, 0.85133, 0.68023, 0.68303, 0.56418, 0.18642, 0.10088, 0.19456, 0.27136, 0.52144, 0.65998, 0.15238, 0.09216, 0.00542, 0.03509, 0.25668, 0.01728, 0.01421, 0.82946, 0.06057, 0.36832, 0.74124, 0.36925, 0.12648, 0.30515, 0.21808, 0.03631, 0.50268, 0.13863, 0.0074, 0.80931, 0.88983, 0.83979, 0.64971, 0.3362, 0.55391, 0.79904, 0.07484, 0.92939, 0.93817, 0.05494, 0.01469, 0.92616, 0.27861, 0.92408, 0.08458, 0.16026, 0.74476, 0.35351, 0.82621, 0.01035, 0.1049, 0.85342, 0.67443, 0.9324, 0.436, 0.44681, 0.49336, 0.60175, 0.03136, 0.0104, 0.91499, 0.00436, 0.00671, 0.08017, 0.16206, 0.44291, 0.03292, 0.67614, 0.5922, 0.27132, 0.74738, 0.14815, 0.81138, 0.20996, 0.05043, 0.78043, 0.86552, 0.18111, 0.02167, 0.42937, 0.62898, 0.21097, 0.65979, 0.30615, 0.88981, 0.88475, 0.30757, 0.09554, 0.0656, 0.05641, 0.01405, 0.46809, 0.34428, 0.77635, 0.14247, 0.16705, 0.77542, 0.93106, 0.11675, 0.78729, 0.04881, 0.10675, 0.17122, 0.0598, 0.1872, 0.62353, 0.2124, 0.63412, 0.78138, 0.891, 0.80145, 0.90608, 0.40924, 0.44644, 0.786, 0.09965, 0.16412, 0.64986, 0.64807, 0.50549, 0.11261, 0.78792, 0.19615, 0.31939, 0.11618, 0.03284, 0.54785, 0.30548, 0.44201, 0.48459, 0.8586, 0.27328, 0.89159, 0.20412, 0.00859, 0.70949, 0.20129, 0.22499, 0.5308, 0.01241, 0.94635, 0.90709, 0.01875, 0.85642, 0.83368, 0.87951, 0.07696, 0.06079, 0.0297, 0.0595, 0.06902, 0.05839, 0.06771, 0.46824, 0.85899, 0.08118, 0.10597, 0.34042, 0.43136, 0.29856, 0.70431, 0.88459, 0.65255, 0.63125, 0.84409, 0.13565, 0.71622, 0.39021, 0.38038, 0.06517, 0.01294, 0.77591, 0.09016, 0.07427, 0.92779, 0.05988, 0.73267, 0.24102, 0.03592, 0.00396, 0.60311, 0.67499, 0.66985, 0.20915, 0.01871, 0.80809, 0.09091, 0.85111, 0.86533, 0.0296, 0.77696, 0.21032, 0.05119, 0.57322, 0.83942, 0.34471, 0.36835, 0.01191, 0.6242, 0.92882, 0.89405, 0.89531, 0.03622, 0.01662, 0.38615, 0.86423, 0.20353, 0.17864, 0.00243, 0.86185, 0.88146, 0.59583, 0.70312, 0.14485, 0.02214, 0.00389, 0.4306, 0.63169, 0.38222, 0.01918, 0.7517, 0.67111, 0.86015, 0.01821, 0.80377, 0.60716, 0.03469, 0.11574, 0.24023, 0.91702, 0.01593, 0.94289, 0.45265, 0.52059, 0.83363, 0.0179, 0.83578, 0.00562, 0.40284, 0.91459, 0.17184, 0.37168, 0.0708, 0.15516, 0.19764, 0.20383, 0.88331, 0.04911, 0.08014, 0.05512, 0.19462, 0.32059, 0.41826, 0.36697, 0.1843, 0.81986, 0.1697, 0.74198, 0.22493, 0.82515, 0.01361, 0.10538, 0.0206, 0.02818, 0.84767, 0.03313, 0.93574, 0.58636, 0.53794, 0.05169, 0.92876, 0.04037, 0.68987, 0.29974, 0.81329, 0.17241, 0.08632, 0.02415, 0.2106, 0.55853, 0.19248, 0.74004, 0.00405, 0.84793, 0.34237, 0.10846, 0.87448, 0.08647, 0.25828, 0.20551, 0.56781, 0.02133, 0.36372, 0.09931, 0.96335, 0.81013, 0.87121, 0.70343, 0.14405, 0.1001, 0.83069, 0.76497, 0.198, 0.02886, 0.86306, 0.23348, 0.17225, 0.01764, 0.72283, 0.67386, 0.03701, 0.4255, 0.61109, 0.82889, 0.05195, 0.02799, 0.03498, 0.04213, 0.92129, 0.13279, 0.34555, 0.01932, 0.54712, 0.00657, 0.28226, 0.10068, 0.2556, 0.28191, 0.34099, 0.81721, 0.0237, 0.04017, 0.92497, 0.41634, 0.59032, 0.83495, 0.27437, 0.03097, 0.28855, 0.16288, 0.57642, 0.55798, 0.10732, 0.70329, 0.80795, 0.02934, 0.13166, 0.86979, 0.3139, 0.42435, 0.31967, 0.65971, 0.06608, 0.72178, 0.03919, 0.40099, 0.26756, 0.90275, 0.31292, 0.39086, 0.75648, 0.42153, 0.06406, 0.82212, 0.81556, 0.80567, 0.03652, 0.05689, 0.38602, 0.08582, 0.05198, 0.78723, 0.44336, 0.87672, 0.34529, 0.37709, 0.94727, 0.74555, 0.0482, 0.14275, 0.85164, 0.44848, 0.08171, 0.03703, 0.88749, 0.17759, 