{"model": "ai4bharat/indic-bert", "dataset": "dravidian_tamil", "train_config": "supcon", "seed": 7, "thr_cal": 0.5043670356273646, "metrics_05": {"macro": 0.6449155499428862, "toxf1": 0.5343659244917716, "prec": 0.4029197080291971, "rec": 0.7931034482758621, "prauc": 0.5232272600874575, "ece": 0.20250415704150995, "covert": 0.6842105263157895}, "metrics_cal": {"macro": 0.6445013242325672, "toxf1": 0.5321637426900585, "prec": 0.4026548672566372, "rec": 0.7844827586206896, "prauc": 0.5232272600874575, "ece": 0.20250415704150995, "covert": 0.6784140969162996}, "probs": [0.07352, 0.02569, 0.31294, 0.34757, 0.70358, 0.20324, 0.07728, 0.10915, 0.05482, 0.07914, 0.08708, 0.09048, 0.0347, 0.21131, 0.36345, 0.05655, 0.86031, 0.15923, 0.03198, 0.14455, 0.58198, 0.22675, 0.04152, 0.18364, 0.1086, 0.73642, 0.90337, 0.05645, 0.09213, 0.04806, 0.19207, 0.77885, 0.17213, 0.47786, 0.58204, 0.87013, 0.26627, 0.42802, 0.02272, 0.77652, 0.57603, 0.21179, 0.75048, 0.8342, 0.072, 0.81189, 0.0205, 0.1142, 0.52946, 0.04169, 0.03122, 0.81723, 0.05935, 0.6019, 0.60722, 0.75109, 0.73608, 0.75234, 0.88345, 0.38285, 0.16385, 0.04144, 0.74394, 0.50054, 0.06212, 0.20511, 0.14031, 0.19243, 0.83932, 0.51025, 0.37547, 0.75888, 0.17783, 0.12171, 0.8544, 0.90101, 0.88849, 0.89886, 0.02055, 0.22745, 0.469, 0.70131, 0.67065, 0.01452, 0.23815, 0.04479, 0.16195, 0.42824, 0.0914, 0.88317, 0.13297, 0.80207, 0.05833, 0.60816, 0.5285, 0.30892, 0.71069, 0.42558, 0.33462, 0.10355, 0.79896, 0.04324, 0.08667, 0.19938, 0.57142, 0.73817, 0.64497, 0.45963, 0.02302, 0.77706, 0.67023, 0.2156, 0.87259, 0.75474, 0.30226, 0.15528, 0.34029, 0.58504, 0.18439, 0.03482, 0.66474, 0.03683, 0.21189, 0.25034, 0.25468, 0.14242, 0.89357, 0.53092, 0.08732, 0.25733, 0.54969, 0.52863, 0.76225, 0.38169, 0.40225, 0.83424, 0.23169, 0.01699, 0.10494, 0.60377, 0.50171, 0.02833, 0.8078, 0.9266, 0.6914, 0.12014, 0.07039, 0.49479, 0.31431, 0.46306, 0.81105, 0.08562, 0.55488, 0.21217, 0.82303, 0.05373, 0.10072, 0.86361, 0.03245, 0.71875, 0.07147, 0.78363, 0.38062, 0.89526, 0.30675, 0.7039, 0.76113, 0.69793, 0.14215, 0.65313, 0.51784, 0.7962, 0.53891, 0.17916, 0.38684, 0.49528, 0.84789, 0.05686, 0.08189, 0.37042, 0.68936, 0.18476, 0.69599, 0.82767, 0.17951, 0.1933, 0.86572, 0.12003, 0.03678, 0.21469, 0.12622, 0.12432, 0.77258, 0.34283, 0.02919, 0.60067, 0.08805, 0.75805, 0.04495, 0.02906, 0.24227, 0.88313, 0.80932, 0.16063, 0.24469, 0.02844, 0.8091, 0.03045, 0.33847, 0.71694, 0.42403, 0.2871, 0.42472, 0.05901, 0.11792, 0.80127, 0.03799, 0.46393, 0.51002, 0.01415, 0.17733, 0.02338, 0.14343, 0.75954, 0.06211, 0.87574, 0.87211, 0.18931, 0.09246, 0.04019, 0.47917, 0.389, 0.20256, 0.90152, 0.45011, 0.23646, 0.08462, 0.01718, 0.87255, 0.68394, 0.90287, 0.10025, 0.03101, 0.22115, 0.22467, 0.2299, 0.43103, 0.84128, 0.81223, 0.49231, 0.18259, 0.04477, 0.08644, 0.19699, 0.88243, 0.64634, 0.04243, 0.80184, 0.17524, 0.20102, 0.48898, 0.86842, 0.5311, 0.13224, 0.90903, 0.03782, 0.39997, 0.72366, 0.76914, 0.37564, 0.42254, 0.87349, 0.8914, 0.01887, 0.08406, 0.06519, 0.86998, 0.42804, 0.09867, 0.82797, 0.14608, 0.30057, 0.10237, 0.18229, 0.22036, 0.17992, 0.21137, 0.3526, 0.54216, 0.81968, 0.11007, 0.01861, 0.04743, 0.77526, 0.24314, 0.3577, 0.33933, 0.6201, 0.39314, 0.1408, 0.03345, 0.39714, 0.26936, 0.70267, 0.71671, 0.22684, 0.40221, 0.62348, 0.4135, 0.07626, 0.37545, 0.91542, 0.7182, 0.63252, 0.72521, 0.89746, 0.82873, 0.75074, 0.49553, 0.53536, 0.07774, 0.23019, 0.1879, 0.10449, 0.62818, 0.72091, 0.84945, 0.62014, 0.49891, 0.02709, 0.31658, 0.74329, 0.60704, 0.67753, 0.03427, 0.02055, 0.72198, 0.70091, 0.16844, 0.81342, 0.05277, 0.01302, 0.19412, 0.18777, 0.30269, 0.29253, 0.76244, 0.06045, 0.62262, 0.45696, 0.84625, 0.39594, 0.77184, 0.77211, 0.56931, 0.55815, 0.12346, 0.82145, 0.37422, 0.79165, 0.70952, 0.82786, 0.20472, 0.57828, 0.78913, 0.64329, 0.01614, 0.86297, 0.03816, 0.89769, 0.39392, 0.54795, 0.56743, 0.11604, 0.14341, 0.45348, 0.21336, 0.667, 0.83199, 0.04199, 0.51339, 0.07369, 0.54337, 0.65015, 0.32936, 0.60381, 0.18431, 0.7716, 0.03145, 0.57915, 0.54485, 0.12069, 0.12035, 0.33392, 0.23006, 0.86862, 0.69581, 0.81745, 0.03645, 0.06817, 0.40134, 0.41443, 0.16369, 0.06584, 0.02957, 0.04858, 0.10154, 0.87286, 0.04617, 0.85569, 0.89738, 0.37548, 0.13701, 0.73569, 0.65708, 0.05941, 0.11655, 0.67007, 0.81622, 0.79937, 0.75792, 0.19936, 0.34969, 0.33421, 0.45467, 0.0291, 0.22107, 0.19767, 0.77873, 0.55978, 0.06292, 0.77258, 0.75067, 0.84986, 0.33815, 0.04464, 0.28348, 0.77856, 0.2883, 0.01499, 0.842, 0.10842, 0.92937, 0.58522, 0.589, 0.79102, 0.3559, 0.06472, 0.79795, 0.64196, 0.61686, 0.6058, 0.09788, 0.18175, 0.1059, 0.57653, 0.73132, 0.50249, 0.54839, 0.07254, 0.0303, 0.04991, 0.42929, 0.03728, 0.04659, 0.77907, 0.21347, 0.18982, 0.8988, 0.6193, 0.13864, 0.14544, 0.55395, 0.056, 0.73335, 0.28978, 0.02997, 0.81068, 0.76407, 0.72395, 0.46217, 0.18, 0.66168, 0.62406, 0.10109, 0.91369, 0.85581, 0.08469, 0.02747, 0.86516, 0.38085, 0.77519, 0.10975, 0.15657, 0.7361, 0.64134, 0.4482, 0.02009, 0.33619, 0.86814, 0.7614, 0.91836, 0.59992, 0.53256, 0.47414, 0.62672, 0.03667, 0.0422, 0.87473, 0.02148, 0.02224, 0.10964, 0.31945, 0.5224, 0.03623, 0.60945, 0.49217, 0.73346, 0.82432, 0.08057, 0.87042, 0.42674, 0.12634, 0.63632, 0.8088, 0.31557, 0.04382, 0.66027, 0.4499, 0.2412, 0.45435, 0.21511, 0.84041, 0.88942, 0.48439, 0.15215, 0.15207, 0.03948, 0.02851, 0.53366, 0.53212, 0.78709, 0.17371, 0.16516, 0.70749, 0.89903, 0.36345, 0.90173, 0.18925, 0.09965, 0.18155, 0.05836, 0.61038, 0.4926, 0.11062, 0.71399, 0.15549, 0.8991, 0.75213, 0.86613, 0.75609, 0.42795, 0.69641, 0.1518, 0.39599, 0.57343, 0.83327, 0.84064, 0.07212, 0.65002, 0.22714, 0.42645, 0.11821, 0.10932, 0.64565, 0.59156, 0.54109, 0.71903, 0.82139, 0.10322, 0.86069, 0.58481, 0.04213, 0.8494, 0.08332, 0.18462, 0.53804, 0.03139, 0.88966, 0.86063, 0.08189, 0.85957, 0.67326, 0.80114, 0.31345, 0.07783, 0.14105, 0.20446, 0.08388, 0.22045, 0.10379, 0.59039, 0.87944, 0.23919, 0.1834, 0.63807, 0.39159, 0.25809, 0.59596, 0.83488, 0.7333, 0.79945, 0.84443, 0.24584, 0.74252, 0.39874, 0.42127, 0.14924, 0.02446, 0.89332, 0.12434, 0.10473, 0.91815, 0.16361, 0.66148, 0.12056, 0.0367, 0.02803, 0.84323, 0.71303, 0.65829, 0.43837, 0.40439, 0.70333, 0.21712, 0.79342, 0.88904, 0.07645, 0.62952, 0.12465, 0.05079, 0.38983, 0.88777, 0.50227, 0.08824, 0.03927, 0.65618, 0.9015, 0.85132, 0.8681, 0.17143, 0.18241, 0.6035, 0.8282, 0.21458, 0.11519, 0.01232, 0.84022, 0.8655, 0.63106, 0.80767, 0.16469, 0.13603, 0.0259, 0.5248, 0.70471, 0.55984, 0.02231, 0.70649, 0.56825, 0.89447, 0.03558, 0.7406, 0.57113, 0.10792, 0.26175, 0.51684, 0.69228, 0.04354, 0.91365, 0.58044, 0.66862, 0.83616, 0.02494, 0.68709, 0.01906, 0.26477, 0.69155, 0.19014, 0.60525, 0.08501, 0.03528, 0.13429, 0.64813, 0.82836, 0.0682, 0.07829, 0.05175, 0.08556, 0.44331, 0.35872, 0.33014, 0.53753, 0.8628, 0.42623, 0.17401, 0.0788, 0.70432, 0.11591, 0.10167, 0.04258, 0.05885, 0.72043, 0.04821, 0.86909, 0.52264, 0.33891, 0.06348, 0.91418, 0.09862, 0.65228, 0.78399, 0.52698, 0.47059, 0.04807, 0.03622, 0.25199, 0.16133, 0.46039, 0.80023, 0.01239, 0.76104, 0.59871, 0.28967, 0.89064, 0.0858, 0.35982, 0.15403, 0.51429, 0.06808, 0.34152, 0.39985, 0.92768, 0.85677, 0.75615, 0.80418, 0.09711, 0.77336, 0.73293, 0.74792, 0.2143, 0.13798, 0.74745, 0.33616, 0.05963, 0.11283, 0.75214, 0.49855, 0.14042, 0.44726, 0.62027, 0.80952, 0.13479, 0.05844, 0.06191, 0.05586, 0.90536, 0.20372, 0.57507, 0.08181, 0.68302, 0.03392, 0.13219, 0.10801, 0.77861, 0.39053, 0.33019, 0.86981, 0.06403, 0.05752, 0.82369, 0.29671, 0.52383, 0.58878, 0.11533, 0.12431, 0.20163, 0.15133, 0.477, 0.67931, 0.12146, 0.72752, 0.84997, 0.09058, 0.0877, 0.837, 0.54256, 0.36959, 0.69311, 0.44761, 0.05783, 0.60345, 0.08382, 0.61292, 0.24793, 0.74546, 0.40005, 0.37264, 0.82794, 0.62041, 0.30131, 0.80256, 0.66482, 0.67965, 0.04115, 0.51435, 0.3777, 0.10173, 0.03523, 0.8704, 0.77179, 0.88902, 0.6302, 0.29352, 0.90094, 0.69103, 0.02753, 0.19741, 0.88835, 0.62072, 0.17045, 0.05717, 0.83337, 0.46102, 0.55837, 