{"model": "ai4bharat/indic-bert", "dataset": "dravidian_malayalam", "train_config": "hardneg", "seed": 2024, "thr_cal": 0.5269623577594758, "metrics_05": {"macro": 0.5427392835600179, "toxf1": 0.15315315315315314, "prec": 0.09714285714285714, "rec": 0.3617021276595745, "prauc": 0.06997778450600597, "ece": 0.2552710913817088, "covert": 0.22784810126582278}, "metrics_cal": {"macro": 0.5578473900259106, "toxf1": 0.17346938775510204, "prec": 0.11409395973154363, "rec": 0.3617021276595745, "prauc": 0.06997778450600597, "ece": 0.2552710913817088, "covert": 0.24324324324324326}, "probs": [0.29658, 0.23353, 0.23133, 0.10313, 0.32418, 0.54101, 0.18269, 0.22483, 0.59581, 0.17795, 0.2078, 0.21182, 0.47047, 0.1761, 0.2038, 0.28103, 0.15352, 0.16914, 0.17945, 0.15068, 0.39661, 0.20425, 0.58421, 0.32882, 0.26584, 0.12636, 0.29543, 0.20418, 0.27876, 0.60176, 0.63447, 0.27358, 0.35075, 0.25488, 0.41559, 0.19165, 0.15233, 0.52173, 0.21103, 0.1355, 0.25943, 0.16411, 0.35706, 0.35809, 0.49683, 0.20647, 0.33371, 0.52257, 0.14378, 0.29039, 0.20443, 0.34365, 0.17712, 0.6676, 0.16299, 0.29547, 0.11624, 0.20341, 0.19567, 0.15036, 0.10941, 0.16944, 0.26676, 0.14314, 0.16292, 0.25096, 0.3314, 0.13435, 0.23921, 0.2967, 0.16426, 0.19729, 0.26561, 0.18668, 0.42069, 0.3235, 0.29337, 0.16638, 0.16684, 0.52988, 0.28754, 0.17539, 0.22062, 0.22795, 0.25875, 0.29062, 0.16685, 0.18343, 0.1564, 0.51145, 0.18708, 0.20955, 0.44854, 0.44999, 0.1116, 0.5344, 0.42615, 0.15062, 0.17021, 0.2851, 0.34562, 0.11698, 0.4303, 0.20043, 0.31105, 0.15963, 0.12827, 0.12138, 0.58849, 0.26957, 0.16544, 0.20463, 0.26938, 0.156, 0.24249, 0.19441, 0.57257, 0.20668, 0.18162, 0.09315, 0.33487, 0.2525, 0.32174, 0.32411, 0.37251, 0.29841, 0.66316, 0.15513, 0.56906, 0.19506, 0.34117, 0.18265, 0.26488, 0.38866, 0.12414, 0.17023, 0.22007, 0.19693, 0.55961, 0.15518, 0.15997, 0.18843, 0.17025, 0.41598, 0.17862, 0.14985, 0.14756, 0.15602, 0.22941, 0.57719, 0.56919, 0.17478, 0.11531, 0.13048, 0.65312, 0.71327, 0.20034, 0.31265, 0.24641, 0.21598, 0.34143, 0.22383, 0.14184, 0.71984, 0.2647, 0.11716, 0.39934, 0.16949, 0.26793, 0.18076, 0.27063, 0.18019, 0.20255, 0.24071, 0.44539, 0.49731, 0.4728, 0.58123, 0.42285, 0.38432, 0.12513, 0.15431, 0.62475, 0.12112, 0.70249, 0.12393, 0.20114, 0.1322, 0.32983, 0.62122, 0.24617, 0.35215, 0.70988, 0.23727, 0.14715, 0.42524, 0.3658, 0.40464, 0.61787, 0.1362, 0.15013, 0.13123, 0.30123, 0.63382, 0.2444, 0.36857, 0.09967, 0.19879, 0.09999, 0.24327, 0.13259, 0.24116, 0.21814, 0.42637, 0.19601, 0.14999, 0.62382, 0.23176, 0.17235, 0.1549, 0.1139, 0.31766, 0.44053, 0.43814, 0.28419, 0.15406, 0.7258, 0.17049, 0.22667, 0.15232, 0.52095, 0.23109, 0.58942, 0.20647, 0.58172, 0.36681, 0.28764, 0.32092, 0.21034, 0.20083, 0.26871, 0.10266, 0.17942, 0.42828, 0.2608, 0.37244, 0.65297, 0.26649, 0.45469, 0.15023, 0.22711, 0.47908, 0.35137, 0.44877, 0.33426, 0.24085, 0.34572, 0.12684, 0.15018, 0.0985, 0.15211, 0.50554, 0.188, 0.60186, 0.24123, 0.31478, 0.22173, 0.33732, 0.29602, 0.28979, 0.59745, 0.16759, 0.30718, 0.55174, 0.16111, 0.18398, 0.21124, 0.15714, 0.28288, 0.14603, 0.16905, 0.1319, 0.1944, 0.14632, 0.2611, 0.31133, 0.42775, 0.08669, 0.44582, 0.11556, 0.42805, 0.44991, 0.33863, 0.16538, 0.19206, 0.72276, 0.60885, 0.56826, 0.26282, 0.41927, 0.35411, 0.18501, 0.16708, 0.2337, 0.41078, 0.28519, 0.39813, 0.37692, 0.24896, 0.38105, 0.36115, 0.31096, 0.41174, 0.3482, 0.32633, 0.28237, 0.20369, 0.29895, 0.09853, 0.47874, 0.30687, 0.43, 0.32375, 0.24882, 0.20517, 0.15061, 0.17539, 0.42799, 0.21276, 0.21337, 0.24519, 0.32451, 0.19663, 0.31207, 0.26703, 0.16087, 0.18405, 0.39137, 0.22357, 0.15702, 0.38742, 0.1178, 0.63392, 0.50715, 0.16717, 0.38995, 0.22774, 0.16365, 0.15594, 0.17962, 0.13563, 0.24183, 0.4911, 0.36492, 0.12142, 0.37693, 0.50946, 0.16994, 0.36543, 0.51129, 0.53457, 0.18161, 0.14072, 0.69696, 0.27098, 0.32853, 0.32607, 0.1745, 0.17008, 0.15963, 0.34449, 0.18208, 0.66946, 0.24364, 0.13768, 0.24519, 0.19083, 0.17874, 0.20763, 0.38582, 0.08678, 0.38446, 0.17571, 0.25286, 0.31368, 0.17074, 0.20882, 0.23523, 0.40249, 0.21957, 0.14482, 0.11823, 0.15169, 0.16063, 0.31391, 0.49235, 0.34489, 0.18735, 0.30028, 0.58477, 0.12785, 0.17539, 0.67519, 0.26907, 0.15887, 0.30199, 0.12947, 0.24596, 0.29394, 0.31408, 0.17692, 0.13652, 0.49843, 0.15701, 0.2061, 0.10586, 0.19326, 0.1986, 0.33751, 0.63094, 0.51539, 0.21691, 0.28108, 0.16548, 0.18062, 0.47061, 0.12807, 0.27339, 0.20429, 0.1642, 0.25876, 0.13689, 0.13868, 0.33623, 0.13157, 0.2304, 0.70039, 0.43315, 0.15393, 0.19568, 0.16671, 0.17879, 0.33065, 0.16542, 0.35706, 0.12219, 0.43008, 0.47239, 0.2468, 0.28046, 0.22438, 0.20198, 0.18799, 0.17871, 0.233, 0.33564, 0.20668, 0.19126, 0.51552, 0.55324, 0.17156, 0.17535, 0.25089, 0.17293, 0.27768, 0.13648, 0.22127, 0.22155, 0.11475, 0.24205, 0.36681, 0.1978, 0.40151, 0.32407, 0.21562, 0.19952, 0.18756, 0.21343, 0.54851, 0.17263, 0.14386, 0.57111, 0.46191, 0.22322, 0.55714, 0.2208, 0.22846, 0.42271, 0.19288, 0.70968, 0.38535, 0.53088, 0.09315, 0.10266, 0.43297, 0.40719, 0.18318, 0.16468, 0.35496, 0.57486, 0.55326, 0.17162, 0.15729, 0.7034, 0.15864, 0.10646, 0.24726, 0.15023, 0.16643, 0.42594, 0.10608, 0.21123, 0.35673, 0.2639, 0.19117, 0.11728, 0.20154, 0.34397, 0.51239, 0.2362, 0.15987, 0.28085, 0.2632, 0.10069, 0.13518, 0.19415, 0.68391, 0.13234, 0.18649, 0.2102, 0.18573, 0.45269, 0.42613, 0.21953, 0.34104, 0.34066, 0.31906, 0.24306, 0.25559, 0.28959, 0.15358, 0.70199, 0.30005, 0.35897, 0.31717, 0.18298, 0.73579, 0.23081, 0.11488, 0.21322, 0.20493, 0.13118, 0.23222, 0.34225, 0.27585, 0.0924, 0.24097, 0.26047, 0.28708, 0.29867, 0.50066, 0.32351, 0.48, 0.15088, 0.38142, 0.19925, 0.20369, 0.14451, 0.52258, 0.58652, 0.40837, 0.11576, 0.24515, 0.31837, 0.16049, 0.37646, 0.18088, 0.15462, 0.18826, 0.51427, 0.31834, 0.35996, 0.18225, 0.591, 0.17962, 0.21318, 0.17886, 0.14695, 0.2308, 0.33786, 0.16723, 0.13939, 0.19452, 0.39107, 0.16778, 0.2104, 0.24714, 0.21039, 0.23213, 0.50554, 0.2808, 0.18167, 0.38434, 0.22426, 0.3072, 0.62046, 0.67968, 0.54456, 0.30283, 0.19243, 0.18038, 0.35265, 0.14338, 0.17881, 0.13971, 0.56751, 0.10655, 0.27014, 0.27596, 0.17852, 0.26584, 0.36224, 0.55606, 0.46075, 0.21193, 0.12533, 0.6292, 0.15031, 0.16987, 0.15091, 0.22371, 0.47715, 0.23914, 0.6854, 0.43235, 0.16737, 0.53697, 0.20762, 0.14693, 0.22105, 0.46766, 0.39625, 0.19236, 0.19248, 0.2131, 0.73, 0.18637, 0.2972, 0.54738, 0.14918, 0.12939, 0.25635, 0.3628, 0.65158, 0.2915, 0.11854, 0.70943, 0.64061, 0.483, 0.28327, 0.4251, 0.68601, 0.22257, 0.13851, 0.20135, 0.25814, 0.35735, 0.59333, 0.66595, 0.46329, 0.27026, 0.23542, 0.34195, 0.33327, 0.28108, 0.68529, 0.46604, 0.47741, 0.18848, 0.30173, 0.24649, 0.11259, 0.1808, 0.29686, 0.18354, 0.25826, 0.15889, 0.29759, 0.25195, 0.31849, 0.26998, 0.34397, 0.29136, 0.26058, 0.19891, 0.18902, 0.36798, 0.66832, 0.4066, 0.47965, 0.48989, 0.20743, 0.34644, 0.41937, 0.09952, 0.2505, 0.17839, 0.38381, 0.48376, 0.34755, 0.3676, 0.20816, 0.25004, 0.18516, 0.12394, 0.20535, 0.17956, 0.16308, 0.17288, 0.2608, 0.19068, 0.1357, 0.39992, 0.1482, 0.20204, 0.17406, 0.10751, 0.27686, 0.26769, 0.25957, 0.15899, 0.61045, 0.20249, 0.30991, 0.28182, 0.17867, 0.50735, 0.1045, 0.18372, 0.1826, 0.23652, 0.48042, 0.62417, 0.30947, 0.38945, 0.25623, 0.14797, 0.42985, 0.32163, 0.12982, 0.19758, 0.35992, 0.28855, 0.2904, 0.2068, 0.32167, 0.39084, 0.46615, 0.24261, 0.24345, 0.18449, 0.14252, 0.41127, 0.19235, 0.1745, 0.2856, 0.4591, 0.18098, 0.26998, 0.12398, 0.66254, 0.18688, 0.43056, 0.10942, 0.45036, 0.68866, 0.3878, 0.17035, 0.18178, 0.48071, 0.17138, 0.32375, 0.48758, 0.74095, 0.31391, 0.22988, 0.18848, 0.19601, 0.18767, 0.19233, 0.64, 0.65347, 0.49771, 0.5819, 0.13557, 0.71219, 0.16259, 0.27357, 0.20607, 0.1289, 0.37312, 0.25217, 0.37848, 0.63484, 0.52589, 0.10702, 0.33602, 0.21209, 0.45835, 0.18613, 0.18763, 0.34069, 0.16868, 0.33774, 0.15031, 0.67262, 0.17628, 0.17273, 0.15377, 0.20946, 0.39435, 0.26663, 0.35182, 0.33218, 0.22552, 0.20508, 0.20028, 0.38065, 0.35589, 0.17237, 0.1092, 0.21145, 0.44961, 0.37025, 