{"model": "ai4bharat/indic-bert", "dataset": "dravidian_tamil", "train_config": "supcon", "seed": 2024, "thr_cal": 0.6699533373117448, "metrics_05": {"macro": 0.6444135129736306, "toxf1": 0.5351299326275265, "prec": 0.402315484804631, "rec": 0.7988505747126436, "prauc": 0.5221514048449324, "ece": 0.20303830883900326, "covert": 0.6868250539956804}, "metrics_cal": {"macro": 0.6796101269354163, "toxf1": 0.5420560747663551, "prec": 0.4566929133858268, "rec": 0.6666666666666666, "prauc": 0.5221514048449324, "ece": 0.20303830883900326, "covert": 0.6617647058823529}, "probs": [0.04422, 0.01239, 0.79084, 0.04688, 0.81132, 0.22995, 0.13889, 0.0776, 0.02816, 0.11328, 0.10465, 0.26355, 0.02816, 0.07556, 0.15003, 0.0557, 0.86613, 0.60583, 0.05045, 0.32898, 0.60977, 0.23825, 0.09727, 0.1009, 0.07285, 0.56001, 0.87023, 0.05934, 0.04395, 0.04312, 0.68323, 0.30634, 0.21274, 0.1414, 0.24114, 0.88243, 0.26143, 0.1287, 0.01515, 0.62494, 0.4691, 0.22324, 0.81009, 0.84574, 0.10072, 0.81229, 0.06917, 0.27634, 0.20698, 0.0619, 0.02336, 0.66092, 0.14582, 0.22938, 0.36532, 0.60198, 0.80671, 0.70188, 0.81736, 0.31172, 0.33438, 0.04328, 0.63703, 0.47608, 0.15116, 0.12172, 0.04484, 0.31423, 0.88305, 0.44719, 0.77506, 0.78504, 0.20687, 0.07407, 0.83167, 0.86305, 0.81089, 0.86166, 0.04107, 0.19289, 0.64264, 0.67382, 0.55188, 0.00692, 0.15267, 0.04153, 0.38528, 0.38304, 0.13723, 0.86035, 0.14754, 0.83351, 0.08347, 0.53606, 0.27016, 0.26767, 0.70033, 0.46891, 0.40929, 0.04827, 0.63096, 0.01293, 0.05577, 0.16283, 0.81833, 0.7253, 0.7966, 0.45706, 0.01261, 0.78253, 0.78195, 0.32455, 0.8488, 0.8156, 0.64199, 0.03545, 0.39966, 0.41952, 0.21381, 0.01528, 0.78916, 0.05727, 0.39891, 0.256, 0.65507, 0.1556, 0.80762, 0.69216, 0.09191, 0.07535, 0.58796, 0.70362, 0.77181, 0.18577, 0.745, 0.81644, 0.4032, 0.06996, 0.15199, 0.65695, 0.65428, 0.01438, 0.8591, 0.90378, 0.1813, 0.37108, 0.01879, 0.48576, 0.17773, 0.60281, 0.83027, 0.05698, 0.60258, 0.13743, 0.64284, 0.05426, 0.03344, 0.70845, 0.05075, 0.59925, 0.18387, 0.80788, 0.29052, 0.89235, 0.29865, 0.36358, 0.67614, 0.24599, 0.52551, 0.71251, 0.80367, 0.78397, 0.63227, 0.41865, 0.1642, 0.23043, 0.77061, 0.1207, 0.09234, 0.28194, 0.51066, 0.30492, 0.52766, 0.73126, 0.08346, 0.14854, 0.80247, 0.07233, 0.0148, 0.3529, 0.18822, 0.11927, 0.6067, 0.0905, 0.01399, 0.73235, 0.10853, 0.8299, 0.08363, 0.12603, 0.12394, 0.80461, 0.68035, 0.13453, 0.29007, 0.09372, 0.78277, 0.03493, 0.30021, 0.71096, 0.37293, 0.2428, 0.37872, 0.02361, 0.18024, 0.78607, 0.11094, 0.32745, 0.75641, 0.02107, 0.26418, 0.02585, 0.17269, 0.81955, 0.09749, 0.89532, 0.88204, 0.61121, 0.06739, 0.08053, 0.35599, 0.13612, 0.04023, 0.89429, 0.34591, 0.17436, 0.22136, 0.00789, 0.85389, 0.39938, 0.88247, 0.65741, 0.0465, 0.54151, 0.29369, 0.2372, 0.16323, 0.84207, 0.80395, 0.75655, 0.08372, 0.05151, 0.05665, 0.18851, 0.81981, 0.7693, 0.01757, 0.86077, 0.20259, 0.05773, 0.41599, 0.8717, 0.65843, 0.14263, 0.89383, 0.0163, 0.2062, 0.6532, 0.72391, 0.4369, 0.17309, 0.83577, 0.79601, 0.01026, 0.04382, 0.10198, 0.8761, 0.665, 0.04535, 0.69037, 0.05187, 0.13161, 0.27977, 0.26734, 0.4092, 0.11808, 0.28407, 0.53625, 0.59476, 0.81692, 0.04655, 0.00928, 0.04827, 0.7989, 0.0892, 0.50127, 0.28144, 0.77738, 0.68695, 0.20357, 0.01347, 0.08217, 0.26524, 0.74329, 0.84081, 0.30548, 0.25685, 0.75267, 0.31397, 0.10099, 0.48696, 0.88937, 0.66642, 0.40813, 0.68975, 0.84265, 0.79309, 0.7351, 0.45738, 0.73485, 0.20357, 0.34288, 0.09378, 0.2487, 0.26471, 0.85638, 0.7806, 0.67205, 0.63867, 0.01703, 0.40975, 0.76229, 0.70826, 0.52657, 0.07919, 0.05086, 0.84896, 0.53507, 0.14212, 0.52941, 0.03106, 0.00887, 0.31952, 0.32658, 0.3997, 0.11502, 0.79475, 0.03806, 0.66131, 0.7511, 0.77812, 0.22432, 0.41997, 0.75262, 0.51349, 0.54443, 0.18887, 0.55912, 0.3598, 0.75987, 0.75855, 0.77258, 0.21848, 0.35275, 0.81716, 0.62276, 0.02589, 0.85968, 0.01463, 0.87694, 0.24357, 0.67232, 0.3205, 0.1164, 0.14208, 0.74122, 0.04498, 0.24932, 0.79215, 0.11363, 0.41262, 0.1597, 0.66061, 0.69982, 0.39833, 0.48218, 0.07488, 0.7829, 0.04368, 0.69975, 0.69718, 0.23569, 0.42859, 0.23855, 0.14729, 0.84419, 0.37797, 0.83843, 0.04758, 0.11847, 0.58221, 0.47451, 0.11587, 0.27243, 0.0437, 0.14588, 0.33633, 0.88685, 0.01877, 0.86474, 0.90009, 0.23173, 0.17045, 0.69435, 0.76233, 0.04955, 0.25878, 0.38381, 0.80415, 0.80287, 0.76757, 0.42964, 0.36797, 0.19336, 0.61805, 0.01847, 0.22231, 0.59097, 0.79986, 0.78585, 0.06639, 0.6883, 0.77583, 0.74786, 0.56185, 0.05429, 0.02854, 0.84189, 0.34411, 0.0144, 0.84661, 0.04479, 0.90935, 0.78142, 0.50017, 0.81413, 0.55048, 0.0407, 0.62947, 0.66874, 0.79286, 0.73477, 0.32552, 0.23088, 0.22379, 0.72238, 0.6983, 0.65567, 0.15597, 0.10668, 0.01087, 0.10345, 0.47266, 0.11815, 0.03631, 0.82916, 0.25125, 0.12819, 0.81343, 0.51955, 0.08857, 0.27521, 0.47182, 0.03284, 0.75581, 0.6187, 0.03998, 0.77159, 0.69887, 0.78642, 0.6813, 0.18976, 0.72612, 0.72243, 0.08452, 0.89251, 0.8567, 0.15602, 0.02381, 0.8605, 0.33042, 0.78022, 0.10935, 0.10644, 0.81838, 0.73248, 0.79251, 0.01574, 0.20779, 0.83514, 0.69373, 0.88658, 0.09612, 0.43631, 0.68581, 0.73668, 0.18053, 0.04816, 0.88652, 0.02572, 0.01401, 0.22526, 0.22786, 0.69484, 0.03086, 0.83726, 0.72148, 0.38897, 0.7319, 0.05888, 0.84134, 0.18657, 0.0586, 0.77261, 0.84834, 0.07261, 0.06639, 0.38979, 0.49045, 0.21757, 0.59068, 0.13948, 0.8106, 0.87946, 0.29356, 0.16081, 0.08364, 0.03583, 0.03582, 0.73225, 0.60856, 0.722, 0.26194, 0.18443, 0.80027, 0.89964, 0.72112, 0.71487, 0.13246, 0.123, 0.13095, 0.05747, 0.7472, 0.43392, 0.38103, 0.7284, 0.72439, 0.84447, 0.80858, 0.86071, 0.69956, 0.58617, 0.78062, 0.46152, 0.63022, 0.67426, 0.79107, 0.67778, 0.08307, 0.83168, 0.23194, 0.45021, 0.16247, 0.05041, 0.62045, 0.466, 0.58214, 0.51322, 0.81307, 0.26744, 0.81249, 0.34084, 0.01575, 0.81596, 0.10681, 0.12416, 0.50536, 0.01897, 0.86702, 0.86515, 0.02308, 0.85493, 0.73808, 0.81725, 0.32296, 0.11045, 0.11736, 0.08825, 0.10867, 0.37946, 0.05082, 0.64972, 0.86215, 0.08782, 0.125, 0.59145, 0.62118, 0.55179, 0.48828, 0.84847, 0.72441, 0.74374, 0.84278, 0.33183, 0.77176, 0.76532, 0.13975, 0.08912, 0.07666, 0.83615, 0.07271, 0.2237, 0.90025, 0.11949, 0.81131, 0.21368, 0.03444, 0.0083, 0.80815, 0.79211, 0.72438, 0.37426, 0.08011, 0.79097, 0.15858, 0.74909, 0.83503, 0.07386, 0.79848, 0.20463, 0.07947, 0.74245, 0.83007, 0.37084, 0.29141, 0.03881, 0.63482, 0.86125, 0.76962, 0.84602, 0.22837, 0.31014, 0.4334, 0.80877, 0.26203, 0.12855, 0.00922, 0.84125, 0.80819, 0.54126, 0.79575, 0.08429, 0.09111, 0.01107, 0.58775, 0.62542, 0.61689, 0.07706, 0.81859, 0.58316, 0.86632, 0.03691, 0.81301, 0.51189, 0.0481, 0.15497, 0.53726, 0.81816, 0.04023, 0.90545, 0.28804, 0.60493, 0.71736, 0.0229, 0.86942, 0.02712, 0.31616, 0.73914, 0.1596, 0.76825, 0.09712, 0.07004, 0.18604, 0.74389, 0.76453, 0.06716, 0.14154, 0.08, 0.38043, 0.48377, 0.4077, 0.63237, 0.79247, 0.83938, 0.33098, 0.32385, 0.37285, 0.83552, 0.03893, 0.07714, 0.07474, 0.08137, 0.8275, 0.01664, 0.83568, 0.80684, 0.54725, 0.03567, 0.89734, 0.04253, 0.69627, 0.60252, 0.69364, 0.35336, 0.18575, 0.08115, 0.28652, 0.59282, 0.25971, 0.77657, 0.01132, 0.819, 0.58844, 0.52901, 0.8501, 0.07535, 0.25014, 0.06931, 0.71853, 0.044, 0.14217, 0.30853, 0.92353, 0.81309, 0.7938, 0.68012, 0.15371, 0.12796, 0.71859, 0.73517, 0.14671, 0.03836, 0.80758, 0.53622, 0.30445, 0.01795, 0.72672, 0.75019, 0.14524, 0.43355, 0.55935, 0.78139, 0.06036, 0.03464, 0.07794, 0.07571, 0.89207, 0.18616, 0.46636, 0.02495, 0.56177, 0.01402, 0.32816, 0.18267, 0.75612, 0.12695, 0.54733, 0.85111, 0.06604, 0.05743, 0.84411, 0.63331, 0.65821, 0.7911, 0.37687, 0.15486, 0.30571, 0.12447, 0.5796, 0.74115, 0.10202, 0.61442, 0.83859, 0.16585, 0.10586, 0.85112, 0.56744, 0.28861, 0.38426, 0.57767, 0.11783, 0.73195, 0.05341, 0.69575, 0.21607, 0.81651, 0.34146, 0.49208, 0.5066, 0.74494, 0.06145, 0.72527, 0.7223, 0.75818, 0.13602, 0.25049, 0.42936, 0.22777, 0.06028, 0.78177, 0.65813, 0.85864, 0.13424, 0.16303, 0.90046, 0.67307, 0.06423, 0.14945, 0.85072, 0.54651, 0.08144, 0.07712, 0.80786, 0.30856, 0.58941, 