{"model": "ai4bharat/indic-bert", "dataset": "dravidian_malayalam", "train_config": "hardneg", "seed": 7, "thr_cal": 0.5000578463077545, "metrics_05": {"macro": 0.5454365785208901, "toxf1": 0.14814814814814814, "prec": 0.09859154929577464, "rec": 0.2978723404255319, "prauc": 0.07620059316899376, "ece": 0.2734592420160771, "covert": 0.2}, "metrics_cal": {"macro": 0.5454365785208901, "toxf1": 0.14814814814814814, "prec": 0.09859154929577464, "rec": 0.2978723404255319, "prauc": 0.07620059316899376, "ece": 0.2734592420160771, "covert": 0.2}, "probs": [0.26288, 0.24499, 0.2273, 0.17215, 0.42217, 0.56, 0.15927, 0.2597, 0.52988, 0.32833, 0.23918, 0.27131, 0.55451, 0.20986, 0.23949, 0.18268, 0.23121, 0.25484, 0.29405, 0.23982, 0.41251, 0.26784, 0.5971, 0.22116, 0.17594, 0.15443, 0.24651, 0.19192, 0.39178, 0.49056, 0.52621, 0.26917, 0.43675, 0.26501, 0.37531, 0.23556, 0.27961, 0.26948, 0.20899, 0.19881, 0.40435, 0.19385, 0.32943, 0.42128, 0.61482, 0.13684, 0.45753, 0.48839, 0.13937, 0.17342, 0.1616, 0.41096, 0.23088, 0.66857, 0.20133, 0.19904, 0.16675, 0.20571, 0.1775, 0.17073, 0.16152, 0.19627, 0.38419, 0.25457, 0.16624, 0.16498, 0.31829, 0.11145, 0.32105, 0.30423, 0.28968, 0.20579, 0.18475, 0.2554, 0.36369, 0.2533, 0.23064, 0.30896, 0.16907, 0.39083, 0.48067, 0.14939, 0.22112, 0.19843, 0.19484, 0.41794, 0.3982, 0.29667, 0.1587, 0.39703, 0.19349, 0.30468, 0.39135, 0.48064, 0.23157, 0.40733, 0.43351, 0.17854, 0.27482, 0.28678, 0.27389, 0.12674, 0.28487, 0.2703, 0.17726, 0.19925, 0.13811, 0.1867, 0.50592, 0.24256, 0.14468, 0.26733, 0.22913, 0.2571, 0.31833, 0.32536, 0.46019, 0.23748, 0.16327, 0.12092, 0.27453, 0.22062, 0.41952, 0.27544, 0.43235, 0.38317, 0.58102, 0.3009, 0.33351, 0.22891, 0.29337, 0.21579, 0.30647, 0.42344, 0.16489, 0.2302, 0.21779, 0.1609, 0.4384, 0.20786, 0.20299, 0.29123, 0.17438, 0.31024, 0.24211, 0.25223, 0.20347, 0.21393, 0.22245, 0.53, 0.56886, 0.18827, 0.16942, 0.19254, 0.53888, 0.70928, 0.22699, 0.37916, 0.3748, 0.24286, 0.37064, 0.29781, 0.15009, 0.59596, 0.22157, 0.14416, 0.26541, 0.18227, 0.51433, 0.22488, 0.31411, 0.36586, 0.26875, 0.5011, 0.26679, 0.37596, 0.43326, 0.44824, 0.34338, 0.36349, 0.1867, 0.18281, 0.57304, 0.2859, 0.74775, 0.16409, 0.32656, 0.25445, 0.41778, 0.4935, 0.40458, 0.26436, 0.68484, 0.21451, 0.29852, 0.5675, 0.35168, 0.39187, 0.58326, 0.24654, 0.20898, 0.15466, 0.34812, 0.5338, 0.35362, 0.28609, 0.15481, 0.31479, 0.18231, 0.24283, 0.20197, 0.22188, 0.19431, 0.56928, 0.22956, 0.20852, 0.55461, 0.25209, 0.15585, 0.15214, 0.19203, 0.33847, 0.38853, 0.42001, 0.21262, 0.18786, 0.70352, 0.10497, 0.16667, 0.25056, 0.47446, 0.47398, 0.60849, 0.13684, 0.53088, 0.32156, 0.28746, 0.32976, 0.24793, 0.30544, 0.336, 0.13707, 0.23622, 0.49994, 0.1952, 0.37703, 0.70254, 0.20424, 0.42783, 0.27143, 0.31126, 0.32212, 0.41291, 0.3856, 0.3928, 0.28858, 0.24425, 0.21846, 0.21978, 0.14933, 0.15656, 0.42826, 0.27667, 0.5567, 0.44524, 0.34407, 0.2395, 0.35075, 0.55942, 0.3548, 0.49291, 0.2732, 0.31799, 0.53779, 0.38054, 0.20209, 0.24156, 0.25379, 0.21979, 0.18969, 0.17351, 0.192, 0.35995, 0.25831, 0.21537, 0.3273, 0.30556, 0.16504, 0.4535, 0.14842, 0.39006, 0.51197, 0.31179, 0.24028, 0.24256, 0.7056, 0.59206, 0.52803, 0.36113, 0.40975, 0.27617, 0.16726, 0.24087, 0.21761, 0.38663, 0.20185, 0.23351, 0.5256, 0.152, 0.41881, 0.40841, 0.37024, 0.41526, 0.48192, 0.40953, 0.37929, 0.24324, 0.31231, 0.14409, 0.57489, 0.30349, 0.34617, 0.2074, 0.33313, 0.25816, 0.19152, 0.14939, 0.37687, 0.35335, 0.19541, 0.22754, 0.4721, 0.29848, 0.41197, 0.23451, 0.2597, 0.24997, 0.41021, 0.22609, 0.23008, 0.41691, 0.2314, 0.65516, 0.28166, 0.18601, 0.33458, 0.28744, 0.26626, 0.22463, 0.29888, 0.23416, 0.51099, 0.30969, 0.24079, 0.16131, 0.32322, 0.50475, 0.20172, 0.32018, 0.5288, 0.4052, 0.1727, 0.14694, 0.65017, 0.2553, 0.29373, 0.43077, 0.24231, 0.24773, 0.19925, 0.30209, 0.25553, 0.67955, 0.24875, 0.28651, 0.22754, 0.19639, 0.24759, 0.20742, 0.39363, 0.1614, 0.33237, 0.18101, 0.32015, 0.39009, 0.1855, 0.19671, 0.40176, 0.38855, 0.17038, 0.22037, 0.13333, 0.31491, 0.19683, 0.32313, 0.40816, 0.45877, 0.17657, 0.2223, 0.59923, 0.14386, 0.23623, 0.65311, 0.18418, 0.25183, 0.19486, 0.22685, 0.43512, 0.33297, 0.28422, 0.17196, 0.17618, 0.43103, 0.16755, 0.25449, 0.13035, 0.17055, 0.26538, 0.2207, 0.60732, 0.38357, 0.25758, 0.31271, 0.15931, 0.20683, 0.3504, 0.20986, 0.23401, 0.29873, 0.23337, 0.29406, 0.19575, 0.12152, 0.34805, 0.16075, 0.33979, 0.52261, 0.37354, 0.15713, 0.18058, 0.19688, 0.1709, 0.28029, 0.16728, 0.36264, 0.1088, 0.40311, 0.45582, 0.2158, 0.28759, 0.29013, 0.24743, 0.2186, 0.20804, 0.2794, 0.34107, 0.23748, 0.17095, 0.52589, 0.58749, 0.14394, 0.29961, 0.29866, 0.2515, 0.23119, 0.17149, 0.24703, 0.1906, 0.17537, 0.38104, 0.32156, 0.22456, 0.43415, 0.38422, 0.34036, 0.46389, 0.25404, 0.27274, 0.66533, 0.22935, 0.24857, 0.69709, 0.38189, 0.2032, 0.42113, 0.25984, 0.41932, 0.4484, 0.18784, 0.72501, 0.39051, 0.55467, 0.12092, 0.13707, 0.48711, 0.23964, 0.21905, 0.17064, 0.35422, 0.45209, 0.60715, 0.34186, 0.16696, 0.60557, 0.16557, 0.18703, 0.33035, 0.15308, 0.20762, 0.36374, 0.2036, 0.3703, 0.32313, 0.28734, 0.25759, 0.2342, 0.16191, 0.40664, 0.54814, 0.24769, 0.18556, 0.29113, 0.23986, 0.13964, 0.23919, 0.2487, 0.64957, 0.22149, 0.14239, 0.22844, 0.22665, 0.46194, 0.33001, 0.4087, 0.28613, 0.3212, 0.28124, 0.27321, 0.32877, 0.24013, 0.15429, 0.70732, 0.32388, 0.17569, 0.41321, 0.3053, 0.28011, 0.29538, 0.12707, 0.17741, 0.15681, 0.25702, 0.18508, 0.48659, 0.24598, 0.18643, 0.39095, 0.2792, 0.22201, 0.31459, 0.46163, 0.39257, 0.52157, 0.14827, 0.58741, 0.36151, 0.27201, 0.16657, 0.60379, 0.52515, 0.38363, 0.17457, 0.22796, 0.26414, 0.22559, 0.36446, 0.1969, 0.26723, 0.24798, 0.34396, 0.27105, 0.26313, 0.26835, 0.55342, 0.19933, 0.42481, 0.23414, 0.21184, 0.30428, 0.3414, 0.21365, 0.34378, 0.30143, 0.32997, 0.30862, 0.20755, 0.31577, 0.20238, 0.14956, 0.42826, 0.26061, 0.25626, 0.36322, 0.23379, 0.37048, 0.47674, 0.63766, 0.47542, 0.39183, 0.355, 0.19304, 0.31165, 0.17833, 0.2151, 0.17028, 0.34141, 0.14959, 0.3169, 0.29159, 0.29867, 0.17594, 0.29171, 0.50168, 0.44454, 0.27487, 0.21156, 0.51413, 0.29697, 0.16976, 0.21371, 0.1562, 0.39085, 0.3593, 0.71667, 0.52654, 0.28019, 0.35541, 0.36778, 0.2074, 0.26991, 0.38697, 0.21917, 0.35618, 0.32414, 0.27377, 0.74745, 0.28293, 0.34477, 0.57838, 0.35428, 0.17547, 0.30182, 0.30594, 0.69137, 0.26519, 0.18213, 0.7567, 0.51867, 0.25958, 0.21572, 0.33551, 0.68463, 0.20796, 0.13964, 0.20272, 0.2572, 0.35161, 0.40549, 0.60477, 0.38357, 0.25217, 0.15346, 0.37899, 0.34807, 0.31271, 0.64499, 0.38233, 0.48981, 0.239, 0.24382, 0.20514, 0.16875, 0.16484, 0.40485, 0.2248, 0.32697, 0.20515, 0.48699, 0.39667, 0.27989, 0.18897, 0.37494, 0.39187, 0.40134, 0.11833, 0.24875, 0.31579, 0.54572, 0.32593, 0.61588, 0.49909, 0.25673, 0.41136, 0.45399, 0.19212, 0.42018, 0.32469, 0.30684, 0.45378, 0.38093, 0.32089, 0.27102, 0.26556, 0.2102, 0.23554, 0.19993, 0.17755, 0.5048, 0.24044, 0.29167, 0.26591, 0.18009, 0.5732, 0.22545, 0.44233, 0.36557, 0.23847, 0.39731, 0.45769, 0.26753, 0.20692, 0.31265, 0.2849, 0.42303, 0.21403, 0.18863, 0.46961, 0.12805, 0.29769, 0.24527, 0.36684, 0.35226, 0.53978, 0.29917, 0.35422, 0.28337, 0.20961, 0.415, 0.28411, 0.25809, 0.22749, 0.19677, 0.24771, 0.357, 0.30354, 0.32964, 0.47229, 0.30752, 0.29195, 0.22912, 0.26688, 0.18348, 0.25836, 0.30882, 0.24231, 0.24372, 0.3934, 0.20822, 0.18897, 0.15291, 0.56557, 0.25786, 0.34383, 0.1725, 0.27605, 0.65316, 0.44099, 0.15058, 0.26829, 0.35423, 0.27222, 0.2074, 0.4369, 0.43777, 0.21765, 0.37512, 0.239, 0.22956, 0.23768, 0.18003, 0.63347, 0.59731, 0.57732, 0.27704, 0.15562, 0.69056, 0.15403, 0.18016, 0.24533, 0.15053, 0.27612, 0.34271, 0.32327, 0.61305, 0.44825, 0.16678, 0.46253, 0.38423, 0.28556, 0.21379, 0.19618, 0.33755, 0.2114, 0.31672, 0.29697, 0.52347, 0.19427, 0.36513, 0.15455, 0.21029, 0.54848, 0.43389, 0.31973, 0.3702, 0.21251, 0.20786, 0.39508, 0.34424, 0.23182, 0.19875, 0.11891, 0.25474, 0.37046, 0.28137, 0.42359, 0.26671, 0.20327, 0.2812, 0.16013, 