{"model": "ai4bharat/indic-bert", "dataset": "hatexplain", "train_config": "ce", "seed": 99, "thr_cal": 0.1732736468315125, "metrics_05": {"macro": 0.7101497169656737, "toxf1": 0.7617430673457838, "prec": 0.788056206088993, "rec": 0.7371303395399781, "prauc": 0.8536415643264037, "ece": 0.08490889047582945, "covert": 0.8697872340425532}, "metrics_cal": {"macro": 0.6278883730689537, "toxf1": 0.7886405959031657, "prec": 0.68582995951417, "rec": 0.927710843373494, "prauc": 0.8536415643264037, "ece": 0.08490889047582945, "covert": 0.8918083462132921}, "probs": [0.85038, 0.14913, 0.03949, 0.42486, 0.26616, 0.53714, 0.9884, 0.16602, 0.38843, 0.07974, 0.32392, 0.09236, 0.07849, 0.24078, 0.26223, 0.08614, 0.19458, 0.51728, 0.97195, 0.1229, 0.01655, 0.82633, 0.02793, 0.38203, 0.27618, 0.91299, 0.9808, 0.19866, 0.2016, 0.5163, 0.88845, 0.09505, 0.92287, 0.68794, 0.98287, 0.10143, 0.50188, 0.59457, 0.57413, 0.31706, 0.92831, 0.94539, 0.21883, 0.54301, 0.28511, 0.4622, 0.10102, 0.86008, 0.85613, 0.62761, 0.06861, 0.50313, 0.97162, 0.58195, 0.50861, 0.81214, 0.23912, 0.10535, 0.51403, 0.8052, 0.17728, 0.90666, 0.84045, 0.18421, 0.96092, 0.73602, 0.96032, 0.86721, 0.48344, 0.93749, 0.22021, 0.92256, 0.15197, 0.91772, 0.26237, 0.52408, 0.91399, 0.52047, 0.82285, 0.97394, 0.94978, 0.17912, 0.86648, 0.1621, 0.25964, 0.17845, 0.87703, 0.65459, 0.52167, 0.8539, 0.03142, 0.9594, 0.45699, 0.10828, 0.94924, 0.07868, 0.28463, 0.46362, 0.69855, 0.98684, 0.0863, 0.84879, 0.93495, 0.79351, 0.11049, 0.3364, 0.30849, 0.84502, 0.98348, 0.21317, 0.01606, 0.18479, 0.48501, 0.12111, 0.52485, 0.6373, 0.81053, 0.52593, 0.945, 0.61971, 0.27541, 0.51269, 0.04881, 0.95352, 0.50622, 0.59187, 0.77985, 0.31004, 0.4597, 0.90048, 0.03817, 0.81178, 0.15271, 0.26392, 0.93309, 0.37865, 0.76563, 0.94103, 0.93048, 0.36627, 0.47669, 0.64109, 0.65108, 0.96402, 0.61787, 0.08118, 0.80234, 0.16154, 0.8955, 0.28205, 0.84431, 0.86247, 0.90275, 0.32372, 0.95032, 0.74061, 0.9441, 0.71911, 0.33237, 0.96796, 0.30066, 0.53802, 0.94831, 0.82106, 0.61089, 0.28181, 0.68524, 0.08909, 0.95081, 0.75816, 0.19779, 0.60162, 0.17189, 0.68783, 0.94948, 0.72702, 0.14768, 0.68608, 0.93132, 0.43446, 0.98489, 0.13078, 0.18012, 0.30114, 0.90702, 0.26517, 0.94637, 0.73223, 0.81855, 0.93435, 0.10099, 0.62327, 0.56507, 0.96615, 0.94823, 0.86875, 0.69121, 0.81432, 0.96655, 0.13238, 0.50786, 0.28748, 0.21138, 0.19512, 0.75567, 0.88121, 0.40097, 0.18262, 0.09933, 0.27445, 0.18622, 0.09447, 0.87318, 0.43704, 0.42345, 0.48511, 0.07077, 0.07901, 0.93249, 0.37676, 0.72198, 0.09458, 0.85958, 0.96974, 0.01504, 0.98214, 0.94472, 0.68022, 0.26653, 0.83351, 0.86892, 0.89741, 0.3867, 0.26015, 0.95929, 0.85027, 0.94803, 0.61561, 0.98283, 0.75081, 0.40053, 0.78082, 0.80661, 0.40984, 0.93806, 0.25193, 0.88371, 0.08348, 0.38184, 0.29917, 0.57315, 0.75537, 0.25487, 0.87864, 0.1327, 0.87025, 0.91435, 0.05752, 0.15939, 0.29577, 0.18256, 0.97503, 0.7666, 0.86456, 0.85451, 0.55856, 0.90904, 0.02707, 0.2308, 0.32014, 0.2962, 0.56248, 0.12364, 0.9352, 0.49045, 0.65014, 0.97636, 0.98454, 0.88412, 0.593, 0.98469, 0.95152, 0.91406, 0.93341, 0.15147, 0.47429, 0.76549, 0.03611, 0.03949, 0.25477, 0.13006, 0.33009, 0.0924, 0.16503, 0.8811, 0.26629, 0.42591, 0.07143, 0.9602, 0.34407, 0.42409, 0.13781, 0.39912, 0.97487, 0.45083, 0.4459, 0.29734, 0.95862, 0.11089, 0.28565, 0.89208, 0.41051, 0.93822, 0.40908, 0.78655, 0.69726, 0.82762, 0.47798, 0.95736, 0.93273, 0.71189, 0.11655, 0.73536, 0.42945, 0.08308, 0.96399, 0.19374, 0.11038, 0.70341, 0.9122, 0.88738, 0.96758, 0.17695, 0.89474, 0.5971, 0.27373, 0.54017, 0.7605, 0.93713, 0.027, 0.52674, 0.96648, 0.59377, 0.92867, 0.07554, 0.88451, 0.02758, 0.47788, 0.11451, 0.45217, 0.1286, 0.57725, 0.21094, 0.98369, 0.62344, 0.9823, 0.03706, 0.52333, 0.18477, 0.43958, 0.517, 0.84298, 0.96956, 0.00498, 0.97506, 0.59503, 0.985, 0.98858, 0.22727, 0.77555, 0.14298, 0.52258, 0.86727, 0.95666, 0.56761, 0.65358, 0.18268, 0.71793, 0.62862, 0.93695, 0.9096, 0.79096, 0.34542, 0.98504, 0.27231, 0.08174, 0.02303, 0.1307, 0.7376, 0.87813, 0.87911, 0.68421, 0.59862, 0.63088, 0.9529, 0.96372, 0.39558, 0.93972, 0.71697, 0.36554, 0.87394, 0.18279, 0.67285, 0.61179, 0.48517, 0.47802, 0.85959, 0.93454, 0.36449, 0.01725, 0.73075, 0.30582, 0.21561, 0.34023, 0.08735, 0.5825, 0.18598, 0.30064, 0.90887, 0.39444, 0.76806, 0.17775, 0.84745, 0.47369, 0.1897, 0.70955, 0.20096, 0.28181, 0.8529, 0.7044, 0.02144, 0.12679, 0.18619, 0.23183, 0.72764, 0.98412, 0.95424, 0.94409, 0.85035, 0.0972, 0.96752, 0.50194, 0.32291, 0.21024, 0.18407, 0.98045, 0.90776, 0.5026, 0.19592, 0.85392, 0.52221, 0.72509, 0.23396, 0.74482, 0.74047, 0.10048, 0.50575, 0.6505, 0.98193, 0.24401, 0.14975, 0.02236, 0.88509, 0.79871, 0.14922, 0.50153, 0.64665, 0.2999, 0.98196, 0.1871, 0.08065, 0.45438, 0.37016, 0.09059, 0.71008, 0.04493, 0.87914, 0.60576, 0.93619, 0.12657, 0.55094, 0.49638, 0.08679, 0.91902, 0.07192, 0.68175, 0.63923, 0.82318, 0.10382, 0.96373, 0.95372, 0.68062, 0.90277, 0.2488, 0.55397, 0.17034, 0.16308, 0.93956, 0.78875, 0.91988, 0.98001, 0.28772, 0.1505, 0.1194, 0.8904, 0.98549, 0.90879, 0.13316, 0.2851, 0.45171, 0.30802, 0.22297, 0.96748, 0.19046, 0.19089, 0.46089, 0.96196, 0.41461, 0.78771, 0.34235, 0.31203, 0.55343, 0.89066, 0.78942, 0.76401, 0.7517, 0.96398, 0.12447, 0.74981, 0.94379, 0.77731, 0.12879, 0.06441, 0.20368, 0.60739, 0.75516, 0.86048, 0.02733, 0.68008, 0.97433, 0.24526, 0.98037, 0.81788, 0.12098, 0.23193, 0.79464, 0.43115, 0.67522, 0.79755, 0.37469, 0.84572, 0.51635, 0.96459, 0.92579, 0.08219, 0.78699, 0.79658, 0.8457, 0.11716, 0.15987, 0.06849, 0.67779, 0.06566, 0.5429, 0.94293, 0.05596, 0.97537, 0.01495, 0.70948, 0.54283, 0.95386, 0.987, 0.61101, 0.89725, 0.09826, 0.59021, 0.78116, 0.85462, 0.38811, 0.94879, 0.12447, 0.83412, 0.84988, 0.92731, 0.88618, 0.47726, 0.10544, 0.3854, 0.9121, 0.07429, 0.73193, 0.04875, 0.63141, 0.14086, 0.08051, 0.96929, 0.98988, 0.34192, 0.65146, 0.32253, 0.84103, 0.51708, 0.44402, 0.43546, 0.65072, 0.12439, 0.51255, 0.62624, 0.1534, 0.95286, 0.25317, 0.91406, 0.53255, 0.58741, 0.49954, 0.62092, 0.83289, 0.82472, 0.72803, 0.43404, 0.73612, 0.32522, 0.2697, 0.64654, 0.92802, 0.58989, 0.46624, 0.96626, 0.56289, 0.96116, 0.25948, 0.72445, 0.48484, 0.89308, 0.35395, 0.93186, 0.59558, 0.68798, 0.06781, 0.12023, 0.06605, 0.55403, 0.61066, 0.34311, 0.90624, 0.97393, 0.57195, 0.08188, 0.22431, 0.95892, 0.82811, 0.8262, 0.45125, 0.95796, 0.40755, 0.71798, 0.59646, 0.22971, 0.34997, 0.96972, 0.41352, 0.42033, 0.1973, 0.64736, 0.02006, 0.40035, 0.33953, 0.1977, 0.10544, 0.36154, 0.09618, 0.87764, 0.24007, 0.95415, 0.40498, 0.28998, 0.29529, 0.81756, 0.4861, 0.98686, 0.77659, 0.97988, 0.74165, 0.85269, 0.89367, 0.04364, 0.15355, 0.77162, 0.07827, 0.87321, 0.28125, 0.7298, 0.61957, 0.20167, 0.86133, 0.88771, 0.89742, 0.12665, 0.24705, 0.17425, 0.97136, 0.78267, 0.67048, 0.89154, 0.75152, 0.92971, 0.32118, 0.16097, 0.32081, 0.98428, 0.01904, 0.04922, 0.52517, 0.17705, 0.11961, 0.60081, 0.26185, 0.26634, 0.90469, 0.01749, 0.76586, 0.93042, 0.73921, 0.88906, 0.07108, 0.96038, 0.13473, 0.27518, 0.80441, 0.96407, 0.54215, 0.96095, 0.77928, 0.90984, 0.92542, 0.92565, 0.03872, 0.43344, 0.55571, 0.71714, 0.93686, 0.67634, 0.77134, 0.22101, 0.10035, 0.15885, 0.9448, 0.445, 0.61501, 0.56145, 0.1996, 0.74655, 0.22759, 0.21265, 0.98705, 0.92022, 0.37217, 0.15729, 0.92024, 0.18931, 0.21617, 0.06827, 0.24988, 0.73332, 0.15361, 0.20261, 0.10421, 0.60797, 0.28364, 0.10152, 0.24539, 0.2274, 0.03005, 0.64912, 0.92976, 0.07687, 0.89355, 0.852, 0.10804, 0.64282, 0.97139, 0.98594, 0.40308, 0.96185, 0.62702, 0.88125, 0.44768, 0.94604, 0.07606, 0.61317, 0.59365, 0.19147, 0.79456, 0.80852, 0.06301, 0.84326, 0.04338, 0.48173, 0.61265, 0.8244, 0.74781, 0.97583, 0.91674, 0.96327, 0.44731, 0.90235, 0.98572, 0.92049, 0.12701, 0.96586, 0.0873, 0.67867, 0.95796, 0.40882, 0.6921, 0.76482, 0.03354, 0.19003, 0.58931, 0.56483, 0.94681, 0.16953, 0.95811, 0.75661, 0.13694, 0.71105, 0.96383, 0.20313, 0.54225, 0.88076, 0.97514, 0.55246, 0.11135, 0.52634, 0.9819, 