{"model": "ai4bharat/indic-bert", "dataset": "dravidian_tamil", "train_config": "hardneg", "seed": 2024, "thr_cal": 0.6006206274032593, "metrics_05": {"macro": 0.6447939315538456, "toxf1": 0.5372848948374761, "prec": 0.40257879656160456, "rec": 0.8074712643678161, "prauc": 0.5367833465170724, "ece": 0.23331626707315445, "covert": 0.691304347826087}, "metrics_cal": {"macro": 0.6731307228065515, "toxf1": 0.5493562231759657, "prec": 0.4383561643835616, "rec": 0.735632183908046, "prauc": 0.5367833465170724, "ece": 0.23331626707315445, "covert": 0.6898148148148148}, "probs": [0.15447, 0.03161, 0.44031, 0.12417, 0.86194, 0.52227, 0.2609, 0.10999, 0.06924, 0.18949, 0.15003, 0.23355, 0.03574, 0.1744, 0.29328, 0.12152, 0.87858, 0.58454, 0.08994, 0.15869, 0.66308, 0.38185, 0.21426, 0.13783, 0.14339, 0.78072, 0.88442, 0.14407, 0.0782, 0.07456, 0.29111, 0.43437, 0.32316, 0.27802, 0.27834, 0.89582, 0.22072, 0.29984, 0.03176, 0.84577, 0.5011, 0.2139, 0.79513, 0.89442, 0.15115, 0.86738, 0.04279, 0.2702, 0.45773, 0.10471, 0.04008, 0.73059, 0.12119, 0.32686, 0.56043, 0.76235, 0.63231, 0.71998, 0.84316, 0.43098, 0.39785, 0.06404, 0.58544, 0.68074, 0.21834, 0.08164, 0.11962, 0.56826, 0.89369, 0.49979, 0.76239, 0.79895, 0.31875, 0.06774, 0.8163, 0.88797, 0.84253, 0.89108, 0.05214, 0.16523, 0.6395, 0.74157, 0.5828, 0.02169, 0.29388, 0.10571, 0.32595, 0.25295, 0.21542, 0.90203, 0.227, 0.83515, 0.09398, 0.62727, 0.45671, 0.24009, 0.66323, 0.50081, 0.43759, 0.06863, 0.67987, 0.02965, 0.12385, 0.25012, 0.85403, 0.75449, 0.76299, 0.65446, 0.02343, 0.82544, 0.58244, 0.41266, 0.87028, 0.72528, 0.64954, 0.07006, 0.52432, 0.65387, 0.47249, 0.03754, 0.8146, 0.06355, 0.20256, 0.3588, 0.56656, 0.25018, 0.83275, 0.4054, 0.11289, 0.23605, 0.54799, 0.75835, 0.73019, 0.29608, 0.70269, 0.88031, 0.48704, 0.08005, 0.21412, 0.6825, 0.3514, 0.03109, 0.85994, 0.91903, 0.39684, 0.18679, 0.03926, 0.59903, 0.33117, 0.59582, 0.82511, 0.08048, 0.63408, 0.11163, 0.63089, 0.11565, 0.07362, 0.78428, 0.14818, 0.73252, 0.3543, 0.85271, 0.49058, 0.89876, 0.3444, 0.42056, 0.40285, 0.42245, 0.20932, 0.72447, 0.8216, 0.73635, 0.58928, 0.37952, 0.35856, 0.328, 0.86949, 0.18987, 0.15695, 0.51842, 0.46729, 0.21868, 0.54437, 0.81965, 0.19255, 0.22094, 0.78136, 0.0882, 0.03476, 0.32546, 0.21365, 0.18239, 0.76464, 0.24886, 0.03139, 0.42175, 0.08559, 0.85083, 0.08, 0.10476, 0.11725, 0.82661, 0.58707, 0.54169, 0.4885, 0.12394, 0.72697, 0.04179, 0.37054, 0.58788, 0.47504, 0.43202, 0.54102, 0.07405, 0.20216, 0.8162, 0.24222, 0.38524, 0.44299, 0.05338, 0.46386, 0.04202, 0.36728, 0.85043, 0.16485, 0.92586, 0.867, 0.40036, 0.08272, 0.19762, 0.32968, 0.20663, 0.06862, 0.893, 0.53219, 0.12006, 0.357, 0.02725, 0.87892, 0.30584, 0.89314, 0.13782, 0.06, 0.51402, 0.29493, 0.39548, 0.29211, 0.82443, 0.80221, 0.35483, 0.11129, 0.12741, 0.07488, 0.30848, 0.84544, 0.73607, 0.07232, 0.85061, 0.11588, 0.17442, 0.35603, 0.84749, 0.33062, 0.23484, 0.90264, 0.0647, 0.3431, 0.68778, 0.63689, 0.45223, 0.56181, 0.88121, 0.8702, 0.02353, 0.0813, 0.09521, 0.88482, 0.498, 0.09601, 0.68771, 0.07469, 0.18916, 0.30093, 0.35814, 0.22849, 0.23331, 0.40157, 0.57486, 0.44673, 0.85619, 0.10707, 0.0298, 0.06383, 0.79425, 0.29695, 0.4488, 0.39018, 0.52875, 0.43966, 0.37999, 0.02873, 0.31065, 0.37548, 0.77217, 0.82672, 0.24649, 0.3776, 0.53825, 0.46899, 0.18571, 0.44426, 0.90591, 0.67641, 0.31234, 0.67273, 0.87742, 0.85984, 0.68376, 0.47434, 0.5627, 0.20928, 0.39876, 0.20183, 0.35778, 0.31088, 0.7081, 0.85737, 0.63889, 0.5165, 0.0375, 0.22324, 0.75913, 0.54738, 0.60442, 0.10151, 0.03934, 0.81444, 0.69554, 0.11952, 0.73157, 0.06803, 0.01684, 0.48991, 0.33974, 0.45398, 0.26686, 0.80252, 0.07666, 0.50448, 0.7229, 0.81938, 0.31053, 0.35713, 0.74352, 0.52806, 0.54013, 0.26595, 0.60225, 0.52766, 0.79889, 0.67598, 0.87012, 0.26308, 0.44533, 0.86711, 0.54004, 0.03023, 0.85556, 0.03238, 0.90374, 0.36905, 0.77789, 0.3845, 0.26673, 0.19648, 0.54815, 0.15306, 0.35037, 0.7393, 0.17035, 0.60699, 0.14777, 0.54714, 0.65537, 0.48572, 0.77644, 0.16188, 0.83576, 0.06157, 0.68833, 0.49048, 0.27836, 0.27439, 0.29715, 0.30498, 0.86013, 0.53813, 0.86008, 0.09268, 0.23725, 0.61599, 0.29571, 0.21587, 0.43582, 0.08003, 0.2125, 0.35612, 0.91221, 0.0287, 0.869, 0.90621, 0.39976, 0.23289, 0.66343, 0.76869, 0.0518, 0.22445, 0.65136, 0.84135, 0.73175, 0.7759, 0.51236, 0.45892, 0.3183, 0.7214, 0.06576, 0.18319, 0.64365, 0.84087, 0.76469, 0.14285, 0.6566, 0.80346, 0.70057, 0.46462, 0.08218, 0.21097, 0.82204, 0.21552, 0.05656, 0.85429, 0.07315, 0.92398, 0.73086, 0.64843, 0.86555, 0.5578, 0.06842, 0.742, 0.7338, 0.69255, 0.69709, 0.3085, 0.19538, 0.20376, 0.43892, 0.65843, 0.71655, 0.344, 0.18204, 0.02557, 0.31869, 0.54822, 0.0619, 0.04586, 0.84294, 0.19072, 0.18157, 0.85011, 0.69543, 0.16395, 0.57165, 0.51915, 0.2056, 0.71851, 0.40799, 0.08087, 0.84585, 0.81346, 0.82941, 0.76128, 0.34154, 0.69889, 0.70164, 0.1211, 0.91338, 0.9094, 0.13191, 0.05757, 0.88723, 0.38451, 0.81991, 0.16958, 0.20931, 0.73321, 0.83478, 0.71573, 0.02297, 0.37293, 0.88871, 0.68399, 0.91891, 0.21524, 0.59908, 0.61691, 0.61744, 0.31298, 0.09871, 0.90789, 0.04371, 0.03199, 0.16767, 0.10819, 0.63935, 0.04972, 0.79241, 0.5756, 0.45662, 0.78762, 0.0764, 0.82011, 0.38758, 0.17847, 0.79007, 0.86613, 0.10438, 0.1527, 0.5122, 0.56737, 0.50997, 0.70661, 0.24755, 0.84077, 0.88646, 0.38658, 0.21061, 0.12312, 0.08155, 0.07718, 0.64043, 0.65086, 0.76889, 0.17835, 0.31666, 0.81872, 0.91397, 0.42979, 0.89598, 0.28227, 0.19169, 0.33121, 0.12051, 0.40031, 0.29912, 0.34324, 0.62775, 0.66019, 0.87734, 0.7557, 0.83975, 0.77429, 0.64889, 0.70667, 0.3033, 0.36491, 0.69175, 0.83766, 0.74983, 0.1538, 0.87642, 0.44994, 0.48153, 0.23413, 0.07737, 0.65619, 0.57429, 0.48476, 0.57338, 0.84884, 0.22302, 0.8533, 0.56288, 0.03618, 0.81, 0.15756, 0.20502, 0.56434, 0.03381, 0.90484, 0.88474, 0.04518, 0.84656, 0.76112, 0.8434, 0.35102, 0.17586, 0.18603, 0.15754, 0.30146, 0.34519, 0.15001, 0.60602, 0.88289, 0.24418, 0.17077, 0.52609, 0.73612, 0.46646, 0.74488, 0.87077, 0.70034, 0.76122, 0.85132, 0.43391, 0.76061, 0.80407, 0.30468, 0.09618, 0.07831, 0.81225, 0.10686, 0.51857, 0.90572, 0.11907, 0.81181, 0.27944, 0.05417, 0.02724, 0.85507, 0.68814, 0.77094, 0.38014, 0.15422, 0.78004, 0.26045, 0.82946, 0.87641, 0.16501, 0.87332, 0.2116, 0.15954, 0.70846, 0.87943, 0.56696, 0.255, 0.07493, 0.6818, 0.90493, 0.84492, 0.83655, 0.16587, 0.11012, 0.47471, 0.81641, 0.43005, 0.26986, 0.01976, 0.81959, 0.86313, 0.5692, 0.7685, 0.25718, 0.28798, 0.03098, 0.71444, 0.66325, 0.49235, 0.12634, 0.81949, 0.45878, 0.8552, 0.05889, 0.83333, 0.50055, 0.0956, 0.2387, 0.63745, 0.83872, 0.0236, 0.92863, 0.38306, 0.69527, 0.7863, 0.04315, 0.8793, 0.03756, 0.3526, 0.72633, 0.19567, 0.65796, 0.09701, 0.2122, 0.36099, 0.36031, 0.794, 0.19013, 0.20433, 0.11488, 0.30428, 0.42854, 0.243, 0.19145, 0.58155, 0.87924, 0.32462, 0.3957, 0.51457, 0.77708, 0.06819, 0.16443, 0.13204, 0.12882, 0.84213, 0.0532, 0.87953, 0.71937, 0.60638, 0.06922, 0.90798, 0.16428, 0.78858, 0.74707, 0.76361, 0.44447, 0.33787, 0.09158, 0.46268, 0.56233, 0.35628, 0.74859, 0.02085, 0.80183, 0.72582, 0.26387, 0.85405, 0.18783, 0.3278, 0.30035, 0.64171, 0.06634, 0.35041, 0.29693, 0.9337, 0.73777, 0.74489, 0.68595, 0.2048, 0.28138, 0.73272, 0.73627, 0.17961, 0.05204, 0.86366, 0.50909, 0.20812, 0.04922, 0.70185, 0.62471, 0.12093, 0.51362, 0.65272, 0.77316, 0.13944, 0.17305, 0.09062, 0.0561, 0.88592, 0.2852, 0.60075, 0.05579, 0.65752, 0.03907, 0.46422, 0.22591, 0.78505, 0.22186, 0.53911, 0.89082, 0.09227, 0.06549, 0.8684, 0.71366, 0.58354, 0.76756, 0.34302, 0.10922, 0.6324, 0.22634, 0.59734, 0.79894, 0.19053, 0.40782, 0.79371, 0.05357, 0.27374, 0.87536, 0.42521, 0.35275, 0.38985, 0.47835, 0.15603, 0.6319, 0.11596, 0.65709, 0.16942, 0.86163, 0.38448, 0.54205, 0.78237, 0.76012, 0.25362, 0.78824, 0.79851, 0.85074, 0.23996, 0.2714, 0.52729, 0.16273, 0.1357, 0.82642, 0.66679, 0.8767, 0.55772, 0.19031, 0.89372, 0.63486, 0.06478, 0.25763, 0.87458, 0.55267, 0.13896, 0.13594, 0.85952, 0.44285, 0.63622, 0.55568, 0.85299, 