{"model": "ai4bharat/indic-bert", "dataset": "dravidian_tamil", "train_config": "ce", "seed": 123, "thr_cal": 0.5072656244039533, "metrics_05": {"macro": 0.6503361840224919, "toxf1": 0.5277207392197125, "prec": 0.41054313099041534, "rec": 0.7385057471264368, "prauc": 0.5113397507151205, "ece": 0.15555069185296694, "covert": 0.6666666666666666}, "metrics_cal": {"macro": 0.650353921227334, "toxf1": 0.525879917184265, "prec": 0.4110032362459547, "rec": 0.7298850574712644, "prauc": 0.5113397507151205, "ece": 0.15555069185296694, "covert": 0.6666666666666666}, "probs": [0.05654, 0.01141, 0.07703, 0.04286, 0.88827, 0.1373, 0.2225, 0.21388, 0.02248, 0.0932, 0.04037, 0.10831, 0.01141, 0.05768, 0.0558, 0.01126, 0.83498, 0.25109, 0.04951, 0.14089, 0.70458, 0.69816, 0.03316, 0.10842, 0.08969, 0.73032, 0.81681, 0.02017, 0.05206, 0.02418, 0.08232, 0.7945, 0.03085, 0.33253, 0.23836, 0.87128, 0.2878, 0.41952, 0.00786, 0.7717, 0.36254, 0.04365, 0.78367, 0.76757, 0.13967, 0.84627, 0.00958, 0.04964, 0.62397, 0.02012, 0.00865, 0.75756, 0.1938, 0.2213, 0.4157, 0.73522, 0.75777, 0.77119, 0.7816, 0.73939, 0.20753, 0.00919, 0.55543, 0.69566, 0.0402, 0.08902, 0.0092, 0.32891, 0.85336, 0.33655, 0.61008, 0.80422, 0.01993, 0.06713, 0.80688, 0.77994, 0.81168, 0.80321, 0.01165, 0.121, 0.77156, 0.169, 0.20054, 0.00308, 0.23652, 0.039, 0.17139, 0.22551, 0.01655, 0.82204, 0.04602, 0.874, 0.02138, 0.70869, 0.59179, 0.11163, 0.71987, 0.45557, 0.25226, 0.02815, 0.55178, 0.00528, 0.56817, 0.04158, 0.7974, 0.52494, 0.32209, 0.80194, 0.00423, 0.75247, 0.55321, 0.16326, 0.71877, 0.75364, 0.17108, 0.2102, 0.17953, 0.56302, 0.05237, 0.00676, 0.37604, 0.02472, 0.07033, 0.07959, 0.06556, 0.07359, 0.85164, 0.20327, 0.02942, 0.13201, 0.74829, 0.08366, 0.69553, 0.15353, 0.27168, 0.81485, 0.14463, 0.02475, 0.10946, 0.20772, 0.41867, 0.0056, 0.75606, 0.89782, 0.60932, 0.12647, 0.01886, 0.24293, 0.25148, 0.17436, 0.8355, 0.05503, 0.52396, 0.22155, 0.71493, 0.03498, 0.01553, 0.83993, 0.02365, 0.70442, 0.01986, 0.80905, 0.14394, 0.81905, 0.09095, 0.64209, 0.64212, 0.27822, 0.20521, 0.23737, 0.68282, 0.80538, 0.60027, 0.02514, 0.59561, 0.16218, 0.83458, 0.0531, 0.02572, 0.2607, 0.59994, 0.04008, 0.77916, 0.83786, 0.36701, 0.10212, 0.77453, 0.01065, 0.01082, 0.24869, 0.21566, 0.20862, 0.65568, 0.1275, 0.00516, 0.46562, 0.02549, 0.4332, 0.0173, 0.02821, 0.10308, 0.8515, 0.82519, 0.43682, 0.12905, 0.03203, 0.74047, 0.00867, 0.15927, 0.33088, 0.15609, 0.32321, 0.30789, 0.0166, 0.12025, 0.74111, 0.02169, 0.77624, 0.64259, 0.00909, 0.06418, 0.00852, 0.03845, 0.75788, 0.05541, 0.88372, 0.85149, 0.1035, 0.02886, 0.03144, 0.38863, 0.2296, 0.01771, 0.88217, 0.6069, 0.09131, 0.11918, 0.00551, 0.83306, 0.69846, 0.83662, 0.03572, 0.00962, 0.36303, 0.07352, 0.03381, 0.4098, 0.75095, 0.56233, 0.36653, 0.24385, 0.01671, 0.03546, 0.05182, 0.82486, 0.51252, 0.00802, 0.80952, 0.09225, 0.31889, 0.20076, 0.81558, 0.15702, 0.1254, 0.78869, 0.05748, 0.29519, 0.56015, 0.7191, 0.51124, 0.21302, 0.75556, 0.70771, 0.00594, 0.02951, 0.02997, 0.89271, 0.1122, 0.09053, 0.72473, 0.05754, 0.14406, 0.05377, 0.45376, 0.03338, 0.04308, 0.06819, 0.05003, 0.71474, 0.79183, 0.0735, 0.00923, 0.08072, 0.58571, 0.14151, 0.35911, 0.12557, 0.74202, 0.23214, 0.34427, 0.01209, 0.42726, 0.38874, 0.76554, 0.76669, 0.10924, 0.02935, 0.69288, 0.53447, 0.04251, 0.35598, 0.85443, 0.79252, 0.32947, 0.75791, 0.80555, 0.17396, 0.81367, 0.73921, 0.36753, 0.03943, 0.12425, 0.03565, 0.02556, 0.62888, 0.81294, 0.25893, 0.35761, 0.28136, 0.00682, 0.07928, 0.70436, 0.56932, 0.33113, 0.02715, 0.0111, 0.767, 0.73721, 0.15164, 0.63874, 0.01794, 0.00505, 0.22159, 0.06473, 0.56887, 0.31734, 0.66863, 0.03487, 0.61314, 0.77591, 0.74362, 0.33612, 0.44407, 0.75795, 0.1138, 0.52966, 0.12626, 0.70135, 0.30243, 0.55955, 0.43901, 0.77279, 0.11165, 0.56041, 0.79324, 0.65786, 0.00881, 0.81076, 0.0115, 0.88087, 0.52088, 0.48547, 0.37222, 0.05039, 0.05115, 0.37961, 0.0435, 0.6812, 0.81234, 0.07038, 0.65301, 0.10496, 0.3802, 0.44067, 0.33469, 0.69074, 0.13341, 0.59901, 0.02515, 0.65732, 0.45835, 0.05592, 0.03682, 0.09549, 0.15094, 0.84146, 0.51151, 0.86875, 0.01676, 0.08956, 0.44697, 0.59106, 0.04141, 0.22007, 0.0118, 0.12037, 0.06431, 0.85781, 0.01375, 0.8129, 0.8974, 0.18274, 0.04679, 0.65017, 0.67762, 0.06317, 0.09755, 0.22305, 0.73017, 0.76274, 0.71594, 0.09924, 0.09084, 0.50394, 0.36321, 0.01754, 0.0576, 0.11046, 0.65139, 0.52672, 0.02762, 0.58781, 0.7351, 0.73797, 0.31098, 0.01452, 0.2435, 0.79801, 0.0546, 0.01096, 0.85422, 0.02679, 0.87069, 0.59234, 0.35608, 0.75793, 0.06724, 0.0062, 0.68447, 0.40369, 0.52896, 0.32041, 0.02591, 0.13686, 0.08394, 0.82772, 0.54199, 0.51433, 0.20473, 0.05046, 0.00691, 0.07102, 0.14248, 0.01239, 0.0101, 0.82065, 0.08915, 0.1189, 0.79848, 0.39514, 0.04493, 0.35098, 0.50978, 0.01069, 0.52888, 0.12549, 0.03897, 0.71724, 0.77977, 0.79853, 0.53867, 0.47819, 0.72685, 0.39076, 0.08265, 0.87985, 0.83219, 0.03393, 0.02107, 0.80319, 0.15785, 0.79834, 0.1361, 0.13075, 0.3582, 0.37439, 0.66026, 0.0078, 0.20219, 0.81338, 0.56078, 0.82172, 0.57789, 0.34048, 0.51529, 0.59867, 0.0548, 0.03136, 0.84537, 0.03225, 0.00683, 0.11824, 0.05066, 0.33662, 0.00695, 0.61164, 0.6018, 0.71108, 0.80801, 0.20558, 0.84508, 0.2097, 0.07882, 0.81622, 0.83377, 0.50477, 0.02443, 0.25641, 0.2175, 0.16277, 0.51251, 0.05187, 0.81034, 0.74605, 0.43583, 0.03888, 0.05003, 0.08241, 0.00905, 0.26011, 0.20977, 0.84635, 0.05969, 0.04621, 0.76286, 0.83467, 0.2167, 0.81034, 0.0767, 0.01026, 0.07142, 0.20893, 0.56817, 0.5853, 0.03528, 0.74435, 0.77106, 0.83903, 0.78146, 0.84828, 0.31002, 0.44585, 0.70458, 0.08379, 0.12544, 0.3653, 0.74233, 0.79146, 0.02805, 0.65309, 0.06147, 0.12277, 0.04635, 0.02744, 0.50003, 0.32976, 0.15445, 0.48239, 0.82372, 0.06865, 0.8082, 0.14906, 0.02028, 0.81886, 0.05462, 0.07855, 0.42679, 0.01068, 0.87386, 0.83266, 0.01158, 0.80484, 0.73215, 0.85342, 0.34168, 0.05414, 0.03513, 0.08467, 0.04071, 0.04453, 0.09964, 0.62986, 0.79909, 0.19356, 0.05283, 0.1296, 0.04702, 0.12329, 0.54599, 0.82409, 0.73277, 0.76725, 0.77642, 0.163, 0.58216, 0.54619, 0.32896, 0.04485, 0.03795, 0.84059, 0.02396, 0.05197, 0.86381, 0.4921, 0.67887, 0.09633, 0.01666, 0.00762, 0.65528, 0.67409, 0.64877, 0.58854, 0.01418, 0.71681, 0.08633, 0.81394, 0.79187, 0.0466, 0.68076, 0.03086, 0.04699, 0.67498, 0.80808, 0.42224, 0.09545, 0.02725, 0.78038, 0.866, 0.77205, 0.83558, 0.08552, 0.02159, 0.6052, 0.64982, 0.19492, 0.02197, 0.00395, 0.7925, 0.83001, 0.70464, 0.72408, 0.05732, 0.07796, 0.0056, 0.241, 0.60868, 0.20194, 0.03317, 0.83919, 0.70966, 0.77589, 0.02711, 0.78235, 0.56254, 0.18457, 0.0237, 0.51873, 0.66135, 0.01926, 0.88961, 0.68262, 0.48818, 0.69672, 0.00643, 0.82049, 0.01201, 0.27545, 0.72783, 0.46304, 0.6268, 0.0129, 0.16722, 0.04365, 0.42062, 0.76678, 0.02171, 0.11999, 0.0263, 0.03814, 0.2918, 0.09916, 0.14297, 0.32882, 0.74033, 0.14941, 0.60171, 0.06495, 0.72706, 0.0111, 0.02074, 0.03815, 0.03252, 0.76972, 0.01181, 0.83501, 0.7661, 0.14906, 0.01036, 0.86028, 0.06936, 0.72385, 0.60373, 0.69046, 0.11102, 0.17379, 0.01026, 0.10249, 0.37558, 0.36498, 0.73174, 0.00424, 0.80741, 0.50685, 0.04592, 0.76713, 0.08566, 0.45885, 0.03579, 0.26351, 0.00998, 0.18585, 0.06263, 0.87641, 0.78615, 0.85277, 0.81217, 0.36116, 0.68675, 0.80404, 0.64665, 0.51467, 0.13043, 0.80573, 0.11839, 0.04028, 0.01352, 0.69315, 0.55983, 0.02211, 0.67615, 0.50403, 0.79495, 0.04159, 0.15869, 0.04361, 0.03583, 0.8563, 0.02603, 0.77134, 0.06354, 0.6345, 0.00546, 0.08172, 0.11501, 0.73321, 0.15578, 0.3685, 0.80402, 0.0521, 0.01446, 0.74134, 0.44049, 0.43746, 0.45393, 0.08299, 0.02445, 0.34324, 0.09658, 0.66434, 0.82132, 0.05854, 0.56992, 0.75301, 0.01374, 0.05101, 0.83792, 0.16021, 0.09028, 0.62247, 0.29372, 0.02624, 0.72866, 0.02361, 0.35809, 0.25667, 0.85243, 0.11412, 0.2968, 0.80668, 0.52047, 0.04286, 0.81262, 0.59289, 0.65002, 0.10518, 0.34818, 0.67957, 0.04837, 0.0081, 0.84093, 0.20096, 0.8258, 0.67448, 0.66663, 0.83919, 0.67269, 0.01736, 0.08073, 0.81614, 0.27022, 0.02134, 0.0596, 0.76243, 0.25434, 0.77915, 0.2526, 