{"model": "ai4bharat/indic-bert", "dataset": "hatexplain", "train_config": "hardneg", "seed": 2024, "thr_cal": 0.22383059188723564, "metrics_05": {"macro": 0.7280441182101567, "toxf1": 0.7800783435926133, "prec": 0.7974828375286042, "rec": 0.7634173055859803, "prauc": 0.866340511568156, "ece": 0.08311830311020216, "covert": 0.8851634534786254}, "metrics_cal": {"macro": 0.6682679235022206, "toxf1": 0.7932203389830509, "prec": 0.7109375, "rec": 0.8970427163198248, "prauc": 0.866340511568156, "ece": 0.08311830311020216, "covert": 0.8956386292834891}, "probs": [0.83887, 0.48313, 0.07744, 0.76462, 0.39467, 0.76924, 0.97871, 0.08401, 0.13982, 0.03843, 0.28243, 0.11113, 0.05876, 0.66269, 0.28234, 0.17332, 0.14962, 0.14233, 0.99107, 0.15001, 0.03591, 0.54682, 0.04238, 0.65415, 0.37649, 0.887, 0.98415, 0.19988, 0.20059, 0.76004, 0.8299, 0.11727, 0.89021, 0.62989, 0.9145, 0.04104, 0.75315, 0.67762, 0.83145, 0.16421, 0.96624, 0.96741, 0.19657, 0.51928, 0.24848, 0.82933, 0.05645, 0.90223, 0.91071, 0.90034, 0.06096, 0.71384, 0.97504, 0.81318, 0.40359, 0.93554, 0.46831, 0.4479, 0.81409, 0.86304, 0.09809, 0.82151, 0.93282, 0.3476, 0.97666, 0.44515, 0.97521, 0.75835, 0.71212, 0.92322, 0.25774, 0.9478, 0.62683, 0.97175, 0.17989, 0.27462, 0.96813, 0.8343, 0.64225, 0.9735, 0.94528, 0.10684, 0.90089, 0.15051, 0.24976, 0.54211, 0.9647, 0.6532, 0.6163, 0.72789, 0.06496, 0.97599, 0.8027, 0.67276, 0.83409, 0.11625, 0.46268, 0.54837, 0.36426, 0.98376, 0.07204, 0.8029, 0.96347, 0.85504, 0.18715, 0.11363, 0.51749, 0.90477, 0.9842, 0.08501, 0.02131, 0.29284, 0.39298, 0.12786, 0.49361, 0.26378, 0.6968, 0.62259, 0.8474, 0.83094, 0.26457, 0.42744, 0.09564, 0.91084, 0.41768, 0.37483, 0.49284, 0.24051, 0.36729, 0.92385, 0.07956, 0.94811, 0.07778, 0.41513, 0.8357, 0.28695, 0.36569, 0.94328, 0.97541, 0.78272, 0.42411, 0.95668, 0.71375, 0.98182, 0.53386, 0.07234, 0.92647, 0.22968, 0.78265, 0.63011, 0.89104, 0.89788, 0.90361, 0.28085, 0.98362, 0.78625, 0.94172, 0.88586, 0.20292, 0.91833, 0.46957, 0.77839, 0.91171, 0.71453, 0.86461, 0.76594, 0.78359, 0.13403, 0.95888, 0.84174, 0.13596, 0.3428, 0.25103, 0.43708, 0.93947, 0.42556, 0.21505, 0.34581, 0.8757, 0.40675, 0.98693, 0.33798, 0.32451, 0.4866, 0.93683, 0.67434, 0.95962, 0.6848, 0.45264, 0.97197, 0.24128, 0.85235, 0.95544, 0.91408, 0.96668, 0.96257, 0.8347, 0.87075, 0.98122, 0.2234, 0.7477, 0.17699, 0.16298, 0.22727, 0.87459, 0.77885, 0.1386, 0.49799, 0.14816, 0.10109, 0.11387, 0.11165, 0.80846, 0.6777, 0.49394, 0.19978, 0.05723, 0.06254, 0.9112, 0.23805, 0.76373, 0.09277, 0.73161, 0.98218, 0.03031, 0.98829, 0.9181, 0.62241, 0.55568, 0.95779, 0.8045, 0.92049, 0.79279, 0.9068, 0.96053, 0.92929, 0.92127, 0.60813, 0.97761, 0.71172, 0.23763, 0.89666, 0.64099, 0.41987, 0.90191, 0.84524, 0.82855, 0.1245, 0.4625, 0.1353, 0.78501, 0.71294, 0.18264, 0.90412, 0.15321, 0.79649, 0.98867, 0.12758, 0.07488, 0.54424, 0.14042, 0.98724, 0.39914, 0.95275, 0.86254, 0.26502, 0.96528, 0.08402, 0.24841, 0.19407, 0.81428, 0.2591, 0.05847, 0.44273, 0.24085, 0.28141, 0.88944, 0.99072, 0.97011, 0.89908, 0.9859, 0.97967, 0.88445, 0.98606, 0.3908, 0.63774, 0.85943, 0.08997, 0.07074, 0.20275, 0.18829, 0.23021, 0.07189, 0.1889, 0.9792, 0.26032, 0.76172, 0.06845, 0.89141, 0.23762, 0.82746, 0.08254, 0.53096, 0.99083, 0.78062, 0.60224, 0.75099, 0.97097, 0.07426, 0.50537, 0.7703, 0.56384, 0.90574, 0.49469, 0.45914, 0.8418, 0.90401, 0.31043, 0.96307, 0.99304, 0.8476, 0.05822, 0.63693, 0.82959, 0.09104, 0.97843, 0.11181, 0.28963, 0.91282, 0.97867, 0.95273, 0.97411, 0.62389, 0.7095, 0.76458, 0.14161, 0.68372, 0.95579, 0.97396, 0.06616, 0.73639, 0.98349, 0.68165, 0.96813, 0.11788, 0.8265, 0.02765, 0.29144, 0.53811, 0.55474, 0.11227, 0.31679, 0.19206, 0.97392, 0.57679, 0.98622, 0.05532, 0.89075, 0.18113, 0.55417, 0.67919, 0.91618, 0.98387, 0.00919, 0.98678, 0.53373, 0.98952, 0.98888, 0.33076, 0.93553, 0.06847, 0.40611, 0.72547, 0.85987, 0.41787, 0.81859, 0.28899, 0.6881, 0.80269, 0.97051, 0.92645, 0.81159, 0.08256, 0.99067, 0.08296, 0.11954, 0.11505, 0.07103, 0.79603, 0.89963, 0.83257, 0.34136, 0.21694, 0.54048, 0.95167, 0.91726, 0.56493, 0.79222, 0.60884, 0.59196, 0.70384, 0.34551, 0.76339, 0.64403, 0.60848, 0.79385, 0.68392, 0.93133, 0.09906, 0.04494, 0.87898, 0.24275, 0.28194, 0.10706, 0.10103, 0.79226, 0.07777, 0.82324, 0.95072, 0.62604, 0.64333, 0.13901, 0.65056, 0.76699, 0.07184, 0.71757, 0.47795, 0.71669, 0.82837, 0.56353, 0.19535, 0.08569, 0.1257, 0.09409, 0.48041, 0.95313, 0.91833, 0.95782, 0.63898, 0.13501, 0.96296, 0.69613, 0.80022, 0.40058, 0.14414, 0.9843, 0.95896, 0.53929, 0.1019, 0.67367, 0.16494, 0.76632, 0.10519, 0.95068, 0.66005, 0.07845, 0.34914, 0.71689, 0.98339, 0.26927, 0.17545, 0.37487, 0.95711, 0.68793, 0.14577, 0.24136, 0.42035, 0.43893, 0.98013, 0.20337, 0.20043, 0.37906, 0.51698, 0.11579, 0.90447, 0.07844, 0.5739, 0.66398, 0.79019, 0.2483, 0.6671, 0.85902, 0.08653, 0.97073, 0.10127, 0.73418, 0.26505, 0.82064, 0.31504, 0.98359, 0.96832, 0.97696, 0.753, 0.41702, 0.21888, 0.07888, 0.17811, 0.93063, 0.86756, 0.79563, 0.9873, 0.18722, 0.11597, 0.04069, 0.95741, 0.9776, 0.79547, 0.14252, 0.18259, 0.24261, 0.282, 0.15622, 0.86443, 0.08801, 0.21388, 0.68437, 0.96308, 0.18638, 0.8032, 0.56195, 0.10693, 0.57868, 0.97833, 0.56467, 0.83565, 0.65967, 0.9711, 0.05855, 0.85547, 0.94108, 0.90273, 0.44419, 0.06041, 0.22736, 0.87032, 0.55706, 0.68944, 0.06678, 0.10902, 0.95025, 0.3035, 0.97887, 0.8266, 0.19004, 0.23371, 0.82507, 0.51088, 0.89255, 0.59137, 0.93002, 0.92979, 0.26452, 0.96808, 0.8826, 0.11815, 0.96741, 0.7945, 0.94441, 0.52192, 0.16128, 0.06125, 0.23271, 0.07646, 0.76753, 0.96669, 0.06478, 0.9707, 0.03892, 0.91531, 0.71462, 0.97335, 0.98877, 0.59458, 0.78346, 0.33101, 0.89423, 0.46064, 0.8824, 0.80178, 0.97008, 0.0877, 0.9511, 0.94748, 0.97327, 0.88974, 0.63509, 0.04069, 0.22835, 0.91972, 0.06662, 0.94212, 0.05956, 0.39809, 0.25466, 0.38348, 0.93423, 0.99269, 0.18828, 0.66213, 0.51046, 0.85812, 0.84466, 0.45935, 0.6282, 0.78365, 0.19861, 0.38843, 0.36739, 0.25257, 0.97114, 0.12486, 0.90183, 0.70701, 0.29775, 0.07712, 0.43448, 0.95795, 0.71551, 0.86812, 0.87266, 0.6783, 0.40452, 0.27433, 0.84619, 0.62427, 0.28301, 0.22288, 0.99162, 0.74925, 0.92507, 0.14115, 0.46653, 0.35801, 0.80396, 0.3029, 0.96594, 0.50377, 0.81208, 0.09362, 0.10152, 0.03569, 0.47265, 0.22241, 0.39894, 0.91059, 0.96981, 0.60958, 0.24154, 0.24783, 0.95075, 0.95098, 0.86852, 0.51961, 0.90233, 0.37639, 0.79495, 0.37292, 0.04566, 0.15501, 0.97328, 0.37524, 0.52645, 0.44944, 0.44412, 0.06294, 0.44167, 0.34227, 0.32332, 0.24091, 0.73029, 0.19613, 0.95004, 0.16595, 0.94566, 0.09492, 0.49024, 0.21444, 0.37773, 0.6528, 0.99125, 0.86225, 0.98447, 0.8438, 0.83608, 0.92187, 0.03782, 0.51215, 0.8903, 0.13425, 0.96913, 0.34726, 0.88756, 0.53747, 0.21941, 0.95903, 0.97669, 0.94882, 0.07656, 0.23326, 0.31012, 0.98405, 0.7885, 0.71154, 0.92897, 0.95992, 0.85435, 0.10609, 0.28254, 0.48685, 0.99262, 0.06608, 0.22824, 0.93538, 0.20457, 0.08053, 0.72132, 0.50016, 0.08058, 0.84718, 0.01481, 0.76776, 0.91238, 0.814, 0.67039, 0.05914, 0.92574, 0.06286, 0.28287, 0.66881, 0.97301, 0.55545, 0.9646, 0.75643, 0.94562, 0.96016, 0.96886, 0.04095, 0.50612, 0.25408, 0.69198, 0.97461, 0.83937, 0.94715, 0.26845, 0.08623, 0.05166, 0.82016, 0.51123, 0.69613, 0.34434, 0.09783, 0.91073, 0.04655, 0.42948, 0.98094, 0.92643, 0.24433, 0.15943, 0.94288, 0.09219, 0.49242, 0.11619, 0.12695, 0.68229, 0.12147, 0.17748, 0.04259, 0.8267, 0.26707, 0.22212, 0.69203, 0.18832, 0.04435, 0.5793, 0.92567, 0.17781, 0.90622, 0.95809, 0.25343, 0.82901, 0.96176, 0.98405, 0.34791, 0.94686, 0.83592, 0.95943, 0.80696, 0.88182, 0.07418, 0.74024, 0.776, 0.09876, 0.79333, 0.85731, 0.11387, 0.85401, 0.09689, 0.76904, 0.7361, 0.95616, 0.85404, 0.97918, 0.78719, 0.98413, 0.15633, 0.89453, 0.99069, 0.89267, 0.12346, 0.93418, 0.10206, 0.42101, 0.97065, 0.08465, 0.72529, 0.61811, 0.055, 0.30118, 0.47474, 0.44432, 0.9082, 0.11876, 0.92108, 0.84848, 0.11495, 0.82193, 0.94243, 0.11541, 0.48252, 0.82316, 0.97693, 0.32189, 0.18009, 0.77717, 0.96837, 