{"model": "ai4bharat/indic-bert", "dataset": "hatexplain", "train_config": "ce", "seed": 123, "thr_cal": 0.29115282893180844, "metrics_05": {"macro": 0.6991357355718051, "toxf1": 0.7205973864343497, "prec": 0.8342939481268011, "rec": 0.6341730558598029, "prauc": 0.862502830350092, "ece": 0.1300134047567844, "covert": 0.8334817453250223}, "metrics_cal": {"macro": 0.7236042012161414, "toxf1": 0.7805417357656164, "prec": 0.7879464285714286, "rec": 0.7732749178532311, "prauc": 0.862502830350092, "ece": 0.1300134047567844, "covert": 0.872393661384487}, "probs": [0.14238, 0.2158, 0.10918, 0.5544, 0.22697, 0.23933, 0.98083, 0.05805, 0.06816, 0.06726, 0.12735, 0.09503, 0.08074, 0.18322, 0.16942, 0.11486, 0.19015, 0.2669, 0.97515, 0.11211, 0.07738, 0.71645, 0.03763, 0.25337, 0.17172, 0.79286, 0.98027, 0.26789, 0.24677, 0.20803, 0.79894, 0.20575, 0.95881, 0.65019, 0.96602, 0.07768, 0.42534, 0.20178, 0.59989, 0.11977, 0.65691, 0.94582, 0.23309, 0.11599, 0.08056, 0.81273, 0.05591, 0.8429, 0.83454, 0.89691, 0.07789, 0.6977, 0.9761, 0.35418, 0.23145, 0.91399, 0.24473, 0.1171, 0.38889, 0.85654, 0.09479, 0.87746, 0.82721, 0.07269, 0.7713, 0.28551, 0.9788, 0.74536, 0.45321, 0.87105, 0.32729, 0.9447, 0.39474, 0.74322, 0.09312, 0.30794, 0.96824, 0.30643, 0.60711, 0.9711, 0.97584, 0.10147, 0.7573, 0.15584, 0.08818, 0.86602, 0.83796, 0.22814, 0.57154, 0.90993, 0.09644, 0.97287, 0.69569, 0.60309, 0.88862, 0.0578, 0.53994, 0.30617, 0.28284, 0.992, 0.10802, 0.64493, 0.95605, 0.84079, 0.07647, 0.12091, 0.21519, 0.45266, 0.98384, 0.18331, 0.0348, 0.40818, 0.2036, 0.12591, 0.23838, 0.29134, 0.73896, 0.3461, 0.76667, 0.87394, 0.24241, 0.15672, 0.10763, 0.9371, 0.10792, 0.11807, 0.33747, 0.14602, 0.20656, 0.69167, 0.06286, 0.96821, 0.11721, 0.1356, 0.89222, 0.23058, 0.30724, 0.94172, 0.94327, 0.16128, 0.16067, 0.94231, 0.84012, 0.947, 0.80958, 0.13732, 0.89189, 0.60357, 0.7447, 0.36839, 0.80024, 0.25373, 0.93835, 0.26067, 0.95533, 0.86903, 0.55911, 0.7843, 0.40272, 0.69948, 0.48203, 0.83232, 0.69987, 0.32228, 0.40455, 0.27682, 0.59087, 0.1325, 0.89866, 0.35797, 0.11842, 0.19799, 0.09029, 0.29785, 0.88264, 0.26281, 0.21332, 0.71626, 0.92512, 0.16522, 0.97977, 0.05414, 0.10913, 0.22788, 0.90479, 0.08885, 0.74681, 0.67903, 0.71467, 0.98361, 0.1368, 0.75466, 0.88104, 0.96248, 0.97213, 0.95373, 0.80294, 0.81333, 0.98133, 0.29703, 0.86968, 0.11536, 0.4954, 0.25158, 0.41542, 0.55078, 0.33602, 0.53309, 0.08476, 0.10868, 0.08693, 0.07984, 0.85864, 0.81021, 0.72244, 0.17546, 0.04541, 0.07184, 0.83331, 0.14312, 0.39782, 0.07878, 0.56143, 0.98043, 0.1, 0.96703, 0.95291, 0.69343, 0.20543, 0.81934, 0.73463, 0.88492, 0.45782, 0.77992, 0.96778, 0.73393, 0.86735, 0.33571, 0.97775, 0.14501, 0.33829, 0.32901, 0.71342, 0.21446, 0.90174, 0.33042, 0.89636, 0.20773, 0.23298, 0.20281, 0.8612, 0.96689, 0.35035, 0.71641, 0.12228, 0.68679, 0.98211, 0.25035, 0.14242, 0.33963, 0.0793, 0.9752, 0.61402, 0.91825, 0.93806, 0.18431, 0.85673, 0.03654, 0.10674, 0.20558, 0.20746, 0.32173, 0.12771, 0.69215, 0.05315, 0.17903, 0.91552, 0.98939, 0.8839, 0.39922, 0.9896, 0.78618, 0.97033, 0.96545, 0.12247, 0.80701, 0.37081, 0.10756, 0.2242, 0.15067, 0.0739, 0.18064, 0.06712, 0.26753, 0.96677, 0.18121, 0.6601, 0.04736, 0.88764, 0.08638, 0.69567, 0.06892, 0.18815, 0.98968, 0.36042, 0.4975, 0.73408, 0.80763, 0.084, 0.15729, 0.45806, 0.1068, 0.9334, 0.18039, 0.18337, 0.42675, 0.85716, 0.09538, 0.93241, 0.97234, 0.75312, 0.07915, 0.62536, 0.38572, 0.1312, 0.97491, 0.18106, 0.20254, 0.61658, 0.93265, 0.98493, 0.98249, 0.69232, 0.41146, 0.94713, 0.49009, 0.47298, 0.89706, 0.91914, 0.06447, 0.62571, 0.96423, 0.88816, 0.91244, 0.11814, 0.89183, 0.04289, 0.12998, 0.1816, 0.71729, 0.15861, 0.22702, 0.2253, 0.95204, 0.24056, 0.96854, 0.07681, 0.21261, 0.09972, 0.41642, 0.51983, 0.92889, 0.99201, 0.02088, 0.97415, 0.39861, 0.99031, 0.99412, 0.29234, 0.36461, 0.05336, 0.16585, 0.94289, 0.97885, 0.27548, 0.37476, 0.1948, 0.69453, 0.41942, 0.87794, 0.93608, 0.52446, 0.07553, 0.97624, 0.23067, 0.11322, 0.05288, 0.04482, 0.70211, 0.6032, 0.71453, 0.13849, 0.14654, 0.24305, 0.96715, 0.88611, 0.7149, 0.86881, 0.30079, 0.20356, 0.9374, 0.15857, 0.39986, 0.26296, 0.37541, 0.56867, 0.26968, 0.7631, 0.09125, 0.04396, 0.26815, 0.25522, 0.2037, 0.22769, 0.09948, 0.3796, 0.06589, 0.87031, 0.91919, 0.11962, 0.74201, 0.14996, 0.46824, 0.88795, 0.18555, 0.59531, 0.13068, 0.58722, 0.7291, 0.34214, 0.07076, 0.10436, 0.13588, 0.14708, 0.62006, 0.97804, 0.95345, 0.78128, 0.89864, 0.1403, 0.97959, 0.46327, 0.16972, 0.16424, 0.35065, 0.98642, 0.73305, 0.21817, 0.16122, 0.13724, 0.09194, 0.72674, 0.13953, 0.88055, 0.6934, 0.10409, 0.24962, 0.08907, 0.96065, 0.13751, 0.18858, 0.05846, 0.89894, 0.42081, 0.10316, 0.51344, 0.14963, 0.49273, 0.95587, 0.15302, 0.14184, 0.1856, 0.33628, 0.19916, 0.91699, 0.20585, 0.92198, 0.86805, 0.71719, 0.23944, 0.5923, 0.36536, 0.07834, 0.34239, 0.13313, 0.47111, 0.22229, 0.78919, 0.5099, 0.75883, 0.98611, 0.92271, 0.38733, 0.12242, 0.21091, 0.09153, 0.15022, 0.95906, 0.93542, 0.91236, 0.93614, 0.1387, 0.13341, 0.04421, 0.90152, 0.99378, 0.87133, 0.12819, 0.14162, 0.29788, 0.30338, 0.16393, 0.73744, 0.1379, 0.1843, 0.66421, 0.97119, 0.21847, 0.46761, 0.16277, 0.14367, 0.90761, 0.96986, 0.47831, 0.88067, 0.2387, 0.95632, 0.10856, 0.6641, 0.89526, 0.90594, 0.65035, 0.02878, 0.28057, 0.73273, 0.76314, 0.77734, 0.0678, 0.1687, 0.96916, 0.23052, 0.68565, 0.91534, 0.10021, 0.26353, 0.70379, 0.25466, 0.2502, 0.40022, 0.37172, 0.67613, 0.12125, 0.9217, 0.93263, 0.11127, 0.94595, 0.40426, 0.88961, 0.5562, 0.21357, 0.05745, 0.37852, 0.06694, 0.53388, 0.96748, 0.10127, 0.97506, 0.0526, 0.53403, 0.16829, 0.98426, 0.98533, 0.29694, 0.89193, 0.14025, 0.62219, 0.842, 0.91848, 0.37664, 0.98337, 0.16628, 0.62776, 0.94941, 0.96242, 0.93142, 0.43808, 0.07804, 0.1613, 0.91108, 0.05342, 0.54693, 0.06244, 0.29497, 0.08786, 0.07356, 0.8304, 0.91059, 0.16187, 0.1983, 0.19553, 0.95429, 0.48205, 0.5909, 0.4244, 0.82241, 0.11782, 0.29792, 0.4016, 0.13732, 0.87294, 0.23051, 0.91875, 0.67841, 0.48662, 0.12367, 0.34183, 0.69334, 0.88523, 0.66907, 0.47187, 0.54752, 0.08596, 0.24335, 0.80351, 0.7971, 0.21549, 0.34494, 0.97558, 0.70151, 0.94718, 0.10613, 0.50952, 0.29909, 0.95715, 0.40217, 0.89606, 0.50827, 0.41216, 0.08563, 0.18015, 0.05347, 0.47113, 0.09826, 0.22414, 0.9478, 0.96386, 0.22304, 0.09693, 0.45609, 0.97014, 0.97891, 0.91146, 0.21404, 0.90169, 0.12555, 0.70581, 0.16902, 0.12545, 0.12252, 0.98324, 0.38161, 0.40143, 0.13127, 0.12949, 0.03247, 0.15129, 0.48403, 0.19673, 0.24303, 0.68427, 0.24483, 0.95917, 0.08468, 0.95627, 0.25644, 0.1657, 0.28297, 0.27071, 0.51813, 0.99273, 0.52848, 0.95471, 0.82306, 0.94857, 0.19842, 0.05321, 0.07182, 0.91577, 0.15662, 0.92762, 0.21412, 0.409, 0.46081, 0.28878, 0.88315, 0.86303, 0.95703, 0.06429, 0.21943, 0.39046, 0.9805, 0.59656, 0.93025, 0.81676, 0.90932, 0.90575, 0.1202, 0.30742, 0.10309, 0.97459, 0.0742, 0.15545, 0.8021, 0.33937, 0.2577, 0.27186, 0.47597, 0.13586, 0.539, 0.03113, 0.28315, 0.93096, 0.85634, 0.87548, 0.09315, 0.97821, 0.17128, 0.11681, 0.26747, 0.94527, 0.61194, 0.98402, 0.63458, 0.9551, 0.94101, 0.91931, 0.05346, 0.30773, 0.37016, 0.81979, 0.9845, 0.88887, 0.92819, 0.17135, 0.06743, 0.11809, 0.72491, 0.70053, 0.22888, 0.45921, 0.13457, 0.87032, 0.09427, 0.13877, 0.98365, 0.92087, 0.08452, 0.14345, 0.93351, 0.11068, 0.17452, 0.14944, 0.30193, 0.48423, 0.14246, 0.15423, 0.06439, 0.81983, 0.50554, 0.09229, 0.414, 0.16194, 0.04564, 0.19338, 0.85812, 0.13247, 0.94879, 0.97785, 0.37711, 0.8257, 0.93135, 0.93422, 0.64068, 0.87934, 0.6739, 0.95858, 0.54312, 0.90387, 0.22471, 0.44673, 0.14139, 0.19282, 0.77551, 0.71079, 0.08949, 0.45711, 0.23293, 0.66356, 0.25769, 0.91536, 0.86727, 0.76459, 0.79167, 0.98645, 0.29175, 0.89966, 0.98241, 0.9755, 0.05839, 0.98069, 0.06782, 0.27329, 0.66847, 0.08032, 0.82974, 0.36774, 0.04559, 0.2051, 0.11139, 0.20743, 0.95614, 0.07556, 0.97364, 0.77564, 0.11811, 0.94037, 0.97344, 0.05169, 0.22165, 0.84375, 0.93511, 0.12837, 0.1167, 0.2739, 0.99357, 0.22529, 0.75948, 