{"model": "ai4bharat/indic-bert", "dataset": "dravidian_kannada", "train_config": "hardneg", "seed": 99, "thr_cal": 0.5610904961824418, "metrics_05": {"macro": 0.6721243337777479, "toxf1": 0.5742092457420924, "prec": 0.4701195219123506, "rec": 0.7375, "prauc": 0.6020129469050352, "ece": 0.1638857753432448, "covert": 0.8275862068965517}, "metrics_cal": {"macro": 0.6934598237638665, "toxf1": 0.5799457994579946, "prec": 0.5119617224880383, "rec": 0.66875, "prauc": 0.6020129469050352, "ece": 0.1638857753432448, "covert": 0.7904191616766467}, "probs": [0.12492, 0.63545, 0.43846, 0.26956, 0.66547, 0.32214, 0.21959, 0.15976, 0.20852, 0.40635, 0.53112, 0.13501, 0.06622, 0.55414, 0.24217, 0.0846, 0.78945, 0.90974, 0.04346, 0.67499, 0.57307, 0.28234, 0.50049, 0.54827, 0.99174, 0.7868, 0.98998, 0.32172, 0.62442, 0.52289, 0.99644, 0.64777, 0.20191, 0.27098, 0.66376, 0.22376, 0.44839, 0.0614, 0.50386, 0.26533, 0.97732, 0.02653, 0.95738, 0.59761, 0.40755, 0.92564, 0.26958, 0.11773, 0.25309, 0.2065, 0.72074, 0.29826, 0.06419, 0.73354, 0.26516, 0.86364, 0.04726, 0.45293, 0.27433, 0.59075, 0.44806, 0.19921, 0.72143, 0.54795, 0.03801, 0.5703, 0.52, 0.53952, 0.79609, 0.99237, 0.22905, 0.0726, 0.48178, 0.75607, 0.65609, 0.08645, 0.58455, 0.42103, 0.80873, 0.54045, 0.24792, 0.80661, 0.14405, 0.4773, 0.31903, 0.13354, 0.76763, 0.05927, 0.6547, 0.05766, 0.03998, 0.1384, 0.04785, 0.68168, 0.91915, 0.07575, 0.13554, 0.01539, 0.07829, 0.29224, 0.19209, 0.67829, 0.13517, 0.89139, 0.80827, 0.2718, 0.72962, 0.36933, 0.50894, 0.55832, 0.68893, 0.15204, 0.0095, 0.06973, 0.20275, 0.2999, 0.20191, 0.41705, 0.61832, 0.58856, 0.1529, 0.08242, 0.66446, 0.80461, 0.46725, 0.08454, 0.26958, 0.43822, 0.27878, 0.4548, 0.92973, 0.1895, 0.0864, 0.57783, 0.59223, 0.5419, 0.05698, 0.95222, 0.23958, 0.7831, 0.69494, 0.36808, 0.35794, 0.8071, 0.52053, 0.55359, 0.54492, 0.67316, 0.86131, 0.112, 0.1671, 0.09916, 0.98951, 0.90052, 0.58304, 0.92726, 0.08268, 0.64383, 0.30429, 0.5525, 0.79646, 0.04293, 0.24946, 0.25881, 0.43382, 0.02799, 0.64853, 0.60353, 0.32086, 0.54383, 0.08001, 0.95565, 0.18096, 0.16614, 0.93597, 0.13896, 0.26958, 0.43055, 0.76506, 0.67789, 0.43359, 0.10617, 0.26958, 0.92031, 0.61495, 0.5381, 0.91007, 0.05138, 0.22792, 0.1873, 0.58036, 0.67386, 0.34582, 0.26958, 0.83957, 0.9426, 0.72332, 0.63159, 0.30965, 0.21661, 0.24665, 0.02667, 0.05948, 0.41762, 0.70464, 0.31105, 0.43465, 0.06423, 0.92128, 0.04428, 0.84541, 0.55808, 0.3699, 0.3131, 0.12812, 0.03479, 0.72729, 0.1504, 0.03029, 0.30071, 0.07395, 0.26487, 0.04107, 0.07567, 0.70081, 0.4219, 0.03418, 0.25618, 0.14371, 0.53308, 0.05333, 0.50476, 0.0408, 0.24487, 0.51986, 0.60987, 0.99236, 0.5027, 0.03926, 0.25051, 0.33163, 0.26958, 0.74484, 0.99622, 0.96608, 0.31965, 0.20931, 0.49346, 0.43132, 0.52956, 0.72544, 0.37691, 0.16868, 0.82817, 0.28603, 0.53363, 0.73446, 0.35665, 0.62625, 0.21062, 0.74595, 0.80827, 0.73982, 0.65403, 0.41433, 0.22009, 0.26958, 0.5515, 0.46601, 0.1701, 0.01654, 0.01973, 0.16992, 0.89697, 0.02368, 0.2909, 0.48771, 0.02676, 0.90911, 0.68261, 0.05937, 0.44037, 0.65329, 0.73602, 0.71801, 0.29237, 0.07256, 0.65739, 0.14071, 0.2309, 0.33539, 0.0294, 0.45849, 0.88533, 0.08425, 0.26958, 0.50608, 0.4255, 0.4103, 0.56859, 0.19766, 0.40262, 0.04508, 0.59384, 0.09973, 0.22995, 0.24495, 0.26958, 0.88966, 0.17037, 0.8532, 0.31561, 0.12112, 0.66319, 0.9145, 0.81027, 0.095, 0.31822, 0.62938, 0.34346, 0.45334, 0.37857, 0.40546, 0.57286, 0.93647, 0.37268, 0.52111, 0.08914, 0.49888, 0.96698, 0.01695, 0.46286, 0.4639, 0.72471, 0.09589, 0.20429, 0.24041, 0.37041, 0.16066, 0.41415, 0.25745, 0.82343, 0.44929, 0.07516, 0.19252, 0.42954, 0.59439, 0.60123, 0.26958, 0.71279, 0.13601, 0.40843, 0.66993, 0.53309, 0.17925, 0.80988, 0.54666, 0.91365, 0.19413, 0.19162, 0.84251, 0.0216, 0.91526, 0.62393, 0.2152, 0.06181, 0.63688, 0.56732, 0.09485, 0.70354, 0.99556, 0.10858, 0.15464, 0.26958, 0.30735, 0.14134, 0.01137, 0.85949, 0.91454, 0.22414, 0.89185, 0.55883, 0.2991, 0.56674, 0.18996, 0.59113, 0.04791, 0.04816, 0.64993, 0.46853, 0.64671, 0.05555, 0.09144, 0.33741, 0.1511, 0.10241, 0.75868, 0.80072, 0.09907, 0.67105, 0.39166, 0.29267, 0.7442, 0.86192, 0.19378, 0.04788, 0.12408, 0.99581, 0.64836, 0.72715, 0.71334, 0.40121, 0.40392, 0.05761, 0.43474, 0.3377, 0.21145, 0.89337, 0.04071, 0.54583, 0.1187, 0.91138, 0.70193, 0.02558, 0.93546, 0.67976, 0.29333, 0.81004, 0.99029, 0.02576, 0.17053, 0.43119, 0.03711, 0.47396, 0.31185, 0.94829, 0.84304, 0.11271, 0.85879, 0.02903, 0.0574, 0.96249, 0.13182, 0.09491, 0.94329, 0.98371, 0.0295, 0.87114, 0.73231, 0.48207, 0.35851, 0.06652, 0.08365, 0.04734, 0.45632, 0.58326, 0.20833, 0.47949, 0.09084, 0.03886, 0.22348, 0.01138, 0.12627, 0.03029, 0.54329, 0.83385, 0.40477, 0.88266, 0.79225, 0.91299, 0.47268, 0.42212, 0.50536, 0.12686, 0.67148, 0.0336, 0.51751, 0.70409, 0.52973, 0.12921, 0.59673, 0.28063, 0.04015, 0.56861, 0.63684, 0.44966, 0.90511, 0.77328, 0.13975, 0.10886, 0.05578, 0.31745, 0.58014, 0.84573, 0.05181, 0.61633, 0.56815, 0.02983, 0.92511, 0.18104, 0.23558, 0.01511, 0.59879, 0.06058, 0.02262, 0.81628, 0.13651, 0.31623, 0.5309, 0.86781, 0.03816, 0.9846, 0.12923, 0.10711, 0.14478, 0.79043, 0.71001, 0.52903, 0.03479, 0.48587, 0.46831, 0.88231, 0.34287, 0.13493, 0.94107, 0.52883, 0.26958, 0.57982, 0.38809, 0.65367, 0.3775, 0.72446, 0.91093, 0.12015, 0.31305, 0.26958, 0.92808, 0.42215, 0.35763, 0.79793, 0.62021, 0.67813, 0.60967, 0.77021, 0.26573, 0.5925, 0.57756, 0.51639, 0.46816, 0.10234, 0.82753, 0.05164, 0.24878, 0.70908, 0.02838, 0.98992, 0.01121, 0.80831, 0.47835, 0.32391, 0.12167, 0.48449, 0.46074, 0.56023, 0.65412, 0.85949, 0.17081, 0.07366, 0.80702, 0.41012, 0.77204, 0.66536, 0.66515, 0.77341, 0.49928, 0.18953, 0.71614, 0.48073, 0.70085, 0.63223, 0.91397, 0.03027, 0.39095, 0.38594, 0.06922, 0.81481], "labels": [0, 0, 0, 0, 0, 0, 0, 0, 0, 0, 0, 0, 0, 0, 1, 0, 0, 1, 0, 0, 0, 0, 0, 1, 1, 1, 1, 1, 1, 0, 1, 0, 1, 1, 1, 0, 1, 0, 0, 1, 0, 0, 1, 0, 0, 0, 0, 0, 0, 1, 0, 0, 0, 1, 0, 0, 0, 0, 1, 0, 0, 0, 0, 1, 0, 0, 0, 0, 1, 1, 1, 0, 0, 0, 0, 1, 0, 0, 0, 1, 0, 1, 1, 0, 0, 0, 1, 0, 1, 0, 0, 0, 0, 0, 0, 0, 0, 1, 0, 0, 0, 1, 0, 1, 0, 0, 1, 0, 0, 0, 0, 0, 0, 0, 0, 0, 0, 0, 1, 0, 0, 0, 1, 1, 0, 0, 0, 0, 0, 0, 0, 0, 0, 1, 1, 0, 0, 1, 0, 0, 0, 0, 1, 1, 1, 0, 0, 0, 1, 0, 0, 0, 0, 0, 0, 1, 0, 0, 0, 1, 1, 1, 0, 1, 0, 0, 0, 0, 0, 0, 0, 1, 0, 0, 1, 0, 0, 0, 0, 0, 0, 0, 0, 0, 1, 0, 0, 0, 0, 0, 0, 1, 0, 1, 0, 1, 1, 0, 0, 0, 0, 0, 0, 0, 1, 1, 0, 0, 1, 0, 1, 0, 1, 0, 0, 0, 1, 0, 0, 0, 1, 0, 0, 0, 1, 0, 0, 0, 0, 0, 0, 0, 0, 0, 0, 1, 1, 0, 0, 0, 0, 0, 0, 1, 1, 0, 0, 0, 0, 0, 0, 0, 0, 1, 0, 0, 0, 0, 1, 0, 1, 0, 0, 0, 0, 0, 0, 0, 0, 0, 0, 0, 0, 1, 0, 0, 0, 0, 1, 1, 0, 1, 1, 0, 0, 1, 0, 1, 0, 0, 1, 0, 0, 1, 0, 0, 0, 1, 0, 0, 0, 0, 0, 0, 0, 0, 0, 1, 0, 0, 0, 0, 0, 0, 1, 1, 0, 0, 0, 0, 1, 1, 0, 0, 1, 0, 1, 0, 1, 1, 0, 0, 0, 0, 0, 0, 0, 1, 0, 0, 0, 0, 0, 0, 0, 0, 1, 0, 0, 0, 0, 0, 1, 0, 0, 1, 0, 1, 0, 0, 1, 0, 0, 0, 0, 0, 1, 0, 0, 1, 1, 0, 0, 0, 0, 0, 0, 1, 1, 0, 1, 0, 0, 1, 1, 1, 0, 0, 1, 1, 0, 0, 0, 0, 0, 0, 0, 0, 0, 1, 1, 1, 0, 1, 0, 0, 0, 1, 0, 0, 0, 0, 0, 0, 0, 0, 0, 1, 0, 1, 0, 0, 1, 0, 0, 0, 1, 1, 1, 0, 0, 0, 0, 0, 0, 1, 1, 0, 1, 0, 0, 0, 0, 0, 1, 1, 0, 1, 0, 1, 0, 0, 0, 0, 0, 0, 0, 0, 0, 0, 0, 0, 0, 0, 0, 0, 0, 1, 0, 1, 0, 0, 1, 1, 1, 0, 0, 1, 0, 0, 1, 1, 0, 0, 1, 0, 1, 1, 0, 0, 0, 0, 1, 1, 0, 1, 0, 0, 1, 0, 0, 0, 0, 0, 0, 0, 0, 0, 0, 1, 0, 1, 0, 0, 0, 1, 0, 1, 0, 0, 0, 1, 0, 0, 0, 0, 0, 0, 0, 0, 0, 0, 0, 0, 1, 0, 0, 1, 1, 1, 0, 0, 0, 1, 0, 0, 0, 1, 0, 1, 1, 0, 0, 0, 0, 1, 0, 0, 0, 0, 0, 0, 0, 1, 1, 1, 1, 0, 0, 0, 1, 1, 0, 0, 0, 0, 0, 0, 0, 0, 0, 0, 0, 1, 0, 1], "n": {"train": 3400, "val": 600, "test": 586, "toxic_frac": 0.23911764705882352}}