{"model": "ai4bharat/indic-bert", "dataset": "dravidian_kannada", "train_config": "ce", "seed": 123, "thr_cal": 0.3800058349967003, "metrics_05": {"macro": 0.7073494335122241, "toxf1": 0.5705128205128205, "prec": 0.5855263157894737, "rec": 0.55625, "prauc": 0.6415601743897872, "ece": 0.0693046007394384, "covert": 0.8048780487804879}, "metrics_cal": {"macro": 0.6977843731596056, "toxf1": 0.5910290237467019, "prec": 0.5114155251141552, "rec": 0.7, "prauc": 0.6415601743897872, "ece": 0.0693046007394384, "covert": 0.8361581920903954}, "probs": [0.05319, 0.37143, 0.27523, 0.10519, 0.59562, 0.11801, 0.22544, 0.12403, 0.09415, 0.27317, 0.62002, 0.15814, 0.05335, 0.28834, 0.29553, 0.09905, 0.51075, 0.89477, 0.10091, 0.68971, 0.2001, 0.13742, 0.42059, 0.51283, 0.98951, 0.86674, 0.98921, 0.37357, 0.43697, 0.30291, 0.96506, 0.70823, 0.10063, 0.07275, 0.6465, 0.11208, 0.13659, 0.0496, 0.43774, 0.27245, 0.85254, 0.08786, 0.85543, 0.13271, 0.48553, 0.7472, 0.20196, 0.13175, 0.12944, 0.15863, 0.61138, 0.17756, 0.14963, 0.63797, 0.17827, 0.45001, 0.0723, 0.26782, 0.18055, 0.70635, 0.36982, 0.15489, 0.72287, 0.48107, 0.03559, 0.20683, 0.38073, 0.29342, 0.4367, 0.9593, 0.34162, 0.08772, 0.40452, 0.38417, 0.28867, 0.15082, 0.3558, 0.25442, 0.5679, 0.51206, 0.17558, 0.31206, 0.10995, 0.34514, 0.37154, 0.27516, 0.45969, 0.03295, 0.2505, 0.06382, 0.03023, 0.11857, 0.06645, 0.66109, 0.48649, 0.074, 0.12226, 0.01816, 0.15634, 0.07814, 0.05141, 0.21607, 0.18921, 0.77824, 0.60697, 0.13836, 0.6856, 0.35217, 0.21167, 0.56798, 0.30237, 0.11732, 0.01964, 0.10687, 0.05812, 0.1306, 0.10063, 0.21145, 0.38729, 0.35177, 0.25153, 0.01853, 0.57058, 0.73847, 0.18343, 0.08913, 0.20196, 0.22028, 0.11482, 0.22109, 0.64436, 0.09384, 0.20576, 0.43705, 0.67336, 0.4078, 0.11123, 0.93104, 0.10707, 0.742, 0.21699, 0.46891, 0.18832, 0.7916, 0.62546, 0.22096, 0.24344, 0.62019, 0.66176, 0.19599, 0.27939, 0.15392, 0.46538, 0.35869, 0.31906, 0.70225, 0.07881, 0.61975, 0.16601, 0.57502, 0.57558, 0.06144, 0.13928, 0.16548, 0.18386, 0.08606, 0.31719, 0.6856, 0.43835, 0.31508, 0.0422, 0.84343, 0.04719, 0.15204, 0.89414, 0.10047, 0.20196, 0.19136, 0.31314, 0.32746, 0.29355, 0.02172, 0.20196, 0.84822, 0.62934, 0.3838, 0.82937, 0.04103, 0.0754, 0.06609, 0.49093, 0.8105, 0.26829, 0.20196, 0.57084, 0.91632, 0.24639, 0.22303, 0.39422, 0.16634, 0.28768, 0.02762, 0.04983, 0.25241, 0.48545, 0.28696, 0.43373, 0.11326, 0.91066, 0.09082, 0.66934, 0.58743, 0.12625, 0.05633, 0.04323, 0.02441, 0.88741, 0.07412, 0.03344, 0.05603, 0.06586, 0.30476, 0.02608, 0.19479, 0.4866, 0.3353, 0.01928, 0.11416, 0.09325, 0.24583, 0.02701, 0.47639, 0.01489, 0.30714, 0.27035, 0.3047, 0.99266, 0.62392, 0.08294, 0.17009, 0.34233, 0.20196, 0.45667, 0.98983, 0.90392, 0.13343, 0.0842, 0.09581, 0.21507, 0.59721, 0.33447, 0.26919, 0.17064, 0.6227, 0.20842, 0.60002, 0.71707, 0.12199, 0.25839, 0.22595, 0.54857, 0.60697, 0.45833, 0.5756, 0.21112, 0.18394, 0.20196, 0.15668, 0.15329, 0.09451, 0.02079, 0.02741, 0.29099, 0.19962, 0.00996, 0.22091, 0.57885, 0.07078, 0.86757, 0.60149, 0.05733, 0.4432, 0.81031, 0.57813, 0.49327, 0.40299, 0.06232, 0.49924, 0.09694, 0.26872, 0.33722, 0.0132, 0.10245, 0.32429, 0.07237, 0.20196, 0.42752, 0.39111, 0.32312, 0.31211, 0.11014, 0.27685, 0.06199, 0.31784, 0.1035, 0.10791, 0.25096, 0.20196, 0.45429, 0.16712, 0.74307, 0.18227, 0.01919, 0.2874, 0.62491, 0.2533, 0.12335, 0.30491, 0.37979, 0.2659, 0.57485, 0.42975, 0.11133, 0.10696, 0.6837, 0.257, 0.52181, 0.09893, 0.61107, 0.81961, 0.01473, 0.37222, 0.10922, 0.63284, 0.26719, 0.08581, 0.15354, 0.36878, 0.10764, 0.17387, 0.25542, 0.23278, 0.56002, 0.12938, 0.13306, 0.28371, 0.88595, 0.67731, 0.20196, 0.35988, 0.10976, 0.23415, 0.63049, 0.40736, 0.24823, 0.36224, 0.44025, 0.66724, 0.22675, 0.08642, 0.68897, 0.21964, 0.63495, 0.66328, 0.11596, 0.0277, 0.52071, 0.37442, 0.06492, 0.45183, 0.99052, 0.14872, 0.3555, 0.20196, 0.10158, 0.194, 0.01642, 0.55478, 0.7805, 0.08343, 0.72794, 0.31386, 0.11786, 0.73481, 0.18933, 0.34238, 0.04345, 0.03493, 0.46435, 0.36239, 0.51377, 0.07162, 0.04474, 0.13554, 0.12044, 0.1129, 0.65856, 0.74746, 0.20836, 0.67728, 0.30001, 0.21, 0.41363, 0.68085, 0.12862, 0.05277, 0.06003, 0.988, 0.40779, 0.47938, 0.11107, 0.09035, 0.16717, 0.02811, 0.61115, 0.16063, 0.13608, 0.4059, 0.06558, 0.23745, 0.23873, 0.90071, 0.41341, 0.02716, 0.74379, 0.40683, 0.24311, 0.57669, 0.98941, 0.03131, 0.21844, 0.39181, 0.02107, 0.54413, 0.17458, 0.86631, 0.80444, 0.05676, 0.78336, 0.03832, 0.13778, 0.52204, 0.11558, 0.05217, 0.91353, 0.97259, 0.0544, 0.75134, 0.86827, 0.51123, 0.42482, 0.0957, 0.03943, 0.06546, 0.59737, 0.42943, 0.34507, 0.12263, 0.09004, 0.07063, 0.37899, 0.02653, 0.07149, 0.03344, 0.41799, 0.80151, 0.0731, 0.7079, 0.76467, 0.86184, 0.29677, 0.35283, 0.48304, 0.08436, 0.81973, 0.02647, 0.47903, 0.55826, 0.09927, 0.04023, 0.73947, 0.22921, 0.04816, 0.19865, 0.57829, 0.45542, 0.91949, 0.65598, 0.21575, 0.03112, 0.05981, 0.32334, 0.55206, 0.93317, 0.04417, 0.4619, 0.71666, 0.08156, 0.48201, 0.24178, 0.15519, 0.01523, 0.28344, 0.05959, 0.00872, 0.76826, 0.20379, 0.18966, 0.42499, 0.82971, 0.01131, 0.94198, 0.07976, 0.1792, 0.11075, 0.7523, 0.78082, 0.28519, 0.04288, 0.32442, 0.3233, 0.87245, 0.24187, 0.24574, 0.67998, 0.23102, 0.20196, 0.26873, 0.2664, 0.18058, 0.26906, 0.46403, 0.4447, 0.1476, 0.52353, 0.20196, 0.82869, 0.29078, 0.16148, 0.36254, 0.44768, 0.5315, 0.47601, 0.28637, 0.45746, 0.38776, 0.38592, 0.51491, 0.30599, 0.15543, 0.90715, 0.0827, 0.2301, 0.57466, 0.03649, 0.9519, 0.01084, 0.57061, 0.55304, 0.15428, 0.03113, 0.52003, 0.19377, 0.47084, 0.72748, 0.39744, 0.16292, 0.07717, 0.71133, 0.36436, 0.90617, 0.66531, 0.34165, 0.87482, 0.23705, 0.1942, 0.77842, 0.47451, 0.382, 0.35945, 0.70636, 0.05323, 0.29562, 0.5677, 0.03215, 0.4779], "labels": [0, 0, 0, 0, 0, 0, 0, 0, 0, 0, 0, 0, 0, 0, 1, 0, 0, 1, 0, 0, 0, 0, 0, 1, 1, 1, 1, 1, 1, 0, 1, 0, 1, 1, 1, 0, 1, 0, 0, 1, 0, 0, 1, 0, 0, 0, 0, 0, 0, 1, 0, 0, 0, 1, 0, 0, 0, 0, 1, 0, 0, 0, 0, 1, 0, 0, 0, 0, 1, 1, 1, 0, 0, 0, 0, 1, 0, 0, 0, 1, 0, 1, 1, 0, 0, 0, 1, 0, 1, 0, 0, 0, 0, 0, 0, 0, 0, 1, 0, 0, 0, 1, 0, 1, 0, 0, 1, 0, 0, 0, 0, 0, 0, 0, 0, 0, 0, 0, 1, 0, 0, 0, 1, 1, 0, 0, 0, 0, 0, 0, 0, 0, 0, 1, 1, 0, 0, 1, 0, 0, 0, 0, 1, 1, 1, 0, 0, 0, 1, 0, 0, 0, 0, 0, 0, 1, 0, 0, 0, 1, 1, 1, 0, 1, 0, 0, 0, 0, 0, 0, 0, 1, 0, 0, 1, 0, 0, 0, 0, 0, 0, 0, 0, 0, 1, 0, 0, 0, 0, 0, 0, 1, 0, 1, 0, 1, 1, 0, 0, 0, 0, 0, 0, 0, 1, 1, 0, 0, 1, 0, 1, 0, 1, 0, 0, 0, 1, 0, 0, 0, 1, 0, 0, 0, 1, 0, 0, 0, 0, 0, 0, 0, 0, 0, 0, 1, 1, 0, 0, 0, 0, 0, 0, 1, 1, 0, 0, 0, 0, 0, 0, 0, 0, 1, 0, 0, 0, 0, 1, 0, 1, 0, 0, 0, 0, 0, 0, 0, 0, 0, 0, 0, 0, 1, 0, 0, 0, 0, 1, 1, 0, 1, 1, 0, 0, 1, 0, 1, 0, 0, 1, 0, 0, 1, 0, 0, 0, 1, 0, 0, 0, 0, 0, 0, 0, 0, 0, 1, 0, 0, 0, 0, 0, 0, 1, 1, 0, 0, 0, 0, 1, 1, 0, 0, 1, 0, 1, 0, 1, 1, 0, 0, 0, 0, 0, 0, 0, 1, 0, 0, 0, 0, 0, 0, 0, 0, 1, 0, 0, 0, 0, 0, 1, 0, 0, 1, 0, 1, 0, 0, 1, 0, 0, 0, 0, 0, 1, 0, 0, 1, 1, 0, 0, 0, 0, 0, 0, 1, 1, 0, 1, 0, 0, 1, 1, 1, 0, 0, 1, 1, 0, 0, 0, 0, 0, 0, 0, 0, 0, 1, 1, 1, 0, 1, 0, 0, 0, 1, 0, 0, 0, 0, 0, 0, 0, 0, 0, 1, 0, 1, 0, 0, 1, 0, 0, 0, 1, 1, 1, 0, 0, 0, 0, 0, 0, 1, 1, 0, 1, 0, 0, 0, 0, 0, 1, 1, 0, 1, 0, 1, 0, 0, 0, 0, 0, 0, 0, 0, 0, 0, 0, 0, 0, 0, 0, 0, 0, 1, 0, 1, 0, 0, 1, 1, 1, 0, 0, 1, 0, 0, 1, 1, 0, 0, 1, 0, 1, 1, 0, 0, 0, 0, 1, 1, 0, 1, 0, 0, 1, 0, 0, 0, 0, 0, 0, 0, 0, 0, 0, 1, 0, 1, 0, 0, 0, 1, 0, 1, 0, 0, 0, 1, 0, 0, 0, 0, 0, 0, 0, 0, 0, 0, 0, 0, 1, 0, 0, 1, 1, 1, 0, 0, 0, 1, 0, 0, 0, 1, 0, 1, 1, 0, 0, 0, 0, 1, 0, 0, 0, 0, 0, 0, 0, 1, 1, 1, 1, 0, 0, 0, 1, 1, 0, 0, 0, 0, 0, 0, 0, 0, 0, 0, 0, 1, 0, 1], "n": {"train": 3400, "val": 600, "test": 586, "toxic_frac": 0.23911764705882352}}