{"model": "ai4bharat/indic-bert", "dataset": "hatexplain", "train_config": "hardneg", "seed": 7, "thr_cal": 0.21905575543642028, "metrics_05": {"macro": 0.6958713531357852, "toxf1": 0.7169576059850374, "prec": 0.8321273516642547, "rec": 0.6297918948521358, "prauc": 0.8579480537082732, "ece": 0.13833893491824467, "covert": 0.8396396396396396}, "metrics_cal": {"macro": 0.7145219861215979, "toxf1": 0.7916010498687664, "prec": 0.7600806451612904, "rec": 0.8258488499452354, "prauc": 0.8579480537082732, "ece": 0.13833893491824467, "covert": 0.8912337662337663}, "probs": [0.52201, 0.46119, 0.03698, 0.49466, 0.09429, 0.35172, 0.95995, 0.07405, 0.15649, 0.0562, 0.11413, 0.05544, 0.03212, 0.3147, 0.13002, 0.16887, 0.11288, 0.17055, 0.99216, 0.06928, 0.02256, 0.43675, 0.03242, 0.39438, 0.28011, 0.80781, 0.98321, 0.23386, 0.19338, 0.62466, 0.76274, 0.12654, 0.68571, 0.49033, 0.95798, 0.02996, 0.57226, 0.29995, 0.90269, 0.06288, 0.88064, 0.7851, 0.3651, 0.10692, 0.19288, 0.5977, 0.03136, 0.90494, 0.9048, 0.85238, 0.03475, 0.221, 0.97108, 0.22996, 0.40938, 0.94279, 0.45232, 0.12764, 0.6333, 0.91054, 0.05789, 0.95769, 0.84638, 0.21557, 0.92127, 0.42985, 0.972, 0.69826, 0.31062, 0.86783, 0.57783, 0.93212, 0.37199, 0.89265, 0.11654, 0.2155, 0.94092, 0.37498, 0.37173, 0.95842, 0.90648, 0.08373, 0.83098, 0.19615, 0.23069, 0.4243, 0.89228, 0.422, 0.55073, 0.72488, 0.05714, 0.92455, 0.72956, 0.36149, 0.71607, 0.07037, 0.26999, 0.50006, 0.18959, 0.99175, 0.03914, 0.66394, 0.86183, 0.69985, 0.07619, 0.15026, 0.61563, 0.66041, 0.96865, 0.13782, 0.01307, 0.31474, 0.1666, 0.1036, 0.27949, 0.69373, 0.4625, 0.65907, 0.90255, 0.45854, 0.42071, 0.22626, 0.05336, 0.93961, 0.21641, 0.14775, 0.34874, 0.07453, 0.19259, 0.81628, 0.03596, 0.90371, 0.06181, 0.52459, 0.74863, 0.22836, 0.22425, 0.90347, 0.97725, 0.28227, 0.40545, 0.97783, 0.53462, 0.96816, 0.58084, 0.06281, 0.89775, 0.2144, 0.82993, 0.81694, 0.84665, 0.65082, 0.76231, 0.23868, 0.96826, 0.56471, 0.93958, 0.68869, 0.10816, 0.7415, 0.17212, 0.91247, 0.80734, 0.83612, 0.44419, 0.54112, 0.52253, 0.06601, 0.92139, 0.26062, 0.08974, 0.42296, 0.45709, 0.22516, 0.80334, 0.24079, 0.20426, 0.23207, 0.90371, 0.11621, 0.98931, 0.0672, 0.09039, 0.26877, 0.82531, 0.3108, 0.91073, 0.42043, 0.40091, 0.94891, 0.13326, 0.6631, 0.92702, 0.92267, 0.94015, 0.84277, 0.65418, 0.66962, 0.96809, 0.08399, 0.68262, 0.12543, 0.21526, 0.17247, 0.8076, 0.5189, 0.48792, 0.30347, 0.03259, 0.05949, 0.10324, 0.09766, 0.77271, 0.54398, 0.31576, 0.14801, 0.0388, 0.0424, 0.88898, 0.10703, 0.71076, 0.04144, 0.23456, 0.95772, 0.02666, 0.96709, 0.90435, 0.3134, 0.28431, 0.63324, 0.6826, 0.89409, 0.31862, 0.5866, 0.96155, 0.63744, 0.87636, 0.56021, 0.97913, 0.32696, 0.1555, 0.67912, 0.40086, 0.2444, 0.87619, 0.46805, 0.50645, 0.10146, 0.14289, 0.17822, 0.54605, 0.89807, 0.32876, 0.82365, 0.10565, 0.46273, 0.96633, 0.06995, 0.08131, 0.31298, 0.07933, 0.98105, 0.10288, 0.93126, 0.65507, 0.14562, 0.92516, 0.06188, 0.09455, 0.12153, 0.53575, 0.19418, 0.07513, 0.5752, 0.0376, 0.19081, 0.86835, 0.99054, 0.93806, 0.91877, 0.98299, 0.96376, 0.86582, 0.98351, 0.36227, 0.14784, 0.54671, 0.05394, 0.05441, 0.07612, 0.10993, 0.08653, 0.0513, 0.2406, 0.89936, 0.14613, 0.2967, 0.03261, 0.93028, 0.0509, 0.86345, 0.05799, 0.19019, 0.99067, 0.74349, 0.36458, 0.55384, 0.942, 0.0472, 0.2495, 0.50612, 0.19587, 0.89241, 0.35903, 0.27438, 0.88187, 0.79193, 0.13284, 0.93627, 0.98412, 0.83892, 0.07545, 0.40823, 0.79172, 0.0958, 0.97415, 0.08373, 0.20904, 0.81697, 0.70475, 0.95351, 0.94959, 0.24439, 0.89027, 0.36264, 0.14173, 0.33316, 0.9062, 0.92644, 0.05657, 0.51531, 0.94048, 0.65604, 0.94555, 0.04535, 0.74124, 0.02613, 0.11791, 0.24967, 0.62866, 0.05256, 0.283, 0.06845, 0.97151, 0.5163, 0.97908, 0.02999, 0.66012, 0.0775, 0.48021, 0.49627, 0.8362, 0.95445, 0.00519, 0.99251, 0.41342, 0.98506, 0.99137, 0.34704, 0.89496, 0.08246, 0.21523, 0.8511, 0.86462, 0.50878, 0.61569, 0.18068, 0.48994, 0.57566, 0.93751, 0.82468, 0.48232, 0.06753, 0.98684, 0.11009, 0.06449, 0.06234, 0.05358, 0.33346, 0.82751, 0.88999, 0.07032, 0.10687, 0.16857, 0.94676, 0.97056, 0.4619, 0.64912, 0.62205, 0.26374, 0.5729, 0.19336, 0.64576, 0.34665, 0.55783, 0.71375, 0.30463, 0.83404, 0.07227, 0.0348, 0.60756, 0.1887, 0.14392, 0.08779, 0.05012, 0.67895, 0.0894, 0.8154, 0.89721, 0.15396, 0.50836, 0.17022, 0.50341, 0.44445, 0.16465, 0.36679, 0.1823, 0.31049, 0.91354, 0.35074, 0.06408, 0.06054, 0.11594, 0.06432, 0.61398, 0.91666, 0.84388, 0.96583, 0.61103, 0.06597, 0.92987, 0.66794, 0.58214, 0.21639, 0.26052, 0.97146, 0.89681, 0.29745, 0.08496, 0.64113, 0.06245, 0.61495, 0.11881, 0.89564, 0.54121, 0.04664, 0.17432, 0.07966, 0.96147, 0.18559, 0.15237, 0.20636, 0.74712, 0.52453, 0.09869, 0.20592, 0.31436, 0.19986, 0.9613, 0.23726, 0.12238, 0.19155, 0.20151, 0.06971, 0.79391, 0.1531, 0.44073, 0.23894, 0.64044, 0.12899, 0.32406, 0.18141, 0.07489, 0.75714, 0.05578, 0.45284, 0.26037, 0.4725, 0.12261, 0.9754, 0.92815, 0.9411, 0.59984, 0.19255, 0.09311, 0.05037, 0.04891, 0.95875, 0.87644, 0.43577, 0.97603, 0.17757, 0.04904, 0.02091, 0.74307, 0.98337, 0.71445, 0.1214, 0.13647, 0.10696, 0.19393, 0.34349, 0.94254, 0.06676, 0.09098, 0.6996, 0.8945, 0.07086, 0.51547, 0.31113, 0.08512, 0.42534, 0.94704, 0.38496, 0.52281, 0.84298, 0.94766, 0.03856, 0.90294, 0.91976, 0.88175, 0.44925, 0.02461, 0.11568, 0.83028, 0.4942, 0.68577, 0.06261, 0.13164, 0.96953, 0.19448, 0.90872, 0.6966, 0.04539, 0.32987, 0.52457, 0.1997, 0.70431, 0.50952, 0.91965, 0.89885, 0.18294, 0.95745, 0.95232, 0.07564, 0.93744, 0.24029, 0.76887, 0.49052, 0.18088, 0.0393, 0.20314, 0.17135, 0.58631, 0.93969, 0.05521, 0.96456, 0.02032, 0.84693, 0.48602, 0.96422, 0.96745, 0.34436, 0.51783, 0.11033, 0.69024, 0.80749, 0.81484, 0.26471, 0.98307, 0.09202, 0.55275, 0.95978, 0.96774, 0.8064, 0.47827, 0.03878, 0.10008, 0.74344, 0.05579, 0.88803, 0.03366, 0.26279, 0.0754, 0.09619, 0.93517, 0.97422, 0.10865, 0.37544, 0.12539, 0.61701, 0.55328, 0.45897, 0.64965, 0.80111, 0.19099, 0.10238, 0.25317, 0.10962, 0.93034, 0.10723, 0.84839, 0.80884, 0.1801, 0.07026, 0.30878, 0.87035, 0.73761, 0.49766, 0.57103, 0.54666, 0.08675, 0.21739, 0.78721, 0.75548, 0.33907, 0.46174, 0.96729, 0.68722, 0.88873, 0.04481, 0.43723, 0.18328, 0.56452, 0.22359, 0.94389, 0.68045, 0.82405, 0.04085, 0.10214, 0.02842, 0.31685, 0.09508, 0.42052, 0.87919, 0.94218, 0.26435, 0.0571, 0.08375, 0.93749, 0.9687, 0.82228, 0.15673, 0.63954, 0.18179, 0.59874, 0.23654, 0.03213, 0.36627, 0.96659, 0.17651, 0.27399, 0.09009, 0.12979, 0.02601, 0.17515, 0.27494, 0.09258, 0.16789, 0.39049, 0.11899, 0.94138, 0.127, 0.97417, 0.06949, 0.38425, 0.16348, 0.34712, 0.34097, 0.99028, 0.85433, 0.97862, 0.51847, 0.75106, 0.87186, 0.03593, 0.1418, 0.5035, 0.14933, 0.87876, 0.16755, 0.84265, 0.57307, 0.13146, 0.8662, 0.8816, 0.81676, 0.07652, 0.18751, 0.22183, 0.98349, 0.42091, 0.63098, 0.7765, 0.66915, 0.81456, 0.09597, 0.42816, 0.09465, 0.9928, 0.05139, 0.12508, 0.63126, 0.42509, 0.07017, 0.2931, 0.30245, 0.04004, 0.78905, 0.01569, 0.50747, 0.9305, 0.63906, 0.58237, 0.06913, 0.8634, 0.04612, 0.31348, 0.66106, 0.97819, 0.54613, 0.96855, 0.29365, 0.8402, 0.89397, 0.97024, 0.01752, 0.24536, 0.21101, 0.80197, 0.9611, 0.72109, 0.91819, 0.09545, 0.05638, 0.04193, 0.73433, 0.315, 0.2104, 0.16572, 0.06212, 0.86411, 0.06828, 0.1401, 0.98236, 0.90822, 0.10932, 0.09141, 0.92939, 0.06752, 0.09184, 0.09132, 0.16194, 0.5546, 0.05928, 0.07972, 0.06198, 0.82357, 0.30516, 0.17354, 0.12761, 0.09105, 0.02001, 0.18962, 0.80271, 0.07036, 0.89782, 0.97468, 0.09225, 0.82207, 0.93038, 0.98415, 0.38406, 0.90022, 0.48176, 0.9339, 0.48191, 0.83666, 0.08392, 0.51203, 0.17018, 0.11496, 0.77579, 0.95284, 0.05248, 0.74034, 0.05268, 0.35432, 0.17682, 0.91179, 0.88116, 0.88957, 0.62753, 0.95588, 0.12988, 0.53417, 0.98172, 0.87773, 0.1929, 0.96152, 0.09236, 0.34611, 0.81938, 0.03485, 0.65665, 0.60651, 0.03018, 0.12706, 0.36413, 0.22524, 0.94581, 0.04005, 0.9633, 0.80084, 0.07955, 0.70179, 0.84612, 0.0595, 0.20038, 0.84767, 0.96606, 0.14102, 0.09183, 0.35261, 0.97828, 0.32482, 