{"model": "ai4bharat/indic-bert", "dataset": "dravidian_kannada", "train_config": "hardneg", "seed": 7, "thr_cal": 0.2574812531471252, "metrics_05": {"macro": 0.6913268549632186, "toxf1": 0.5538461538461539, "prec": 0.5454545454545454, "rec": 0.5625, "prauc": 0.6220410809024668, "ece": 0.09915935776415741, "covert": 0.7848101265822784}, "metrics_cal": {"macro": 0.6826562968955933, "toxf1": 0.5786802030456852, "prec": 0.48717948717948717, "rec": 0.7125, "prauc": 0.6220410809024668, "ece": 0.09915935776415741, "covert": 0.8222222222222222}, "probs": [0.02596, 0.3681, 0.26956, 0.13987, 0.73856, 0.08859, 0.03223, 0.10459, 0.03577, 0.05117, 0.26351, 0.0434, 0.02832, 0.52133, 0.1549, 0.04948, 0.57831, 0.88839, 0.01249, 0.7561, 0.25653, 0.12968, 0.12047, 0.28134, 0.97012, 0.77969, 0.97185, 0.03755, 0.31284, 0.07385, 0.97204, 0.86693, 0.03549, 0.18343, 0.686, 0.03015, 0.18707, 0.02466, 0.23357, 0.0555, 0.9119, 0.02882, 0.84982, 0.47668, 0.41884, 0.37982, 0.13587, 0.05893, 0.09057, 0.14754, 0.86805, 0.10176, 0.09785, 0.37548, 0.03126, 0.67295, 0.02908, 0.04398, 0.04514, 0.52698, 0.03569, 0.12946, 0.33216, 0.09245, 0.01129, 0.05468, 0.08913, 0.52581, 0.50273, 0.95956, 0.08229, 0.01906, 0.3638, 0.30426, 0.27125, 0.05899, 0.1557, 0.04708, 0.70478, 0.53648, 0.07582, 0.82009, 0.0302, 0.04428, 0.45601, 0.01026, 0.71331, 0.00588, 0.28036, 0.10071, 0.01179, 0.01311, 0.02115, 0.70794, 0.81514, 0.06864, 0.12164, 0.03514, 0.08513, 0.04426, 0.02093, 0.20459, 0.01667, 0.70128, 0.78741, 0.03064, 0.45817, 0.07918, 0.48969, 0.11814, 0.13997, 0.06744, 0.00541, 0.1034, 0.14317, 0.23838, 0.03549, 0.71014, 0.0395, 0.58516, 0.05802, 0.0293, 0.63357, 0.7319, 0.11891, 0.01349, 0.13587, 0.53985, 0.04448, 0.33846, 0.88336, 0.01742, 0.06233, 0.46534, 0.51264, 0.29702, 0.02972, 0.92308, 0.02876, 0.87521, 0.07766, 0.47866, 0.24651, 0.82951, 0.29773, 0.58586, 0.14388, 0.81208, 0.80258, 0.01818, 0.10399, 0.123, 0.85005, 0.65868, 0.29882, 0.33394, 0.01214, 0.72832, 0.08756, 0.62183, 0.621, 0.02005, 0.09964, 0.04291, 0.36927, 0.01181, 0.08503, 0.53095, 0.12381, 0.64801, 0.03463, 0.92706, 0.01192, 0.2121, 0.83685, 0.0591, 0.13587, 0.18136, 0.27673, 0.17931, 0.4691, 0.05232, 0.13587, 0.81486, 0.71156, 0.08928, 0.86475, 0.00815, 0.04526, 0.02053, 0.17852, 0.88813, 0.33408, 0.13587, 0.57553, 0.91888, 0.25132, 0.18039, 0.30944, 0.05984, 0.11289, 0.01114, 0.01693, 0.09583, 0.06967, 0.06522, 0.15729, 0.02999, 0.75523, 0.02957, 0.86075, 0.16178, 0.04668, 0.03251, 0.02955, 0.01769, 0.82332, 0.05423, 0.01378, 0.04213, 0.00999, 0.13122, 0.02288, 0.04351, 0.59002, 0.55559, 0.01214, 0.02204, 0.04394, 0.03399, 0.0125, 0.60686, 0.01508, 0.11651, 0.07185, 0.23458, 0.97977, 0.24027, 0.03088, 0.05182, 0.22435, 0.13587, 0.33567, 0.95238, 0.94448, 0.07183, 0.04182, 0.39502, 0.06049, 0.87987, 0.68485, 0.42344, 0.07932, 0.67155, 0.06769, 0.64292, 0.18459, 0.0387, 0.25342, 0.04541, 0.48675, 0.78741, 0.50054, 0.70554, 0.21379, 0.13221, 0.13587, 0.03172, 0.1937, 0.03983, 0.0146, 0.01104, 0.31775, 0.34337, 0.01806, 0.07211, 0.53633, 0.02761, 0.71623, 0.89242, 0.03056, 0.3001, 0.92067, 0.75304, 0.77565, 0.29738, 0.02603, 0.52982, 0.0212, 0.05288, 0.44723, 0.0163, 0.06105, 0.373, 0.01153, 0.13587, 0.44867, 0.47561, 0.20956, 0.05332, 0.01931, 0.17408, 0.02026, 0.1188, 0.04089, 0.08893, 0.04772, 0.13587, 0.06944, 0.03617, 0.37465, 0.17006, 0.00772, 0.87503, 0.4329, 0.02764, 0.01252, 0.17005, 0.40914, 0.06293, 0.24178, 0.21738, 0.06815, 0.0431, 0.82577, 0.02918, 0.519, 0.01549, 0.32334, 0.90246, 0.00789, 0.83177, 0.06477, 0.22772, 0.04018, 0.06823, 0.09447, 0.14121, 0.03235, 0.24763, 0.17485, 0.00816, 0.703, 0.01969, 0.02397, 0.18255, 0.82915, 0.71379, 0.13587, 0.34215, 0.01457, 0.13546, 0.75649, 0.10308, 0.12366, 0.77561, 0.48116, 0.79116, 0.05925, 0.03128, 0.82813, 0.02061, 0.35189, 0.69432, 0.02816, 0.01075, 0.75948, 0.67984, 0.03594, 0.61435, 0.97582, 0.04808, 0.33129, 0.13587, 0.04478, 0.07919, 0.0128, 0.71576, 0.9167, 0.03076, 0.39778, 0.06433, 0.11129, 0.60175, 0.07173, 0.13749, 0.01375, 0.02842, 0.14403, 0.56406, 0.25679, 0.0281, 0.03531, 0.1369, 0.04601, 0.03328, 0.83465, 0.57486, 0.15195, 0.73054, 0.05285, 0.12212, 0.84622, 0.66897, 0.05265, 0.0079, 0.04696, 0.98509, 0.63399, 0.18732, 0.09044, 0.04124, 0.08357, 0.01406, 0.5611, 0.08177, 0.05489, 0.48983, 0.05129, 0.55043, 0.05922, 0.83803, 0.79744, 0.01065, 0.6294, 0.39438, 0.0521, 0.57765, 0.96497, 0.01174, 0.0145, 0.20114, 0.01026, 0.50697, 0.05179, 0.96786, 0.9157, 0.01736, 0.9314, 0.02226, 0.05346, 0.16952, 0.00524, 0.09811, 0.91148, 0.944, 0.01238, 0.58115, 0.71483, 0.59726, 0.30034, 0.03814, 0.0447, 0.02192, 0.59834, 0.60286, 0.354, 0.23572, 0.00979, 0.00795, 0.19358, 0.01859, 0.02991, 0.01378, 0.18277, 0.44192, 0.23263, 0.74486, 0.17954, 0.74143, 0.18299, 0.14382, 0.31554, 0.03354, 0.92544, 0.01499, 0.14442, 0.70555, 0.22203, 0.01204, 0.78581, 0.13024, 0.0153, 0.3189, 0.75548, 0.30302, 0.89759, 0.84415, 0.03074, 0.08253, 0.00867, 0.1059, 0.20695, 0.91601, 0.01119, 0.85958, 0.70052, 0.0741, 0.31518, 0.11339, 0.08448, 0.01896, 0.12812, 0.02062, 0.01658, 0.84512, 0.03311, 0.06864, 0.08252, 0.76575, 0.00949, 0.92582, 0.11309, 0.02037, 0.01721, 0.58592, 0.86083, 0.1185, 0.00727, 0.59294, 0.09093, 0.83509, 0.50977, 0.02401, 0.9092, 0.48446, 0.13587, 0.57992, 0.21317, 0.04976, 0.18828, 0.51746, 0.49591, 0.03267, 0.29114, 0.13587, 0.74997, 0.21468, 0.06138, 0.09868, 0.30745, 0.80304, 0.79526, 0.83161, 0.05314, 0.21207, 0.7677, 0.64705, 0.04229, 0.04526, 0.91575, 0.01614, 0.66437, 0.37841, 0.0098, 0.89257, 0.00854, 0.73509, 0.3973, 0.02432, 0.03029, 0.66283, 0.04392, 0.59601, 0.76535, 0.47966, 0.04276, 0.0356, 0.45004, 0.08696, 0.95607, 0.84077, 0.29535, 0.79285, 0.10989, 0.01722, 0.68603, 0.25179, 0.13837, 0.15172, 0.54329, 0.07898, 0.13826, 0.70226, 0.0155, 0.28766], "labels": [0, 0, 0, 0, 0, 0, 0, 0, 0, 0, 0, 0, 0, 0, 1, 0, 0, 1, 0, 0, 0, 0, 0, 1, 1, 1, 1, 1, 1, 0, 1, 0, 1, 1, 1, 0, 1, 0, 0, 1, 0, 0, 1, 0, 0, 0, 0, 0, 0, 1, 0, 0, 0, 1, 0, 0, 0, 0, 1, 0, 0, 0, 0, 1, 0, 0, 0, 0, 1, 1, 1, 0, 0, 0, 0, 1, 0, 0, 0, 1, 0, 1, 1, 0, 0, 0, 1, 0, 1, 0, 0, 0, 0, 0, 0, 0, 0, 1, 0, 0, 0, 1, 0, 1, 0, 0, 1, 0, 0, 0, 0, 0, 0, 0, 0, 0, 0, 0, 1, 0, 0, 0, 1, 1, 0, 0, 0, 0, 0, 0, 0, 0, 0, 1, 1, 0, 0, 1, 0, 0, 0, 0, 1, 1, 1, 0, 0, 0, 1, 0, 0, 0, 0, 0, 0, 1, 0, 0, 0, 1, 1, 1, 0, 1, 0, 0, 0, 0, 0, 0, 0, 1, 0, 0, 1, 0, 0, 0, 0, 0, 0, 0, 0, 0, 1, 0, 0, 0, 0, 0, 0, 1, 0, 1, 0, 1, 1, 0, 0, 0, 0, 0, 0, 0, 1, 1, 0, 0, 1, 0, 1, 0, 1, 0, 0, 0, 1, 0, 0, 0, 1, 0, 0, 0, 1, 0, 0, 0, 0, 0, 0, 0, 0, 0, 0, 1, 1, 0, 0, 0, 0, 0, 0, 1, 1, 0, 0, 0, 0, 0, 0, 0, 0, 1, 0, 0, 0, 0, 1, 0, 1, 0, 0, 0, 0, 0, 0, 0, 0, 0, 0, 0, 0, 1, 0, 0, 0, 0, 1, 1, 0, 1, 1, 0, 0, 1, 0, 1, 0, 0, 1, 0, 0, 1, 0, 0, 0, 1, 0, 0, 0, 0, 0, 0, 0, 0, 0, 1, 0, 0, 0, 0, 0, 0, 1, 1, 0, 0, 0, 0, 1, 1, 0, 0, 1, 0, 1, 0, 1, 1, 0, 0, 0, 0, 0, 0, 0, 1, 0, 0, 0, 0, 0, 0, 0, 0, 1, 0, 0, 0, 0, 0, 1, 0, 0, 1, 0, 1, 0, 0, 1, 0, 0, 0, 0, 0, 1, 0, 0, 1, 1, 0, 0, 0, 0, 0, 0, 1, 1, 0, 1, 0, 0, 1, 1, 1, 0, 0, 1, 1, 0, 0, 0, 0, 0, 0, 0, 0, 0, 1, 1, 1, 0, 1, 0, 0, 0, 1, 0, 0, 0, 0, 0, 0, 0, 0, 0, 1, 0, 1, 0, 0, 1, 0, 0, 0, 1, 1, 1, 0, 0, 0, 0, 0, 0, 1, 1, 0, 1, 0, 0, 0, 0, 0, 1, 1, 0, 1, 0, 1, 0, 0, 0, 0, 0, 0, 0, 0, 0, 0, 0, 0, 0, 0, 0, 0, 0, 1, 0, 1, 0, 0, 1, 1, 1, 0, 0, 1, 0, 0, 1, 1, 0, 0, 1, 0, 1, 1, 0, 0, 0, 0, 1, 1, 0, 1, 0, 0, 1, 0, 0, 0, 0, 0, 0, 0, 0, 0, 0, 1, 0, 1, 0, 0, 0, 1, 0, 1, 0, 0, 0, 1, 0, 0, 0, 0, 0, 0, 0, 0, 0, 0, 0, 0, 1, 0, 0, 1, 1, 1, 0, 0, 0, 1, 0, 0, 0, 1, 0, 1, 1, 0, 0, 0, 0, 1, 0, 0, 0, 0, 0, 0, 0, 1, 1, 1, 1, 0, 0, 0, 1, 1, 0, 0, 0, 0, 0, 0, 0, 0, 0, 0, 0, 1, 0, 1], "n": {"train": 3400, "val": 600, "test": 586, "toxic_frac": 0.23911764705882352}}