{"model": "google/muril-base-cased", "dataset": "dravidian_tamil", "train_config": "supcon", "seed": 2024, "thr_cal": 0.16296010464429853, "metrics_05": {"macro": 0.7377439284401563, "toxf1": 0.6120358514724712, "prec": 0.5519630484988453, "rec": 0.6867816091954023, "prauc": 0.6560920791251528, "ece": 0.09112611837685108, "covert": 0.7189873417721518}, "metrics_cal": {"macro": 0.6723455244150018, "toxf1": 0.5760151085930123, "prec": 0.4289732770745429, "rec": 0.8764367816091954, "prauc": 0.6560920791251528, "ece": 0.09112611837685108, "covert": 0.7221006564551422}, "probs": [0.11767, 0.04972, 0.04704, 0.05025, 0.83056, 0.05745, 0.0448, 0.04225, 0.06371, 0.05033, 0.07222, 0.05421, 0.04723, 0.04433, 0.09266, 0.52359, 0.94574, 0.14788, 0.03986, 0.52352, 0.08348, 0.10018, 0.20167, 0.07178, 0.04413, 0.41401, 0.94999, 0.03711, 0.07446, 0.04635, 0.03943, 0.2191, 0.04584, 0.08183, 0.0685, 0.86993, 0.10945, 0.06406, 0.04906, 0.27993, 0.21827, 0.0699, 0.42062, 0.08241, 0.36571, 0.8653, 0.04724, 0.04978, 0.23369, 0.05744, 0.04504, 0.08407, 0.21046, 0.15366, 0.07709, 0.93196, 0.54175, 0.84302, 0.9094, 0.07173, 0.05259, 0.04395, 0.55812, 0.29673, 0.07442, 0.03673, 0.06857, 0.50249, 0.90529, 0.50675, 0.80004, 0.53409, 0.06376, 0.06338, 0.7959, 0.59294, 0.81851, 0.89669, 0.1126, 0.06629, 0.55859, 0.37969, 0.30054, 0.03223, 0.05154, 0.04029, 0.07595, 0.06756, 0.05212, 0.91268, 0.05373, 0.68613, 0.03981, 0.30215, 0.16762, 0.7451, 0.51993, 0.06515, 0.05523, 0.07244, 0.69613, 0.04142, 0.07352, 0.06081, 0.31237, 0.69027, 0.06739, 0.04544, 0.03779, 0.20644, 0.15383, 0.1438, 0.88775, 0.10082, 0.14615, 0.04418, 0.07319, 0.08839, 0.05879, 0.03891, 0.06074, 0.04201, 0.04093, 0.07505, 0.54903, 0.04565, 0.87259, 0.11094, 0.04882, 0.10616, 0.04918, 0.14009, 0.70235, 0.08353, 0.76281, 0.57593, 0.14818, 0.03409, 0.05654, 0.9286, 0.88206, 0.05042, 0.84927, 0.94458, 0.07464, 0.09632, 0.04917, 0.09659, 0.17901, 0.17127, 0.87325, 0.06149, 0.5383, 0.04529, 0.90224, 0.09886, 0.03575, 0.14462, 0.04119, 0.85234, 0.05513, 0.5866, 0.09875, 0.94792, 0.03458, 0.06461, 0.41096, 0.22478, 0.59133, 0.83996, 0.88747, 0.56882, 0.18761, 0.45778, 0.13483, 0.05208, 0.76461, 0.32952, 0.04121, 0.28889, 0.071, 0.80802, 0.15012, 0.89007, 0.05466, 0.04983, 0.78947, 0.05469, 0.0379, 0.27155, 0.05155, 0.05425, 0.52622, 0.0552, 0.03313, 0.5483, 0.05986, 0.87797, 0.037, 0.05123, 0.13423, 0.95298, 0.86869, 0.07524, 0.11485, 0.04085, 0.53867, 0.04216, 0.17645, 0.36354, 0.23024, 0.18873, 0.25606, 0.05738, 0.04368, 0.56035, 0.03434, 0.04804, 0.06837, 0.06813, 0.05191, 0.04851, 0.05442, 0.94363, 0.07557, 0.93895, 0.72857, 0.08499, 0.03838, 0.0672, 0.12067, 0.06685, 0.08471, 0.93414, 0.21075, 0.06022, 0.36088, 0.03365, 0.36914, 0.10476, 0.93639, 0.10905, 0.04853, 0.41212, 0.47321, 0.49599, 0.13074, 0.50293, 0.06699, 0.0826, 0.05021, 0.04836, 0.08129, 0.04786, 0.78013, 0.08289, 0.0333, 0.39086, 0.06532, 0.04648, 0.42521, 0.94379, 0.07371, 0.07996, 0.34666, 0.0663, 0.18025, 0.10136, 0.75747, 0.0636, 0.53175, 0.94212, 0.88421, 0.03845, 0.05937, 0.0352, 0.89233, 0.29591, 0.06057, 0.16383, 0.04532, 0.04094, 0.06396, 0.1121, 0.04578, 0.04836, 0.17689, 0.26775, 0.77174, 0.76742, 0.05461, 0.04351, 0.04404, 0.91368, 0.10204, 0.06931, 0.0843, 0.21558, 0.92221, 0.29907, 0.0457, 0.05047, 0.05989, 0.47715, 0.85558, 0.23346, 0.16318, 0.07804, 0.28189, 0.03859, 0.07844, 0.8997, 0.06717, 0.15021, 0.14508, 0.32395, 0.85851, 0.08509, 0.10998, 0.19944, 0.056, 0.80749, 0.8714, 0.26579, 0.0551, 0.92011, 0.93382, 0.08725, 0.08685, 0.04949, 0.07787, 0.38365, 0.06022, 0.52075, 0.0602, 0.04072, 0.14705, 0.91224, 0.16897, 0.28102, 0.03536, 0.04502, 0.18309, 0.33578, 0.09096, 0.15306, 0.22612, 0.08619, 0.12369, 0.05109, 0.32043, 0.48708, 0.59071, 0.6411, 0.15122, 0.31148, 0.35916, 0.26586, 0.04967, 0.06268, 0.2755, 0.80465, 0.0722, 0.41273, 0.13938, 0.79655, 0.04452, 0.9204, 0.03631, 0.94711, 0.0478, 0.57368, 0.71665, 0.05386, 0.05762, 0.35392, 0.03781, 0.47914, 0.89661, 0.11256, 0.17105, 0.04584, 0.23568, 0.55657, 0.4583, 0.45519, 0.16186, 0.33074, 0.04819, 0.67334, 0.09455, 0.06934, 0.04064, 0.05254, 0.2124, 0.76667, 0.78093, 0.8941, 0.05215, 0.07815, 0.4553, 0.08449, 0.05822, 0.16324, 0.03839, 0.05559, 0.06122, 0.93755, 0.09985, 0.94512, 0.94141, 0.06328, 0.05225, 0.34033, 0.46339, 0.77917, 0.07308, 0.08301, 0.56717, 0.85596, 0.87987, 0.21732, 0.03486, 0.08466, 0.92412, 0.04309, 0.05176, 0.08294, 0.91455, 0.26119, 0.09262, 0.84264, 0.25879, 0.81714, 0.33825, 0.0473, 0.06119, 0.17073, 0.12882, 0.05408, 0.85008, 0.05957, 0.94684, 0.63281, 0.14072, 0.91387, 0.76601, 0.05439, 0.25127, 0.39501, 0.07223, 0.81716, 0.63506, 0.05916, 0.04982, 0.87815, 0.29769, 0.17872, 0.04813, 0.24292, 0.03884, 0.05392, 0.51208, 0.03522, 0.03768, 0.89739, 0.03538, 0.05288, 0.83555, 0.20903, 0.04073, 0.06635, 0.22899, 0.12465, 0.28292, 0.14913, 0.04774, 0.91548, 0.92867, 0.13805, 0.35357, 0.04627, 0.09158, 0.87258, 0.04323, 0.94875, 0.92077, 0.04584, 0.04144, 0.75364, 0.0469, 0.80289, 0.16749, 0.05288, 0.8966, 0.07047, 0.4318, 0.04088, 0.12302, 0.87484, 0.62755, 0.29788, 0.0611, 0.44767, 0.72153, 0.05406, 0.06703, 0.04549, 0.75429, 0.07347, 0.03456, 0.07494, 0.06098, 0.1945, 0.05015, 0.59683, 0.19367, 0.21177, 0.67144, 0.28157, 0.88208, 0.196, 0.20568, 0.40439, 0.79739, 0.06247, 0.07817, 0.22886, 0.07884, 0.08631, 0.13031, 0.08108, 0.93705, 0.76192, 0.28097, 0.03909, 0.20538, 0.04214, 0.03502, 0.05184, 0.48993, 0.07221, 0.05008, 0.07266, 0.07927, 0.94056, 0.05905, 0.16336, 0.04531, 0.05598, 0.04371, 0.04964, 0.1623, 0.07821, 0.17057, 0.36357, 0.13686, 0.82381, 0.50029, 0.90623, 0.39608, 0.34101, 0.55811, 0.40978, 0.05021, 0.29701, 0.6092, 0.79776, 0.0477, 0.9292, 0.10679, 0.515, 0.05042, 0.11392, 0.14941, 0.18601, 0.38311, 0.05054, 0.61458, 0.04804, 0.78203, 0.36839, 0.08744, 0.30505, 0.37945, 0.25634, 0.19156, 0.05605, 0.939, 0.90404, 0.05186, 0.93954, 0.62054, 0.89218, 0.06706, 0.03865, 0.05394, 0.07959, 0.03615, 0.59649, 0.04457, 0.94162, 0.87009, 0.2087, 0.071, 0.22795, 0.07513, 0.31196, 0.63679, 0.78215, 0.7038, 0.32631, 0.12385, 0.06345, 0.2044, 0.09842, 0.05342, 0.08335, 0.47935, 0.79074, 0.04552, 0.06074, 0.91906, 0.07049, 0.39476, 0.11403, 0.09455, 0.03312, 0.90985, 0.05057, 0.11705, 0.1064, 0.08682, 0.73653, 0.07218, 0.5618, 0.72004, 0.05602, 0.92715, 0.26749, 0.05027, 0.14623, 0.83762, 0.3843, 0.1875, 0.05122, 0.47473, 0.86609, 0.77236, 0.93744, 0.04312, 0.504, 0.73031, 0.19515, 0.05853, 0.06414, 0.03649, 0.78428, 0.93777, 0.06212, 0.72723, 0.29736, 0.19098, 0.03827, 0.34025, 0.27052, 0.09981, 0.08626, 0.60914, 0.15519, 0.93591, 0.04676, 0.56038, 0.6751, 0.03795, 0.34986, 0.04385, 0.92419, 0.0576, 0.94953, 0.09191, 0.44552, 0.90893, 0.05683, 0.23824, 0.06336, 0.2558, 0.92161, 0.06237, 0.18835, 0.07441, 0.0585, 0.11031, 0.13103, 0.48177, 0.06931, 0.07751, 0.37996, 0.07711, 0.65826, 0.48507, 0.04504, 0.4195, 0.93815, 0.05139, 0.24432, 0.05969, 0.12738, 0.05096, 0.08706, 0.0564, 0.05977, 0.08693, 0.03829, 0.92952, 0.40457, 0.92863, 0.03458, 0.91508, 0.05055, 0.94049, 0.21087, 0.66283, 0.08704, 0.13027, 0.04246, 0.14347, 0.1916, 0.06903, 0.09197, 0.03296, 0.08581, 0.92046, 0.13612, 0.84372, 0.06223, 0.08819, 0.05392, 0.11481, 0.04435, 0.04312, 0.10652, 0.94722, 0.93838, 0.08794, 0.26116, 0.13743, 0.05179, 0.66904, 0.79917, 0.07278, 0.04578, 0.87453, 0.60804, 0.0693, 0.04375, 0.87575, 0.06374, 0.04651, 0.06029, 0.32005, 0.86121, 0.08104, 0.05102, 0.15293, 0.04395, 0.91143, 0.17778, 0.89325, 0.08842, 0.88196, 0.03758, 0.71255, 0.0556, 0.28158, 0.68969, 0.18179, 0.93223, 0.03687, 0.04021, 0.82474, 0.63437, 0.22563, 0.04195, 0.14758, 0.12209, 0.3639, 0.0603, 0.34661, 0.93822, 0.09514, 0.80006, 0.92146, 0.03583, 0.04035, 0.84619, 0.33883, 0.05611, 0.08907, 0.29036, 0.0419, 0.17506, 0.03927, 0.13242, 0.11537, 0.49009, 0.07589, 0.44393, 0.11988, 0.13959, 0.31183, 0.88732, 0.94375, 0.2479, 0.04948, 0.04428, 0.07608, 0.06917, 0.06493, 0.06317, 0.92816, 0.90117, 0.0984, 0.18648, 0.91413, 0.46087, 0.07361, 0.08766, 0.79573, 0.09295, 0.06725, 0.11082, 0.54195, 