{"model": "google/muril-base-cased", "dataset": "hatexplain", "train_config": "ce", "seed": 42, "thr_cal": 0.2553768128156662, "metrics_05": {"macro": 0.7320481621216174, "toxf1": 0.7917121046892039, "prec": 0.7882736156351792, "rec": 0.7951807228915663, "prauc": 0.8848044486047614, "ece": 0.1273312430481116, "covert": 0.8991869918699187}, "metrics_cal": {"macro": 0.7181836151171006, "toxf1": 0.8034800409416581, "prec": 0.7540826128722382, "rec": 0.859802847754655, "prauc": 0.8848044486047614, "ece": 0.1273312430481116, "covert": 0.9007148530579825}, "probs": [0.09136, 0.25466, 0.04972, 0.92657, 0.17905, 0.94605, 0.97139, 0.08423, 0.17574, 0.05818, 0.23745, 0.08139, 0.07596, 0.07269, 0.66818, 0.06202, 0.10898, 0.16501, 0.97712, 0.10534, 0.05555, 0.68485, 0.04912, 0.65625, 0.8648, 0.7962, 0.96978, 0.15796, 0.05625, 0.77927, 0.93758, 0.25124, 0.96174, 0.93054, 0.96617, 0.05388, 0.12741, 0.45548, 0.93078, 0.06785, 0.96604, 0.58286, 0.92219, 0.23334, 0.3391, 0.12272, 0.07199, 0.96617, 0.97049, 0.95706, 0.09144, 0.33376, 0.9749, 0.70136, 0.19778, 0.97551, 0.93597, 0.06629, 0.30772, 0.92697, 0.07035, 0.97119, 0.96604, 0.87891, 0.97272, 0.71775, 0.9746, 0.7009, 0.72197, 0.93706, 0.70725, 0.94905, 0.95296, 0.97031, 0.06038, 0.42776, 0.9654, 0.96919, 0.92995, 0.96648, 0.94084, 0.92482, 0.90935, 0.05912, 0.5695, 0.97259, 0.97475, 0.09863, 0.89428, 0.93817, 0.04166, 0.97554, 0.95511, 0.94204, 0.96078, 0.05677, 0.95544, 0.95, 0.92602, 0.96954, 0.07878, 0.83586, 0.97436, 0.81038, 0.07873, 0.90776, 0.90634, 0.41275, 0.96824, 0.88304, 0.03859, 0.06851, 0.64827, 0.14685, 0.13091, 0.5951, 0.81101, 0.9512, 0.75525, 0.88964, 0.95845, 0.17949, 0.06721, 0.95561, 0.57848, 0.07173, 0.23096, 0.13368, 0.10387, 0.96868, 0.08689, 0.96198, 0.07325, 0.95809, 0.92821, 0.13998, 0.48957, 0.95576, 0.96002, 0.06744, 0.54568, 0.97109, 0.95112, 0.97192, 0.72411, 0.20677, 0.96855, 0.50929, 0.86226, 0.8192, 0.83999, 0.26375, 0.96872, 0.65829, 0.967, 0.90859, 0.96363, 0.86024, 0.07157, 0.59966, 0.42361, 0.94917, 0.9401, 0.96188, 0.76887, 0.83043, 0.95786, 0.09719, 0.9587, 0.96478, 0.14189, 0.58601, 0.10553, 0.74956, 0.9703, 0.43729, 0.10471, 0.2915, 0.97034, 0.20315, 0.97279, 0.15904, 0.15046, 0.1004, 0.96962, 0.90452, 0.96502, 0.941, 0.95041, 0.97477, 0.87916, 0.9618, 0.92177, 0.97165, 0.96732, 0.93041, 0.96053, 0.92952, 0.9663, 0.06291, 0.96697, 0.08169, 0.34197, 0.08174, 0.89817, 0.34485, 0.8224, 0.80341, 0.69375, 0.48376, 0.09287, 0.04597, 0.88757, 0.96123, 0.49142, 0.19721, 0.06526, 0.06311, 0.96831, 0.29123, 0.15396, 0.11065, 0.91051, 0.97768, 0.04978, 0.97455, 0.91517, 0.07628, 0.92931, 0.96708, 0.96741, 0.85865, 0.25675, 0.91484, 0.96375, 0.40227, 0.96501, 0.94408, 0.97235, 0.52387, 0.38079, 0.64438, 0.40617, 0.60626, 0.95998, 0.49695, 0.14951, 0.04941, 0.07936, 0.11195, 0.60277, 0.97167, 0.13058, 0.96351, 0.09155, 0.93307, 0.96866, 0.10067, 0.05775, 0.91967, 0.61281, 0.97522, 0.8539, 0.94188, 0.9348, 0.63708, 0.95514, 0.0464, 0.07223, 0.10808, 0.94276, 0.23186, 0.05592, 0.95036, 0.07564, 0.26471, 0.96707, 0.9727, 0.96742, 0.96814, 0.97579, 0.97587, 0.96989, 0.96941, 0.9382, 0.65768, 0.43407, 0.95236, 0.05774, 0.0655, 0.05311, 0.14274, 0.07892, 0.1361, 0.97406, 0.81255, 0.9557, 0.04351, 0.95758, 0.07142, 0.95676, 0.12965, 0.16911, 0.97417, 0.96793, 0.24753, 0.96997, 0.96831, 0.10027, 0.05852, 0.95369, 0.59447, 0.96065, 0.89531, 0.23599, 0.88886, 0.95617, 0.06332, 0.94467, 0.97327, 0.62403, 0.06614, 0.9252, 0.95475, 0.04886, 0.96881, 0.19298, 0.09188, 0.88609, 0.96996, 0.95769, 0.97502, 0.74778, 0.97011, 0.95531, 0.2701, 0.8725, 0.97529, 0.95682, 0.6758, 0.89334, 0.96984, 0.76131, 0.96246, 0.06051, 0.9645, 0.04989, 0.47463, 0.37971, 0.74399, 0.27398, 0.92455, 0.25903, 0.96423, 0.28391, 0.96841, 0.06781, 0.54091, 0.78256, 0.88006, 0.06687, 0.94425, 0.97448, 0.03253, 0.97767, 0.85453, 0.97704, 0.97729, 0.18271, 0.80936, 0.12889, 0.4295, 0.96911, 0.95746, 0.93614, 0.83115, 0.06079, 0.94, 0.96098, 0.97462, 0.94674, 0.96673, 0.0756, 0.97671, 0.08515, 0.12682, 0.06447, 0.05685, 0.69691, 0.92624, 0.95726, 0.52156, 0.18529, 0.33094, 0.96416, 0.96046, 0.10133, 0.94611, 0.92742, 0.25168, 0.95773, 0.06141, 0.96835, 0.51551, 0.70557, 0.96962, 0.8785, 0.9533, 0.22756, 0.06068, 0.96072, 0.12223, 0.32712, 0.06684, 0.13938, 0.95606, 0.07304, 0.96338, 0.9567, 0.19539, 0.92155, 0.9223, 0.79542, 0.96431, 0.30866, 0.10653, 0.7906, 0.86329, 0.66701, 0.28698, 0.09603, 0.10111, 0.12627, 0.06772, 0.93566, 0.96788, 0.93049, 0.51519, 0.83325, 0.21133, 0.96987, 0.32771, 0.94248, 0.28194, 0.26727, 0.97573, 0.96211, 0.92075, 0.1236, 0.95078, 0.54177, 0.64576, 0.09113, 0.97438, 0.94258, 0.27345, 0.15771, 0.20772, 0.97137, 0.65024, 0.413, 0.91731, 0.95241, 0.77876, 0.06413, 0.26602, 0.65785, 0.72227, 0.97354, 0.0635, 0.04775, 0.94536, 0.2841, 0.08915, 0.96584, 0.12225, 0.75593, 0.34406, 0.96029, 0.26884, 0.96506, 0.38055, 0.06686, 0.96854, 0.11067, 0.8747, 0.10912, 0.9224, 0.84784, 0.97214, 0.97217, 0.97296, 0.96084, 0.2451, 0.88176, 0.05689, 0.05538, 0.33755, 0.95947, 0.94481, 0.97503, 0.94157, 0.0592, 0.06783, 0.96659, 0.97388, 0.94479, 0.12818, 0.12337, 0.87863, 0.16353, 0.12399, 0.96689, 0.07968, 0.10488, 0.7463, 0.96327, 0.10904, 0.94785, 0.09994, 0.73981, 0.77864, 0.97047, 0.31539, 0.95026, 0.96376, 0.96369, 0.05264, 0.97279, 0.9326, 0.75706, 0.85214, 0.06542, 0.36718, 0.96767, 0.58071, 0.5273, 0.04481, 0.7112, 0.97007, 0.11857, 0.93992, 0.96404, 0.07838, 0.11613, 0.52812, 0.29039, 0.95186, 0.66419, 0.93761, 0.93906, 0.81653, 0.97759, 0.97306, 0.51781, 0.96513, 0.39613, 0.96114, 0.9687, 0.80405, 0.05927, 0.92349, 0.06177, 0.52004, 0.95653, 0.08015, 0.97361, 0.03608, 0.96828, 0.37028, 0.97212, 0.96525, 0.79815, 0.92811, 0.19974, 0.96739, 0.9357, 0.95896, 0.33051, 0.97453, 0.38347, 0.95021, 0.96088, 0.9678, 0.94676, 0.86246, 0.09122, 0.10455, 0.97492, 0.07686, 0.97197, 0.04231, 0.15059, 0.06221, 0.06322, 0.9621, 0.96819, 0.08674, 0.51142, 0.61444, 0.95887, 0.89316, 0.21873, 0.6284, 0.85131, 0.06663, 0.61077, 0.57652, 0.81028, 0.97059, 0.08053, 0.967, 0.61014, 0.2019, 0.06204, 0.84416, 0.8796, 0.54378, 0.95445, 0.95238, 0.94356, 0.8513, 0.07362, 0.97269, 0.96832, 0.81335, 0.14329, 0.97272, 0.94852, 0.85843, 0.57008, 0.44527, 0.27419, 0.94945, 0.67689, 0.93256, 0.93307, 0.90404, 0.36481, 0.0581, 0.04968, 0.27537, 0.18148, 0.86596, 0.96865, 0.97028, 0.20541, 0.06057, 0.09214, 0.96887, 0.97009, 0.96406, 0.54726, 0.95859, 0.07773, 0.83084, 0.93594, 0.76954, 0.44204, 0.96921, 0.58816, 0.9375, 0.33737, 0.89529, 0.0456, 0.13556, 0.39248, 0.06934, 0.91727, 0.83092, 0.09484, 0.87582, 0.94859, 0.9692, 0.13431, 0.80774, 0.72634, 0.0936, 0.92419, 0.97482, 0.94666, 0.96192, 0.91558, 0.96162, 0.6166, 0.05627, 0.89518, 0.76952, 0.20143, 0.96652, 0.20837, 0.94133, 0.93441, 0.36368, 0.94555, 0.97383, 0.96694, 0.25169, 0.06316, 0.12123, 0.97386, 0.96128, 0.92842, 0.88983, 0.96854, 0.94465, 0.13036, 0.38102, 0.09727, 0.97404, 0.15462, 0.15387, 0.97111, 0.18493, 0.10477, 0.95408, 0.97239, 0.80793, 0.89976, 0.05469, 0.51969, 0.93716, 0.97305, 0.67605, 0.05686, 0.97254, 0.09563, 0.13815, 0.96818, 0.97515, 0.79371, 0.94881, 0.17372, 0.96813, 0.97315, 0.91314, 0.06075, 0.1177, 0.08736, 0.87347, 0.97287, 0.77289, 0.84738, 0.25137, 0.52257, 0.24268, 0.7686, 0.23085, 0.93302, 0.12947, 0.08576, 0.96892, 0.06639, 0.21349, 0.97297, 0.97159, 0.196, 0.07709, 0.97093, 0.1078, 0.36874, 0.05231, 0.05501, 0.93721, 0.07153, 0.14612, 0.08482, 0.95574, 0.55529, 0.12933, 0.87384, 0.05371, 0.04375, 0.70036, 0.91892, 0.21098, 0.94094, 0.9694, 0.15516, 0.28407, 0.95873, 0.9751, 0.94681, 0.94246, 0.58023, 0.96579, 0.94959, 0.96981, 0.04719, 0.9488, 0.9364, 0.06246, 0.94604, 0.97153, 0.04495, 0.66254, 0.08969, 0.11927, 0.11673, 0.97016, 0.95292, 0.97132, 0.9676, 0.97354, 0.10872, 0.95637, 0.97699, 0.9445, 0.5973, 0.96993, 0.05414, 0.59945, 0.30445, 0.0544, 0.7478, 0.61096, 0.04549, 0.08174, 0.70085, 0.22232, 0.97634, 0.05868, 0.97474, 0.95403, 0.07181, 0.9551, 0.96639, 0.05077, 0.76047, 0.90707, 0.96917, 0.08994, 0.09266, 0.24868, 0.96823, 0.26981, 