{"model": "google/muril-base-cased", "dataset": "dravidian_tamil", "train_config": "ce", "seed": 7, "thr_cal": 0.39045310616493195, "metrics_05": {"macro": 0.7282673936150477, "toxf1": 0.6112412177985949, "prec": 0.5158102766798419, "rec": 0.75, "prauc": 0.5875974604552944, "ece": 0.11854543950657051, "covert": 0.7259615384615384}, "metrics_cal": {"macro": 0.7107526719644234, "toxf1": 0.6006458557588805, "prec": 0.4802065404475043, "rec": 0.8017241379310345, "prauc": 0.5875974604552944, "ece": 0.11854543950657051, "covert": 0.7293577981651376}, "probs": [0.02617, 0.02128, 0.0277, 0.03824, 0.5195, 0.03844, 0.02231, 0.02557, 0.0378, 0.02927, 0.03828, 0.10605, 0.0218, 0.02451, 0.14703, 0.28184, 0.74943, 0.03589, 0.02198, 0.31005, 0.07806, 0.11359, 0.20773, 0.08316, 0.02722, 0.76946, 0.94991, 0.02501, 0.04736, 0.02389, 0.02238, 0.9236, 0.02982, 0.05979, 0.03088, 0.93116, 0.06986, 0.04576, 0.02261, 0.47475, 0.2095, 0.10356, 0.45789, 0.16983, 0.54005, 0.88591, 0.0239, 0.0385, 0.50775, 0.02864, 0.02452, 0.4118, 0.10416, 0.04035, 0.47555, 0.78356, 0.27137, 0.77134, 0.78872, 0.07202, 0.02845, 0.02354, 0.76667, 0.25016, 0.03544, 0.02234, 0.04468, 0.37278, 0.9373, 0.31335, 0.79367, 0.19736, 0.07454, 0.05615, 0.83223, 0.86961, 0.77755, 0.94459, 0.02776, 0.03221, 0.79073, 0.68816, 0.16757, 0.02017, 0.03346, 0.02342, 0.27796, 0.30067, 0.02441, 0.92648, 0.0248, 0.87953, 0.02311, 0.13506, 0.61079, 0.19598, 0.57368, 0.02955, 0.02578, 0.10088, 0.84462, 0.02269, 0.07328, 0.0274, 0.2946, 0.56832, 0.03864, 0.0249, 0.0215, 0.61911, 0.15646, 0.05346, 0.9291, 0.08498, 0.1659, 0.03267, 0.02925, 0.09147, 0.03414, 0.02089, 0.02537, 0.02429, 0.02278, 0.02631, 0.76167, 0.02436, 0.87539, 0.06824, 0.02405, 0.02917, 0.10753, 0.0461, 0.62828, 0.39153, 0.73048, 0.87071, 0.03705, 0.02479, 0.05124, 0.93028, 0.90866, 0.02551, 0.62981, 0.94742, 0.26802, 0.09937, 0.02523, 0.50348, 0.63778, 0.17172, 0.90777, 0.05195, 0.55678, 0.05221, 0.90575, 0.04108, 0.02088, 0.42613, 0.02375, 0.854, 0.02563, 0.87571, 0.14585, 0.94929, 0.02197, 0.10419, 0.66254, 0.43276, 0.4834, 0.65597, 0.60923, 0.67951, 0.86666, 0.20589, 0.21511, 0.03181, 0.85417, 0.64507, 0.02206, 0.48162, 0.02804, 0.23441, 0.09648, 0.91791, 0.0338, 0.02781, 0.75883, 0.02507, 0.0204, 0.04913, 0.13418, 0.07347, 0.52654, 0.13045, 0.02039, 0.51426, 0.02872, 0.90915, 0.02519, 0.03197, 0.09049, 0.94856, 0.90392, 0.04246, 0.05955, 0.03671, 0.65237, 0.0247, 0.13374, 0.9171, 0.44265, 0.09762, 0.38835, 0.02512, 0.0241, 0.69058, 0.02499, 0.04076, 0.04699, 0.02813, 0.02347, 0.02428, 0.02359, 0.94529, 0.03239, 0.94506, 0.94027, 0.04452, 0.02273, 0.03555, 0.24044, 0.0956, 0.07099, 0.94485, 0.78286, 0.0321, 0.45743, 0.02007, 0.60759, 0.07213, 0.94881, 0.03595, 0.02628, 0.69607, 0.50602, 0.69097, 0.23849, 0.52537, 0.04989, 0.04768, 0.03519, 0.03347, 0.35076, 0.02699, 0.92578, 0.02762, 0.02053, 0.25673, 0.16704, 0.02214, 0.47198, 0.93792, 0.03269, 0.11109, 0.45674, 0.02352, 0.06367, 0.2953, 0.76699, 0.0278, 0.67669, 0.94769, 0.91614, 0.02083, 0.04413, 0.02123, 0.87993, 0.14746, 0.21226, 0.26649, 0.02214, 0.02257, 0.02372, 0.04584, 0.02236, 0.02468, 0.09705, 0.0948, 0.7475, 0.89238, 0.03187, 0.02086, 0.03142, 0.93498, 0.46058, 0.09804, 0.17307, 0.05651, 0.92478, 0.1783, 0.02332, 0.03388, 0.19399, 0.8215, 0.86937, 0.3034, 0.13897, 0.03321, 0.09409, 0.02326, 0.07246, 0.94176, 0.05003, 0.32734, 0.06098, 0.6426, 0.87581, 0.03834, 0.17778, 0.02433, 0.02537, 0.49833, 0.91949, 0.26754, 0.14455, 0.90653, 0.93814, 0.57526, 0.09067, 0.02378, 0.05012, 0.82958, 0.03097, 0.33484, 0.02633, 0.02545, 0.18969, 0.90695, 0.45301, 0.13141, 0.02307, 0.02135, 0.30093, 0.51433, 0.11046, 0.0966, 0.07094, 0.05736, 0.20241, 0.03216, 0.85702, 0.47694, 0.54705, 0.72064, 0.42888, 0.63129, 0.69706, 0.19952, 0.03583, 0.07839, 0.7142, 0.75696, 0.05242, 0.4423, 0.57561, 0.82447, 0.02448, 0.9411, 0.02014, 0.94413, 0.02285, 0.70597, 0.35011, 0.03074, 0.04155, 0.24181, 0.03017, 0.16634, 0.93542, 0.03495, 0.23341, 0.02375, 0.3785, 0.56717, 0.65893, 0.76567, 0.08055, 0.45418, 0.02343, 0.66449, 0.03417, 0.03252, 0.02527, 0.02691, 0.12464, 0.86651, 0.82219, 0.91471, 0.02565, 0.06754, 0.12342, 0.11374, 0.04135, 0.35973, 0.02272, 0.02451, 0.03045, 0.93677, 0.0676, 0.9436, 0.94677, 0.05429, 0.02837, 0.84077, 0.78001, 0.77045, 0.03207, 0.1828, 0.69322, 0.21043, 0.86637, 0.37532, 0.02451, 0.05271, 0.8507, 0.02331, 0.03144, 0.03495, 0.80474, 0.22732, 0.0257, 0.8394, 0.74391, 0.91988, 0.36997, 0.02439, 0.02775, 0.48366, 0.03653, 0.025, 0.92621, 0.04389, 0.94718, 0.77983, 0.19026, 0.81099, 0.76127, 0.02602, 0.59623, 0.55811, 0.03187, 0.85098, 0.2739, 0.03067, 0.02596, 0.8901, 0.53329, 0.39347, 0.02657, 0.28035, 0.02098, 0.02535, 0.27191, 0.02023, 0.0207, 0.91046, 0.02523, 0.06923, 0.93936, 0.51914, 0.02487, 0.04242, 0.06905, 0.06854, 0.30312, 0.08127, 0.02469, 0.92661, 0.93451, 0.6202, 0.42526, 0.02216, 0.18007, 0.85358, 0.02462, 0.94773, 0.94568, 0.02745, 0.02018, 0.35156, 0.02366, 0.88563, 0.09087, 0.03018, 0.84743, 0.03176, 0.62618, 0.02294, 0.15923, 0.86365, 0.68794, 0.47313, 0.03281, 0.42437, 0.75855, 0.04065, 0.03758, 0.02354, 0.89135, 0.02789, 0.02, 0.03048, 0.03058, 0.15867, 0.02935, 0.77451, 0.31316, 0.14831, 0.86414, 0.46337, 0.89188, 0.07612, 0.28185, 0.1517, 0.87659, 0.03217, 0.10233, 0.07362, 0.17738, 0.49144, 0.0635, 0.02886, 0.94392, 0.7353, 0.59837, 0.02237, 0.1042, 0.02316, 0.02106, 0.03025, 0.57714, 0.17237, 0.03983, 0.02807, 0.45727, 0.92963, 0.02664, 0.54618, 0.0281, 0.02482, 0.02867, 0.0249, 0.17459, 0.27343, 0.28933, 0.52849, 0.09009, 0.75828, 0.61502, 0.43014, 0.39067, 0.39415, 0.63116, 0.48855, 0.02498, 0.06245, 0.92933, 0.9131, 0.02274, 0.94149, 0.12655, 0.73829, 0.02727, 0.02368, 0.07801, 0.44215, 0.43387, 0.06041, 0.85029, 0.0267, 0.92688, 0.34815, 0.05834, 0.10283, 0.42174, 0.16772, 0.03749, 0.16079, 0.9357, 0.939, 0.02422, 0.94442, 0.89633, 0.92294, 0.02928, 0.03054, 0.03401, 0.03888, 0.02195, 0.10284, 0.04166, 0.89481, 0.9359, 0.0589, 0.02299, 0.19376, 0.04014, 0.27727, 0.71972, 0.71323, 0.52119, 0.79229, 0.41269, 0.07746, 0.45864, 0.03556, 0.1596, 0.03433, 0.64792, 0.918, 0.02525, 0.03799, 0.73364, 0.05341, 0.20705, 0.03238, 0.0373, 0.02047, 0.91781, 0.03527, 0.06562, 0.20301, 0.04889, 0.72604, 0.06386, 0.72447, 0.84608, 0.02473, 0.93761, 0.18957, 0.02442, 0.47568, 0.79758, 0.43004, 0.22313, 0.02419, 0.42199, 0.88963, 0.9177, 0.93005, 0.02259, 0.66872, 0.61201, 0.09135, 0.02572, 0.03626, 0.02061, 0.93944, 0.93467, 0.11578, 0.58826, 0.07954, 0.19371, 0.02072, 0.40306, 0.8337, 0.14985, 0.10613, 0.70826, 0.38689, 0.93789, 0.02468, 0.80966, 0.32725, 0.02289, 0.37167, 0.02331, 0.82124, 0.02669, 0.94805, 0.54358, 0.65718, 0.88549, 0.02452, 0.3689, 0.04949, 0.26087, 0.84, 0.03871, 0.1417, 0.06924, 0.06957, 0.04305, 0.09832, 0.82597, 0.03342, 0.02786, 0.1954, 0.02722, 0.7707, 0.13216, 0.02274, 0.49974, 0.93992, 0.03014, 0.51942, 0.03106, 0.66739, 0.0267, 0.04642, 0.04306, 0.09291, 0.34769, 0.02045, 0.92793, 0.334, 0.93719, 0.02199, 0.92109, 0.03758, 0.94382, 0.67061, 0.17724, 0.31918, 0.28951, 0.02467, 0.11308, 0.41237, 0.08123, 0.22948, 0.02035, 0.08009, 0.89416, 0.06949, 0.93788, 0.04169, 0.18141, 0.02619, 0.08719, 0.02196, 0.02366, 0.04242, 0.94876, 0.93542, 0.40234, 0.05248, 0.06175, 0.02557, 0.69503, 0.83485, 0.0261, 0.02659, 0.88985, 0.52779, 0.11319, 0.02068, 0.88089, 0.11283, 0.02248, 0.02789, 0.16799, 0.7505, 0.03238, 0.0266, 0.11067, 0.02586, 0.90949, 0.18297, 0.92358, 0.21075, 0.94282, 0.0229, 0.43575, 0.02739, 0.39517, 0.22012, 0.67311, 0.92743, 0.0234, 0.02227, 0.53722, 0.74743, 0.8273, 0.02769, 0.33126, 0.06791, 0.51937, 0.02336, 0.53372, 0.92717, 0.1066, 0.57271, 0.93731, 0.02147, 0.02649, 0.89853, 0.2613, 0.03302, 0.02949, 0.52375, 0.02953, 0.52353, 0.02278, 0.64129, 0.61053, 0.66941, 0.29886, 0.67286, 0.20857, 0.17342, 0.52572, 0.94285, 0.94676, 0.30001, 0.02501, 0.02398, 0.04516, 0.04951, 0.03466, 0.19638, 0.93822, 0.90471, 0.16596, 0.09082, 0.92196, 0.65741, 0.03229, 0.0318, 0.93968, 0.06672, 0.02733, 0.07101, 0.86269, 0.09834, 0.7113, 0.14311, 0.19329, 