{"model": "google/muril-base-cased", "dataset": "dravidian_kannada", "train_config": "supcon", "seed": 99, "thr_cal": 0.44157443195581436, "metrics_05": {"macro": 0.7644866642309098, "toxf1": 0.6583850931677019, "prec": 0.654320987654321, "rec": 0.6625, "prauc": 0.7324414288396951, "ece": 0.05889019790286701, "covert": 0.8466257668711656}, "metrics_cal": {"macro": 0.7671732436535978, "toxf1": 0.6686390532544378, "prec": 0.6348314606741573, "rec": 0.70625, "prauc": 0.7324414288396951, "ece": 0.05889019790286701, "covert": 0.8674698795180723}, "probs": [0.09859, 0.34569, 0.89205, 0.0754, 0.08016, 0.19952, 0.48581, 0.04466, 0.05556, 0.03292, 0.10888, 0.08142, 0.02943, 0.2291, 0.44867, 0.0464, 0.08455, 0.72574, 0.04369, 0.25993, 0.05542, 0.07252, 0.95334, 0.42976, 0.97827, 0.20633, 0.94961, 0.722, 0.16149, 0.50224, 0.98077, 0.53872, 0.05226, 0.12706, 0.77404, 0.04543, 0.07612, 0.04279, 0.27206, 0.03715, 0.18931, 0.03846, 0.8592, 0.20329, 0.07448, 0.13918, 0.08792, 0.05209, 0.05737, 0.18425, 0.80607, 0.14714, 0.03613, 0.75142, 0.06074, 0.15598, 0.02581, 0.09859, 0.17116, 0.63485, 0.09011, 0.10473, 0.07205, 0.55507, 0.03677, 0.07718, 0.02912, 0.05594, 0.22207, 0.9738, 0.45271, 0.02915, 0.12911, 0.35861, 0.17042, 0.83954, 0.09572, 0.10505, 0.20475, 0.75403, 0.08701, 0.88668, 0.06628, 0.16827, 0.24893, 0.02387, 0.83303, 0.02944, 0.79337, 0.04674, 0.03673, 0.11754, 0.04805, 0.29254, 0.03416, 0.09846, 0.0689, 0.04314, 0.07832, 0.04866, 0.02243, 0.82836, 0.08191, 0.90061, 0.63546, 0.11131, 0.63885, 0.07323, 0.03839, 0.14347, 0.50836, 0.13203, 0.03398, 0.04808, 0.06146, 0.02445, 0.05226, 0.07227, 0.64605, 0.91748, 0.06484, 0.06557, 0.43609, 0.27916, 0.12722, 0.0347, 0.08792, 0.79866, 0.03342, 0.44977, 0.87444, 0.05422, 0.02899, 0.83205, 0.90573, 0.1824, 0.02125, 0.96308, 0.04974, 0.48464, 0.02784, 0.27155, 0.44081, 0.71063, 0.79498, 0.42896, 0.16572, 0.72483, 0.83573, 0.09261, 0.02576, 0.05318, 0.73836, 0.4924, 0.03851, 0.6896, 0.0425, 0.23182, 0.3283, 0.64777, 0.44768, 0.21441, 0.02695, 0.14906, 0.08871, 0.03826, 0.1105, 0.05225, 0.04019, 0.65903, 0.05256, 0.9128, 0.05534, 0.06242, 0.89756, 0.0265, 0.08792, 0.14341, 0.03934, 0.63816, 0.04011, 0.06447, 0.08792, 0.49865, 0.5971, 0.0906, 0.91707, 0.03455, 0.06675, 0.06121, 0.78779, 0.91622, 0.0923, 0.08792, 0.56399, 0.97644, 0.07179, 0.13241, 0.08722, 0.26112, 0.10526, 0.04323, 0.08047, 0.43258, 0.05874, 0.21198, 0.94099, 0.04907, 0.97268, 0.05158, 0.934, 0.88706, 0.07936, 0.07658, 0.07131, 0.05609, 0.72666, 0.0327, 0.03433, 0.03412, 0.02943, 0.14001, 0.0316, 0.51576, 0.7218, 0.33698, 0.05426, 0.0981, 0.04469, 0.29417, 0.04472, 0.10423, 0.05354, 0.39948, 0.07897, 0.60004, 0.97678, 0.06686, 0.04063, 0.02712, 0.06235, 0.08792, 0.07425, 0.9683, 0.97498, 0.0432, 0.04584, 0.09005, 0.07417, 0.43863, 0.1996, 0.03899, 0.06653, 0.08283, 0.02503, 0.04925, 0.64037, 0.12119, 0.09476, 0.05692, 0.49572, 0.63546, 0.53973, 0.53723, 0.0406, 0.02103, 0.08792, 0.02754, 0.03564, 0.06036, 0.05677, 0.04263, 0.25929, 0.81115, 0.08196, 0.10429, 0.77704, 0.03227, 0.82489, 0.83732, 0.0342, 0.88246, 0.96501, 0.06159, 0.10684, 0.31674, 0.0365, 0.60385, 0.03616, 0.06048, 0.76181, 0.02973, 0.08364, 0.45227, 0.05739, 0.08792, 0.53046, 0.14449, 0.19546, 0.05806, 0.03114, 0.06638, 0.05234, 0.76558, 0.02752, 0.03973, 0.07361, 0.08792, 0.06567, 0.0413, 0.1278, 0.07803, 0.03073, 0.0555, 0.81014, 0.40485, 0.04316, 0.23492, 0.60742, 0.46791, 0.4192, 0.67116, 0.04051, 0.10935, 0.95011, 0.05573, 0.65951, 0.05387, 0.42867, 0.95662, 0.0454, 0.22912, 0.14749, 0.20318, 0.04323, 0.0835, 0.04157, 0.05913, 0.04657, 0.03608, 0.08482, 0.0405, 0.13101, 0.28994, 0.20083, 0.06011, 0.94713, 0.80041, 0.08792, 0.16937, 0.03961, 0.08202, 0.72177, 0.87278, 0.41719, 0.61115, 0.6581, 0.8909, 0.02926, 0.03024, 0.12616, 0.04091, 0.44789, 0.23879, 0.20886, 0.04409, 0.69496, 0.02406, 0.02591, 0.55077, 0.97764, 0.0422, 0.04414, 0.08792, 0.04174, 0.04731, 0.03445, 0.78952, 0.94197, 0.08475, 0.73573, 0.07699, 0.1055, 0.77209, 0.36482, 0.41814, 0.02901, 0.04362, 0.14885, 0.73932, 0.15861, 0.09132, 0.04533, 0.03106, 0.06235, 0.03197, 0.33726, 0.10064, 0.07522, 0.93489, 0.13308, 0.10219, 0.43478, 0.77874, 0.03771, 0.05382, 0.14754, 0.98175, 0.03668, 0.10782, 0.06681, 0.03664, 0.24865, 0.05923, 0.35428, 0.08303, 0.04465, 0.02749, 0.05506, 0.04738, 0.0486, 0.74959, 0.88237, 0.04584, 0.79336, 0.66174, 0.59041, 0.9374, 0.95414, 0.02422, 0.03379, 0.2924, 0.05095, 0.60828, 0.15658, 0.91188, 0.82594, 0.03738, 0.89197, 0.03727, 0.38176, 0.66173, 0.03321, 0.04861, 0.97032, 0.96558, 0.02226, 0.89021, 0.68373, 0.09283, 0.44852, 0.058, 0.05569, 0.03867, 0.51665, 0.2308, 0.74877, 0.03305, 0.05709, 0.04168, 0.08243, 0.03322, 0.10274, 0.03673, 0.07278, 0.05452, 0.04378, 0.95451, 0.43625, 0.743, 0.82972, 0.07684, 0.43425, 0.05629, 0.50991, 0.02721, 0.27688, 0.73107, 0.90084, 0.04742, 0.91434, 0.86003, 0.02933, 0.068, 0.94179, 0.21202, 0.95663, 0.5401, 0.05769, 0.06147, 0.05234, 0.0781, 0.66353, 0.91442, 0.04423, 0.38767, 0.84951, 0.24317, 0.95523, 0.17547, 0.03509, 0.05505, 0.11118, 0.04025, 0.05927, 0.38566, 0.04407, 0.07509, 0.11527, 0.85744, 0.03282, 0.93274, 0.04566, 0.03447, 0.05145, 0.76589, 0.64258, 0.76325, 0.04912, 0.6736, 0.03491, 0.90808, 0.79763, 0.04015, 0.82569, 0.90246, 0.08792, 0.27454, 0.17547, 0.07433, 0.67594, 0.76401, 0.19369, 0.05478, 0.34359, 0.08792, 0.70766, 0.34565, 0.4851, 0.55757, 0.30016, 0.32731, 0.46644, 0.85974, 0.04399, 0.05841, 0.37525, 0.69119, 0.70157, 0.09, 0.91231, 0.02825, 0.07983, 0.03367, 0.0263, 0.95549, 0.04132, 0.2131, 0.27114, 0.10976, 0.02906, 0.0543, 0.05565, 0.76556, 0.82441, 0.90565, 0.88745, 0.04907, 0.59474, 0.24609, 0.94454, 0.90106, 0.84907, 0.72536, 0.09159, 0.03614, 0.25344, 0.03797, 0.03863, 0.34939, 0.76565, 0.0312, 0.36755, 0.76505, 0.02765, 0.45659], "labels": [0, 0, 0, 0, 0, 0, 0, 0, 0, 0, 0, 0, 0, 0, 1, 0, 0, 1, 0, 0, 0, 0, 0, 1, 1, 1, 1, 1, 1, 0, 1, 0, 1, 1, 1, 0, 1, 0, 0, 1, 0, 0, 1, 0, 0, 0, 0, 0, 0, 1, 0, 0, 0, 1, 0, 0, 0, 0, 1, 0, 0, 0, 0, 1, 0, 0, 0, 0, 1, 1, 1, 0, 0, 0, 0, 1, 0, 0, 0, 1, 0, 1, 1, 0, 0, 0, 1, 0, 1, 0, 0, 0, 0, 0, 0, 0, 0, 1, 0, 0, 0, 1, 0, 1, 0, 0, 1, 0, 0, 0, 0, 0, 0, 0, 0, 0, 0, 0, 1, 0, 0, 0, 1, 1, 0, 0, 0, 0, 0, 0, 0, 0, 0, 1, 1, 0, 0, 1, 0, 0, 0, 0, 1, 1, 1, 0, 0, 0, 1, 0, 0, 0, 0, 0, 0, 1, 0, 0, 0, 1, 1, 1, 0, 1, 0, 0, 0, 0, 0, 0, 0, 1, 0, 0, 1, 0, 0, 0, 0, 0, 0, 0, 0, 0, 1, 0, 0, 0, 0, 0, 0, 1, 0, 1, 0, 1, 1, 0, 0, 0, 0, 0, 0, 0, 1, 1, 0, 0, 1, 0, 1, 0, 1, 0, 0, 0, 1, 0, 0, 0, 1, 0, 0, 0, 1, 0, 0, 0, 0, 0, 0, 0, 0, 0, 0, 1, 1, 0, 0, 0, 0, 0, 0, 1, 1, 0, 0, 0, 0, 0, 0, 0, 0, 1, 0, 0, 0, 0, 1, 0, 1, 0, 0, 0, 0, 0, 0, 0, 0, 0, 0, 0, 0, 1, 0, 0, 0, 0, 1, 1, 0, 1, 1, 0, 0, 1, 0, 1, 0, 0, 1, 0, 0, 1, 0, 0, 0, 1, 0, 0, 0, 0, 0, 0, 0, 0, 0, 1, 0, 0, 0, 0, 0, 0, 1, 1, 0, 0, 0, 0, 1, 1, 0, 0, 1, 0, 1, 0, 1, 1, 0, 0, 0, 0, 0, 0, 0, 1, 0, 0, 0, 0, 0, 0, 0, 0, 1, 0, 0, 0, 0, 0, 1, 0, 0, 1, 0, 1, 0, 0, 1, 0, 0, 0, 0, 0, 1, 0, 0, 1, 1, 0, 0, 0, 0, 0, 0, 1, 1, 0, 1, 0, 0, 1, 1, 1, 0, 0, 1, 1, 0, 0, 0, 0, 0, 0, 0, 0, 0, 1, 1, 1, 0, 1, 0, 0, 0, 1, 0, 0, 0, 0, 0, 0, 0, 0, 0, 1, 0, 1, 0, 0, 1, 0, 0, 0, 1, 1, 1, 0, 0, 0, 0, 0, 0, 1, 1, 0, 1, 0, 0, 0, 0, 0, 1, 1, 0, 1, 0, 1, 0, 0, 0, 0, 0, 0, 0, 0, 0, 0, 0, 0, 0, 0, 0, 0, 0, 1, 0, 1, 0, 0, 1, 1, 1, 0, 0, 1, 0, 0, 1, 1, 0, 0, 1, 0, 1, 1, 0, 0, 0, 0, 1, 1, 0, 1, 0, 0, 1, 0, 0, 0, 0, 0, 0, 0, 0, 0, 0, 1, 0, 1, 0, 0, 0, 1, 0, 1, 0, 0, 0, 1, 0, 0, 0, 0, 0, 0, 0, 0, 0, 0, 0, 0, 1, 0, 0, 1, 1, 1, 0, 0, 0, 1, 0, 0, 0, 1, 0, 1, 1, 0, 0, 0, 0, 1, 0, 0, 0, 0, 0, 0, 0, 1, 1, 1, 1, 0, 0, 0, 1, 1, 0, 0, 0, 0, 0, 0, 0, 0, 0, 0, 0, 1, 0, 1], "n": {"train": 3400, "val": 600, "test": 586, "toxic_frac": 0.23911764705882352}}