{"model": "google/muril-base-cased", "dataset": "dravidian_malayalam", "train_config": "hardneg", "seed": 99, "thr_cal": 0.6751272439956665, "metrics_05": {"macro": 0.5823557091893142, "toxf1": 0.22624434389140272, "prec": 0.14367816091954022, "rec": 0.5319148936170213, "prauc": 0.21715485355911612, "ece": 0.14911565257112186, "covert": 0.3333333333333333}, "metrics_cal": {"macro": 0.6081005102008825, "toxf1": 0.2603550295857988, "prec": 0.18032786885245902, "rec": 0.46808510638297873, "prauc": 0.21715485355911612, "ece": 0.14911565257112186, "covert": 0.3132530120481928}, "probs": [0.04353, 0.03845, 0.04225, 0.25075, 0.06425, 0.28355, 0.05349, 0.09155, 0.71033, 0.03011, 0.03779, 0.16927, 0.71111, 0.07165, 0.08607, 0.15929, 0.07117, 0.04541, 0.06563, 0.0422, 0.0755, 0.0412, 0.683, 0.03019, 0.06193, 0.04085, 0.05705, 0.05736, 0.05389, 0.53895, 0.46344, 0.04006, 0.0774, 0.05533, 0.89132, 0.03583, 0.08769, 0.36071, 0.06754, 0.03784, 0.10278, 0.06334, 0.16121, 0.57338, 0.99314, 0.03604, 0.26248, 0.38354, 0.03919, 0.22942, 0.07183, 0.08132, 0.04147, 0.93354, 0.96962, 0.04385, 0.05239, 0.06255, 0.0396, 0.04496, 0.04099, 0.04469, 0.04436, 0.07322, 0.07215, 0.05617, 0.13901, 0.04118, 0.03495, 0.09776, 0.15946, 0.0708, 0.07488, 0.05303, 0.10084, 0.085, 0.07681, 0.62984, 0.04696, 0.17348, 0.38994, 0.04517, 0.03715, 0.03319, 0.03537, 0.04153, 0.04068, 0.0582, 0.05311, 0.28062, 0.07716, 0.12158, 0.28469, 0.60506, 0.03724, 0.1033, 0.17747, 0.05381, 0.0567, 0.06429, 0.03923, 0.04531, 0.11666, 0.09692, 0.08621, 0.04228, 0.03467, 0.04512, 0.64236, 0.08706, 0.03961, 0.05536, 0.10164, 0.05083, 0.10631, 0.06067, 0.52998, 0.11042, 0.0719, 0.04402, 0.97371, 0.65583, 0.16301, 0.29698, 0.69032, 0.16336, 0.43266, 0.03773, 0.2449, 0.04477, 0.19611, 0.05331, 0.10167, 0.20618, 0.09202, 0.10127, 0.15077, 0.0896, 0.58204, 0.03689, 0.10469, 0.04923, 0.14175, 0.09712, 0.09822, 0.09501, 0.03837, 0.06554, 0.0401, 0.09209, 0.66092, 0.05482, 0.04093, 0.0384, 0.12931, 0.8994, 0.04833, 0.07909, 0.13386, 0.07146, 0.11901, 0.07143, 0.05593, 0.73357, 0.17352, 0.03248, 0.08043, 0.03665, 0.16583, 0.04715, 0.06861, 0.04801, 0.05002, 0.6126, 0.03823, 0.43753, 0.42345, 0.48819, 0.09288, 0.17466, 0.04709, 0.06913, 0.6577, 0.07575, 0.97686, 0.04691, 0.31802, 0.0371, 0.05772, 0.08419, 0.13634, 0.07737, 0.99253, 0.0604, 0.0403, 0.07361, 0.06136, 0.60757, 0.95482, 0.03306, 0.03675, 0.04922, 0.0434, 0.28959, 0.03919, 0.12223, 0.0331, 0.03419, 0.10545, 0.03569, 0.03992, 0.05469, 0.05573, 0.26711, 0.21035, 0.03346, 0.73843, 0.16252, 0.03542, 0.03612, 0.04576, 0.15219, 0.16019, 0.12995, 0.03733, 0.03876, 0.7206, 0.04325, 0.03767, 0.20446, 0.31057, 0.04331, 0.3468, 0.03604, 0.59812, 0.79182, 0.07057, 0.09042, 0.03571, 0.05075, 0.04776, 0.05529, 0.0379, 0.84472, 0.0838, 0.05466, 0.95622, 0.15573, 0.09809, 0.02873, 0.10726, 0.42915, 0.09254, 0.05501, 0.99128, 0.07759, 0.06212, 0.0433, 0.04612, 0.05017, 0.03482, 0.24182, 0.08418, 0.97536, 0.3636, 0.09103, 0.03242, 0.06169, 0.79941, 0.11777, 0.76198, 0.87133, 0.04805, 0.66869, 0.03787, 0.08513, 0.14337, 0.0894, 0.08, 0.05047, 0.0385, 0.03415, 0.03726, 0.04355, 0.04683, 0.15864, 0.60667, 0.03165, 0.03536, 0.03158, 0.16396, 0.63001, 0.25007, 0.03558, 0.04323, 0.89116, 0.22309, 0.59357, 0.03471, 0.0366, 0.07102, 0.08775, 0.04513, 0.13686, 0.11202, 0.092, 0.22818, 0.28643, 0.03619, 0.24547, 0.1549, 0.079, 0.07051, 0.29961, 0.99141, 0.13247, 0.11336, 0.84839, 0.05324, 0.1553, 0.10491, 0.07611, 0.08414, 0.07719, 0.03561, 0.07277, 0.04517, 0.07916, 0.04719, 0.08959, 0.43125, 0.9693, 0.07896, 0.12923, 0.07291, 0.04912, 0.06904, 0.21162, 0.04351, 0.14852, 0.1949, 0.03133, 0.83852, 0.9837, 0.0532, 0.10028, 0.05774, 0.04149, 0.04534, 0.05353, 0.04234, 0.04227, 0.28815, 0.48024, 0.06264, 0.37434, 0.4938, 0.0533, 0.26683, 0.86777, 0.31832, 0.08671, 0.03837, 0.87491, 0.05758, 0.045, 0.09018, 0.04057, 0.03988, 0.04228, 0.06532, 0.03429, 0.98349, 0.09812, 0.04157, 0.43125, 0.08078, 0.08146, 0.03548, 0.07785, 0.03067, 0.07502, 0.11569, 0.03966, 0.04457, 0.08465, 0.05458, 0.19829, 0.07697, 0.05005, 0.04421, 0.05096, 0.04539, 0.05184, 0.99247, 0.23732, 0.08823, 0.04444, 0.06082, 0.85586, 0.03961, 0.06513, 0.99199, 0.07082, 0.12725, 0.12336, 0.0362, 0.99262, 0.04734, 0.04418, 0.04351, 0.03416, 0.59295, 0.10425, 0.04359, 0.03244, 0.03703, 0.10195, 0.08409, 0.86347, 0.22948, 0.06453, 0.06677, 0.04205, 0.03948, 0.06668, 0.05613, 0.1214, 0.03199, 0.03979, 0.05448, 0.03414, 0.04564, 0.03649, 0.04345, 0.1239, 0.36254, 0.12407, 0.12613, 0.03658, 0.04139, 0.04149, 0.0909, 0.0365, 0.47568, 0.03618, 0.14642, 0.09733, 0.1759, 0.04442, 0.17368, 0.0713, 0.04094, 0.04188, 0.07053, 0.51138, 0.11042, 0.03439, 0.73848, 0.96763, 0.03176, 0.05085, 0.07146, 0.05156, 0.08894, 0.04456, 0.03593, 0.0361, 0.03856, 0.04295, 0.79182, 0.03804, 0.72784, 0.49638, 0.16535, 0.07779, 0.084, 0.04336, 0.93462, 0.07206, 0.04009, 0.41867, 0.43979, 0.04338, 0.67264, 0.03921, 0.04409, 0.0507, 0.04586, 0.93811, 0.18462, 0.61786, 0.04402, 0.05529, 0.25341, 0.1262, 0.04369, 0.04409, 0.1338, 0.11852, 0.73577, 0.03145, 0.05607, 0.94644, 0.03459, 0.03769, 0.1216, 0.03991, 0.03117, 0.05403, 0.03702, 0.04506, 0.04535, 0.08399, 0.04387, 0.08193, 0.05287, 0.10939, 0.26826, 0.03446, 0.03677, 0.09554, 0.06696, 0.03959, 0.03845, 0.11194, 0.93202, 0.05139, 0.03227, 0.05759, 0.11337, 0.30459, 0.11585, 0.15425, 0.08163, 0.03421, 0.04951, 0.10513, 0.04788, 0.05081, 0.03781, 0.96805, 0.07324, 0.03837, 0.23089, 0.05585, 0.12329, 0.54475, 0.08417, 0.03806, 0.04561, 0.09879, 0.05016, 0.13405, 0.99256, 0.03623, 0.56303, 0.06084, 0.11514, 0.29012, 0.72459, 0.32697, 0.4009, 0.05711, 0.46661, 0.0627, 0.07283, 0.03977, 0.61774, 0.47372, 0.05919, 0.05759, 0.04711, 0.14536, 0.25715, 0.3621, 0.05526, 0.03597, 0.05778, 0.1355, 0.3288, 0.04208, 0.0739, 0.84055, 0.03775, 0.3809, 0.03432, 0.05253, 0.24376, 0.05592, 0.07711, 0.08398, 0.63842, 0.27048, 0.05875, 0.0461, 0.3029, 0.07324, 0.04317, 0.24182, 0.18185, 0.05401, 0.99143, 0.04112, 0.08723, 0.98898, 0.65696, 0.98943, 0.04307, 0.09132, 0.05135, 0.05125, 0.03665, 0.04832, 0.06119, 0.59786, 0.03499, 0.13361, 0.11382, 0.04083, 0.06193, 0.05346, 0.54036, 0.09907, 0.04411, 0.08363, 0.39896, 0.03799, 0.04174, 0.04251, 0.09234, 0.4474, 0.12204, 0.83759, 0.10148, 0.20161, 0.07481, 0.04914, 0.06487, 0.05543, 0.17046, 0.10361, 0.04915, 0.11027, 0.03601, 0.87462, 0.05383, 0.1625, 0.82453, 0.04893, 0.04838, 0.17498, 0.05932, 0.97783, 0.16741, 0.03169, 0.98563, 0.3717, 0.24945, 0.04996, 0.35222, 0.7159, 0.03292, 0.07615, 0.05439, 0.06703, 0.07543, 0.28158, 0.87824, 0.38273, 0.03505, 0.11562, 0.14279, 0.25201, 0.06677, 0.99288, 0.51201, 0.61482, 0.03738, 0.06335, 0.0557, 0.04113, 0.04139, 0.11038, 0.09138, 0.04383, 0.06196, 0.98615, 0.13435, 0.48613, 0.06349, 0.21171, 0.97366, 0.12009, 0.04104, 0.09532, 0.03623, 0.69953, 0.27256, 0.95941, 0.84734, 0.03668, 0.06533, 0.66955, 0.03741, 0.13249, 0.17656, 0.02941, 0.35562, 0.32586, 0.79103, 0.04383, 0.11378, 0.07213, 0.05397, 0.29162, 0.04759, 0.05139, 0.11926, 0.06477, 0.06992, 0.03653, 0.3685, 0.04711, 0.04269, 0.12065, 0.0344, 0.06285, 0.07174, 0.06362, 0.0416, 0.1059, 0.08109, 0.9669, 0.07379, 0.06433, 0.37081, 0.04704, 0.09008, 0.0527, 0.04525, 0.15437, 0.60917, 0.09945, 0.44412, 0.86503, 0.05432, 0.37228, 0.11763, 0.0292, 0.03617, 0.09695, 0.05383, 0.1244, 0.04039, 0.13902, 0.11482, 0.16733, 0.93969, 0.09733, 0.04676, 0.09008, 0.12064, 0.11471, 0.04057, 0.07862, 0.10711, 0.08219, 0.06349, 0.04462, 0.18371, 0.07515, 0.3177, 0.04119, 0.15264, 0.71399, 0.0905, 0.05758, 0.49939, 0.63911, 0.04346, 0.08414, 0.12886, 0.99231, 0.07828, 0.03122, 0.03738, 0.21035, 0.03553, 0.04323, 0.81777, 0.91262, 0.86737, 0.06672, 0.04623, 0.84851, 0.04043, 0.06938, 0.16478, 0.08929, 0.07708, 0.08556, 0.15814, 0.79038, 0.16662, 0.04708, 0.12699, 0.07019, 0.74283, 0.04258, 0.05485, 0.21209, 0.03627, 0.18033, 0.03799, 0.67674, 0.0722, 0.19124, 0.04044, 0.07574, 0.59296, 0.15192, 0.15681, 0.1662, 0.07709, 0.05156, 0.15561, 0.20033, 0.09266, 0.04277, 0.03395, 0.06656, 0.06383, 