{"model": "google/muril-base-cased", "dataset": "hatexplain", "train_config": "supcon", "seed": 99, "thr_cal": 0.14214551597833633, "metrics_05": {"macro": 0.7316656344949957, "toxf1": 0.770663562281723, "prec": 0.822360248447205, "rec": 0.7250821467688937, "prauc": 0.8871813126653345, "ece": 0.12914810358484585, "covert": 0.8866498740554156}, "metrics_cal": {"macro": 0.7287074680150036, "toxf1": 0.8126272912423625, "prec": 0.7592768791627021, "rec": 0.8740416210295728, "prauc": 0.8871813126653345, "ece": 0.12914810358484585, "covert": 0.9057798891528107}, "probs": [0.06189, 0.07667, 0.05813, 0.53323, 0.04945, 0.66509, 0.97345, 0.06699, 0.11305, 0.05569, 0.07758, 0.09125, 0.0637, 0.0789, 0.15967, 0.03881, 0.11512, 0.05377, 0.96716, 0.08503, 0.0473, 0.3995, 0.03456, 0.11942, 0.39239, 0.72687, 0.95215, 0.26682, 0.04008, 0.13877, 0.90285, 0.08608, 0.89695, 0.92394, 0.96608, 0.02798, 0.11278, 0.07645, 0.90439, 0.06991, 0.96781, 0.35753, 0.84066, 0.13999, 0.17402, 0.06522, 0.05445, 0.88819, 0.96126, 0.65514, 0.05516, 0.38211, 0.96884, 0.49634, 0.10193, 0.96775, 0.31733, 0.07485, 0.36016, 0.23656, 0.06422, 0.96108, 0.96074, 0.68008, 0.96657, 0.16008, 0.97109, 0.56446, 0.40025, 0.6295, 0.14357, 0.95379, 0.71853, 0.94783, 0.03656, 0.16356, 0.95121, 0.92612, 0.35159, 0.9498, 0.94351, 0.34244, 0.91862, 0.09018, 0.22173, 0.8438, 0.97285, 0.13779, 0.20314, 0.93669, 0.04376, 0.96934, 0.83488, 0.38382, 0.97332, 0.07099, 0.59913, 0.89289, 0.08397, 0.97402, 0.04532, 0.47994, 0.97246, 0.39321, 0.05257, 0.93775, 0.90503, 0.41889, 0.97299, 0.13937, 0.03395, 0.04902, 0.06999, 0.23931, 0.15747, 0.59534, 0.52078, 0.83031, 0.69396, 0.85788, 0.87519, 0.12346, 0.05734, 0.959, 0.19688, 0.11435, 0.08776, 0.3507, 0.16461, 0.95283, 0.14145, 0.93816, 0.09672, 0.71747, 0.35169, 0.10363, 0.10675, 0.96425, 0.9594, 0.16194, 0.81214, 0.96611, 0.95046, 0.97174, 0.74996, 0.09903, 0.9655, 0.16077, 0.52348, 0.50154, 0.67152, 0.21723, 0.95036, 0.06422, 0.95304, 0.93046, 0.90142, 0.82642, 0.09406, 0.76629, 0.68094, 0.94109, 0.83243, 0.92181, 0.11013, 0.62603, 0.8455, 0.07242, 0.93585, 0.92344, 0.11605, 0.24223, 0.08449, 0.16342, 0.94671, 0.57206, 0.1214, 0.17709, 0.95793, 0.19451, 0.96833, 0.12474, 0.04871, 0.08615, 0.97381, 0.77354, 0.95969, 0.37355, 0.79257, 0.97355, 0.16671, 0.95551, 0.93414, 0.96678, 0.60688, 0.942, 0.80847, 0.95406, 0.96073, 0.33569, 0.96059, 0.07951, 0.611, 0.05323, 0.56538, 0.35306, 0.31963, 0.17906, 0.87846, 0.16305, 0.04651, 0.03918, 0.91705, 0.94508, 0.71546, 0.0659, 0.03411, 0.06573, 0.95686, 0.3426, 0.63976, 0.09081, 0.79102, 0.97261, 0.03414, 0.96684, 0.81104, 0.21292, 0.94519, 0.96769, 0.95799, 0.95025, 0.41209, 0.94458, 0.96463, 0.20927, 0.95348, 0.78374, 0.97078, 0.16012, 0.19656, 0.44546, 0.41756, 0.58685, 0.95956, 0.83644, 0.11543, 0.03549, 0.04567, 0.12397, 0.42546, 0.96192, 0.7879, 0.95719, 0.09963, 0.94284, 0.96197, 0.04081, 0.06975, 0.96631, 0.2722, 0.96386, 0.34477, 0.90365, 0.78707, 0.11989, 0.95379, 0.03285, 0.06204, 0.16336, 0.6733, 0.28014, 0.05929, 0.92108, 0.05736, 0.12028, 0.963, 0.96437, 0.9569, 0.95663, 0.97276, 0.97155, 0.95739, 0.957, 0.94304, 0.94234, 0.52283, 0.50795, 0.02751, 0.16852, 0.06571, 0.0647, 0.05626, 0.09019, 0.96751, 0.19281, 0.88274, 0.06024, 0.88501, 0.06589, 0.75015, 0.06115, 0.16266, 0.97069, 0.90188, 0.16327, 0.95793, 0.94748, 0.05152, 0.0649, 0.95149, 0.09471, 0.96496, 0.73287, 0.22422, 0.44474, 0.96168, 0.03443, 0.92953, 0.96604, 0.74097, 0.05339, 0.7952, 0.96419, 0.14652, 0.9505, 0.23066, 0.09219, 0.73921, 0.94547, 0.94439, 0.96571, 0.91408, 0.94376, 0.96061, 0.42166, 0.94826, 0.97384, 0.9661, 0.03195, 0.49588, 0.96317, 0.69314, 0.61595, 0.06626, 0.93378, 0.03654, 0.06048, 0.18997, 0.76742, 0.06237, 0.82457, 0.2658, 0.95831, 0.15704, 0.96315, 0.08624, 0.86641, 0.6382, 0.95896, 0.04995, 0.89125, 0.97012, 0.02033, 0.97264, 0.10238, 0.97443, 0.96964, 0.31726, 0.07439, 0.07378, 0.82862, 0.92817, 0.96975, 0.94378, 0.72132, 0.07004, 0.91914, 0.95718, 0.96909, 0.94153, 0.93218, 0.04764, 0.97481, 0.42401, 0.09465, 0.05261, 0.0309, 0.84385, 0.93646, 0.93158, 0.15013, 0.13802, 0.74267, 0.96202, 0.94843, 0.15237, 0.93573, 0.90407, 0.15758, 0.96136, 0.18963, 0.82409, 0.44321, 0.11027, 0.8595, 0.43921, 0.89858, 0.09558, 0.03365, 0.78418, 0.11622, 0.13317, 0.05048, 0.11839, 0.91684, 0.06013, 0.93515, 0.95401, 0.14446, 0.85264, 0.75277, 0.37031, 0.83008, 0.08039, 0.0876, 0.50183, 0.54745, 0.7894, 0.19156, 0.03282, 0.03414, 0.08931, 0.08362, 0.78031, 0.96838, 0.94233, 0.95271, 0.57524, 0.06172, 0.97077, 0.21371, 0.41393, 0.12012, 0.32265, 0.96743, 0.95294, 0.16766, 0.11249, 0.90515, 0.61531, 0.08196, 0.07432, 0.94066, 0.75336, 0.05304, 0.18097, 0.57672, 0.96746, 0.06247, 0.07796, 0.60723, 0.71226, 0.8607, 0.07327, 0.40274, 0.87979, 0.88623, 0.97235, 0.0505, 0.03663, 0.719, 0.24475, 0.08821, 0.97045, 0.08948, 0.73318, 0.27303, 0.95214, 0.27605, 0.92396, 0.89686, 0.04505, 0.95758, 0.06199, 0.39542, 0.14292, 0.93965, 0.88229, 0.96214, 0.967, 0.96806, 0.9615, 0.23327, 0.47574, 0.0417, 0.06158, 0.25148, 0.95161, 0.94088, 0.96036, 0.06382, 0.06966, 0.04354, 0.93941, 0.97627, 0.89136, 0.0869, 0.12747, 0.8832, 0.15992, 0.03951, 0.9542, 0.03531, 0.08898, 0.15871, 0.96311, 0.12006, 0.86122, 0.07864, 0.15441, 0.54735, 0.96705, 0.09885, 0.92974, 0.95527, 0.96299, 0.04571, 0.9559, 0.60285, 0.53748, 0.26096, 0.04176, 0.19615, 0.93435, 0.51502, 0.28614, 0.04168, 0.15748, 0.9725, 0.05571, 0.86455, 0.95991, 0.11787, 0.08589, 0.19549, 0.34616, 0.77208, 0.87333, 0.80374, 0.8491, 0.05818, 0.97523, 0.96195, 0.08948, 0.94511, 0.84757, 0.68681, 0.79023, 0.5911, 0.03462, 0.34209, 0.16837, 0.21001, 0.88926, 0.03359, 0.96092, 0.02588, 0.96, 0.50427, 0.96797, 0.97085, 0.58574, 0.77733, 0.63925, 0.95112, 0.43306, 0.93659, 0.39664, 0.97308, 0.08023, 0.66085, 0.96045, 0.96216, 0.91954, 0.80514, 0.0537, 0.17267, 0.96327, 0.03423, 0.95506, 0.04644, 0.38375, 0.06741, 0.0552, 0.93528, 0.95664, 0.0892, 0.20163, 0.78999, 0.9198, 0.44115, 0.10732, 0.14615, 0.91066, 0.07204, 0.1086, 0.26888, 0.48183, 0.97137, 0.07132, 0.95702, 0.65615, 0.12198, 0.05689, 0.88702, 0.81266, 0.90754, 0.94276, 0.91757, 0.93073, 0.46101, 0.06572, 0.964, 0.87544, 0.57314, 0.2638, 0.96127, 0.90005, 0.51821, 0.19493, 0.2811, 0.15541, 0.9488, 0.93782, 0.95611, 0.95156, 0.87135, 0.04646, 0.03946, 0.03034, 0.10657, 0.15633, 0.59503, 0.9686, 0.97109, 0.12691, 0.035, 0.05451, 0.95823, 0.96302, 0.92642, 0.40338, 0.90989, 0.08786, 0.89389, 0.25586, 0.37306, 0.18976, 0.9691, 0.67603, 0.91614, 0.4073, 0.92697, 0.0383, 0.12326, 0.15158, 0.05813, 0.94096, 0.53019, 0.09039, 0.89512, 0.10282, 0.95991, 0.05728, 0.69522, 0.42121, 0.35998, 0.70294, 0.96862, 0.92696, 0.96525, 0.91765, 0.96472, 0.39728, 0.03278, 0.94962, 0.86768, 0.12093, 0.96027, 0.71888, 0.94014, 0.95611, 0.419, 0.76716, 0.97538, 0.92781, 0.07514, 0.05713, 0.0658, 0.96613, 0.9527, 0.94172, 0.90343, 0.96039, 0.94277, 0.07502, 0.07704, 0.10948, 0.96772, 0.08558, 0.07719, 0.91167, 0.10362, 0.04229, 0.88727, 0.97163, 0.69913, 0.90391, 0.04226, 0.74928, 0.87204, 0.95156, 0.21036, 0.0603, 0.97039, 0.06662, 0.10151, 0.76302, 0.96642, 0.66344, 0.95518, 0.6631, 0.19273, 0.96866, 0.95942, 0.03995, 0.16177, 0.12239, 0.94733, 0.94568, 0.79232, 0.71332, 0.16351, 0.05103, 0.18639, 0.93286, 0.52699, 0.94935, 0.1281, 0.09008, 0.93891, 0.06391, 0.07494, 0.96782, 0.93932, 0.07436, 0.08117, 0.96521, 0.10745, 0.11589, 0.06999, 0.05769, 0.55684, 0.14874, 0.07149, 0.03992, 0.9602, 0.44984, 0.04977, 0.4558, 0.04211, 0.03961, 0.18813, 0.90973, 0.21701, 0.93519, 0.96898, 0.06924, 0.12438, 0.964, 0.96429, 0.49456, 0.92799, 0.19234, 0.95039, 0.95376, 0.95292, 0.0348, 0.92409, 0.59703, 0.08484, 0.46749, 0.94191, 0.04847, 0.46499, 0.06656, 0.05119, 0.09404, 0.96362, 0.95635, 0.97067, 0.96537, 0.96962, 0.18417, 0.95771, 0.96377, 0.92083, 0.09211, 0.96184, 0.06517, 0.52643, 0.07115, 0.03323, 0.90236, 0.92784, 0.04262, 0.06868, 0.74033, 0.16381, 0.9698, 0.05854, 0.96858, 0.94706, 0.07393, 0.95327, 0.96153, 0.0497, 0.95566, 0.6636, 0.95, 0.1331, 0.22033, 0.85085, 0.96897, 