{"model": "google/muril-base-cased", "dataset": "dravidian_malayalam", "train_config": "hardneg", "seed": 42, "thr_cal": 0.9274229377508163, "metrics_05": {"macro": 0.592986445802592, "toxf1": 0.23834196891191708, "prec": 0.15753424657534246, "rec": 0.48936170212765956, "prauc": 0.1761887571619564, "ece": 0.12122601410498221, "covert": 0.3333333333333333}, "metrics_cal": {"macro": 0.6233643250688705, "toxf1": 0.2708333333333333, "prec": 0.2653061224489796, "rec": 0.2765957446808511, "prauc": 0.1761887571619564, "ece": 0.12122601410498221, "covert": 0.3333333333333333}, "probs": [0.04465, 0.04125, 0.04119, 0.11727, 0.0426, 0.11019, 0.05124, 0.06421, 0.43321, 0.03631, 0.03683, 0.08211, 0.66208, 0.04408, 0.08593, 0.12483, 0.05632, 0.05777, 0.04405, 0.04481, 0.53963, 0.06635, 0.83307, 0.0367, 0.0555, 0.03949, 0.05748, 0.04482, 0.04477, 0.19776, 0.19773, 0.05096, 0.07588, 0.0538, 0.91502, 0.04605, 0.0728, 0.0936, 0.04845, 0.04237, 0.05195, 0.04392, 0.11956, 0.68194, 0.94372, 0.04094, 0.10318, 0.06175, 0.05924, 0.09107, 0.05001, 0.04919, 0.0435, 0.43363, 0.09725, 0.03766, 0.09112, 0.03923, 0.03789, 0.03827, 0.06353, 0.04033, 0.04173, 0.07929, 0.04632, 0.04815, 0.04337, 0.03944, 0.03898, 0.05786, 0.05028, 0.04296, 0.04833, 0.04817, 0.04991, 0.04238, 0.03974, 0.86802, 0.04533, 0.06201, 0.16941, 0.04211, 0.04175, 0.04125, 0.04395, 0.04485, 0.0525, 0.06791, 0.07271, 0.09686, 0.04832, 0.04323, 0.15055, 0.1427, 0.03928, 0.06304, 0.71043, 0.05938, 0.04372, 0.04, 0.05035, 0.0404, 0.04836, 0.05055, 0.0461, 0.04692, 0.0371, 0.0425, 0.83631, 0.04996, 0.05072, 0.04865, 0.05502, 0.05171, 0.04705, 0.07852, 0.80239, 0.04377, 0.04545, 0.03626, 0.93375, 0.13159, 0.29661, 0.17474, 0.92773, 0.1757, 0.10354, 0.04271, 0.13405, 0.05535, 0.07989, 0.06214, 0.05631, 0.06659, 0.04388, 0.22069, 0.13413, 0.07132, 0.27305, 0.04202, 0.11143, 0.03938, 0.07047, 0.05085, 0.05524, 0.05653, 0.03878, 0.04691, 0.03725, 0.04534, 0.79534, 0.04283, 0.05233, 0.04274, 0.10185, 0.94191, 0.0397, 0.07311, 0.06351, 0.03808, 0.04425, 0.07742, 0.06748, 0.86261, 0.07334, 0.03825, 0.04538, 0.0441, 0.92515, 0.04095, 0.08262, 0.04145, 0.04305, 0.20975, 0.04457, 0.42738, 0.24136, 0.23714, 0.09768, 0.12191, 0.04808, 0.06025, 0.21779, 0.05574, 0.94205, 0.05535, 0.08412, 0.04631, 0.03828, 0.05305, 0.05434, 0.04198, 0.94136, 0.07028, 0.04383, 0.07441, 0.08483, 0.17395, 0.81499, 0.04553, 0.04809, 0.04775, 0.04649, 0.1237, 0.04945, 0.06906, 0.03969, 0.03935, 0.3325, 0.03669, 0.03929, 0.04272, 0.04797, 0.13854, 0.07769, 0.0388, 0.93196, 0.07694, 0.03857, 0.04157, 0.0448, 0.19251, 0.05626, 0.08058, 0.05373, 0.03801, 0.89642, 0.03921, 0.03916, 0.06582, 0.78446, 0.04039, 0.07598, 0.04094, 0.63933, 0.87119, 0.07123, 0.04499, 0.08949, 0.05852, 0.04555, 0.04944, 0.0415, 0.93369, 0.06246, 0.04275, 0.94228, 0.11744, 0.046, 0.03657, 0.04721, 0.23957, 0.04355, 0.04779, 0.18621, 0.06885, 0.04103, 0.04014, 0.03882, 0.07279, 0.03778, 0.13508, 0.03977, 0.89695, 0.06247, 0.04328, 0.04234, 0.21995, 0.40108, 0.05819, 0.9278, 0.08256, 0.04732, 0.26791, 0.06608, 0.09392, 0.05314, 0.0408, 0.0916, 0.04909, 0.04049, 0.04972, 0.04989, 0.04645, 0.04084, 0.09759, 0.21069, 0.04007, 0.03802, 0.03805, 0.2224, 0.2179, 0.92764, 0.03784, 0.04085, 0.94169, 0.073, 0.39202, 0.03862, 0.03762, 0.11972, 0.04802, 0.04296, 0.11903, 0.09013, 0.272, 0.10454, 0.0853, 0.04039, 0.09994, 0.23898, 0.06734, 0.06843, 0.35076, 0.92754, 0.13668, 0.09765, 0.66603, 0.04266, 0.05289, 0.0847, 0.12219, 0.04341, 0.04311, 0.03697, 0.06987, 0.04211, 0.06005, 0.04466, 0.10599, 0.13809, 0.56507, 0.0658, 0.05094, 0.06841, 0.04061, 0.05978, 0.11955, 0.04004, 0.74314, 0.1126, 0.03743, 0.93594, 0.8832, 0.04031, 0.05545, 0.04595, 0.03971, 0.05001, 0.05125, 0.03757, 0.04951, 0.13083, 0.18532, 0.06066, 0.14586, 0.20243, 0.06127, 0.10394, 0.93985, 0.05792, 0.04573, 0.04011, 0.91906, 0.05039, 0.03932, 0.05984, 0.04415, 0.05679, 0.04692, 0.04899, 0.0404, 0.94376, 0.06842, 0.06969, 0.13809, 0.13989, 0.06656, 0.04143, 0.0842, 0.03985, 0.04881, 0.06606, 0.04263, 0.06055, 0.05219, 0.07845, 0.05301, 0.13197, 0.05081, 0.07582, 0.05336, 0.0482, 0.04008, 0.92916, 0.55321, 0.07646, 0.0589, 0.04766, 0.34176, 0.04856, 0.03952, 0.94052, 0.0607, 0.04612, 0.08413, 0.04634, 0.25823, 0.05243, 0.0421, 0.05536, 0.0383, 0.24205, 0.08974, 0.04084, 0.0384, 0.03926, 0.05073, 0.06926, 0.86475, 0.10832, 0.06993, 0.07666, 0.03628, 0.05381, 0.04469, 0.04419, 0.10124, 0.03769, 0.04264, 0.07441, 0.04063, 0.03808, 0.03993, 0.04352, 0.0543, 0.21955, 0.04971, 0.15854, 0.04076, 0.04703, 0.03951, 0.04666, 0.0469, 0.41745, 0.03716, 0.10568, 0.11559, 0.15022, 0.05473, 0.86406, 0.05269, 0.04288, 0.04824, 0.09332, 0.25508, 0.04377, 0.0379, 0.38642, 0.9414, 0.03806, 0.04525, 0.08734, 0.0471, 0.04885, 0.06306, 0.04984, 0.04156, 0.05604, 0.04531, 0.87119, 0.05491, 0.80933, 0.14706, 0.12409, 0.10759, 0.0634, 0.05417, 0.93978, 0.06153, 0.0442, 0.60785, 0.84681, 0.04308, 0.22723, 0.05002, 0.05092, 0.06786, 0.05938, 0.94131, 0.87261, 0.53902, 0.03626, 0.04944, 0.12576, 0.06879, 0.04263, 0.04007, 0.14165, 0.05944, 0.67259, 0.03955, 0.04323, 0.91642, 0.0386, 0.0452, 0.05565, 0.03938, 0.03813, 0.049, 0.04399, 0.05239, 0.04946, 0.05305, 0.04285, 0.05, 0.04693, 0.12773, 0.45201, 0.04153, 0.03765, 0.04745, 0.03931, 0.04375, 0.04642, 0.05415, 0.84431, 0.05385, 0.03914, 0.05187, 0.07397, 0.07538, 0.06439, 0.10839, 0.04867, 0.03829, 0.07078, 0.06721, 0.04791, 0.08608, 0.03942, 0.94246, 0.03964, 0.04939, 0.21343, 0.05031, 0.07013, 0.77556, 0.08079, 0.04665, 0.04486, 0.92263, 0.03918, 0.04758, 0.93211, 0.04381, 0.24568, 0.04228, 0.1323, 0.14483, 0.2137, 0.05235, 0.125, 0.04077, 0.15071, 0.04532, 0.08694, 0.0366, 0.31601, 0.0797, 0.06348, 0.05095, 0.03851, 0.06926, 0.07563, 0.1073, 0.04142, 0.05579, 0.04194, 0.05505, 0.10074, 0.03719, 0.1056, 0.93851, 0.04435, 0.08815, 0.04045, 0.04912, 0.60381, 0.06828, 0.07501, 0.10901, 0.24015, 0.10581, 0.05711, 0.05318, 0.10136, 0.07657, 0.04449, 0.13508, 0.11382, 0.06413, 0.94069, 0.0387, 0.07106, 0.93177, 0.11261, 0.92874, 0.07428, 0.06126, 0.06621, 0.05429, 0.05387, 0.06187, 0.06074, 0.26872, 0.06484, 0.0591, 0.15839, 0.05482, 0.0555, 0.06317, 0.91022, 0.14589, 0.04142, 0.10679, 0.14688, 0.04853, 0.04083, 0.03933, 0.19453, 0.43956, 0.05313, 0.90134, 0.08817, 0.19056, 0.08716, 0.05223, 0.0657, 0.03902, 0.11883, 0.05179, 0.07469, 0.10584, 0.04424, 0.8864, 0.0494, 0.08477, 0.92086, 0.05499, 0.03861, 0.13439, 0.0596, 0.93954, 0.89167, 0.04257, 0.93805, 0.06755, 0.1483, 0.05712, 0.06592, 0.77414, 0.03895, 0.08415, 0.04884, 0.0828, 0.10134, 0.76059, 0.30144, 0.0746, 0.04074, 0.07405, 0.09607, 0.92954, 0.07666, 0.94071, 0.17685, 0.58772, 0.04618, 0.04306, 0.07212, 0.03896, 0.0409, 0.14088, 0.06361, 0.04647, 0.09908, 0.05379, 0.0799, 0.11269, 0.0413, 0.0764, 0.12043, 0.06593, 0.03822, 0.49088, 0.04075, 0.92725, 0.85443, 0.93227, 0.92129, 0.0481, 0.11257, 0.21148, 0.04282, 0.03934, 0.85397, 0.03559, 0.07254, 0.09646, 0.42641, 0.04914, 0.06186, 0.06673, 0.13184, 0.08087, 0.05443, 0.04866, 0.07998, 0.07071, 0.04168, 0.03755, 0.05568, 0.05196, 0.07583, 0.0452, 0.04255, 0.05667, 0.05511, 0.05742, 0.04602, 0.06441, 0.09362, 0.58428, 0.07537, 0.05302, 0.12065, 0.04669, 0.04856, 0.0445, 0.04165, 0.05462, 0.18182, 0.04034, 0.38376, 0.76439, 0.04669, 0.23602, 0.091, 0.0361, 0.04263, 0.0437, 0.03856, 0.0557, 0.04591, 0.05833, 0.08722, 0.14595, 0.15729, 0.04109, 0.04395, 0.06945, 0.05114, 0.90381, 0.04415, 0.04814, 0.19901, 0.0695, 0.0413, 0.04367, 0.11256, 0.05427, 0.17257, 0.04634, 0.18423, 0.37557, 0.04471, 0.04172, 0.8952, 0.14745, 0.04874, 0.04341, 0.18962, 0.92656, 0.05864, 0.0401, 0.04618, 0.07769, 0.04757, 0.07364, 0.1377, 0.18719, 0.82465, 0.07263, 0.04626, 0.70975, 0.03667, 0.08344, 0.05906, 0.05643, 0.04109, 0.04491, 0.05873, 0.89295, 0.14699, 0.04229, 0.05532, 0.08031, 0.9019, 0.05291, 0.05271, 0.12663, 0.05151, 0.18256, 0.04853, 0.83015, 0.04572, 0.87339, 0.06422, 0.07604, 0.31545, 0.07481, 0.08331, 0.13495, 0.04431, 0.0514, 0.11045, 0.08266, 0.0612, 0.04225, 0.03754, 0.21073, 0.05359, 0.03889, 0.04137,