{"model": "google/muril-base-cased", "dataset": "dravidian_kannada", "train_config": "supcon", "seed": 123, "thr_cal": 0.22807563990354554, "metrics_05": {"macro": 0.7730778278414129, "toxf1": 0.672782874617737, "prec": 0.6586826347305389, "rec": 0.6875, "prauc": 0.733437279726449, "ece": 0.0536456848828459, "covert": 0.8823529411764706}, "metrics_cal": {"macro": 0.7450949839637464, "toxf1": 0.6633165829145728, "prec": 0.5546218487394958, "rec": 0.825, "prauc": 0.733437279726449, "ece": 0.0536456848828459, "covert": 0.88}, "probs": [0.09009, 0.30875, 0.80506, 0.10717, 0.13261, 0.26684, 0.08027, 0.02876, 0.05959, 0.0194, 0.05489, 0.0467, 0.02534, 0.1669, 0.39226, 0.02386, 0.05755, 0.67067, 0.04977, 0.59737, 0.08609, 0.07209, 0.59232, 0.20024, 0.97237, 0.29417, 0.96318, 0.82706, 0.18114, 0.38134, 0.97409, 0.25624, 0.22692, 0.73482, 0.85696, 0.03508, 0.14755, 0.04203, 0.53863, 0.03684, 0.27101, 0.02514, 0.87474, 0.15091, 0.08121, 0.14451, 0.08684, 0.03159, 0.04135, 0.41368, 0.8054, 0.10738, 0.02366, 0.81394, 0.20408, 0.57706, 0.01967, 0.33461, 0.14431, 0.81371, 0.10311, 0.07622, 0.10918, 0.1893, 0.03973, 0.05644, 0.02945, 0.08995, 0.8718, 0.96813, 0.20729, 0.02435, 0.23786, 0.20644, 0.09386, 0.60467, 0.04498, 0.08766, 0.11485, 0.88075, 0.03653, 0.93698, 0.07082, 0.17437, 0.29583, 0.02208, 0.94106, 0.01822, 0.62055, 0.03783, 0.02085, 0.05192, 0.03532, 0.23923, 0.02069, 0.06377, 0.04433, 0.03704, 0.06403, 0.03486, 0.016, 0.79774, 0.12419, 0.90161, 0.37684, 0.06967, 0.85508, 0.05319, 0.02814, 0.14139, 0.32171, 0.14467, 0.0293, 0.04301, 0.04641, 0.01733, 0.22692, 0.02945, 0.83708, 0.94894, 0.42168, 0.04158, 0.40649, 0.27315, 0.22356, 0.04963, 0.08684, 0.86111, 0.02485, 0.68424, 0.88666, 0.06295, 0.02774, 0.89568, 0.93025, 0.12997, 0.0277, 0.91722, 0.03774, 0.61065, 0.02431, 0.14462, 0.44431, 0.61662, 0.9631, 0.17617, 0.12709, 0.66629, 0.47676, 0.08735, 0.01608, 0.0554, 0.85055, 0.34814, 0.18544, 0.83716, 0.03561, 0.23045, 0.25793, 0.21141, 0.57323, 0.46645, 0.02384, 0.19125, 0.07661, 0.04224, 0.07109, 0.02552, 0.02845, 0.36861, 0.06182, 0.89053, 0.14388, 0.07916, 0.94588, 0.01796, 0.08684, 0.07607, 0.03083, 0.67989, 0.02165, 0.0514, 0.08684, 0.84013, 0.79825, 0.06575, 0.90407, 0.02816, 0.0713, 0.04799, 0.88217, 0.95351, 0.03664, 0.08684, 0.49754, 0.96338, 0.03572, 0.10942, 0.24911, 0.0772, 0.1317, 0.03202, 0.04957, 0.52774, 0.05869, 0.362, 0.94042, 0.07248, 0.95648, 0.03664, 0.92173, 0.93743, 0.09802, 0.04293, 0.05622, 0.03404, 0.88429, 0.07141, 0.03056, 0.02509, 0.01873, 0.17223, 0.02763, 0.1567, 0.73376, 0.22337, 0.03501, 0.17984, 0.03905, 0.24149, 0.03159, 0.10737, 0.04718, 0.25693, 0.06923, 0.82735, 0.97054, 0.03303, 0.0345, 0.01607, 0.091, 0.08684, 0.05034, 0.96793, 0.96762, 0.04121, 0.0347, 0.14924, 0.17463, 0.3752, 0.10704, 0.04881, 0.03173, 0.03662, 0.02092, 0.01856, 0.31305, 0.90749, 0.11899, 0.05164, 0.67781, 0.37684, 0.43977, 0.77969, 0.04184, 0.02059, 0.08684, 0.01878, 0.02388, 0.03346, 0.04539, 0.02997, 0.52612, 0.23707, 0.08073, 0.14909, 0.78829, 0.02109, 0.84749, 0.8646, 0.02838, 0.779, 0.9606, 0.07528, 0.04672, 0.41285, 0.06574, 0.46129, 0.0484, 0.03674, 0.8685, 0.01964, 0.07321, 0.39867, 0.06158, 0.08684, 0.80162, 0.54665, 0.0982, 0.11096, 0.04095, 0.07263, 0.0555, 0.86652, 0.03733, 0.03033, 0.04349, 0.08684, 0.05924, 0.02882, 0.07735, 0.0954, 0.02558, 0.03817, 0.83649, 0.32408, 0.02458, 0.11108, 0.76318, 0.18933, 0.53331, 0.79209, 0.04255, 0.0683, 0.95781, 0.03116, 0.6956, 0.07173, 0.82833, 0.92877, 0.02715, 0.42627, 0.07594, 0.09522, 0.0419, 0.05115, 0.03716, 0.04633, 0.0353, 0.03127, 0.07929, 0.2691, 0.08166, 0.76047, 0.68531, 0.10169, 0.93806, 0.92041, 0.08684, 0.1093, 0.0372, 0.07745, 0.87248, 0.78239, 0.27674, 0.6904, 0.73483, 0.57038, 0.0255, 0.03254, 0.82867, 0.05976, 0.28065, 0.27906, 0.06185, 0.03582, 0.93091, 0.02012, 0.01553, 0.87261, 0.97228, 0.0544, 0.0282, 0.08684, 0.02755, 0.66519, 0.02321, 0.87106, 0.93867, 0.05067, 0.6515, 0.04284, 0.10755, 0.91283, 0.15909, 0.52941, 0.02286, 0.42343, 0.23998, 0.42407, 0.06865, 0.06399, 0.03398, 0.0217, 0.0639, 0.02909, 0.74709, 0.62449, 0.03465, 0.95165, 0.10231, 0.14338, 0.74225, 0.70483, 0.02895, 0.03429, 0.1316, 0.97377, 0.02511, 0.11083, 0.07395, 0.03378, 0.18851, 0.07641, 0.32862, 0.48497, 0.01739, 0.02848, 0.04526, 0.03096, 0.02728, 0.545, 0.93365, 0.02905, 0.2454, 0.84269, 0.48936, 0.93824, 0.96579, 0.01634, 0.03979, 0.34884, 0.03532, 0.54628, 0.08645, 0.95648, 0.85552, 0.02603, 0.8089, 0.03133, 0.16982, 0.69942, 0.02201, 0.05516, 0.95287, 0.9574, 0.02043, 0.86849, 0.87273, 0.35707, 0.28255, 0.14069, 0.02865, 0.0215, 0.36115, 0.44987, 0.34012, 0.01979, 0.03847, 0.05152, 0.05387, 0.03342, 0.11704, 0.02893, 0.06042, 0.04662, 0.02727, 0.94348, 0.22542, 0.80968, 0.50173, 0.06385, 0.90281, 0.05082, 0.84835, 0.02188, 0.28773, 0.72544, 0.9197, 0.02569, 0.95455, 0.86911, 0.03153, 0.03195, 0.95682, 0.12501, 0.92935, 0.30481, 0.07701, 0.07913, 0.02076, 0.1728, 0.57631, 0.7877, 0.02591, 0.64005, 0.92822, 0.12558, 0.87114, 0.27961, 0.02418, 0.04829, 0.05911, 0.04776, 0.05776, 0.79304, 0.02754, 0.04804, 0.04889, 0.87216, 0.03031, 0.94644, 0.05275, 0.02604, 0.0465, 0.75885, 0.15478, 0.71659, 0.03615, 0.87306, 0.02828, 0.88384, 0.69281, 0.03033, 0.30907, 0.94157, 0.08684, 0.32875, 0.12462, 0.03759, 0.10751, 0.82215, 0.7596, 0.05041, 0.31852, 0.08684, 0.54041, 0.22071, 0.60218, 0.43788, 0.38518, 0.83386, 0.35509, 0.92138, 0.05335, 0.21687, 0.20192, 0.69776, 0.40389, 0.36801, 0.91072, 0.02982, 0.05943, 0.04964, 0.01925, 0.94436, 0.02947, 0.16057, 0.38356, 0.07835, 0.01823, 0.04241, 0.08146, 0.90567, 0.84462, 0.77003, 0.77605, 0.02925, 0.74658, 0.22272, 0.96021, 0.88113, 0.92657, 0.93369, 0.05657, 0.03134, 0.49028, 0.18634, 0.02335, 0.74476, 0.40236, 0.0321, 0.36818, 0.73361, 0.01945, 0.82356], "labels": [0, 0, 0, 0, 0, 0, 0, 0, 0, 0, 0, 0, 0, 0, 1, 0, 0, 1, 0, 0, 0, 0, 0, 1, 1, 1, 1, 1, 1, 0, 1, 0, 1, 1, 1, 0, 1, 0, 0, 1, 0, 0, 1, 0, 0, 0, 0, 0, 0, 1, 0, 0, 0, 1, 0, 0, 0, 0, 1, 0, 0, 0, 0, 1, 0, 0, 0, 0, 1, 1, 1, 0, 0, 0, 0, 1, 0, 0, 0, 1, 0, 1, 1, 0, 0, 0, 1, 0, 1, 0, 0, 0, 0, 0, 0, 0, 0, 1, 0, 0, 0, 1, 0, 1, 0, 0, 1, 0, 0, 0, 0, 0, 0, 0, 0, 0, 0, 0, 1, 0, 0, 0, 1, 1, 0, 0, 0, 0, 0, 0, 0, 0, 0, 1, 1, 0, 0, 1, 0, 0, 0, 0, 1, 1, 1, 0, 0, 0, 1, 0, 0, 0, 0, 0, 0, 1, 0, 0, 0, 1, 1, 1, 0, 1, 0, 0, 0, 0, 0, 0, 0, 1, 0, 0, 1, 0, 0, 0, 0, 0, 0, 0, 0, 0, 1, 0, 0, 0, 0, 0, 0, 1, 0, 1, 0, 1, 1, 0, 0, 0, 0, 0, 0, 0, 1, 1, 0, 0, 1, 0, 1, 0, 1, 0, 0, 0, 1, 0, 0, 0, 1, 0, 0, 0, 1, 0, 0, 0, 0, 0, 0, 0, 0, 0, 0, 1, 1, 0, 0, 0, 0, 0, 0, 1, 1, 0, 0, 0, 0, 0, 0, 0, 0, 1, 0, 0, 0, 0, 1, 0, 1, 0, 0, 0, 0, 0, 0, 0, 0, 0, 0, 0, 0, 1, 0, 0, 0, 0, 1, 1, 0, 1, 1, 0, 0, 1, 0, 1, 0, 0, 1, 0, 0, 1, 0, 0, 0, 1, 0, 0, 0, 0, 0, 0, 0, 0, 0, 1, 0, 0, 0, 0, 0, 0, 1, 1, 0, 0, 0, 0, 1, 1, 0, 0, 1, 0, 1, 0, 1, 1, 0, 0, 0, 0, 0, 0, 0, 1, 0, 0, 0, 0, 0, 0, 0, 0, 1, 0, 0, 0, 0, 0, 1, 0, 0, 1, 0, 1, 0, 0, 1, 0, 0, 0, 0, 0, 1, 0, 0, 1, 1, 0, 0, 0, 0, 0, 0, 1, 1, 0, 1, 0, 0, 1, 1, 1, 0, 0, 1, 1, 0, 0, 0, 0, 0, 0, 0, 0, 0, 1, 1, 1, 0, 1, 0, 0, 0, 1, 0, 0, 0, 0, 0, 0, 0, 0, 0, 1, 0, 1, 0, 0, 1, 0, 0, 0, 1, 1, 1, 0, 0, 0, 0, 0, 0, 1, 1, 0, 1, 0, 0, 0, 0, 0, 1, 1, 0, 1, 0, 1, 0, 0, 0, 0, 0, 0, 0, 0, 0, 0, 0, 0, 0, 0, 0, 0, 0, 1, 0, 1, 0, 0, 1, 1, 1, 0, 0, 1, 0, 0, 1, 1, 0, 0, 1, 0, 1, 1, 0, 0, 0, 0, 1, 1, 0, 1, 0, 0, 1, 0, 0, 0, 0, 0, 0, 0, 0, 0, 0, 1, 0, 1, 0, 0, 0, 1, 0, 1, 0, 0, 0, 1, 0, 0, 0, 0, 0, 0, 0, 0, 0, 0, 0, 0, 1, 0, 0, 1, 1, 1, 0, 0, 0, 1, 0, 0, 0, 1, 0, 1, 1, 0, 0, 0, 0, 1, 0, 0, 0, 0, 0, 0, 0, 1, 1, 1, 1, 0, 0, 0, 1, 1, 0, 0, 0, 0, 0, 0, 0, 0, 0, 0, 0, 1, 0, 1], "n": {"train": 3400, "val": 600, "test": 586, "toxic_frac": 0.23911764705882352}}