{"model": "google/muril-base-cased", "dataset": "hatexplain", "train_config": "supcon", "seed": 123, "thr_cal": 0.16755292564630508, "metrics_05": {"macro": 0.7353250953648238, "toxf1": 0.7752027809965237, "prec": 0.8228782287822878, "rec": 0.732749178532311, "prauc": 0.8899620415891754, "ece": 0.1310501070568959, "covert": 0.8847771236333053}, "metrics_cal": {"macro": 0.7290148312453145, "toxf1": 0.8056133056133056, "prec": 0.7665677546983185, "rec": 0.8488499452354874, "prauc": 0.8899620415891754, "ece": 0.1310501070568959, "covert": 0.9003215434083601}, "probs": [0.07792, 0.06488, 0.04871, 0.30976, 0.04239, 0.8513, 0.97875, 0.08972, 0.26026, 0.08243, 0.08382, 0.10351, 0.06228, 0.10636, 0.5086, 0.04644, 0.12641, 0.0419, 0.9814, 0.08142, 0.03392, 0.53617, 0.04933, 0.14877, 0.59624, 0.9639, 0.96062, 0.20928, 0.03261, 0.84055, 0.9379, 0.15123, 0.9348, 0.95339, 0.97499, 0.02944, 0.19028, 0.20446, 0.87344, 0.0619, 0.96549, 0.50154, 0.47446, 0.15841, 0.15848, 0.09303, 0.09698, 0.91094, 0.97719, 0.79143, 0.09336, 0.14151, 0.97404, 0.69503, 0.09586, 0.97911, 0.52009, 0.06063, 0.84923, 0.17996, 0.05582, 0.96936, 0.98057, 0.76296, 0.97943, 0.53844, 0.97351, 0.56958, 0.52745, 0.87086, 0.30655, 0.95994, 0.88101, 0.74499, 0.03343, 0.09731, 0.96233, 0.9439, 0.57321, 0.94143, 0.94353, 0.68334, 0.88017, 0.1169, 0.32906, 0.96012, 0.97641, 0.09437, 0.47813, 0.94177, 0.03546, 0.97273, 0.61765, 0.61785, 0.97396, 0.03811, 0.77955, 0.85569, 0.23444, 0.98076, 0.05004, 0.26763, 0.98319, 0.55907, 0.04819, 0.92464, 0.51697, 0.73606, 0.97879, 0.14403, 0.03808, 0.04411, 0.12136, 0.1435, 0.32132, 0.6785, 0.54753, 0.23176, 0.89059, 0.8947, 0.95168, 0.10853, 0.04922, 0.97541, 0.17386, 0.10263, 0.05565, 0.14923, 0.14422, 0.97116, 0.22273, 0.95403, 0.07685, 0.71712, 0.51152, 0.21848, 0.29466, 0.96514, 0.9591, 0.13801, 0.18512, 0.97795, 0.9336, 0.9755, 0.92368, 0.12231, 0.96685, 0.35092, 0.60663, 0.69526, 0.78648, 0.36497, 0.94594, 0.10082, 0.91562, 0.8628, 0.96031, 0.80296, 0.05496, 0.64315, 0.45809, 0.96325, 0.68612, 0.90106, 0.37687, 0.8329, 0.95757, 0.09802, 0.94933, 0.47667, 0.13139, 0.70842, 0.0562, 0.68126, 0.96649, 0.84847, 0.10053, 0.26216, 0.96945, 0.0969, 0.96871, 0.10665, 0.05075, 0.26137, 0.97648, 0.42568, 0.97768, 0.51071, 0.30235, 0.98114, 0.3935, 0.95784, 0.95871, 0.96726, 0.69875, 0.9326, 0.57925, 0.66934, 0.96843, 0.12835, 0.97416, 0.07787, 0.07237, 0.06674, 0.89472, 0.20844, 0.59342, 0.64418, 0.89156, 0.14338, 0.0472, 0.03597, 0.83223, 0.92388, 0.13683, 0.23817, 0.03514, 0.03955, 0.96621, 0.26491, 0.86929, 0.15376, 0.87092, 0.9837, 0.02926, 0.97572, 0.81821, 0.32946, 0.78416, 0.89817, 0.96963, 0.92844, 0.48083, 0.90593, 0.97882, 0.22385, 0.9673, 0.54361, 0.97692, 0.34504, 0.09074, 0.12874, 0.23592, 0.87199, 0.97237, 0.24549, 0.11529, 0.03929, 0.04185, 0.1379, 0.60617, 0.97352, 0.70438, 0.92872, 0.07624, 0.94937, 0.96965, 0.05503, 0.06704, 0.96888, 0.31989, 0.97596, 0.82843, 0.90221, 0.76774, 0.27004, 0.95644, 0.02835, 0.06634, 0.1488, 0.5332, 0.30391, 0.08873, 0.9671, 0.11887, 0.15797, 0.96621, 0.9711, 0.97018, 0.96984, 0.98398, 0.98109, 0.97236, 0.97095, 0.95228, 0.93336, 0.42091, 0.80526, 0.03433, 0.21738, 0.07645, 0.06038, 0.04538, 0.26939, 0.97774, 0.17388, 0.8598, 0.037, 0.77522, 0.09244, 0.20608, 0.05571, 0.28225, 0.98176, 0.96007, 0.09087, 0.97104, 0.95729, 0.07682, 0.03688, 0.87455, 0.29165, 0.97382, 0.89481, 0.39103, 0.6516, 0.96726, 0.03439, 0.95773, 0.97992, 0.73983, 0.07466, 0.91154, 0.96115, 0.0654, 0.97629, 0.12245, 0.0951, 0.88997, 0.94964, 0.95222, 0.97699, 0.75955, 0.96238, 0.96452, 0.61772, 0.57076, 0.98307, 0.97421, 0.0306, 0.21509, 0.96048, 0.82445, 0.12567, 0.0695, 0.79634, 0.04822, 0.0444, 0.10394, 0.81275, 0.10841, 0.90694, 0.27318, 0.96232, 0.49192, 0.97989, 0.04614, 0.68435, 0.86442, 0.90232, 0.06226, 0.85258, 0.98209, 0.0294, 0.98516, 0.10273, 0.98169, 0.98344, 0.05502, 0.16498, 0.09135, 0.69294, 0.94153, 0.97388, 0.85694, 0.53694, 0.17492, 0.90476, 0.93486, 0.98085, 0.93852, 0.64575, 0.34142, 0.97683, 0.26167, 0.09269, 0.05395, 0.03283, 0.94842, 0.91319, 0.94494, 0.09563, 0.26703, 0.77377, 0.96279, 0.96432, 0.2346, 0.94628, 0.84115, 0.09753, 0.9571, 0.08245, 0.77028, 0.54417, 0.2207, 0.49338, 0.41111, 0.95873, 0.07968, 0.02775, 0.94584, 0.33445, 0.13694, 0.04003, 0.09866, 0.9644, 0.08547, 0.55904, 0.98079, 0.1393, 0.83085, 0.63318, 0.8178, 0.9603, 0.12088, 0.08175, 0.89603, 0.50007, 0.93024, 0.42089, 0.03713, 0.03898, 0.26725, 0.09727, 0.92512, 0.97642, 0.95095, 0.9076, 0.8403, 0.05877, 0.97619, 0.33854, 0.37616, 0.43223, 0.42039, 0.97967, 0.96435, 0.12759, 0.20497, 0.88206, 0.24329, 0.24625, 0.07507, 0.93343, 0.73962, 0.13136, 0.15548, 0.5194, 0.97275, 0.25506, 0.05369, 0.93609, 0.87221, 0.79575, 0.06962, 0.27487, 0.79211, 0.59572, 0.9808, 0.08668, 0.04314, 0.49206, 0.56002, 0.10299, 0.97009, 0.13954, 0.91438, 0.12225, 0.93159, 0.22883, 0.69401, 0.56639, 0.05014, 0.9406, 0.09691, 0.1381, 0.16588, 0.96418, 0.83425, 0.97467, 0.97923, 0.94823, 0.96085, 0.27995, 0.59666, 0.04618, 0.05339, 0.20826, 0.90909, 0.94132, 0.97167, 0.0515, 0.089, 0.03855, 0.96827, 0.98288, 0.93892, 0.11707, 0.14774, 0.95875, 0.13621, 0.04157, 0.97338, 0.03504, 0.08039, 0.08166, 0.97283, 0.18625, 0.93519, 0.15898, 0.04947, 0.1065, 0.97165, 0.08024, 0.96051, 0.96481, 0.96043, 0.03669, 0.98002, 0.94337, 0.44782, 0.78709, 0.03799, 0.3993, 0.96762, 0.66075, 0.32583, 0.03767, 0.34963, 0.97572, 0.05401, 0.88793, 0.96442, 0.10985, 0.05939, 0.30592, 0.25437, 0.89625, 0.83123, 0.35678, 0.89284, 0.14417, 0.98484, 0.97236, 0.05084, 0.96463, 0.86146, 0.91604, 0.05433, 0.46971, 0.03524, 0.62944, 0.10556, 0.15328, 0.91445, 0.04192, 0.97449, 0.02956, 0.96114, 0.37631, 0.96439, 0.96675, 0.96457, 0.90654, 0.16635, 0.95957, 0.20439, 0.94285, 0.43241, 0.98491, 0.14258, 0.90371, 0.96496, 0.97749, 0.93876, 0.83023, 0.06913, 0.48346, 0.97254, 0.04113, 0.9088, 0.05075, 0.26426, 0.05749, 0.04874, 0.94345, 0.96417, 0.07675, 0.23927, 0.15213, 0.94217, 0.08712, 0.12359, 0.3417, 0.87941, 0.1061, 0.56866, 0.77437, 0.2281, 0.97676, 0.07225, 0.97024, 0.69459, 0.17472, 0.08776, 0.92801, 0.91301, 0.69902, 0.91147, 0.95746, 0.87832, 0.45761, 0.07893, 0.84739, 0.96014, 0.35222, 0.36545, 0.97208, 0.93088, 0.45341, 0.14434, 0.73837, 0.11704, 0.92106, 0.76611, 0.9747, 0.90923, 0.89551, 0.0544, 0.03994, 0.04005, 0.05785, 0.07549, 0.13563, 0.97133, 0.98049, 0.06629, 0.03858, 0.04962, 0.96917, 0.97019, 0.96117, 0.18053, 0.34146, 0.09687, 0.12718, 0.31405, 0.46077, 0.13018, 0.97846, 0.20867, 0.83955, 0.08892, 0.9367, 0.03715, 0.11695, 0.17955, 0.04541, 0.96214, 0.67079, 0.07731, 0.89229, 0.45303, 0.96667, 0.06105, 0.21738, 0.38984, 0.0788, 0.92919, 0.96581, 0.95609, 0.97056, 0.93921, 0.97271, 0.27658, 0.05469, 0.85232, 0.69707, 0.11384, 0.9781, 0.50805, 0.64712, 0.95917, 0.1786, 0.28507, 0.97571, 0.96906, 0.19491, 0.07011, 0.07817, 0.97421, 0.95275, 0.92718, 0.74745, 0.96958, 0.94374, 0.12634, 0.12581, 0.1684, 0.98158, 0.13455, 0.08827, 0.93723, 0.72548, 0.0433, 0.94055, 0.97375, 0.84459, 0.86738, 0.03806, 0.94515, 0.88038, 0.97703, 0.42529, 0.0686, 0.97528, 0.10697, 0.05885, 0.96897, 0.97288, 0.41963, 0.9667, 0.19762, 0.11991, 0.9773, 0.95469, 0.04478, 0.26692, 0.24215, 0.92335, 0.97432, 0.77278, 0.41423, 0.05998, 0.12836, 0.23503, 0.91741, 0.24799, 0.93844, 0.12527, 0.06856, 0.96555, 0.09298, 0.12473, 0.98205, 0.9756, 0.08738, 0.09157, 0.96841, 0.11438, 0.1037, 0.0547, 0.0579, 0.88051, 0.10694, 0.06233, 0.05836, 0.93818, 0.13594, 0.21038, 0.17605, 0.03576, 0.03976, 0.21691, 0.93281, 0.22931, 0.94349, 0.98031, 0.0489, 0.12728, 0.96913, 0.97526, 0.94332, 0.94562, 0.39127, 0.95317, 0.92765, 0.95957, 0.04171, 0.64898, 0.84978, 0.10505, 0.70575, 0.89558, 0.0325, 0.65938, 0.06929, 0.04002, 0.08011, 0.97487, 0.88587, 0.9639, 0.97144, 0.97723, 0.2211, 0.96961, 0.98256, 0.92796, 0.09762, 0.97436, 0.05736, 0.21129, 0.19755, 0.03843, 0.5839, 0.7931, 0.04293, 0.12469, 0.16852, 0.22167, 0.98464, 0.05601, 0.9784, 0.93412, 0.07703, 0.83795, 0.96811, 0.04462, 0.64155, 0.86538, 0.95616, 0.06792, 0.08631, 0.81503, 