{"model": "google/muril-base-cased", "dataset": "dravidian_tamil", "train_config": "supcon", "seed": 99, "thr_cal": 0.45146699398756024, "metrics_05": {"macro": 0.7139368712570816, "toxf1": 0.6059957173447538, "prec": 0.48293515358361777, "rec": 0.8132183908045977, "prauc": 0.6341388336958804, "ece": 0.16982720623413722, "covert": 0.7399103139013453}, "metrics_cal": {"macro": 0.710441761927316, "toxf1": 0.6052356020942409, "prec": 0.47611202635914335, "rec": 0.8304597701149425, "prauc": 0.6341388336958804, "ece": 0.16982720623413722, "covert": 0.7333333333333333}, "probs": [0.11109, 0.02098, 0.02513, 0.03232, 0.92259, 0.03889, 0.01991, 0.01034, 0.03158, 0.04978, 0.17131, 0.91696, 0.0209, 0.01744, 0.03935, 0.18307, 0.95372, 0.17449, 0.0115, 0.91238, 0.07987, 0.0817, 0.07381, 0.10495, 0.02463, 0.81472, 0.96248, 0.05281, 0.0308, 0.01493, 0.01602, 0.91558, 0.04115, 0.0671, 0.04074, 0.88209, 0.07907, 0.82042, 0.0221, 0.82939, 0.16018, 0.10479, 0.58088, 0.48397, 0.81334, 0.93734, 0.02443, 0.06397, 0.51506, 0.03062, 0.01999, 0.3159, 0.07775, 0.14145, 0.24107, 0.94393, 0.94868, 0.90062, 0.94832, 0.24683, 0.02347, 0.02394, 0.9324, 0.20242, 0.03943, 0.02353, 0.06742, 0.49848, 0.95524, 0.69019, 0.75686, 0.72422, 0.05843, 0.05414, 0.94214, 0.86778, 0.87134, 0.92175, 0.10787, 0.09203, 0.9341, 0.85518, 0.41753, 0.01413, 0.17096, 0.0159, 0.09624, 0.1793, 0.03147, 0.95331, 0.02548, 0.89278, 0.02005, 0.49842, 0.8342, 0.56172, 0.81849, 0.02248, 0.04006, 0.19484, 0.76489, 0.01539, 0.67637, 0.0185, 0.69604, 0.85119, 0.03786, 0.02453, 0.01448, 0.36426, 0.92363, 0.10233, 0.93341, 0.05742, 0.51855, 0.27484, 0.04152, 0.15714, 0.05146, 0.01697, 0.02993, 0.01871, 0.01855, 0.11668, 0.47974, 0.02496, 0.94623, 0.08131, 0.0325, 0.08305, 0.03077, 0.19308, 0.94371, 0.05109, 0.9039, 0.93959, 0.13322, 0.01371, 0.05921, 0.9389, 0.84343, 0.03222, 0.95311, 0.95636, 0.3494, 0.29357, 0.02262, 0.9339, 0.92392, 0.0838, 0.9209, 0.07747, 0.76678, 0.10251, 0.94679, 0.11878, 0.014, 0.53122, 0.02534, 0.91872, 0.02405, 0.85295, 0.33717, 0.96404, 0.01639, 0.12463, 0.31203, 0.76624, 0.87589, 0.89127, 0.94052, 0.84435, 0.93328, 0.22766, 0.09398, 0.02873, 0.81405, 0.41158, 0.01461, 0.71085, 0.0381, 0.60613, 0.88086, 0.69765, 0.03047, 0.01817, 0.79827, 0.02152, 0.01687, 0.11468, 0.05439, 0.02856, 0.58181, 0.05441, 0.01338, 0.89094, 0.08715, 0.93463, 0.0123, 0.02125, 0.15617, 0.96242, 0.94945, 0.02417, 0.21588, 0.19264, 0.8827, 0.01758, 0.109, 0.78079, 0.17552, 0.06482, 0.73476, 0.01711, 0.01768, 0.8267, 0.01215, 0.04817, 0.04771, 0.03284, 0.05144, 0.01632, 0.04618, 0.96147, 0.08721, 0.95622, 0.92978, 0.03898, 0.02053, 0.19273, 0.34576, 0.35547, 0.03928, 0.96185, 0.92768, 0.02714, 0.26594, 0.01425, 0.82081, 0.09424, 0.95146, 0.04169, 0.01852, 0.80848, 0.52506, 0.87114, 0.5473, 0.80386, 0.47864, 0.22509, 0.02348, 0.0253, 0.44845, 0.01703, 0.57714, 0.17973, 0.01521, 0.43533, 0.02672, 0.02669, 0.39861, 0.95002, 0.03876, 0.08438, 0.93906, 0.03291, 0.59272, 0.14833, 0.92802, 0.07836, 0.65634, 0.96235, 0.91536, 0.01633, 0.01712, 0.01166, 0.92773, 0.28243, 0.24306, 0.40206, 0.01723, 0.01749, 0.20034, 0.30351, 0.02057, 0.01868, 0.13843, 0.46783, 0.72723, 0.95277, 0.09095, 0.01627, 0.03729, 0.93939, 0.20579, 0.0474, 0.07568, 0.29502, 0.94875, 0.1221, 0.01337, 0.04185, 0.32478, 0.87363, 0.88456, 0.23612, 0.04391, 0.05102, 0.05927, 0.01448, 0.07696, 0.95611, 0.55686, 0.32161, 0.78793, 0.51872, 0.92153, 0.42643, 0.3166, 0.13088, 0.02214, 0.81705, 0.9304, 0.38111, 0.09647, 0.94732, 0.95377, 0.11714, 0.20124, 0.02177, 0.63862, 0.72042, 0.02471, 0.32964, 0.0344, 0.01723, 0.14257, 0.95339, 0.43889, 0.05798, 0.01233, 0.02245, 0.11671, 0.45911, 0.43653, 0.13892, 0.93845, 0.03801, 0.9276, 0.04945, 0.9413, 0.44524, 0.86512, 0.76555, 0.1364, 0.48551, 0.11765, 0.26531, 0.02715, 0.0494, 0.86857, 0.90738, 0.03735, 0.79506, 0.2509, 0.94367, 0.02075, 0.95048, 0.01558, 0.96258, 0.01603, 0.82983, 0.31381, 0.02287, 0.03107, 0.42851, 0.03565, 0.47429, 0.94927, 0.09627, 0.95506, 0.01984, 0.20647, 0.75602, 0.83802, 0.67114, 0.12179, 0.28284, 0.01397, 0.89379, 0.05851, 0.87127, 0.03195, 0.01887, 0.16152, 0.92046, 0.9251, 0.87595, 0.0219, 0.06065, 0.93354, 0.14173, 0.02269, 0.06528, 0.02641, 0.0192, 0.03219, 0.95746, 0.07218, 0.95973, 0.96133, 0.45807, 0.10403, 0.74697, 0.60577, 0.87739, 0.19601, 0.43341, 0.92027, 0.64986, 0.85315, 0.60848, 0.02137, 0.03126, 0.88364, 0.026, 0.09088, 0.20386, 0.94018, 0.21083, 0.05901, 0.94307, 0.88521, 0.93008, 0.20752, 0.02247, 0.06077, 0.51774, 0.05963, 0.02348, 0.82543, 0.02889, 0.96282, 0.91184, 0.19707, 0.94578, 0.85754, 0.03016, 0.17991, 0.26574, 0.03692, 0.91861, 0.90067, 0.04472, 0.01974, 0.91312, 0.70905, 0.75744, 0.02874, 0.24798, 0.01661, 0.02325, 0.87036, 0.01464, 0.01804, 0.91072, 0.01764, 0.10223, 0.93045, 0.53801, 0.01891, 0.04266, 0.39257, 0.10823, 0.22804, 0.06748, 0.0161, 0.94338, 0.95036, 0.9207, 0.36943, 0.02778, 0.33611, 0.91151, 0.01774, 0.95714, 0.95409, 0.10966, 0.01703, 0.57019, 0.01739, 0.93614, 0.13742, 0.03252, 0.92988, 0.04785, 0.55421, 0.01693, 0.16373, 0.92598, 0.29972, 0.77282, 0.20957, 0.12577, 0.85773, 0.05854, 0.03896, 0.03155, 0.94927, 0.13667, 0.01447, 0.0507, 0.02917, 0.16019, 0.02723, 0.58572, 0.31236, 0.08844, 0.73619, 0.80078, 0.96136, 0.12674, 0.10216, 0.22579, 0.93381, 0.07357, 0.04571, 0.24671, 0.25909, 0.53304, 0.2392, 0.18383, 0.96098, 0.93141, 0.71165, 0.01743, 0.28125, 0.02075, 0.01447, 0.04328, 0.72382, 0.24992, 0.37927, 0.03526, 0.05635, 0.94903, 0.0397, 0.78635, 0.02151, 0.04162, 0.01519, 0.01681, 0.29813, 0.47148, 0.61626, 0.75207, 0.17102, 0.91735, 0.30408, 0.95444, 0.93241, 0.55459, 0.67373, 0.70619, 0.02133, 0.12726, 0.95241, 0.93156, 0.01676, 0.95681, 0.08376, 0.79602, 0.06736, 0.05775, 0.88387, 0.64931, 0.24127, 0.03368, 0.91867, 0.02589, 0.82919, 0.84805, 0.07525, 0.56077, 0.12364, 0.08302, 0.26334, 0.02118, 0.94852, 0.94872, 0.02541, 0.95546, 0.92122, 0.93544, 0.16102, 0.01376, 0.02661, 0.05371, 0.02069, 0.81899, 0.02645, 0.95565, 0.95073, 0.91566, 0.0462, 0.35754, 0.16526, 0.07054, 0.80019, 0.83287, 0.41713, 0.91877, 0.87926, 0.13952, 0.25169, 0.03221, 0.33713, 0.03278, 0.35831, 0.9272, 0.02515, 0.06195, 0.92504, 0.02609, 0.81568, 0.05216, 0.09864, 0.01375, 0.95912, 0.03229, 0.08599, 0.31906, 0.06028, 0.91366, 0.4228, 0.41868, 0.87159, 0.02955, 0.95314, 0.47355, 0.02622, 0.8696, 0.92624, 0.57419, 0.26729, 0.02309, 0.65629, 0.89377, 0.95472, 0.94919, 0.02217, 0.80796, 0.92437, 0.69935, 0.05154, 0.26308, 0.01457, 0.93985, 0.95747, 0.07254, 0.9154, 0.44787, 0.08705, 0.0143, 0.19944, 0.7168, 0.06137, 0.11387, 0.57044, 0.53485, 0.9547, 0.03999, 0.91734, 0.50174, 0.0128, 0.65858, 0.01471, 0.94565, 0.05474, 0.96406, 0.26364, 0.33719, 0.92594, 0.03641, 0.15576, 0.05008, 0.45151, 0.91592, 0.07062, 0.34042, 0.31473, 0.03143, 0.06674, 0.66889, 0.16582, 0.02839, 0.05286, 0.90869, 0.04676, 0.77652, 0.65743, 0.02646, 0.70427, 0.95509, 0.05762, 0.8319, 0.02805, 0.13461, 0.05464, 0.0431, 0.01509, 0.06866, 0.80393, 0.01589, 0.94929, 0.34575, 0.95852, 0.02028, 0.95346, 0.02276, 0.9617, 0.55214, 0.93467, 0.10467, 0.06326, 0.01376, 0.2294, 0.29777, 0.83009, 0.25093, 0.01441, 0.04594, 0.9515, 0.14509, 0.95449, 0.03471, 0.30085, 0.02412, 0.11455, 0.01976, 0.02439, 0.0814, 0.96409, 0.94911, 0.06397, 0.30402, 0.14106, 0.03269, 0.89688, 0.89404, 0.03455, 0.02641, 0.94881, 0.53852, 0.07646, 0.01918, 0.93103, 0.31217, 0.023, 0.06146, 0.19107, 0.90714, 0.04025, 0.01594, 0.1237, 0.01804, 0.92813, 0.18785, 0.94557, 0.91809, 0.95463, 0.01584, 0.88496, 0.08778, 0.25027, 0.71216, 0.18771, 0.9528, 0.01499, 0.01858, 0.90978, 0.87384, 0.17705, 0.01856, 0.07223, 0.73245, 0.61414, 0.02112, 0.79828, 0.95806, 0.11413, 0.78952, 0.95636, 0.01902, 0.0183, 0.9129, 0.18998, 0.05369, 0.09625, 0.7303, 0.0159, 0.24896, 0.01568, 0.71971, 0.1485, 0.78468, 0.21311, 0.80246, 0.43906, 0.14838, 0.93248, 0.94248, 0.96165, 0.68655, 0.01825, 0.01602, 0.56354, 0.04113, 0.17719, 0.13433, 0.95152, 0.94661, 0.22022, 0.05866, 0.93973, 0.66997, 0.08846, 0.062, 0.92185, 0.20234, 0.03707, 0.03826, 