{"model": "google/muril-base-cased", "dataset": "dravidian_tamil", "train_config": "supcon", "seed": 123, "thr_cal": 0.06268815696239466, "metrics_05": {"macro": 0.7575537639236285, "toxf1": 0.6287339971550497, "prec": 0.6225352112676056, "rec": 0.6350574712643678, "prauc": 0.6467484177059307, "ece": 0.0825912813146909, "covert": 0.7055702917771883}, "metrics_cal": {"macro": 0.6723902874738499, "toxf1": 0.5727969348659003, "prec": 0.4295977011494253, "rec": 0.8591954022988506, "prauc": 0.6467484177059307, "ece": 0.0825912813146909, "covert": 0.7076923076923077}, "probs": [0.06945, 0.02011, 0.01701, 0.01, 0.47561, 0.01755, 0.01103, 0.00959, 0.01571, 0.01232, 0.04695, 0.05202, 0.01563, 0.01576, 0.01417, 0.04446, 0.94074, 0.02387, 0.01264, 0.05238, 0.01517, 0.01417, 0.01596, 0.03712, 0.01183, 0.69679, 0.94836, 0.01094, 0.01534, 0.00885, 0.01271, 0.13663, 0.02679, 0.0181, 0.01603, 0.8942, 0.02207, 0.04221, 0.01782, 0.08146, 0.03892, 0.01795, 0.29034, 0.06847, 0.12296, 0.92195, 0.01731, 0.01916, 0.31647, 0.02015, 0.01653, 0.02573, 0.08777, 0.05678, 0.02216, 0.5538, 0.03156, 0.22359, 0.61572, 0.05866, 0.02134, 0.01353, 0.51852, 0.1499, 0.02243, 0.02462, 0.01718, 0.1938, 0.61872, 0.2559, 0.83617, 0.64942, 0.01985, 0.03068, 0.76842, 0.71822, 0.67508, 0.93593, 0.02881, 0.03092, 0.86143, 0.47704, 0.05933, 0.01339, 0.01599, 0.01102, 0.01449, 0.01531, 0.01191, 0.88182, 0.01297, 0.84923, 0.01087, 0.17856, 0.04833, 0.0438, 0.31724, 0.01091, 0.01518, 0.01042, 0.42551, 0.01408, 0.00929, 0.01693, 0.18702, 0.6992, 0.02001, 0.01555, 0.01042, 0.34268, 0.06622, 0.03353, 0.80967, 0.1282, 0.27342, 0.02171, 0.04575, 0.05705, 0.01857, 0.01364, 0.0232, 0.0112, 0.02038, 0.04886, 0.33265, 0.01354, 0.87971, 0.11326, 0.01582, 0.01237, 0.01415, 0.09026, 0.34804, 0.02986, 0.86263, 0.02271, 0.04507, 0.01141, 0.03664, 0.91755, 0.43136, 0.0109, 0.51538, 0.93894, 0.13463, 0.01936, 0.01017, 0.02214, 0.36027, 0.05967, 0.89772, 0.01764, 0.50173, 0.03358, 0.75013, 0.04128, 0.01182, 0.0479, 0.01215, 0.89031, 0.02595, 0.38085, 0.02464, 0.94983, 0.00964, 0.0381, 0.14094, 0.04518, 0.62558, 0.6154, 0.89614, 0.40615, 0.3457, 0.11902, 0.03253, 0.00987, 0.25971, 0.11342, 0.01368, 0.05109, 0.01707, 0.7384, 0.04891, 0.9155, 0.01784, 0.01407, 0.47809, 0.01038, 0.01474, 0.35137, 0.04185, 0.0128, 0.25219, 0.0242, 0.01234, 0.59272, 0.01198, 0.82734, 0.00893, 0.01779, 0.21785, 0.95211, 0.75891, 0.01357, 0.04008, 0.02732, 0.58597, 0.01357, 0.02323, 0.18516, 0.04301, 0.03449, 0.16981, 0.01038, 0.01522, 0.69761, 0.01049, 0.02063, 0.0256, 0.02544, 0.01299, 0.01136, 0.01163, 0.95386, 0.02828, 0.95156, 0.84047, 0.084, 0.01682, 0.02096, 0.04213, 0.12792, 0.0128, 0.93732, 0.51215, 0.02475, 0.18991, 0.013, 0.49678, 0.01725, 0.93716, 0.03582, 0.00871, 0.33176, 0.47657, 0.42659, 0.02362, 0.9196, 0.03197, 0.03819, 0.01886, 0.01361, 0.0459, 0.01401, 0.2584, 0.02479, 0.01186, 0.36039, 0.02521, 0.01067, 0.02742, 0.9226, 0.02612, 0.02241, 0.58535, 0.02191, 0.04256, 0.0491, 0.8474, 0.01495, 0.16205, 0.95135, 0.85696, 0.01299, 0.01331, 0.0081, 0.89951, 0.73217, 0.01868, 0.07141, 0.01541, 0.011, 0.04019, 0.01618, 0.01695, 0.01162, 0.07722, 0.07465, 0.05105, 0.89448, 0.01398, 0.01621, 0.0148, 0.91919, 0.04497, 0.06733, 0.01821, 0.24641, 0.94987, 0.24052, 0.01467, 0.01239, 0.01333, 0.85087, 0.81374, 0.18758, 0.04245, 0.0372, 0.03136, 0.01236, 0.01647, 0.91868, 0.02718, 0.08399, 0.07643, 0.03598, 0.89093, 0.09012, 0.02345, 0.04883, 0.01044, 0.46635, 0.8721, 0.17148, 0.0144, 0.93162, 0.88469, 0.07248, 0.01831, 0.0103, 0.01725, 0.18647, 0.02574, 0.34644, 0.01565, 0.00909, 0.13178, 0.88132, 0.02085, 0.03784, 0.0105, 0.01483, 0.06767, 0.48093, 0.07737, 0.06181, 0.03896, 0.03519, 0.02878, 0.01285, 0.77549, 0.20901, 0.22574, 0.72527, 0.10618, 0.1652, 0.21137, 0.1607, 0.013, 0.01873, 0.19116, 0.19723, 0.02083, 0.03301, 0.03314, 0.74341, 0.0121, 0.91479, 0.01389, 0.95202, 0.01203, 0.56196, 0.18832, 0.01922, 0.02156, 0.15952, 0.01005, 0.07118, 0.93411, 0.02144, 0.53026, 0.01059, 0.2025, 0.68681, 0.10184, 0.21063, 0.01717, 0.45496, 0.00931, 0.22488, 0.07961, 0.03498, 0.01389, 0.01325, 0.06745, 0.84495, 0.81556, 0.89521, 0.01058, 0.03692, 0.6679, 0.10265, 0.01173, 0.05664, 0.02144, 0.02134, 0.01558, 0.92555, 0.05971, 0.9439, 0.94946, 0.02284, 0.0205, 0.53165, 0.56762, 0.92025, 0.0637, 0.01723, 0.14041, 0.84205, 0.27216, 0.3535, 0.01226, 0.04896, 0.85996, 0.0187, 0.0141, 0.02621, 0.76432, 0.20217, 0.04484, 0.82318, 0.28902, 0.85241, 0.0738, 0.02153, 0.01986, 0.28242, 0.01591, 0.03029, 0.87772, 0.02084, 0.95482, 0.19166, 0.02459, 0.91377, 0.4943, 0.01464, 0.3502, 0.19034, 0.04693, 0.88831, 0.10266, 0.01409, 0.01473, 0.86283, 0.25191, 0.27248, 0.01377, 0.09467, 0.01319, 0.0154, 0.19137, 0.0135, 0.01357, 0.92351, 0.01352, 0.04218, 0.92058, 0.05351, 0.01079, 0.02728, 0.22492, 0.03813, 0.22895, 0.04078, 0.01455, 0.90436, 0.90959, 0.37691, 0.20805, 0.01055, 0.0283, 0.8249, 0.01094, 0.94249, 0.92478, 0.01066, 0.01453, 0.70967, 0.01993, 0.86233, 0.10065, 0.01754, 0.85292, 0.02279, 0.12771, 0.00943, 0.03602, 0.90226, 0.10445, 0.08006, 0.01577, 0.27039, 0.75473, 0.01709, 0.02611, 0.01173, 0.92108, 0.02111, 0.01197, 0.02704, 0.01161, 0.08283, 0.01792, 0.59411, 0.32023, 0.07546, 0.14371, 0.27771, 0.92618, 0.03985, 0.01065, 0.19544, 0.84855, 0.01274, 0.03526, 0.02294, 0.0465, 0.02712, 0.05618, 0.03215, 0.93826, 0.4989, 0.03093, 0.01396, 0.03394, 0.01081, 0.01341, 0.02895, 0.76655, 0.0216, 0.0262, 0.01553, 0.03211, 0.92307, 0.02561, 0.0344, 0.01414, 0.00936, 0.01014, 0.01365, 0.10859, 0.02796, 0.03342, 0.1063, 0.02551, 0.34701, 0.19576, 0.87136, 0.87555, 0.25628, 0.42147, 0.23917, 0.02214, 0.02873, 0.10969, 0.83372, 0.01264, 0.92588, 0.04955, 0.40347, 0.02716, 0.01339, 0.0491, 0.22039, 0.04449, 0.01341, 0.31929, 0.01563, 0.09301, 0.70747, 0.03163, 0.19473, 0.24646, 0.17924, 0.05381, 0.01707, 0.92044, 0.9414, 0.01925, 0.94294, 0.10629, 0.91832, 0.01183, 0.01195, 0.01857, 0.02153, 0.00964, 0.16139, 0.01231, 0.90846, 0.61751, 0.03722, 0.02274, 0.23783, 0.01544, 0.09575, 0.09698, 0.52168, 0.04, 0.88987, 0.04117, 0.02065, 0.05651, 0.05721, 0.06044, 0.09829, 0.24175, 0.81295, 0.01556, 0.02583, 0.91672, 0.03528, 0.53024, 0.02543, 0.01755, 0.01075, 0.91874, 0.01353, 0.02901, 0.09596, 0.03713, 0.10015, 0.01929, 0.38508, 0.88369, 0.0176, 0.93814, 0.16781, 0.01545, 0.03884, 0.36447, 0.27722, 0.1268, 0.01335, 0.34688, 0.49163, 0.14285, 0.93516, 0.02085, 0.6391, 0.06795, 0.04187, 0.01424, 0.02427, 0.01346, 0.91699, 0.88046, 0.28419, 0.6333, 0.09795, 0.01465, 0.01274, 0.14924, 0.0223, 0.02675, 0.0566, 0.20351, 0.01387, 0.8735, 0.01918, 0.86092, 0.66299, 0.01082, 0.02079, 0.01142, 0.08894, 0.00985, 0.95075, 0.03933, 0.01917, 0.76868, 0.01182, 0.11796, 0.02259, 0.04805, 0.89309, 0.03386, 0.38194, 0.02359, 0.01518, 0.01643, 0.39983, 0.46632, 0.01503, 0.02465, 0.02133, 0.01834, 0.09897, 0.25212, 0.02103, 0.55652, 0.91388, 0.02413, 0.05707, 0.04547, 0.02344, 0.02049, 0.03992, 0.01328, 0.01006, 0.01584, 0.01309, 0.91214, 0.58457, 0.91154, 0.0131, 0.92614, 0.01009, 0.93639, 0.08496, 0.02542, 0.03566, 0.04594, 0.01327, 0.27182, 0.24742, 0.02585, 0.02677, 0.01346, 0.09703, 0.92252, 0.10667, 0.69129, 0.02602, 0.02839, 0.01101, 0.09301, 0.01083, 0.00958, 0.03302, 0.94343, 0.83299, 0.03276, 0.18526, 0.04214, 0.01196, 0.09615, 0.75981, 0.02099, 0.01907, 0.86241, 0.18507, 0.01642, 0.01522, 0.81705, 0.06083, 0.0199, 0.01391, 0.11244, 0.7868, 0.01652, 0.01563, 0.13687, 0.01248, 0.8889, 0.04748, 0.75748, 0.01536, 0.91114, 0.01283, 0.12456, 0.02386, 0.32364, 0.86901, 0.03041, 0.90733, 0.00954, 0.011, 0.31384, 0.72449, 0.35019, 0.01186, 0.04434, 0.17432, 0.19955, 0.01291, 0.07047, 0.92622, 0.03284, 0.44676, 0.88132, 0.01707, 0.01298, 0.89797, 0.1949, 0.01131, 0.01667, 0.05471, 0.01263, 0.0405, 0.01137, 0.8021, 0.39409, 0.257, 0.25383, 0.20725, 0.01909, 0.2548, 0.04311, 0.9119, 0.9181, 0.02571, 0.01477, 0.01704, 0.10945, 0.04191, 0.04694, 0.02421, 0.9224, 0.89875, 0.03307, 0.12364, 0.91159, 0.47168, 0.01217, 0.06964, 0.73717, 0.26838, 0.01495, 0.01257, 0.64265, 0.03463, 0.87365, 