{"model": "google/muril-base-cased", "dataset": "dravidian_kannada", "train_config": "hardneg", "seed": 42, "thr_cal": 0.3058897763490671, "metrics_05": {"macro": 0.7643330197207003, "toxf1": 0.6561514195583596, "prec": 0.6624203821656051, "rec": 0.65, "prauc": 0.7334880728365962, "ece": 0.09551444891268077, "covert": 0.8780487804878049}, "metrics_cal": {"macro": 0.7572323334456803, "toxf1": 0.6569767441860465, "prec": 0.6141304347826086, "rec": 0.70625, "prauc": 0.7334880728365962, "ece": 0.09551444891268077, "covert": 0.8690476190476191}, "probs": [0.05222, 0.39188, 0.73192, 0.05445, 0.04929, 0.08777, 0.16232, 0.0274, 0.05654, 0.01924, 0.06575, 0.03363, 0.02184, 0.05891, 0.90606, 0.01957, 0.03949, 0.92828, 0.02637, 0.70543, 0.10866, 0.04182, 0.87247, 0.2103, 0.98542, 0.21126, 0.98399, 0.63264, 0.2875, 0.15505, 0.98637, 0.17021, 0.03379, 0.05999, 0.87343, 0.0205, 0.02861, 0.02585, 0.34761, 0.02217, 0.04295, 0.01717, 0.97857, 0.15593, 0.05949, 0.04708, 0.07256, 0.02776, 0.03607, 0.06687, 0.90438, 0.03399, 0.0182, 0.59908, 0.02442, 0.17125, 0.01883, 0.06812, 0.11023, 0.44388, 0.02793, 0.03092, 0.03776, 0.3071, 0.02143, 0.0575, 0.01997, 0.03296, 0.27206, 0.98037, 0.29983, 0.0206, 0.19896, 0.4471, 0.20156, 0.96397, 0.02433, 0.04743, 0.29036, 0.96034, 0.02429, 0.94959, 0.0685, 0.5872, 0.10444, 0.01707, 0.87192, 0.01473, 0.20408, 0.02175, 0.02034, 0.03025, 0.02769, 0.50427, 0.02, 0.06427, 0.03142, 0.0257, 0.05246, 0.03508, 0.01648, 0.96735, 0.0835, 0.90054, 0.08994, 0.03767, 0.97387, 0.01882, 0.02325, 0.17367, 0.27901, 0.09618, 0.01821, 0.02795, 0.02052, 0.02001, 0.03379, 0.03745, 0.34177, 0.97463, 0.05771, 0.03484, 0.13795, 0.10662, 0.20334, 0.19415, 0.07256, 0.78212, 0.02666, 0.20828, 0.96492, 0.02844, 0.02604, 0.9079, 0.97072, 0.03514, 0.01757, 0.98322, 0.03012, 0.63462, 0.02385, 0.03049, 0.25385, 0.97144, 0.97953, 0.5143, 0.63483, 0.95949, 0.21004, 0.12247, 0.01853, 0.04027, 0.87212, 0.15102, 0.05202, 0.79328, 0.0215, 0.40088, 0.06714, 0.53928, 0.03534, 0.18645, 0.01801, 0.04359, 0.05672, 0.02723, 0.0528, 0.0252, 0.02177, 0.89344, 0.03072, 0.97848, 0.03043, 0.04216, 0.97396, 0.02278, 0.07256, 0.06261, 0.03674, 0.8726, 0.01693, 0.0305, 0.07256, 0.84129, 0.61235, 0.07419, 0.91309, 0.02198, 0.02682, 0.04237, 0.89795, 0.9783, 0.02161, 0.07256, 0.34711, 0.97867, 0.035, 0.26835, 0.13167, 0.03382, 0.05541, 0.02702, 0.03237, 0.17991, 0.05541, 0.10713, 0.97766, 0.03802, 0.97365, 0.02492, 0.95641, 0.97184, 0.05937, 0.04427, 0.03297, 0.03092, 0.8495, 0.02237, 0.0251, 0.02089, 0.01666, 0.05731, 0.01832, 0.14688, 0.50228, 0.04238, 0.02756, 0.04349, 0.01906, 0.17218, 0.02397, 0.15257, 0.02335, 0.14256, 0.10332, 0.56062, 0.98554, 0.01945, 0.02932, 0.01496, 0.02799, 0.07256, 0.0468, 0.98414, 0.95672, 0.03204, 0.02154, 0.17171, 0.05647, 0.2527, 0.41061, 0.02479, 0.02108, 0.05061, 0.01815, 0.02688, 0.19349, 0.89335, 0.68359, 0.03186, 0.17821, 0.08994, 0.76867, 0.79536, 0.02779, 0.01486, 0.07256, 0.02199, 0.01837, 0.02616, 0.02533, 0.02204, 0.2609, 0.24488, 0.0539, 0.08512, 0.92576, 0.01847, 0.97171, 0.87532, 0.03052, 0.94767, 0.97661, 0.09481, 0.13869, 0.26534, 0.01859, 0.29306, 0.04101, 0.02849, 0.70837, 0.01913, 0.07536, 0.02424, 0.03293, 0.07256, 0.20573, 0.66363, 0.04145, 0.03018, 0.02243, 0.03053, 0.03028, 0.96903, 0.02653, 0.02058, 0.02985, 0.07256, 0.0317, 0.02628, 0.06418, 0.04348, 0.02614, 0.0406, 0.95324, 0.49333, 0.01835, 0.91938, 0.83614, 0.12741, 0.11875, 0.82618, 0.03007, 0.06202, 0.98075, 0.02117, 0.88451, 0.05444, 0.45856, 0.96143, 0.02473, 0.5427, 0.06017, 0.17341, 0.04133, 0.03599, 0.03235, 0.04463, 0.02919, 0.02389, 0.10027, 0.02567, 0.46446, 0.26338, 0.69852, 0.04211, 0.98279, 0.96736, 0.07256, 0.10088, 0.024, 0.02596, 0.802, 0.94329, 0.16293, 0.30873, 0.43348, 0.92512, 0.02277, 0.02355, 0.46738, 0.03654, 0.0501, 0.33998, 0.06291, 0.02111, 0.96261, 0.01644, 0.01535, 0.47553, 0.98596, 0.02255, 0.02121, 0.07256, 0.03423, 0.05007, 0.02669, 0.94947, 0.96123, 0.05216, 0.95919, 0.16957, 0.03366, 0.76421, 0.43729, 0.08971, 0.02041, 0.0327, 0.03072, 0.95962, 0.05405, 0.05493, 0.02031, 0.01891, 0.04934, 0.02231, 0.40653, 0.04754, 0.04584, 0.97726, 0.23492, 0.03674, 0.3822, 0.7973, 0.02216, 0.03047, 0.1327, 0.98688, 0.02062, 0.11583, 0.06621, 0.03167, 0.72365, 0.03204, 0.17188, 0.2812, 0.02115, 0.01932, 0.03226, 0.02767, 0.03361, 0.11937, 0.96277, 0.02228, 0.95601, 0.3221, 0.21319, 0.97349, 0.98533, 0.01962, 0.01635, 0.03612, 0.03215, 0.3036, 0.02717, 0.97855, 0.92374, 0.02423, 0.85554, 0.02523, 0.08706, 0.93331, 0.01693, 0.03254, 0.97261, 0.9821, 0.01854, 0.95504, 0.87705, 0.17793, 0.04711, 0.03852, 0.02214, 0.0206, 0.12226, 0.22601, 0.7982, 0.0211, 0.02597, 0.04243, 0.03334, 0.0208, 0.05009, 0.02492, 0.01969, 0.0317, 0.02189, 0.95513, 0.03847, 0.95833, 0.78648, 0.02353, 0.96585, 0.03044, 0.91212, 0.01829, 0.42316, 0.96957, 0.95088, 0.02587, 0.98084, 0.90083, 0.02749, 0.03314, 0.98154, 0.17273, 0.96431, 0.83162, 0.05893, 0.02855, 0.02515, 0.43806, 0.87108, 0.97841, 0.02393, 0.78812, 0.97232, 0.08837, 0.96757, 0.05862, 0.02206, 0.02554, 0.03569, 0.02591, 0.0392, 0.60675, 0.02343, 0.02983, 0.02683, 0.96475, 0.01862, 0.96429, 0.03569, 0.01623, 0.0297, 0.76588, 0.15477, 0.72829, 0.0206, 0.74377, 0.01753, 0.74092, 0.88096, 0.01723, 0.10978, 0.84241, 0.07256, 0.22233, 0.04322, 0.03299, 0.04625, 0.75971, 0.3752, 0.02026, 0.34845, 0.07256, 0.91686, 0.16932, 0.89107, 0.76789, 0.6806, 0.58941, 0.55045, 0.96109, 0.0293, 0.06812, 0.14513, 0.90022, 0.3928, 0.19163, 0.97825, 0.02697, 0.04457, 0.03015, 0.01751, 0.98379, 0.02046, 0.94696, 0.94766, 0.06982, 0.01758, 0.03432, 0.03465, 0.93567, 0.77935, 0.85549, 0.94764, 0.02517, 0.26273, 0.1739, 0.97938, 0.89502, 0.64809, 0.89786, 0.05547, 0.02791, 0.04626, 0.02322, 0.01973, 0.24435, 0.27133, 0.01949, 0.43431, 0.65443, 0.01815, 0.82109], "labels": [0, 0, 0, 0, 0, 0, 0, 0, 0, 0, 0, 0, 0, 0, 1, 0, 0, 1, 0, 0, 0, 0, 0, 1, 1, 1, 1, 1, 1, 0, 1, 0, 1, 1, 1, 0, 1, 0, 0, 1, 0, 0, 1, 0, 0, 0, 0, 0, 0, 1, 0, 0, 0, 1, 0, 0, 0, 0, 1, 0, 0, 0, 0, 1, 0, 0, 0, 0, 1, 1, 1, 0, 0, 0, 0, 1, 0, 0, 0, 1, 0, 1, 1, 0, 0, 0, 1, 0, 1, 0, 0, 0, 0, 0, 0, 0, 0, 1, 0, 0, 0, 1, 0, 1, 0, 0, 1, 0, 0, 0, 0, 0, 0, 0, 0, 0, 0, 0, 1, 0, 0, 0, 1, 1, 0, 0, 0, 0, 0, 0, 0, 0, 0, 1, 1, 0, 0, 1, 0, 0, 0, 0, 1, 1, 1, 0, 0, 0, 1, 0, 0, 0, 0, 0, 0, 1, 0, 0, 0, 1, 1, 1, 0, 1, 0, 0, 0, 0, 0, 0, 0, 1, 0, 0, 1, 0, 0, 0, 0, 0, 0, 0, 0, 0, 1, 0, 0, 0, 0, 0, 0, 1, 0, 1, 0, 1, 1, 0, 0, 0, 0, 0, 0, 0, 1, 1, 0, 0, 1, 0, 1, 0, 1, 0, 0, 0, 1, 0, 0, 0, 1, 0, 0, 0, 1, 0, 0, 0, 0, 0, 0, 0, 0, 0, 0, 1, 1, 0, 0, 0, 0, 0, 0, 1, 1, 0, 0, 0, 0, 0, 0, 0, 0, 1, 0, 0, 0, 0, 1, 0, 1, 0, 0, 0, 0, 0, 0, 0, 0, 0, 0, 0, 0, 1, 0, 0, 0, 0, 1, 1, 0, 1, 1, 0, 0, 1, 0, 1, 0, 0, 1, 0, 0, 1, 0, 0, 0, 1, 0, 0, 0, 0, 0, 0, 0, 0, 0, 1, 0, 0, 0, 0, 0, 0, 1, 1, 0, 0, 0, 0, 1, 1, 0, 0, 1, 0, 1, 0, 1, 1, 0, 0, 0, 0, 0, 0, 0, 1, 0, 0, 0, 0, 0, 0, 0, 0, 1, 0, 0, 0, 0, 0, 1, 0, 0, 1, 0, 1, 0, 0, 1, 0, 0, 0, 0, 0, 1, 0, 0, 1, 1, 0, 0, 0, 0, 0, 0, 1, 1, 0, 1, 0, 0, 1, 1, 1, 0, 0, 1, 1, 0, 0, 0, 0, 0, 0, 0, 0, 0, 1, 1, 1, 0, 1, 0, 0, 0, 1, 0, 0, 0, 0, 0, 0, 0, 0, 0, 1, 0, 1, 0, 0, 1, 0, 0, 0, 1, 1, 1, 0, 0, 0, 0, 0, 0, 1, 1, 0, 1, 0, 0, 0, 0, 0, 1, 1, 0, 1, 0, 1, 0, 0, 0, 0, 0, 0, 0, 0, 0, 0, 0, 0, 0, 0, 0, 0, 0, 1, 0, 1, 0, 0, 1, 1, 1, 0, 0, 1, 0, 0, 1, 1, 0, 0, 1, 0, 1, 1, 0, 0, 0, 0, 1, 1, 0, 1, 0, 0, 1, 0, 0, 0, 0, 0, 0, 0, 0, 0, 0, 1, 0, 1, 0, 0, 0, 1, 0, 1, 0, 0, 0, 1, 0, 0, 0, 0, 0, 0, 0, 0, 0, 0, 0, 0, 1, 0, 0, 1, 1, 1, 0, 0, 0, 1, 0, 0, 0, 1, 0, 1, 1, 0, 0, 0, 0, 1, 0, 0, 0, 0, 0, 0, 0, 1, 1, 1, 1, 0, 0, 0, 1, 1, 0, 0, 0, 0, 0, 0, 0, 0, 0, 0, 0, 1, 0, 1], "n": {"train": 3400, "val": 600, "test": 586, "toxic_frac": 0.23911764705882352}}