{"model": "google/muril-base-cased", "dataset": "hatexplain", "train_config": "supcon", "seed": 7, "thr_cal": 0.23966430798172939, "metrics_05": {"macro": 0.7425612492539739, "toxf1": 0.782206816868862, "prec": 0.8276283618581907, "rec": 0.7415115005476451, "prauc": 0.8822084597375013, "ece": 0.11263250738382337, "covert": 0.8902027027027027}, "metrics_cal": {"macro": 0.7400727986065054, "toxf1": 0.805747738158595, "prec": 0.7836438923395446, "rec": 0.8291347207009858, "prauc": 0.8822084597375013, "ece": 0.11263250738382337, "covert": 0.901294498381877}, "probs": [0.18003, 0.08208, 0.03826, 0.88625, 0.08417, 0.67332, 0.97363, 0.08802, 0.51353, 0.03569, 0.06623, 0.09789, 0.07228, 0.07601, 0.19716, 0.07925, 0.0737, 0.05847, 0.98521, 0.07105, 0.40239, 0.59062, 0.04536, 0.30889, 0.84868, 0.97307, 0.96156, 0.10029, 0.05548, 0.44832, 0.91429, 0.21994, 0.75756, 0.89517, 0.98078, 0.03773, 0.14364, 0.24544, 0.81874, 0.05987, 0.95914, 0.90823, 0.28209, 0.15932, 0.24209, 0.09829, 0.03679, 0.97365, 0.97145, 0.6292, 0.04303, 0.26537, 0.98316, 0.27701, 0.14201, 0.96544, 0.26043, 0.04428, 0.42716, 0.82676, 0.05155, 0.95534, 0.9698, 0.66607, 0.97363, 0.24639, 0.975, 0.73632, 0.69383, 0.90705, 0.23465, 0.97079, 0.29047, 0.94084, 0.04087, 0.1343, 0.94307, 0.96121, 0.38863, 0.93455, 0.89118, 0.33507, 0.94553, 0.05771, 0.31964, 0.87188, 0.98415, 0.09058, 0.32071, 0.92296, 0.03121, 0.97298, 0.75126, 0.75293, 0.96265, 0.06163, 0.64562, 0.2387, 0.46808, 0.97972, 0.04931, 0.9189, 0.97164, 0.9367, 0.06176, 0.74943, 0.80647, 0.88759, 0.9655, 0.16347, 0.02927, 0.09572, 0.16337, 0.20845, 0.14967, 0.53149, 0.47471, 0.89787, 0.96824, 0.91497, 0.34204, 0.09313, 0.04593, 0.96849, 0.51655, 0.08074, 0.13739, 0.12812, 0.09337, 0.93751, 0.23548, 0.96517, 0.08013, 0.79549, 0.70806, 0.31933, 0.47591, 0.95871, 0.96621, 0.07626, 0.08566, 0.98215, 0.71454, 0.98325, 0.83134, 0.1054, 0.97177, 0.16016, 0.58868, 0.5266, 0.85754, 0.13946, 0.93889, 0.17114, 0.94966, 0.93255, 0.72827, 0.88703, 0.03959, 0.91649, 0.13995, 0.79864, 0.78135, 0.81294, 0.657, 0.45273, 0.95181, 0.07275, 0.93204, 0.80248, 0.17646, 0.30887, 0.10473, 0.57984, 0.91288, 0.30262, 0.10548, 0.12518, 0.97963, 0.0944, 0.97913, 0.08192, 0.05144, 0.18853, 0.97948, 0.08381, 0.97992, 0.53475, 0.90053, 0.98343, 0.69808, 0.97573, 0.96368, 0.97614, 0.96321, 0.93092, 0.95074, 0.77723, 0.96572, 0.04469, 0.96323, 0.06734, 0.06068, 0.06221, 0.51027, 0.2957, 0.18202, 0.49069, 0.49536, 0.06617, 0.04683, 0.03844, 0.89361, 0.87716, 0.41019, 0.12493, 0.03332, 0.0615, 0.97801, 0.44182, 0.42762, 0.2359, 0.55018, 0.98202, 0.03814, 0.97867, 0.91814, 0.15483, 0.33551, 0.94654, 0.95755, 0.55623, 0.88103, 0.77226, 0.96958, 0.46876, 0.69361, 0.82775, 0.97822, 0.75585, 0.07214, 0.72964, 0.38191, 0.95645, 0.83127, 0.71317, 0.12834, 0.04295, 0.05743, 0.09323, 0.85916, 0.97542, 0.50402, 0.93788, 0.12226, 0.95623, 0.932, 0.10238, 0.07009, 0.95662, 0.73786, 0.97865, 0.13873, 0.88434, 0.60361, 0.12703, 0.91208, 0.03786, 0.07161, 0.12426, 0.62372, 0.14257, 0.03783, 0.81899, 0.08001, 0.09123, 0.94649, 0.97366, 0.91812, 0.97877, 0.97758, 0.97482, 0.93194, 0.97762, 0.92481, 0.4226, 0.2536, 0.16072, 0.02539, 0.08778, 0.06546, 0.09337, 0.05567, 0.224, 0.97454, 0.05311, 0.38748, 0.03621, 0.96723, 0.05503, 0.96084, 0.05765, 0.31429, 0.98637, 0.95517, 0.22648, 0.74275, 0.91264, 0.03059, 0.06174, 0.91126, 0.09253, 0.95383, 0.61952, 0.21342, 0.4505, 0.96704, 0.04827, 0.93617, 0.98036, 0.56764, 0.0454, 0.91919, 0.96588, 0.05986, 0.94926, 0.10034, 0.17567, 0.82863, 0.9308, 0.81947, 0.97853, 0.83057, 0.9667, 0.9475, 0.05872, 0.8786, 0.98463, 0.96278, 0.11812, 0.89029, 0.94548, 0.25419, 0.81379, 0.08586, 0.80744, 0.0339, 0.25517, 0.25846, 0.54641, 0.05456, 0.90632, 0.147, 0.94742, 0.61384, 0.98087, 0.04742, 0.91084, 0.96273, 0.95097, 0.05746, 0.88286, 0.98077, 0.02276, 0.98065, 0.14094, 0.98488, 0.97728, 0.79147, 0.85329, 0.09249, 0.70189, 0.9346, 0.97043, 0.72761, 0.87993, 0.07706, 0.73994, 0.90998, 0.98071, 0.935, 0.93227, 0.05296, 0.98186, 0.05088, 0.10921, 0.22419, 0.03414, 0.88614, 0.97613, 0.95174, 0.25453, 0.21055, 0.32464, 0.97202, 0.97566, 0.12302, 0.6889, 0.9565, 0.20824, 0.52553, 0.07059, 0.87113, 0.43638, 0.26481, 0.89493, 0.85454, 0.88336, 0.12207, 0.02339, 0.78428, 0.0935, 0.19554, 0.05408, 0.29546, 0.97392, 0.04694, 0.95732, 0.97229, 0.20105, 0.92346, 0.58842, 0.80133, 0.80565, 0.14923, 0.08468, 0.73343, 0.73502, 0.8495, 0.55009, 0.04844, 0.04857, 0.25687, 0.07683, 0.31931, 0.96331, 0.61604, 0.67277, 0.60094, 0.07524, 0.9801, 0.2035, 0.77012, 0.63769, 0.12296, 0.97417, 0.94734, 0.90558, 0.05182, 0.90538, 0.3188, 0.14783, 0.06528, 0.71914, 0.30274, 0.07152, 0.66259, 0.06714, 0.97784, 0.1857, 0.0888, 0.93861, 0.97547, 0.89875, 0.06656, 0.31464, 0.59111, 0.8976, 0.97865, 0.11494, 0.04917, 0.1558, 0.73522, 0.07411, 0.97883, 0.06851, 0.79944, 0.08038, 0.9567, 0.4681, 0.63985, 0.48921, 0.04241, 0.95837, 0.08633, 0.57044, 0.1167, 0.78369, 0.60654, 0.96808, 0.97295, 0.96142, 0.97324, 0.19231, 0.20914, 0.04633, 0.04829, 0.77605, 0.92076, 0.87864, 0.97861, 0.05606, 0.05933, 0.03371, 0.96164, 0.98486, 0.92146, 0.11746, 0.11228, 0.89973, 0.12237, 0.12313, 0.93516, 0.05894, 0.12865, 0.5418, 0.96502, 0.17205, 0.87505, 0.07107, 0.08803, 0.4409, 0.97579, 0.6797, 0.55762, 0.96249, 0.97685, 0.05816, 0.95498, 0.65106, 0.53623, 0.55369, 0.03369, 0.08168, 0.9656, 0.75641, 0.45369, 0.04513, 0.66962, 0.9802, 0.12136, 0.40459, 0.96637, 0.08578, 0.15324, 0.29148, 0.77166, 0.68571, 0.84522, 0.92428, 0.44032, 0.14401, 0.98617, 0.97155, 0.03977, 0.9473, 0.93082, 0.91644, 0.8848, 0.04551, 0.04698, 0.2088, 0.0896, 0.88386, 0.94067, 0.04003, 0.96368, 0.02591, 0.96964, 0.77943, 0.96804, 0.97723, 0.80784, 0.9454, 0.37624, 0.93249, 0.40343, 0.64534, 0.47536, 0.98329, 0.10051, 0.29771, 0.94661, 0.96788, 0.78028, 0.75349, 0.03776, 0.41149, 0.9778, 0.0388, 0.97284, 0.04486, 0.3585, 0.05946, 0.05806, 0.9655, 0.95341, 0.0841, 0.38845, 0.57792, 0.84693, 0.72865, 0.09293, 0.25661, 0.68293, 0.06708, 0.15737, 0.57318, 0.16969, 0.9713, 0.08145, 0.97381, 0.51395, 0.10552, 0.04866, 0.5828, 0.8365, 0.78089, 0.89484, 0.97145, 0.89071, 0.40832, 0.07128, 0.96287, 0.96174, 0.09884, 0.25182, 0.97192, 0.6421, 0.44745, 0.09687, 0.72074, 0.15062, 0.73152, 0.74136, 0.68302, 0.89355, 0.96453, 0.03924, 0.04625, 0.02968, 0.19219, 0.08459, 0.69269, 0.90599, 0.98057, 0.47979, 0.03776, 0.10365, 0.96754, 0.96949, 0.94091, 0.27936, 0.95899, 0.13776, 0.20516, 0.89172, 0.04261, 0.10981, 0.98094, 0.18741, 0.94311, 0.10941, 0.851, 0.03313, 0.10062, 0.54151, 0.07061, 0.92113, 0.49401, 0.07359, 0.57998, 0.22152, 0.9633, 0.05663, 0.3941, 0.80475, 0.33065, 0.85842, 0.96116, 0.96935, 0.97459, 0.68935, 0.94423, 0.65981, 0.02978, 0.82996, 0.45978, 0.11373, 0.947, 0.52174, 0.94208, 0.5394, 0.12222, 0.66616, 0.93561, 0.94211, 0.05954, 0.05431, 0.09341, 0.97646, 0.97173, 0.35608, 0.94939, 0.94091, 0.79991, 0.08204, 0.05533, 0.16774, 0.97678, 0.46875, 0.39023, 0.94527, 0.07714, 0.07567, 0.9689, 0.96938, 0.04569, 0.89968, 0.04199, 0.19232, 0.61652, 0.97584, 0.38811, 0.04903, 0.9583, 0.04486, 0.10392, 0.91117, 0.98249, 0.63069, 0.97423, 0.74839, 0.64882, 0.97698, 0.96463, 0.03513, 0.19185, 0.11869, 0.88852, 0.96558, 0.4575, 0.9689, 0.05169, 0.05973, 0.61953, 0.96804, 0.19012, 0.92917, 0.10863, 0.07338, 0.86993, 0.04137, 0.13383, 0.9842, 0.80041, 0.05756, 0.07945, 0.98055, 0.08263, 0.0759, 0.08348, 0.17776, 0.21255, 0.12888, 0.07654, 0.04512, 0.94694, 0.21637, 0.05061, 0.76757, 0.07848, 0.04103, 0.68897, 0.92409, 0.08837, 0.80013, 0.98073, 0.07861, 0.13978, 0.97623, 0.95856, 0.53885, 0.85054, 0.2449, 0.95953, 0.94502, 0.90231, 0.04194, 0.20669, 0.2693, 0.06851, 0.96626, 0.85176, 0.03815, 0.70704, 0.03754, 0.34756, 0.20972, 0.97085, 0.93339, 0.97377, 0.97444, 0.97509, 0.17606, 0.97576, 0.98296, 0.91986, 0.08015, 0.96943, 0.10636, 0.6236, 0.70058, 0.03071, 0.4239, 0.39156, 0.03712, 0.09458, 0.1621, 0.14754, 0.97958, 0.06433, 0.9813, 0.78706, 0.07071, 0.94304, 0.95599, 0.04836, 0.85899, 0.61319, 0.9358, 0.38195, 0.06668, 0.9139, 0.97721, 