{"model": "google/muril-base-cased", "dataset": "dravidian_tamil", "train_config": "ce", "seed": 99, "thr_cal": 0.3939567774534225, "metrics_05": {"macro": 0.7270533630453988, "toxf1": 0.6187845303867403, "prec": 0.5026929982046678, "rec": 0.8045977011494253, "prauc": 0.629590388062369, "ece": 0.15902939656128487, "covert": 0.7378190255220418}, "metrics_cal": {"macro": 0.7050884001942828, "toxf1": 0.6026557711950971, "prec": 0.4675118858954041, "rec": 0.8477011494252874, "prauc": 0.629590388062369, "ece": 0.15902939656128487, "covert": 0.7377777777777778}, "probs": [0.06659, 0.01969, 0.02518, 0.02937, 0.85451, 0.07541, 0.02623, 0.02971, 0.02858, 0.0496, 0.15413, 0.54842, 0.02008, 0.02165, 0.04367, 0.15636, 0.93235, 0.1437, 0.02051, 0.20729, 0.3682, 0.40305, 0.06237, 0.11861, 0.0328, 0.587, 0.94267, 0.09146, 0.03981, 0.0288, 0.02559, 0.67866, 0.04338, 0.16712, 0.07073, 0.89487, 0.13826, 0.57354, 0.02004, 0.49542, 0.51133, 0.05728, 0.56152, 0.44275, 0.70318, 0.8933, 0.02923, 0.1624, 0.64452, 0.0342, 0.02433, 0.40279, 0.08398, 0.19314, 0.43076, 0.88804, 0.66761, 0.88268, 0.89213, 0.17407, 0.05156, 0.02924, 0.88369, 0.16253, 0.09398, 0.04967, 0.16658, 0.3482, 0.92352, 0.78062, 0.7883, 0.49276, 0.16021, 0.21581, 0.92264, 0.72497, 0.86512, 0.88697, 0.05539, 0.12266, 0.91807, 0.8853, 0.27883, 0.01583, 0.21715, 0.02966, 0.08407, 0.12195, 0.11377, 0.84487, 0.02158, 0.77422, 0.04571, 0.41227, 0.63428, 0.53781, 0.33924, 0.17909, 0.17362, 0.36078, 0.71696, 0.02036, 0.25572, 0.05397, 0.54411, 0.86051, 0.05773, 0.05571, 0.01861, 0.45514, 0.78812, 0.07162, 0.84381, 0.0572, 0.66851, 0.10847, 0.04009, 0.30097, 0.13433, 0.01694, 0.20321, 0.03615, 0.02395, 0.16365, 0.60796, 0.06352, 0.69024, 0.09519, 0.04532, 0.07102, 0.12499, 0.17846, 0.62288, 0.32226, 0.87206, 0.43596, 0.27446, 0.02478, 0.13961, 0.92668, 0.63527, 0.05978, 0.87282, 0.93778, 0.26452, 0.49865, 0.02568, 0.32698, 0.58995, 0.22947, 0.9049, 0.08645, 0.70732, 0.20428, 0.86378, 0.12684, 0.01668, 0.87597, 0.03116, 0.86673, 0.02777, 0.70708, 0.49484, 0.94398, 0.03271, 0.26186, 0.29425, 0.873, 0.75446, 0.86336, 0.86945, 0.82399, 0.77037, 0.28494, 0.12377, 0.04928, 0.89585, 0.12896, 0.01843, 0.74257, 0.04771, 0.66577, 0.77691, 0.87629, 0.09128, 0.03123, 0.92484, 0.02789, 0.01881, 0.14031, 0.06209, 0.05516, 0.74137, 0.15146, 0.01676, 0.7929, 0.06575, 0.89558, 0.02694, 0.02553, 0.13161, 0.93853, 0.92613, 0.05666, 0.34811, 0.26337, 0.91138, 0.0266, 0.11192, 0.40956, 0.14092, 0.07352, 0.71937, 0.02654, 0.03261, 0.89091, 0.03162, 0.17954, 0.04862, 0.02809, 0.04516, 0.02193, 0.20751, 0.90661, 0.1735, 0.9293, 0.6872, 0.14114, 0.02524, 0.13441, 0.46359, 0.51411, 0.05798, 0.94028, 0.4459, 0.02852, 0.29216, 0.01655, 0.88758, 0.19705, 0.93268, 0.09924, 0.03161, 0.90444, 0.56713, 0.71469, 0.41248, 0.88711, 0.42544, 0.23789, 0.02697, 0.05548, 0.13791, 0.02695, 0.87517, 0.0968, 0.01902, 0.83494, 0.16712, 0.1205, 0.39509, 0.93633, 0.051, 0.08728, 0.79647, 0.01993, 0.46102, 0.17081, 0.86443, 0.23496, 0.76611, 0.94311, 0.56559, 0.0178, 0.04957, 0.02133, 0.89509, 0.20186, 0.47209, 0.7946, 0.02434, 0.03568, 0.16507, 0.21534, 0.02793, 0.0543, 0.25075, 0.67723, 0.22834, 0.91103, 0.08277, 0.01702, 0.02296, 0.91456, 0.43447, 0.07133, 0.05937, 0.21687, 0.93599, 0.13566, 0.01617, 0.13927, 0.1082, 0.90052, 0.85608, 0.35877, 0.0953, 0.09758, 0.33476, 0.02777, 0.08939, 0.9296, 0.50687, 0.53005, 0.65869, 0.47878, 0.88778, 0.12212, 0.08169, 0.41681, 0.05911, 0.62354, 0.8783, 0.25302, 0.12055, 0.91727, 0.78351, 0.36438, 0.42273, 0.03644, 0.3908, 0.72458, 0.03224, 0.21939, 0.0342, 0.02509, 0.11884, 0.76634, 0.16988, 0.09342, 0.02226, 0.01729, 0.10026, 0.61623, 0.24534, 0.13374, 0.73794, 0.15124, 0.69568, 0.07321, 0.87782, 0.14852, 0.81987, 0.8764, 0.39195, 0.43684, 0.12771, 0.21005, 0.03642, 0.14318, 0.78492, 0.89284, 0.04997, 0.80888, 0.34881, 0.74793, 0.02435, 0.93355, 0.01563, 0.94268, 0.02931, 0.83568, 0.1708, 0.07548, 0.03031, 0.44034, 0.06729, 0.60893, 0.93657, 0.0791, 0.56614, 0.07003, 0.19884, 0.75501, 0.76334, 0.51939, 0.16877, 0.46575, 0.03661, 0.87588, 0.09911, 0.18361, 0.05762, 0.0303, 0.11807, 0.91841, 0.70145, 0.86692, 0.02446, 0.06127, 0.80457, 0.14823, 0.03257, 0.05052, 0.02532, 0.02117, 0.31912, 0.93508, 0.08408, 0.93571, 0.94445, 0.18288, 0.17543, 0.85282, 0.71733, 0.89499, 0.25925, 0.43398, 0.65344, 0.86742, 0.75743, 0.75203, 0.03771, 0.0977, 0.9037, 0.02549, 0.13964, 0.07795, 0.92199, 0.22953, 0.0393, 0.28946, 0.86193, 0.8613, 0.37282, 0.01998, 0.07654, 0.8672, 0.09039, 0.03619, 0.90421, 0.05047, 0.94124, 0.90303, 0.08149, 0.92649, 0.87815, 0.03952, 0.22023, 0.23071, 0.03312, 0.82681, 0.25436, 0.0873, 0.05012, 0.80802, 0.82136, 0.52663, 0.14521, 0.159, 0.01721, 0.04399, 0.8738, 0.01675, 0.01654, 0.90259, 0.02461, 0.13011, 0.83866, 0.45085, 0.02001, 0.04303, 0.79006, 0.10139, 0.339, 0.06972, 0.01876, 0.8734, 0.90272, 0.89715, 0.18624, 0.09299, 0.24233, 0.85014, 0.09884, 0.9411, 0.91241, 0.1518, 0.0173, 0.75897, 0.04864, 0.78988, 0.17658, 0.04989, 0.8414, 0.12738, 0.52111, 0.01795, 0.32735, 0.88689, 0.65284, 0.82541, 0.23264, 0.13159, 0.89066, 0.0403, 0.07941, 0.03134, 0.93574, 0.02946, 0.015, 0.08707, 0.05048, 0.11764, 0.02808, 0.75092, 0.54662, 0.38321, 0.86082, 0.87342, 0.93837, 0.10876, 0.06451, 0.34056, 0.90613, 0.50708, 0.07446, 0.15273, 0.37236, 0.23865, 0.53177, 0.13089, 0.92974, 0.87517, 0.1045, 0.02196, 0.24921, 0.02086, 0.01989, 0.16106, 0.72669, 0.61702, 0.23403, 0.07739, 0.06302, 0.91091, 0.03706, 0.39901, 0.08086, 0.08027, 0.04474, 0.02586, 0.33308, 0.54076, 0.3366, 0.43354, 0.10801, 0.88189, 0.70391, 0.8803, 0.31859, 0.71294, 0.71167, 0.69468, 0.02328, 0.29877, 0.89779, 0.85309, 0.03467, 0.91976, 0.06014, 0.60642, 0.11564, 0.07385, 0.59745, 0.51783, 0.48523, 0.19065, 0.6503, 0.03628, 0.65397, 0.7986, 0.03347, 0.37247, 0.0964, 0.17817, 0.57317, 0.03085, 0.86361, 0.93697, 0.02095, 0.93338, 0.3803, 0.85086, 0.08901, 0.04541, 0.02235, 0.07112, 0.04446, 0.8696, 0.06558, 0.93343, 0.92504, 0.59089, 0.1925, 0.23173, 0.14306, 0.0593, 0.65516, 0.67037, 0.73625, 0.63407, 0.77659, 0.16826, 0.28236, 0.0533, 0.37212, 0.05076, 0.56669, 0.91928, 0.04741, 0.09002, 0.92373, 0.03797, 0.84174, 0.05525, 0.05782, 0.01545, 0.91026, 0.10695, 0.11776, 0.67763, 0.06462, 0.83737, 0.1304, 0.24528, 0.88622, 0.02407, 0.91315, 0.56632, 0.03233, 0.3829, 0.83063, 0.88775, 0.30398, 0.02288, 0.17969, 0.90262, 0.93228, 0.93869, 0.02275, 0.66188, 0.63719, 0.90287, 0.21989, 0.1169, 0.01664, 0.9273, 0.93372, 0.59167, 0.80047, 0.52397, 0.11906, 0.0157, 0.38967, 0.60428, 0.09014, 0.08858, 0.47922, 0.10152, 0.93319, 0.03237, 0.90442, 0.62053, 0.09028, 0.75584, 0.03064, 0.49588, 0.37481, 0.93727, 0.45604, 0.60456, 0.93505, 0.0321, 0.47573, 0.03984, 0.41284, 0.87671, 0.10139, 0.38174, 0.25357, 0.03948, 0.41942, 0.40537, 0.75684, 0.22827, 0.02599, 0.41864, 0.03764, 0.74903, 0.16861, 0.02492, 0.55644, 0.93178, 0.13081, 0.77, 0.12693, 0.25563, 0.03835, 0.0654, 0.05363, 0.03549, 0.11984, 0.01665, 0.92409, 0.71566, 0.93729, 0.02409, 0.93106, 0.04372, 0.92114, 0.70548, 0.27435, 0.31541, 0.05157, 0.02308, 0.16519, 0.30853, 0.50032, 0.47599, 0.01655, 0.04267, 0.93295, 0.07855, 0.88775, 0.03318, 0.06508, 0.04522, 0.1155, 0.02352, 0.05326, 0.0627, 0.94068, 0.87488, 0.26379, 0.77717, 0.11326, 0.11884, 0.80724, 0.89184, 0.03464, 0.02628, 0.91611, 0.50605, 0.26073, 0.01939, 0.90466, 0.03874, 0.02735, 0.03576, 0.27008, 0.8986, 0.02568, 0.02355, 0.13438, 0.04658, 0.92406, 0.29742, 0.8888, 0.42467, 0.93766, 0.0186, 0.87208, 0.19654, 0.25908, 0.4762, 0.33594, 0.92848, 0.0217, 0.03169, 0.90364, 0.86348, 0.36935, 0.06012, 0.14282, 0.34082, 0.65293, 0.05405, 0.40815, 0.89586, 0.11579, 0.73088, 0.93306, 0.02104, 0.04422, 0.88097, 0.36037, 0.04761, 0.26178, 0.861, 0.05207, 0.174, 0.02662, 0.59104, 0.36837, 0.75593, 0.36544, 0.82557, 0.30545, 0.17801, 0.55416, 0.92342, 0.92111, 0.09259, 0.02575, 0.02014, 0.39488, 0.04491, 0.12679, 0.65142, 0.93441, 0.83698, 0.18351, 0.2307, 0.93158, 0.71349, 0.14968, 0.06392, 0.92359, 0.18163, 0.13824, 0.0272, 0.2905, 0.34232, 0.9264, 