{"model": "google/muril-base-cased", "dataset": "dravidian_tamil", "train_config": "hardneg", "seed": 42, "thr_cal": 0.26817541271448114, "metrics_05": {"macro": 0.7468348881251315, "toxf1": 0.6367924528301887, "prec": 0.54, "rec": 0.7758620689655172, "prauc": 0.6360070058653909, "ece": 0.12361723392208417, "covert": 0.7393364928909952}, "metrics_cal": {"macro": 0.7135534448967285, "toxf1": 0.6161616161616161, "prec": 0.4750778816199377, "rec": 0.8764367816091954, "prauc": 0.6360070058653909, "ece": 0.12361723392208417, "covert": 0.7450980392156863}, "probs": [0.045, 0.02531, 0.02071, 0.03122, 0.77808, 0.03508, 0.02926, 0.01805, 0.02785, 0.02164, 0.042, 0.07051, 0.01929, 0.0197, 0.04339, 0.0689, 0.96368, 0.23273, 0.01565, 0.76183, 0.06603, 0.13468, 0.07468, 0.0359, 0.02714, 0.83674, 0.97292, 0.02134, 0.03739, 0.01439, 0.02159, 0.93958, 0.05172, 0.08895, 0.04709, 0.93707, 0.06239, 0.29, 0.02373, 0.40094, 0.07895, 0.08771, 0.22982, 0.13204, 0.21758, 0.94374, 0.02337, 0.08679, 0.93809, 0.02846, 0.02217, 0.11353, 0.10561, 0.11463, 0.07907, 0.84884, 0.71722, 0.9207, 0.93064, 0.04821, 0.02104, 0.02359, 0.93116, 0.30264, 0.05455, 0.03273, 0.03307, 0.40951, 0.95843, 0.38758, 0.72515, 0.63634, 0.04351, 0.03831, 0.91947, 0.93022, 0.87011, 0.9613, 0.08571, 0.03721, 0.94347, 0.32169, 0.10686, 0.01608, 0.10891, 0.01788, 0.08814, 0.08644, 0.02305, 0.89651, 0.02327, 0.92276, 0.01596, 0.9049, 0.27596, 0.62635, 0.56827, 0.03508, 0.02729, 0.03836, 0.47041, 0.02314, 0.44233, 0.02416, 0.64756, 0.82413, 0.05159, 0.05052, 0.01862, 0.40682, 0.24814, 0.06754, 0.94547, 0.05192, 0.23188, 0.15949, 0.03853, 0.28037, 0.0369, 0.01771, 0.03584, 0.02057, 0.02279, 0.03473, 0.45156, 0.02767, 0.87263, 0.09629, 0.03194, 0.04382, 0.04861, 0.13931, 0.92853, 0.18013, 0.89943, 0.79772, 0.05166, 0.01544, 0.05807, 0.94667, 0.86055, 0.02531, 0.921, 0.96399, 0.89243, 0.33427, 0.01786, 0.54842, 0.21987, 0.05732, 0.85625, 0.06037, 0.60178, 0.11538, 0.84408, 0.0304, 0.01704, 0.67574, 0.02178, 0.95826, 0.03539, 0.9311, 0.11981, 0.97134, 0.0183, 0.086, 0.6564, 0.1405, 0.71321, 0.57156, 0.95015, 0.73041, 0.7082, 0.53284, 0.14341, 0.02417, 0.46416, 0.37407, 0.01773, 0.22751, 0.02995, 0.35127, 0.35923, 0.92501, 0.02321, 0.02039, 0.85103, 0.03465, 0.02032, 0.07779, 0.03983, 0.12412, 0.14603, 0.05832, 0.01892, 0.52085, 0.03258, 0.91644, 0.01385, 0.03005, 0.10148, 0.971, 0.96169, 0.02849, 0.08109, 0.02582, 0.78736, 0.02166, 0.11026, 0.8504, 0.07663, 0.07682, 0.60302, 0.02106, 0.02014, 0.86742, 0.016, 0.02841, 0.03662, 0.03138, 0.02057, 0.01655, 0.02836, 0.97289, 0.09925, 0.95418, 0.93576, 0.08091, 0.02109, 0.06754, 0.10312, 0.14186, 0.04805, 0.95513, 0.54687, 0.02524, 0.23405, 0.01935, 0.64412, 0.0513, 0.96725, 0.06613, 0.01793, 0.91072, 0.24358, 0.33802, 0.10427, 0.89873, 0.05302, 0.09546, 0.03017, 0.02751, 0.15198, 0.02032, 0.86544, 0.11963, 0.01727, 0.63466, 0.26742, 0.02407, 0.45882, 0.95196, 0.0413, 0.08783, 0.65007, 0.03431, 0.8634, 0.0647, 0.89447, 0.05222, 0.3488, 0.96646, 0.94541, 0.01887, 0.03139, 0.01357, 0.91324, 0.22511, 0.14856, 0.10268, 0.02415, 0.01692, 0.0364, 0.05243, 0.02785, 0.02347, 0.14784, 0.09859, 0.84013, 0.9616, 0.02919, 0.01988, 0.03472, 0.94955, 0.16075, 0.04355, 0.05972, 0.05145, 0.94745, 0.15889, 0.01861, 0.03555, 0.32167, 0.92061, 0.77383, 0.18913, 0.05227, 0.0278, 0.09908, 0.01563, 0.03946, 0.96198, 0.44952, 0.31661, 0.40904, 0.74943, 0.90443, 0.11171, 0.17929, 0.19567, 0.03088, 0.66695, 0.91207, 0.1645, 0.09172, 0.94931, 0.96023, 0.36247, 0.31667, 0.01781, 0.11677, 0.94652, 0.02128, 0.48962, 0.02544, 0.02202, 0.09406, 0.95041, 0.08872, 0.13863, 0.01482, 0.02552, 0.1504, 0.23139, 0.23912, 0.12478, 0.26564, 0.04585, 0.58868, 0.08901, 0.8329, 0.40813, 0.49652, 0.84901, 0.19437, 0.45168, 0.23252, 0.51944, 0.02078, 0.06365, 0.64488, 0.42068, 0.03313, 0.4073, 0.41125, 0.94632, 0.02883, 0.9487, 0.02107, 0.97011, 0.01765, 0.6074, 0.47242, 0.08506, 0.02659, 0.2788, 0.02933, 0.25785, 0.95978, 0.03419, 0.87163, 0.01642, 0.12892, 0.54461, 0.26162, 0.8211, 0.12774, 0.20167, 0.01723, 0.5921, 0.06192, 0.23687, 0.02754, 0.01745, 0.13223, 0.91787, 0.93858, 0.93673, 0.02357, 0.06494, 0.76811, 0.12059, 0.04424, 0.21668, 0.02952, 0.02391, 0.03037, 0.96278, 0.05173, 0.96749, 0.97226, 0.07513, 0.02219, 0.85771, 0.48781, 0.95381, 0.0518, 0.12942, 0.92367, 0.82125, 0.92771, 0.27617, 0.01789, 0.09192, 0.90748, 0.03186, 0.0559, 0.05141, 0.94688, 0.16876, 0.05628, 0.95124, 0.34597, 0.95032, 0.11259, 0.03947, 0.03683, 0.41579, 0.03133, 0.03377, 0.94045, 0.03371, 0.97423, 0.89148, 0.2048, 0.95119, 0.78863, 0.02109, 0.65583, 0.36522, 0.04146, 0.84924, 0.54804, 0.02821, 0.0191, 0.81763, 0.3752, 0.32704, 0.02047, 0.31384, 0.02113, 0.02525, 0.56851, 0.01951, 0.02346, 0.94377, 0.01627, 0.03513, 0.92952, 0.75278, 0.03106, 0.03639, 0.61077, 0.14329, 0.17712, 0.06299, 0.02477, 0.95827, 0.95072, 0.76411, 0.23787, 0.02481, 0.07054, 0.84976, 0.01801, 0.97162, 0.9685, 0.02785, 0.01926, 0.34887, 0.01976, 0.94333, 0.06468, 0.03075, 0.91604, 0.06847, 0.34377, 0.02071, 0.09281, 0.94679, 0.50936, 0.70106, 0.06217, 0.06291, 0.89429, 0.08133, 0.04151, 0.0187, 0.95922, 0.0327, 0.01899, 0.03519, 0.05318, 0.0992, 0.04696, 0.62129, 0.17702, 0.19521, 0.82445, 0.03169, 0.96111, 0.072, 0.06207, 0.33495, 0.92038, 0.03505, 0.0579, 0.09331, 0.56031, 0.07819, 0.15329, 0.03538, 0.96813, 0.90811, 0.16, 0.025, 0.0525, 0.02206, 0.01823, 0.02624, 0.42438, 0.71122, 0.09845, 0.03173, 0.39665, 0.95368, 0.03498, 0.90537, 0.02213, 0.02278, 0.01452, 0.02459, 0.15245, 0.77461, 0.34001, 0.6895, 0.07788, 0.86831, 0.81726, 0.93679, 0.94748, 0.11566, 0.68857, 0.2789, 0.03236, 0.16036, 0.92748, 0.93573, 0.01871, 0.96765, 0.06847, 0.74353, 0.02592, 0.03472, 0.41393, 0.45886, 0.11372, 0.11699, 0.94641, 0.04089, 0.33878, 0.38183, 0.0589, 0.096, 0.09429, 0.05171, 0.06751, 0.02547, 0.96012, 0.96035, 0.0259, 0.94957, 0.58177, 0.90589, 0.0391, 0.01778, 0.02809, 0.0447, 0.0193, 0.21147, 0.04794, 0.95701, 0.9119, 0.22878, 0.02421, 0.20573, 0.10621, 0.06084, 0.82111, 0.60419, 0.26943, 0.72952, 0.58272, 0.03714, 0.33944, 0.03656, 0.81332, 0.0592, 0.29118, 0.86294, 0.02262, 0.04198, 0.94549, 0.03293, 0.66685, 0.06577, 0.04114, 0.01689, 0.96365, 0.03124, 0.04121, 0.74724, 0.07445, 0.85532, 0.20103, 0.78555, 0.93217, 0.04065, 0.9436, 0.08419, 0.02351, 0.1127, 0.90154, 0.27983, 0.16789, 0.01894, 0.51652, 0.9021, 0.78146, 0.96789, 0.03137, 0.79726, 0.36575, 0.17738, 0.0384, 0.03833, 0.0169, 0.95531, 0.94551, 0.06036, 0.75214, 0.18906, 0.24812, 0.01711, 0.28167, 0.86929, 0.06818, 0.07672, 0.59942, 0.24725, 0.95586, 0.03264, 0.89494, 0.7515, 0.01875, 0.65196, 0.0293, 0.88509, 0.03619, 0.97294, 0.24466, 0.87392, 0.90491, 0.03164, 0.39732, 0.07595, 0.19685, 0.95044, 0.03973, 0.47761, 0.03916, 0.06279, 0.07858, 0.67872, 0.90601, 0.10757, 0.04495, 0.22312, 0.05142, 0.80142, 0.46201, 0.04051, 0.29498, 0.96053, 0.03053, 0.67902, 0.04579, 0.15216, 0.05344, 0.05808, 0.03649, 0.04661, 0.07693, 0.01872, 0.96136, 0.29427, 0.94935, 0.01713, 0.95154, 0.02218, 0.96367, 0.39509, 0.93036, 0.06984, 0.2163, 0.01975, 0.08814, 0.56249, 0.22244, 0.15667, 0.01782, 0.07941, 0.95525, 0.08013, 0.884, 0.03429, 0.06943, 0.04934, 0.0755, 0.02119, 0.02376, 0.05091, 0.96718, 0.95619, 0.34386, 0.10481, 0.06699, 0.02717, 0.57388, 0.78768, 0.02685, 0.06316, 0.91605, 0.29953, 0.05801, 0.02248, 0.85086, 0.34932, 0.02394, 0.03581, 0.0681, 0.94337, 0.04356, 0.03255, 0.14298, 0.02612, 0.92411, 0.07658, 0.9007, 0.24073, 0.96904, 0.01543, 0.08686, 0.03876, 0.17268, 0.92295, 0.34325, 0.87796, 0.02085, 0.01962, 0.90195, 0.76336, 0.44138, 0.02487, 0.08318, 0.41932, 0.3255, 0.01754, 0.34052, 0.95202, 0.16972, 0.59146, 0.95661, 0.02201, 0.02468, 0.92001, 0.12211, 0.03185, 0.5312, 0.4337, 0.02142, 0.16369, 0.02048, 0.71152, 0.26965, 0.57002, 0.10482, 0.68475, 0.19868, 0.15992, 0.60223, 0.96351, 0.97356, 0.23521, 0.0203, 0.02023, 0.80963, 0.03914, 0.03846, 0.2916, 0.94344, 0.9679, 0.10235, 0.12196, 0.94736, 0.19486, 0.07807, 0.03619, 0.95128, 0.06459, 0.01837, 0.05669, 0.85589, 0.03707, 0.94638, 0.10782, 