{"model": "google/muril-base-cased", "dataset": "dravidian_kannada", "train_config": "hardneg", "seed": 123, "thr_cal": 0.3612304061651228, "metrics_05": {"macro": 0.7824899763695898, "toxf1": 0.6833855799373041, "prec": 0.6855345911949685, "rec": 0.68125, "prauc": 0.7239867825693853, "ece": 0.05192863452963455, "covert": 0.8674698795180723}, "metrics_cal": {"macro": 0.7750106362004379, "toxf1": 0.6855524079320113, "prec": 0.6269430051813472, "rec": 0.75625, "prauc": 0.7239867825693853, "ece": 0.05192863452963455, "covert": 0.872093023255814}, "probs": [0.10444, 0.2304, 0.31211, 0.1403, 0.18267, 0.48026, 0.12591, 0.03043, 0.06322, 0.02705, 0.08623, 0.06297, 0.02326, 0.13398, 0.66367, 0.02516, 0.07467, 0.79465, 0.04045, 0.86064, 0.07559, 0.06399, 0.55102, 0.2185, 0.95944, 0.47297, 0.949, 0.56243, 0.15114, 0.38042, 0.96122, 0.26528, 0.24385, 0.11968, 0.87697, 0.04241, 0.15031, 0.03711, 0.50377, 0.03263, 0.37971, 0.03647, 0.87728, 0.22727, 0.14432, 0.08734, 0.06222, 0.03473, 0.04723, 0.14249, 0.79855, 0.13103, 0.0267, 0.80365, 0.24529, 0.29435, 0.02035, 0.26573, 0.12236, 0.80311, 0.08914, 0.04971, 0.0887, 0.3467, 0.04473, 0.07867, 0.02579, 0.08918, 0.64958, 0.95495, 0.29805, 0.02909, 0.19302, 0.19293, 0.12223, 0.4433, 0.04, 0.06521, 0.2268, 0.86892, 0.04622, 0.88536, 0.08738, 0.1945, 0.30765, 0.02149, 0.9256, 0.02029, 0.63774, 0.04201, 0.02333, 0.07237, 0.0382, 0.27337, 0.02375, 0.08404, 0.03973, 0.0305, 0.07054, 0.04419, 0.0173, 0.88883, 0.08972, 0.89942, 0.39154, 0.06378, 0.85972, 0.0636, 0.0408, 0.09174, 0.29894, 0.19643, 0.02837, 0.03826, 0.05995, 0.0212, 0.24385, 0.03757, 0.78196, 0.94179, 0.11802, 0.05248, 0.33517, 0.23298, 0.226, 0.03796, 0.06222, 0.84743, 0.02526, 0.70818, 0.8822, 0.0836, 0.02947, 0.83985, 0.91052, 0.23162, 0.03139, 0.90956, 0.04761, 0.57887, 0.02274, 0.16739, 0.33707, 0.51053, 0.86432, 0.15714, 0.14815, 0.78036, 0.49117, 0.08024, 0.01897, 0.05742, 0.87295, 0.24038, 0.18543, 0.54763, 0.03465, 0.30769, 0.33601, 0.39146, 0.38992, 0.38882, 0.02426, 0.14554, 0.10153, 0.04374, 0.08732, 0.02562, 0.03161, 0.22906, 0.05625, 0.91616, 0.11944, 0.06797, 0.92138, 0.02096, 0.06222, 0.0968, 0.03271, 0.76752, 0.03447, 0.06702, 0.06222, 0.6985, 0.72976, 0.09084, 0.85494, 0.02742, 0.06483, 0.0431, 0.61125, 0.93597, 0.03736, 0.06222, 0.24948, 0.91278, 0.05603, 0.14074, 0.15813, 0.07376, 0.09407, 0.03547, 0.05229, 0.51244, 0.07913, 0.54722, 0.91899, 0.0768, 0.93699, 0.04186, 0.92552, 0.89982, 0.0874, 0.04921, 0.04631, 0.04323, 0.87946, 0.03487, 0.0304, 0.0286, 0.02321, 0.15019, 0.02823, 0.25297, 0.68603, 0.18781, 0.03769, 0.13523, 0.03593, 0.29922, 0.03053, 0.05712, 0.04686, 0.24635, 0.09832, 0.7642, 0.95835, 0.04006, 0.03429, 0.02132, 0.07658, 0.06222, 0.05339, 0.95628, 0.95568, 0.04864, 0.03378, 0.22506, 0.17744, 0.19445, 0.06503, 0.0563, 0.03335, 0.05026, 0.02856, 0.02126, 0.46187, 0.82139, 0.20429, 0.0471, 0.81284, 0.39154, 0.43907, 0.74039, 0.04492, 0.02277, 0.06222, 0.02159, 0.02676, 0.03159, 0.04034, 0.04043, 0.48541, 0.26669, 0.066, 0.12153, 0.68333, 0.02118, 0.90795, 0.89583, 0.02936, 0.72938, 0.93909, 0.14008, 0.04545, 0.41271, 0.0623, 0.51713, 0.05265, 0.05907, 0.78021, 0.02595, 0.07806, 0.44834, 0.0597, 0.06222, 0.81021, 0.40219, 0.14628, 0.13754, 0.04004, 0.09176, 0.05875, 0.89742, 0.03835, 0.0378, 0.0529, 0.06222, 0.05468, 0.02798, 0.11224, 0.1337, 0.02815, 0.04395, 0.77979, 0.32831, 0.02251, 0.15121, 0.783, 0.15635, 0.53653, 0.59414, 0.03809, 0.06905, 0.95255, 0.03087, 0.74283, 0.08168, 0.81449, 0.87906, 0.03472, 0.53611, 0.09298, 0.11284, 0.04107, 0.06909, 0.04123, 0.07234, 0.03806, 0.03307, 0.1028, 0.03631, 0.10026, 0.47825, 0.42703, 0.11972, 0.937, 0.91862, 0.06222, 0.12986, 0.03705, 0.12505, 0.77571, 0.86988, 0.28376, 0.7627, 0.81888, 0.44827, 0.02458, 0.03381, 0.83234, 0.06103, 0.27775, 0.2849, 0.04191, 0.04378, 0.91855, 0.0241, 0.01841, 0.84958, 0.95865, 0.05078, 0.02876, 0.06222, 0.03883, 0.35072, 0.02385, 0.90758, 0.9177, 0.05375, 0.75409, 0.06063, 0.11914, 0.90247, 0.18113, 0.30436, 0.02739, 0.08832, 0.13091, 0.64167, 0.08561, 0.07589, 0.0389, 0.02387, 0.05588, 0.03024, 0.61347, 0.42941, 0.04015, 0.93282, 0.17485, 0.12008, 0.33229, 0.582, 0.03094, 0.04538, 0.09604, 0.96303, 0.02481, 0.10223, 0.07725, 0.03284, 0.26472, 0.0783, 0.35107, 0.2657, 0.02732, 0.03558, 0.04183, 0.03803, 0.04238, 0.38586, 0.89025, 0.03039, 0.22858, 0.6777, 0.34712, 0.92995, 0.95546, 0.01903, 0.04946, 0.42013, 0.0366, 0.57982, 0.18162, 0.92381, 0.86498, 0.0285, 0.81769, 0.02865, 0.24036, 0.797, 0.02573, 0.05713, 0.94319, 0.92069, 0.02051, 0.90305, 0.87486, 0.48692, 0.28519, 0.1458, 0.0325, 0.02959, 0.37955, 0.4871, 0.23858, 0.02004, 0.04596, 0.05249, 0.06793, 0.0397, 0.14113, 0.02781, 0.0719, 0.09642, 0.03467, 0.9199, 0.23668, 0.7585, 0.68512, 0.06956, 0.84124, 0.05152, 0.92068, 0.02398, 0.47458, 0.35566, 0.90439, 0.02498, 0.94911, 0.69991, 0.03481, 0.03824, 0.93125, 0.25869, 0.90221, 0.19233, 0.07757, 0.08803, 0.02164, 0.18543, 0.6403, 0.87832, 0.03409, 0.50103, 0.92229, 0.15253, 0.90863, 0.19303, 0.0255, 0.04041, 0.08898, 0.04974, 0.05444, 0.83981, 0.02414, 0.06874, 0.06042, 0.85471, 0.04183, 0.92769, 0.05084, 0.02371, 0.07131, 0.74255, 0.09329, 0.87215, 0.04857, 0.80475, 0.0257, 0.75214, 0.72444, 0.03395, 0.36667, 0.92823, 0.06222, 0.36476, 0.11067, 0.05126, 0.07519, 0.82724, 0.32419, 0.03973, 0.50667, 0.06222, 0.66564, 0.22739, 0.70843, 0.4834, 0.49786, 0.79355, 0.36291, 0.90299, 0.05606, 0.12952, 0.13419, 0.69823, 0.27063, 0.54149, 0.9171, 0.03048, 0.05513, 0.03117, 0.02224, 0.94217, 0.02764, 0.29849, 0.67868, 0.11189, 0.01965, 0.05573, 0.11433, 0.88533, 0.65639, 0.75407, 0.69212, 0.03438, 0.83753, 0.27954, 0.94331, 0.82193, 0.90338, 0.93857, 0.06798, 0.03692, 0.66662, 0.08374, 0.02549, 0.83327, 0.43933, 0.03351, 0.4677, 0.82861, 0.02258, 0.79168], "labels": [0, 0, 0, 0, 0, 0, 0, 0, 0, 0, 0, 0, 0, 0, 1, 0, 0, 1, 0, 0, 0, 0, 0, 1, 1, 1, 1, 1, 1, 0, 1, 0, 1, 1, 1, 0, 1, 0, 0, 1, 0, 0, 1, 0, 0, 0, 0, 0, 0, 1, 0, 0, 0, 1, 0, 0, 0, 0, 1, 0, 0, 0, 0, 1, 0, 0, 0, 0, 1, 1, 1, 0, 0, 0, 0, 1, 0, 0, 0, 1, 0, 1, 1, 0, 0, 0, 1, 0, 1, 0, 0, 0, 0, 0, 0, 0, 0, 1, 0, 0, 0, 1, 0, 1, 0, 0, 1, 0, 0, 0, 0, 0, 0, 0, 0, 0, 0, 0, 1, 0, 0, 0, 1, 1, 0, 0, 0, 0, 0, 0, 0, 0, 0, 1, 1, 0, 0, 1, 0, 0, 0, 0, 1, 1, 1, 0, 0, 0, 1, 0, 0, 0, 0, 0, 0, 1, 0, 0, 0, 1, 1, 1, 0, 1, 0, 0, 0, 0, 0, 0, 0, 1, 0, 0, 1, 0, 0, 0, 0, 0, 0, 0, 0, 0, 1, 0, 0, 0, 0, 0, 0, 1, 0, 1, 0, 1, 1, 0, 0, 0, 0, 0, 0, 0, 1, 1, 0, 0, 1, 0, 1, 0, 1, 0, 0, 0, 1, 0, 0, 0, 1, 0, 0, 0, 1, 0, 0, 0, 0, 0, 0, 0, 0, 0, 0, 1, 1, 0, 0, 0, 0, 0, 0, 1, 1, 0, 0, 0, 0, 0, 0, 0, 0, 1, 0, 0, 0, 0, 1, 0, 1, 0, 0, 0, 0, 0, 0, 0, 0, 0, 0, 0, 0, 1, 0, 0, 0, 0, 1, 1, 0, 1, 1, 0, 0, 1, 0, 1, 0, 0, 1, 0, 0, 1, 0, 0, 0, 1, 0, 0, 0, 0, 0, 0, 0, 0, 0, 1, 0, 0, 0, 0, 0, 0, 1, 1, 0, 0, 0, 0, 1, 1, 0, 0, 1, 0, 1, 0, 1, 1, 0, 0, 0, 0, 0, 0, 0, 1, 0, 0, 0, 0, 0, 0, 0, 0, 1, 0, 0, 0, 0, 0, 1, 0, 0, 1, 0, 1, 0, 0, 1, 0, 0, 0, 0, 0, 1, 0, 0, 1, 1, 0, 0, 0, 0, 0, 0, 1, 1, 0, 1, 0, 0, 1, 1, 1, 0, 0, 1, 1, 0, 0, 0, 0, 0, 0, 0, 0, 0, 1, 1, 1, 0, 1, 0, 0, 0, 1, 0, 0, 0, 0, 0, 0, 0, 0, 0, 1, 0, 1, 0, 0, 1, 0, 0, 0, 1, 1, 1, 0, 0, 0, 0, 0, 0, 1, 1, 0, 1, 0, 0, 0, 0, 0, 1, 1, 0, 1, 0, 1, 0, 0, 0, 0, 0, 0, 0, 0, 0, 0, 0, 0, 0, 0, 0, 0, 0, 1, 0, 1, 0, 0, 1, 1, 1, 0, 0, 1, 0, 0, 1, 1, 0, 0, 1, 0, 1, 1, 0, 0, 0, 0, 1, 1, 0, 1, 0, 0, 1, 0, 0, 0, 0, 0, 0, 0, 0, 0, 0, 1, 0, 1, 0, 0, 0, 1, 0, 1, 0, 0, 0, 1, 0, 0, 0, 0, 0, 0, 0, 0, 0, 0, 0, 0, 1, 0, 0, 1, 1, 1, 0, 0, 0, 1, 0, 0, 0, 1, 0, 1, 1, 0, 0, 0, 0, 1, 0, 0, 0, 0, 0, 0, 0, 1, 1, 1, 1, 0, 0, 0, 1, 1, 0, 0, 0, 0, 0, 0, 0, 0, 0, 0, 0, 1, 0, 1], "n": {"train": 3400, "val": 600, "test": 586, "toxic_frac": 0.23911764705882352}}