{"model": "google/muril-base-cased", "dataset": "dravidian_kannada", "train_config": "supcon", "seed": 7, "thr_cal": 0.0960405930876732, "metrics_05": {"macro": 0.7150130885070645, "toxf1": 0.555984555984556, "prec": 0.7272727272727273, "rec": 0.45, "prauc": 0.7174691439833196, "ece": 0.08802384323736102, "covert": 0.7299270072992701}, "metrics_cal": {"macro": 0.7464849664719879, "toxf1": 0.6521739130434783, "prec": 0.5769230769230769, "rec": 0.75, "prauc": 0.7174691439833196, "ece": 0.08802384323736102, "covert": 0.8505747126436781}, "probs": [0.05093, 0.06736, 0.26869, 0.06461, 0.06475, 0.10486, 0.19123, 0.0243, 0.03824, 0.02353, 0.03636, 0.03365, 0.02339, 0.04416, 0.03613, 0.02023, 0.05129, 0.53917, 0.01869, 0.39925, 0.03963, 0.03554, 0.61619, 0.10647, 0.97865, 0.39288, 0.97067, 0.48419, 0.06108, 0.09287, 0.98005, 0.06582, 0.07235, 0.15164, 0.39092, 0.03051, 0.02464, 0.03034, 0.0651, 0.02333, 0.04904, 0.01872, 0.92403, 0.14724, 0.06101, 0.05508, 0.08057, 0.0247, 0.03806, 0.10966, 0.67848, 0.05098, 0.03039, 0.41549, 0.0301, 0.06229, 0.02011, 0.03299, 0.0581, 0.35337, 0.04945, 0.03878, 0.06348, 0.28143, 0.02546, 0.03556, 0.02526, 0.07575, 0.38585, 0.97089, 0.06188, 0.02224, 0.27402, 0.10333, 0.0989, 0.91977, 0.03819, 0.03902, 0.05726, 0.28692, 0.02789, 0.93834, 0.05538, 0.04361, 0.0425, 0.01403, 0.75037, 0.01609, 0.16356, 0.02733, 0.01932, 0.03109, 0.02529, 0.08619, 0.02439, 0.06919, 0.03784, 0.02368, 0.07049, 0.03408, 0.01855, 0.63042, 0.03748, 0.4579, 0.06178, 0.03443, 0.27604, 0.02736, 0.0286, 0.03959, 0.35774, 0.11955, 0.01906, 0.03303, 0.02065, 0.01681, 0.07235, 0.04785, 0.27357, 0.91665, 0.05165, 0.03257, 0.08947, 0.7404, 0.24616, 0.05909, 0.08057, 0.74348, 0.026, 0.46753, 0.69422, 0.03565, 0.02659, 0.66603, 0.91117, 0.0398, 0.01398, 0.96633, 0.02627, 0.28199, 0.02135, 0.06714, 0.19842, 0.88566, 0.93228, 0.1183, 0.09895, 0.80567, 0.09101, 0.05081, 0.0184, 0.06717, 0.76911, 0.09985, 0.04338, 0.34884, 0.01818, 0.04541, 0.0983, 0.48966, 0.06724, 0.35058, 0.01937, 0.04485, 0.07419, 0.02537, 0.08989, 0.02312, 0.02435, 0.09921, 0.03591, 0.92562, 0.03096, 0.04051, 0.7954, 0.01899, 0.08057, 0.05963, 0.04693, 0.45599, 0.03121, 0.02707, 0.08057, 0.57225, 0.15695, 0.04705, 0.69983, 0.02078, 0.05915, 0.03464, 0.1762, 0.78937, 0.02481, 0.08057, 0.82004, 0.95988, 0.04, 0.04943, 0.04566, 0.0491, 0.17203, 0.02827, 0.03563, 0.06716, 0.02362, 0.08689, 0.94022, 0.02719, 0.9649, 0.03286, 0.92152, 0.81994, 0.06444, 0.04077, 0.02955, 0.02663, 0.06895, 0.03765, 0.02133, 0.02183, 0.01565, 0.06978, 0.02371, 0.47274, 0.73349, 0.03414, 0.02945, 0.04678, 0.02115, 0.08316, 0.02615, 0.03225, 0.02826, 0.16629, 0.03931, 0.23575, 0.97839, 0.03024, 0.0279, 0.0175, 0.02807, 0.08057, 0.12228, 0.97376, 0.96488, 0.0451, 0.02634, 0.33586, 0.05236, 0.05699, 0.03545, 0.03148, 0.02003, 0.09744, 0.01934, 0.03411, 0.05328, 0.5293, 0.13953, 0.03357, 0.29185, 0.06178, 0.43596, 0.62885, 0.03896, 0.01642, 0.08057, 0.01799, 0.02086, 0.02171, 0.02278, 0.02517, 0.04843, 0.64329, 0.07555, 0.10022, 0.80949, 0.01556, 0.67675, 0.85526, 0.03166, 0.11305, 0.96865, 0.03262, 0.03522, 0.0548, 0.03476, 0.08294, 0.03032, 0.02952, 0.62591, 0.02625, 0.08764, 0.05334, 0.03343, 0.08057, 0.28627, 0.06636, 0.05006, 0.04191, 0.02265, 0.03056, 0.03094, 0.74144, 0.02422, 0.02453, 0.03122, 0.08057, 0.04645, 0.02705, 0.03848, 0.07963, 0.02533, 0.05612, 0.64326, 0.37677, 0.01875, 0.08897, 0.35041, 0.06394, 0.33214, 0.07047, 0.03382, 0.08624, 0.97466, 0.02322, 0.62966, 0.04125, 0.168, 0.93487, 0.02632, 0.4917, 0.09397, 0.04152, 0.0345, 0.02867, 0.03668, 0.04365, 0.03275, 0.02688, 0.02801, 0.02684, 0.04766, 0.40863, 0.15746, 0.02806, 0.69936, 0.75408, 0.08057, 0.05613, 0.01903, 0.04512, 0.31971, 0.76131, 0.14587, 0.62834, 0.4027, 0.23213, 0.02103, 0.02485, 0.50612, 0.04168, 0.06449, 0.05104, 0.03763, 0.02586, 0.34501, 0.02031, 0.0159, 0.23734, 0.97767, 0.03241, 0.02102, 0.08057, 0.02934, 0.06849, 0.0193, 0.77748, 0.87832, 0.0314, 0.65489, 0.04846, 0.04086, 0.90276, 0.11455, 0.33858, 0.01827, 0.02384, 0.04469, 0.80312, 0.14718, 0.04168, 0.0217, 0.025, 0.05538, 0.02514, 0.3295, 0.03308, 0.07208, 0.65074, 0.04405, 0.04262, 0.06754, 0.54517, 0.02219, 0.03345, 0.068, 0.98238, 0.0285, 0.0605, 0.05463, 0.0261, 0.068, 0.05104, 0.05079, 0.05202, 0.02543, 0.034, 0.04069, 0.02783, 0.03159, 0.08816, 0.93529, 0.02388, 0.22504, 0.29962, 0.21279, 0.94673, 0.96742, 0.01928, 0.01693, 0.04912, 0.0295, 0.15734, 0.06562, 0.94822, 0.43267, 0.0258, 0.87929, 0.01979, 0.12063, 0.29293, 0.01938, 0.04431, 0.95627, 0.96087, 0.01748, 0.6658, 0.46576, 0.05231, 0.11755, 0.03617, 0.02921, 0.02967, 0.34055, 0.38638, 0.9499, 0.02673, 0.02943, 0.03497, 0.04914, 0.02402, 0.06848, 0.02413, 0.02679, 0.02364, 0.02368, 0.91714, 0.05342, 0.09171, 0.69601, 0.05936, 0.65743, 0.04572, 0.09454, 0.01983, 0.07324, 0.29418, 0.89085, 0.01833, 0.91348, 0.48841, 0.02542, 0.04435, 0.95266, 0.05061, 0.94716, 0.07371, 0.04705, 0.02099, 0.02654, 0.05024, 0.36501, 0.61449, 0.02577, 0.20643, 0.17292, 0.15605, 0.94564, 0.06391, 0.02225, 0.02532, 0.04235, 0.03179, 0.04342, 0.53726, 0.01967, 0.04251, 0.042, 0.35922, 0.01958, 0.89808, 0.03836, 0.02327, 0.03937, 0.38168, 0.04853, 0.35859, 0.02219, 0.58987, 0.01654, 0.35571, 0.37394, 0.02617, 0.0607, 0.8902, 0.08057, 0.24881, 0.10005, 0.05109, 0.05802, 0.53705, 0.61409, 0.03115, 0.16178, 0.08057, 0.20211, 0.12125, 0.07648, 0.45351, 0.19186, 0.68534, 0.07008, 0.93463, 0.02938, 0.03739, 0.0482, 0.07315, 0.21012, 0.07971, 0.93704, 0.02505, 0.0756, 0.03699, 0.01746, 0.97109, 0.01971, 0.05132, 0.16309, 0.06334, 0.01924, 0.04264, 0.03606, 0.4774, 0.52576, 0.84111, 0.8626, 0.02693, 0.17228, 0.13094, 0.95942, 0.33388, 0.35812, 0.43145, 0.05268, 0.02742, 0.0707, 0.02039, 0.03046, 0.06543, 0.46103, 0.02857, 0.10008, 0.61463, 0.01958, 0.84751], "labels": [0, 0, 0, 0, 0, 0, 0, 0, 0, 0, 0, 0, 0, 0, 1, 0, 0, 1, 0, 0, 0, 0, 0, 1, 1, 1, 1, 1, 1, 0, 1, 0, 1, 1, 1, 0, 1, 0, 0, 1, 0, 0, 1, 0, 0, 0, 0, 0, 0, 1, 0, 0, 0, 1, 0, 0, 0, 0, 1, 0, 0, 0, 0, 1, 0, 0, 0, 0, 1, 1, 1, 0, 0, 0, 0, 1, 0, 0, 0, 1, 0, 1, 1, 0, 0, 0, 1, 0, 1, 0, 0, 0, 0, 0, 0, 0, 0, 1, 0, 0, 0, 1, 0, 1, 0, 0, 1, 0, 0, 0, 0, 0, 0, 0, 0, 0, 0, 0, 1, 0, 0, 0, 1, 1, 0, 0, 0, 0, 0, 0, 0, 0, 0, 1, 1, 0, 0, 1, 0, 0, 0, 0, 1, 1, 1, 0, 0, 0, 1, 0, 0, 0, 0, 0, 0, 1, 0, 0, 0, 1, 1, 1, 0, 1, 0, 0, 0, 0, 0, 0, 0, 1, 0, 0, 1, 0, 0, 0, 0, 0, 0, 0, 0, 0, 1, 0, 0, 0, 0, 0, 0, 1, 0, 1, 0, 1, 1, 0, 0, 0, 0, 0, 0, 0, 1, 1, 0, 0, 1, 0, 1, 0, 1, 0, 0, 0, 1, 0, 0, 0, 1, 0, 0, 0, 1, 0, 0, 0, 0, 0, 0, 0, 0, 0, 0, 1, 1, 0, 0, 0, 0, 0, 0, 1, 1, 0, 0, 0, 0, 0, 0, 0, 0, 1, 0, 0, 0, 0, 1, 0, 1, 0, 0, 0, 0, 0, 0, 0, 0, 0, 0, 0, 0, 1, 0, 0, 0, 0, 1, 1, 0, 1, 1, 0, 0, 1, 0, 1, 0, 0, 1, 0, 0, 1, 0, 0, 0, 1, 0, 0, 0, 0, 0, 0, 0, 0, 0, 1, 0, 0, 0, 0, 0, 0, 1, 1, 0, 0, 0, 0, 1, 1, 0, 0, 1, 0, 1, 0, 1, 1, 0, 0, 0, 0, 0, 0, 0, 1, 0, 0, 0, 0, 0, 0, 0, 0, 1, 0, 0, 0, 0, 0, 1, 0, 0, 1, 0, 1, 0, 0, 1, 0, 0, 0, 0, 0, 1, 0, 0, 1, 1, 0, 0, 0, 0, 0, 0, 1, 1, 0, 1, 0, 0, 1, 1, 1, 0, 0, 1, 1, 0, 0, 0, 0, 0, 0, 0, 0, 0, 1, 1, 1, 0, 1, 0, 0, 0, 1, 0, 0, 0, 0, 0, 0, 0, 0, 0, 1, 0, 1, 0, 0, 1, 0, 0, 0, 1, 1, 1, 0, 0, 0, 0, 0, 0, 1, 1, 0, 1, 0, 0, 0, 0, 0, 1, 1, 0, 1, 0, 1, 0, 0, 0, 0, 0, 0, 0, 0, 0, 0, 0, 0, 0, 0, 0, 0, 0, 1, 0, 1, 0, 0, 1, 1, 1, 0, 0, 1, 0, 0, 1, 1, 0, 0, 1, 0, 1, 1, 0, 0, 0, 0, 1, 1, 0, 1, 0, 0, 1, 0, 0, 0, 0, 0, 0, 0, 0, 0, 0, 1, 0, 1, 0, 0, 0, 1, 0, 1, 0, 0, 0, 1, 0, 0, 0, 0, 0, 0, 0, 0, 0, 0, 0, 0, 1, 0, 0, 1, 1, 1, 0, 0, 0, 1, 0, 0, 0, 1, 0, 1, 1, 0, 0, 0, 0, 1, 0, 0, 0, 0, 0, 0, 0, 1, 1, 1, 1, 0, 0, 0, 1, 1, 0, 0, 0, 0, 0, 0, 0, 0, 0, 0, 0, 1, 0, 1], "n": {"train": 3400, "val": 600, "test": 586, "toxic_frac": 0.23911764705882352}}