{"model": "google/muril-base-cased", "dataset": "dravidian_kannada", "train_config": "ce", "seed": 123, "thr_cal": 0.2403141587972641, "metrics_05": {"macro": 0.7630156230045549, "toxf1": 0.6627218934911243, "prec": 0.6292134831460674, "rec": 0.7, "prauc": 0.7189054957409556, "ece": 0.05929601106652832, "covert": 0.8502994011976048}, "metrics_cal": {"macro": 0.7279583842083842, "toxf1": 0.6490384615384616, "prec": 0.52734375, "rec": 0.84375, "prauc": 0.7189054957409556, "ece": 0.05929601106652832, "covert": 0.8587570621468926}, "probs": [0.07463, 0.54727, 0.8233, 0.14746, 0.1589, 0.52602, 0.25353, 0.02758, 0.04633, 0.06294, 0.15149, 0.09191, 0.02883, 0.25333, 0.31211, 0.0449, 0.0569, 0.70034, 0.02957, 0.66761, 0.06044, 0.04655, 0.50237, 0.61141, 0.89741, 0.35305, 0.88617, 0.76874, 0.27789, 0.81086, 0.92565, 0.44128, 0.09937, 0.68342, 0.75297, 0.03781, 0.04441, 0.02874, 0.42229, 0.10174, 0.10405, 0.0296, 0.82222, 0.11305, 0.2935, 0.19299, 0.04299, 0.04463, 0.02989, 0.12553, 0.75268, 0.06358, 0.03184, 0.84158, 0.22555, 0.33874, 0.03126, 0.27862, 0.16958, 0.86595, 0.13575, 0.16135, 0.16921, 0.51332, 0.03129, 0.08902, 0.03074, 0.15918, 0.42516, 0.91107, 0.17619, 0.0325, 0.14172, 0.4575, 0.47798, 0.78364, 0.04656, 0.11992, 0.44422, 0.85878, 0.05114, 0.89072, 0.06109, 0.2061, 0.48476, 0.03365, 0.8846, 0.0386, 0.49733, 0.03675, 0.02848, 0.07122, 0.03949, 0.31922, 0.03277, 0.05811, 0.03591, 0.03383, 0.05293, 0.03048, 0.03071, 0.87597, 0.05624, 0.72087, 0.46723, 0.04933, 0.70878, 0.12678, 0.02959, 0.21132, 0.55276, 0.14539, 0.02708, 0.04264, 0.06159, 0.03819, 0.09937, 0.05318, 0.50438, 0.90257, 0.45982, 0.03318, 0.53049, 0.04692, 0.31402, 0.05171, 0.04299, 0.77566, 0.02965, 0.54557, 0.86638, 0.05319, 0.03138, 0.81305, 0.75944, 0.33687, 0.02687, 0.88301, 0.05048, 0.45174, 0.03593, 0.06494, 0.60862, 0.67787, 0.82759, 0.33303, 0.2914, 0.81671, 0.6604, 0.07066, 0.02807, 0.07541, 0.86454, 0.67968, 0.10121, 0.53803, 0.03311, 0.36269, 0.44812, 0.45818, 0.43445, 0.6069, 0.0321, 0.45679, 0.10256, 0.04074, 0.16569, 0.05198, 0.09466, 0.47438, 0.03768, 0.89903, 0.08977, 0.04932, 0.85665, 0.0303, 0.04299, 0.10036, 0.05211, 0.82491, 0.04345, 0.09208, 0.04299, 0.63395, 0.64617, 0.15861, 0.73839, 0.03066, 0.0809, 0.03816, 0.67328, 0.88534, 0.12311, 0.04299, 0.19172, 0.92456, 0.11732, 0.20367, 0.08839, 0.16767, 0.07685, 0.03359, 0.0361, 0.67766, 0.09471, 0.78747, 0.8948, 0.06665, 0.93429, 0.04257, 0.52089, 0.76718, 0.05315, 0.04774, 0.03553, 0.03444, 0.75092, 0.04134, 0.02851, 0.0311, 0.0261, 0.09745, 0.02752, 0.03821, 0.44553, 0.58809, 0.04057, 0.28501, 0.03748, 0.23067, 0.03069, 0.31476, 0.02932, 0.44549, 0.27337, 0.66251, 0.91461, 0.1625, 0.03524, 0.02853, 0.23491, 0.04299, 0.07708, 0.93079, 0.93737, 0.05116, 0.04415, 0.05121, 0.18236, 0.65637, 0.19697, 0.06048, 0.07361, 0.20844, 0.0315, 0.03807, 0.58909, 0.45381, 0.25783, 0.04457, 0.74984, 0.46723, 0.34277, 0.82787, 0.06852, 0.02825, 0.04299, 0.03741, 0.07378, 0.03207, 0.0323, 0.02737, 0.44421, 0.26021, 0.03784, 0.06101, 0.81775, 0.02844, 0.77406, 0.85445, 0.03295, 0.78476, 0.92879, 0.45346, 0.2319, 0.6646, 0.0553, 0.77836, 0.04152, 0.04782, 0.79393, 0.03376, 0.07413, 0.2976, 0.07074, 0.04299, 0.70275, 0.60889, 0.23545, 0.05994, 0.03328, 0.12067, 0.04048, 0.75568, 0.037, 0.05999, 0.148, 0.04299, 0.05049, 0.0296, 0.11229, 0.07268, 0.02876, 0.06294, 0.49371, 0.1808, 0.0399, 0.53703, 0.77945, 0.48773, 0.38948, 0.36489, 0.03536, 0.05958, 0.90964, 0.0338, 0.69519, 0.06797, 0.52694, 0.90966, 0.02641, 0.52128, 0.11019, 0.08394, 0.03792, 0.03025, 0.038, 0.08789, 0.03018, 0.03298, 0.17821, 0.03914, 0.39789, 0.68544, 0.71914, 0.13439, 0.90281, 0.75521, 0.04299, 0.39472, 0.04237, 0.07138, 0.86141, 0.81442, 0.14336, 0.83045, 0.68461, 0.16321, 0.04067, 0.03157, 0.62434, 0.0422, 0.21079, 0.36883, 0.03934, 0.03333, 0.76406, 0.0355, 0.0266, 0.66859, 0.91204, 0.04271, 0.03677, 0.04299, 0.05289, 0.22853, 0.0328, 0.80426, 0.86878, 0.08209, 0.68481, 0.22166, 0.05509, 0.83604, 0.38525, 0.39679, 0.02586, 0.04039, 0.35698, 0.74795, 0.25186, 0.07686, 0.03406, 0.03349, 0.06667, 0.03279, 0.44586, 0.10412, 0.12928, 0.88262, 0.21157, 0.2764, 0.49834, 0.77625, 0.02917, 0.05636, 0.14623, 0.94013, 0.03444, 0.0514, 0.05604, 0.04159, 0.31111, 0.03858, 0.59333, 0.15256, 0.031, 0.08045, 0.05356, 0.06243, 0.07043, 0.72103, 0.88092, 0.0311, 0.6069, 0.80812, 0.13515, 0.90263, 0.8832, 0.03002, 0.06511, 0.38217, 0.02962, 0.52967, 0.26936, 0.90236, 0.8842, 0.0323, 0.79713, 0.02586, 0.06726, 0.66284, 0.03783, 0.04017, 0.91555, 0.91391, 0.02959, 0.85817, 0.66193, 0.36022, 0.51146, 0.0643, 0.03934, 0.04067, 0.6289, 0.62661, 0.84246, 0.03472, 0.03656, 0.04221, 0.09457, 0.02972, 0.15515, 0.02808, 0.0637, 0.10596, 0.08392, 0.92152, 0.14467, 0.74412, 0.44217, 0.12403, 0.75518, 0.05885, 0.65534, 0.02687, 0.35857, 0.89511, 0.92432, 0.04047, 0.92137, 0.71409, 0.03083, 0.04847, 0.86408, 0.26851, 0.91541, 0.74702, 0.06161, 0.05662, 0.03017, 0.28963, 0.78222, 0.89421, 0.03124, 0.68911, 0.84094, 0.1491, 0.85796, 0.17698, 0.03709, 0.03095, 0.4695, 0.03277, 0.03717, 0.60517, 0.03393, 0.16427, 0.35698, 0.84077, 0.02911, 0.91365, 0.03314, 0.0776, 0.05936, 0.76406, 0.48926, 0.82923, 0.03376, 0.77821, 0.06923, 0.7827, 0.80168, 0.07034, 0.54238, 0.88927, 0.04299, 0.19838, 0.12907, 0.08532, 0.16219, 0.841, 0.6836, 0.03481, 0.49879, 0.04299, 0.4619, 0.32402, 0.14258, 0.84019, 0.42863, 0.76629, 0.33638, 0.90902, 0.05962, 0.20961, 0.57868, 0.71819, 0.58154, 0.30123, 0.90928, 0.02808, 0.04988, 0.07332, 0.04365, 0.80899, 0.02541, 0.6132, 0.45131, 0.05269, 0.02794, 0.03236, 0.05457, 0.87485, 0.88229, 0.66757, 0.86954, 0.03031, 0.73342, 0.4043, 0.91308, 0.59744, 0.57224, 0.85522, 0.05384, 0.0401, 0.33461, 0.14219, 0.03158, 0.35656, 0.17159, 0.03623, 0.6928, 0.58711, 0.02874, 0.69523], "labels": [0, 0, 0, 0, 0, 0, 0, 0, 0, 0, 0, 0, 0, 0, 1, 0, 0, 1, 0, 0, 0, 0, 0, 1, 1, 1, 1, 1, 1, 0, 1, 0, 1, 1, 1, 0, 1, 0, 0, 1, 0, 0, 1, 0, 0, 0, 0, 0, 0, 1, 0, 0, 0, 1, 0, 0, 0, 0, 1, 0, 0, 0, 0, 1, 0, 0, 0, 0, 1, 1, 1, 0, 0, 0, 0, 1, 0, 0, 0, 1, 0, 1, 1, 0, 0, 0, 1, 0, 1, 0, 0, 0, 0, 0, 0, 0, 0, 1, 0, 0, 0, 1, 0, 1, 0, 0, 1, 0, 0, 0, 0, 0, 0, 0, 0, 0, 0, 0, 1, 0, 0, 0, 1, 1, 0, 0, 0, 0, 0, 0, 0, 0, 0, 1, 1, 0, 0, 1, 0, 0, 0, 0, 1, 1, 1, 0, 0, 0, 1, 0, 0, 0, 0, 0, 0, 1, 0, 0, 0, 1, 1, 1, 0, 1, 0, 0, 0, 0, 0, 0, 0, 1, 0, 0, 1, 0, 0, 0, 0, 0, 0, 0, 0, 0, 1, 0, 0, 0, 0, 0, 0, 1, 0, 1, 0, 1, 1, 0, 0, 0, 0, 0, 0, 0, 1, 1, 0, 0, 1, 0, 1, 0, 1, 0, 0, 0, 1, 0, 0, 0, 1, 0, 0, 0, 1, 0, 0, 0, 0, 0, 0, 0, 0, 0, 0, 1, 1, 0, 0, 0, 0, 0, 0, 1, 1, 0, 0, 0, 0, 0, 0, 0, 0, 1, 0, 0, 0, 0, 1, 0, 1, 0, 0, 0, 0, 0, 0, 0, 0, 0, 0, 0, 0, 1, 0, 0, 0, 0, 1, 1, 0, 1, 1, 0, 0, 1, 0, 1, 0, 0, 1, 0, 0, 1, 0, 0, 0, 1, 0, 0, 0, 0, 0, 0, 0, 0, 0, 1, 0, 0, 0, 0, 0, 0, 1, 1, 0, 0, 0, 0, 1, 1, 0, 0, 1, 0, 1, 0, 1, 1, 0, 0, 0, 0, 0, 0, 0, 1, 0, 0, 0, 0, 0, 0, 0, 0, 1, 0, 0, 0, 0, 0, 1, 0, 0, 1, 0, 1, 0, 0, 1, 0, 0, 0, 0, 0, 1, 0, 0, 1, 1, 0, 0, 0, 0, 0, 0, 1, 1, 0, 1, 0, 0, 1, 1, 1, 0, 0, 1, 1, 0, 0, 0, 0, 0, 0, 0, 0, 0, 1, 1, 1, 0, 1, 0, 0, 0, 1, 0, 0, 0, 0, 0, 0, 0, 0, 0, 1, 0, 1, 0, 0, 1, 0, 0, 0, 1, 1, 1, 0, 0, 0, 0, 0, 0, 1, 1, 0, 1, 0, 0, 0, 0, 0, 1, 1, 0, 1, 0, 1, 0, 0, 0, 0, 0, 0, 0, 0, 0, 0, 0, 0, 0, 0, 0, 0, 0, 1, 0, 1, 0, 0, 1, 1, 1, 0, 0, 1, 0, 0, 1, 1, 0, 0, 1, 0, 1, 1, 0, 0, 0, 0, 1, 1, 0, 1, 0, 0, 1, 0, 0, 0, 0, 0, 0, 0, 0, 0, 0, 1, 0, 1, 0, 0, 0, 1, 0, 1, 0, 0, 0, 1, 0, 0, 0, 0, 0, 0, 0, 0, 0, 0, 0, 0, 1, 0, 0, 1, 1, 1, 0, 0, 0, 1, 0, 0, 0, 1, 0, 1, 1, 0, 0, 0, 0, 1, 0, 0, 0, 0, 0, 0, 0, 1, 1, 1, 1, 0, 0, 0, 1, 1, 0, 0, 0, 0, 0, 0, 0, 0, 0, 0, 0, 1, 0, 1], "n": {"train": 3400, "val": 600, "test": 586, "toxic_frac": 0.23911764705882352}}