{"model": "google/muril-base-cased", "dataset": "dravidian_kannada", "train_config": "ce", "seed": 2024, "thr_cal": 0.6359308421611787, "metrics_05": {"macro": 0.7109262797697101, "toxf1": 0.6359447004608295, "prec": 0.5036496350364964, "rec": 0.8625, "prauc": 0.7130226416071531, "ece": 0.2050439234721274, "covert": 0.8432432432432433}, "metrics_cal": {"macro": 0.7482817869415808, "toxf1": 0.6666666666666666, "prec": 0.559322033898305, "rec": 0.825, "prauc": 0.7130226416071531, "ece": 0.2050439234721274, "covert": 0.8539325842696629}, "probs": [0.1017, 0.69907, 0.86763, 0.23739, 0.77622, 0.67221, 0.41784, 0.05557, 0.06873, 0.09316, 0.25287, 0.32707, 0.03841, 0.60786, 0.89758, 0.10588, 0.51312, 0.86123, 0.04739, 0.95945, 0.63292, 0.19068, 0.79889, 0.79564, 0.96392, 0.6481, 0.95982, 0.36151, 0.71709, 0.92197, 0.96566, 0.88813, 0.49421, 0.34496, 0.9596, 0.07909, 0.29935, 0.04344, 0.92203, 0.18161, 0.55789, 0.04336, 0.95161, 0.50852, 0.53019, 0.09876, 0.23, 0.25763, 0.04832, 0.51914, 0.93509, 0.39658, 0.04382, 0.91525, 0.43158, 0.87818, 0.03006, 0.44181, 0.38603, 0.86189, 0.22876, 0.32193, 0.28481, 0.69177, 0.05026, 0.25784, 0.1155, 0.65125, 0.91221, 0.96187, 0.67953, 0.04687, 0.35474, 0.86636, 0.45277, 0.7724, 0.20081, 0.56514, 0.85541, 0.9475, 0.35427, 0.9138, 0.33892, 0.90611, 0.55028, 0.05823, 0.92805, 0.07675, 0.88532, 0.05905, 0.07004, 0.30278, 0.07488, 0.76235, 0.04101, 0.21819, 0.08772, 0.03376, 0.05179, 0.05658, 0.03912, 0.94364, 0.29881, 0.93159, 0.56803, 0.22344, 0.86059, 0.10862, 0.13888, 0.46531, 0.55823, 0.28956, 0.03614, 0.09632, 0.18049, 0.05092, 0.49421, 0.08915, 0.83233, 0.96546, 0.38062, 0.05753, 0.87451, 0.62784, 0.19116, 0.72416, 0.23, 0.82185, 0.03155, 0.81639, 0.92142, 0.08176, 0.04721, 0.85258, 0.95705, 0.61399, 0.04023, 0.96596, 0.11039, 0.90875, 0.03546, 0.53657, 0.80685, 0.92654, 0.94972, 0.4518, 0.63342, 0.88851, 0.80267, 0.43031, 0.03019, 0.08278, 0.89466, 0.73248, 0.44036, 0.83454, 0.08256, 0.7902, 0.57807, 0.85509, 0.82673, 0.39887, 0.05958, 0.30262, 0.30989, 0.05653, 0.37475, 0.09547, 0.10855, 0.80328, 0.05054, 0.93041, 0.42706, 0.26061, 0.9568, 0.04199, 0.23, 0.24824, 0.05502, 0.83756, 0.18283, 0.15847, 0.23, 0.88619, 0.8981, 0.42056, 0.94165, 0.11561, 0.31813, 0.13643, 0.89524, 0.96596, 0.39415, 0.23, 0.8481, 0.95817, 0.43722, 0.68422, 0.8361, 0.60763, 0.1955, 0.05235, 0.13262, 0.86851, 0.64657, 0.73687, 0.92264, 0.17119, 0.91741, 0.11014, 0.94704, 0.92739, 0.12172, 0.04925, 0.109, 0.04433, 0.94332, 0.61522, 0.04274, 0.09333, 0.03687, 0.18866, 0.03811, 0.49957, 0.91013, 0.77226, 0.05873, 0.40458, 0.08448, 0.45366, 0.03383, 0.60355, 0.06207, 0.83554, 0.42716, 0.9371, 0.96555, 0.36134, 0.05602, 0.06849, 0.80519, 0.23, 0.1576, 0.96485, 0.95376, 0.09347, 0.07575, 0.78939, 0.49772, 0.86568, 0.54171, 0.14424, 0.15375, 0.4844, 0.05119, 0.10367, 0.7104, 0.859, 0.48375, 0.25208, 0.90329, 0.56803, 0.57313, 0.80194, 0.21462, 0.04423, 0.23, 0.0553, 0.10105, 0.03145, 0.09779, 0.07368, 0.89356, 0.81396, 0.0453, 0.44235, 0.83971, 0.03505, 0.96098, 0.95897, 0.03668, 0.93086, 0.9452, 0.83784, 0.53904, 0.88307, 0.19051, 0.8741, 0.04527, 0.16345, 0.80533, 0.03298, 0.22976, 0.92989, 0.37644, 0.23, 0.8546, 0.90652, 0.35216, 0.06649, 0.04586, 0.19451, 0.05606, 0.87588, 0.04192, 0.09415, 0.20517, 0.23, 0.07029, 0.03574, 0.44259, 0.10621, 0.03679, 0.08086, 0.94112, 0.76423, 0.0669, 0.92625, 0.91827, 0.4842, 0.65569, 0.80377, 0.04171, 0.07894, 0.95807, 0.06371, 0.85639, 0.19667, 0.90677, 0.88253, 0.03965, 0.5517, 0.11689, 0.58442, 0.04817, 0.13312, 0.07236, 0.47716, 0.04195, 0.05173, 0.23588, 0.32321, 0.92105, 0.40456, 0.68521, 0.62268, 0.96187, 0.95887, 0.23, 0.45577, 0.14155, 0.21607, 0.84452, 0.95012, 0.48694, 0.62644, 0.9579, 0.80412, 0.0781, 0.04481, 0.82332, 0.10555, 0.44339, 0.84996, 0.35342, 0.09558, 0.94428, 0.07859, 0.04242, 0.85422, 0.96501, 0.11636, 0.04517, 0.23, 0.08311, 0.62538, 0.05014, 0.94866, 0.94817, 0.36394, 0.88263, 0.40606, 0.27596, 0.93732, 0.67778, 0.71983, 0.03061, 0.25536, 0.56526, 0.87585, 0.3001, 0.39073, 0.1007, 0.04815, 0.13623, 0.03856, 0.80831, 0.34329, 0.42051, 0.95369, 0.79977, 0.76522, 0.82375, 0.73969, 0.06659, 0.34352, 0.4442, 0.96661, 0.05206, 0.29169, 0.2141, 0.04455, 0.88604, 0.05971, 0.72643, 0.87471, 0.10337, 0.59875, 0.07661, 0.24423, 0.23528, 0.91655, 0.93483, 0.0455, 0.82669, 0.85083, 0.46805, 0.94383, 0.96438, 0.03874, 0.12109, 0.85238, 0.0569, 0.93693, 0.52008, 0.93043, 0.92339, 0.03868, 0.94212, 0.04179, 0.43231, 0.84445, 0.08775, 0.07511, 0.96545, 0.95524, 0.03954, 0.95604, 0.87424, 0.86766, 0.43279, 0.13469, 0.06976, 0.07979, 0.8129, 0.78556, 0.91869, 0.04985, 0.05487, 0.13307, 0.20571, 0.04472, 0.29712, 0.04177, 0.17817, 0.08106, 0.13849, 0.88573, 0.66509, 0.91231, 0.81883, 0.2127, 0.93699, 0.06244, 0.94349, 0.03182, 0.71024, 0.8398, 0.83807, 0.05517, 0.96608, 0.84954, 0.03978, 0.12286, 0.9099, 0.6023, 0.90306, 0.8692, 0.17873, 0.22305, 0.07013, 0.53519, 0.87844, 0.95838, 0.04433, 0.90203, 0.94103, 0.30996, 0.924, 0.44215, 0.04919, 0.0407, 0.41855, 0.04986, 0.03857, 0.93933, 0.08556, 0.18659, 0.66314, 0.88264, 0.06361, 0.94716, 0.07203, 0.6354, 0.13933, 0.90976, 0.7474, 0.93216, 0.17372, 0.93773, 0.10971, 0.94975, 0.78466, 0.17083, 0.68871, 0.88566, 0.23, 0.59171, 0.35651, 0.10578, 0.43741, 0.91943, 0.91366, 0.08469, 0.90419, 0.23, 0.77307, 0.42523, 0.61867, 0.80664, 0.81148, 0.77487, 0.56082, 0.89361, 0.07226, 0.64508, 0.71197, 0.9448, 0.71233, 0.91785, 0.96538, 0.03874, 0.06028, 0.1683, 0.04708, 0.96679, 0.03101, 0.85043, 0.9097, 0.21561, 0.03663, 0.06248, 0.1951, 0.93027, 0.85538, 0.7731, 0.8112, 0.04274, 0.79839, 0.68851, 0.95514, 0.94867, 0.8565, 0.94464, 0.17862, 0.04109, 0.6075, 0.65391, 0.0396, 0.82104, 0.86918, 0.05012, 0.87018, 0.88041, 0.03466, 0.77514], "labels": [0, 0, 0, 0, 0, 0, 0, 0, 0, 0, 0, 0, 0, 0, 1, 0, 0, 1, 0, 0, 0, 0, 0, 1, 1, 1, 1, 1, 1, 0, 1, 0, 1, 1, 1, 0, 1, 0, 0, 1, 0, 0, 1, 0, 0, 0, 0, 0, 0, 1, 0, 0, 0, 1, 0, 0, 0, 0, 1, 0, 0, 0, 0, 1, 0, 0, 0, 0, 1, 1, 1, 0, 0, 0, 0, 1, 0, 0, 0, 1, 0, 1, 1, 0, 0, 0, 1, 0, 1, 0, 0, 0, 0, 0, 0, 0, 0, 1, 0, 0, 0, 1, 0, 1, 0, 0, 1, 0, 0, 0, 0, 0, 0, 0, 0, 0, 0, 0, 1, 0, 0, 0, 1, 1, 0, 0, 0, 0, 0, 0, 0, 0, 0, 1, 1, 0, 0, 1, 0, 0, 0, 0, 1, 1, 1, 0, 0, 0, 1, 0, 0, 0, 0, 0, 0, 1, 0, 0, 0, 1, 1, 1, 0, 1, 0, 0, 0, 0, 0, 0, 0, 1, 0, 0, 1, 0, 0, 0, 0, 0, 0, 0, 0, 0, 1, 0, 0, 0, 0, 0, 0, 1, 0, 1, 0, 1, 1, 0, 0, 0, 0, 0, 0, 0, 1, 1, 0, 0, 1, 0, 1, 0, 1, 0, 0, 0, 1, 0, 0, 0, 1, 0, 0, 0, 1, 0, 0, 0, 0, 0, 0, 0, 0, 0, 0, 1, 1, 0, 0, 0, 0, 0, 0, 1, 1, 0, 0, 0, 0, 0, 0, 0, 0, 1, 0, 0, 0, 0, 1, 0, 1, 0, 0, 0, 0, 0, 0, 0, 0, 0, 0, 0, 0, 1, 0, 0, 0, 0, 1, 1, 0, 1, 1, 0, 0, 1, 0, 1, 0, 0, 1, 0, 0, 1, 0, 0, 0, 1, 0, 0, 0, 0, 0, 0, 0, 0, 0, 1, 0, 0, 0, 0, 0, 0, 1, 1, 0, 0, 0, 0, 1, 1, 0, 0, 1, 0, 1, 0, 1, 1, 0, 0, 0, 0, 0, 0, 0, 1, 0, 0, 0, 0, 0, 0, 0, 0, 1, 0, 0, 0, 0, 0, 1, 0, 0, 1, 0, 1, 0, 0, 1, 0, 0, 0, 0, 0, 1, 0, 0, 1, 1, 0, 0, 0, 0, 0, 0, 1, 1, 0, 1, 0, 0, 1, 1, 1, 0, 0, 1, 1, 0, 0, 0, 0, 0, 0, 0, 0, 0, 1, 1, 1, 0, 1, 0, 0, 0, 1, 0, 0, 0, 0, 0, 0, 0, 0, 0, 1, 0, 1, 0, 0, 1, 0, 0, 0, 1, 1, 1, 0, 0, 0, 0, 0, 0, 1, 1, 0, 1, 0, 0, 0, 0, 0, 1, 1, 0, 1, 0, 1, 0, 0, 0, 0, 0, 0, 0, 0, 0, 0, 0, 0, 0, 0, 0, 0, 0, 1, 0, 1, 0, 0, 1, 1, 1, 0, 0, 1, 0, 0, 1, 1, 0, 0, 1, 0, 1, 1, 0, 0, 0, 0, 1, 1, 0, 1, 0, 0, 1, 0, 0, 0, 0, 0, 0, 0, 0, 0, 0, 1, 0, 1, 0, 0, 0, 1, 0, 1, 0, 0, 0, 1, 0, 0, 0, 0, 0, 0, 0, 0, 0, 0, 0, 0, 1, 0, 0, 1, 1, 1, 0, 0, 0, 1, 0, 0, 0, 1, 0, 1, 1, 0, 0, 0, 0, 1, 0, 0, 0, 0, 0, 0, 0, 1, 1, 1, 1, 0, 0, 0, 1, 1, 0, 0, 0, 0, 0, 0, 0, 0, 0, 0, 0, 1, 0, 1], "n": {"train": 3400, "val": 600, "test": 586, "toxic_frac": 0.23911764705882352}}