{"model": "google/muril-base-cased", "dataset": "dravidian_kannada", "train_config": "ce", "seed": 99, "thr_cal": 0.2640727043151856, "metrics_05": {"macro": 0.776379749995542, "toxf1": 0.6805970149253732, "prec": 0.6514285714285715, "rec": 0.7125, "prauc": 0.7497494949514598, "ece": 0.0684667315855368, "covert": 0.8705882352941177}, "metrics_cal": {"macro": 0.7361841504312763, "toxf1": 0.649746192893401, "prec": 0.5470085470085471, "rec": 0.8, "prauc": 0.7497494949514598, "ece": 0.0684667315855368, "covert": 0.8863636363636364}, "probs": [0.08941, 0.44379, 0.481, 0.08373, 0.06409, 0.43121, 0.25087, 0.02581, 0.03959, 0.03442, 0.19635, 0.06962, 0.02424, 0.11923, 0.14267, 0.02878, 0.3958, 0.86348, 0.02692, 0.44187, 0.13385, 0.04816, 0.86624, 0.35718, 0.95555, 0.39352, 0.95169, 0.75874, 0.49493, 0.45914, 0.9586, 0.54632, 0.06307, 0.24336, 0.72624, 0.0382, 0.10876, 0.02742, 0.33118, 0.03948, 0.35064, 0.02404, 0.90105, 0.13306, 0.20107, 0.11164, 0.09934, 0.03704, 0.04024, 0.14022, 0.66217, 0.16228, 0.03037, 0.75712, 0.06837, 0.21398, 0.02098, 0.13481, 0.11582, 0.74655, 0.12077, 0.07738, 0.11721, 0.76263, 0.03212, 0.09129, 0.02274, 0.04952, 0.57405, 0.94962, 0.11131, 0.02323, 0.17811, 0.14835, 0.31791, 0.77972, 0.15458, 0.10559, 0.54791, 0.63541, 0.05045, 0.932, 0.03038, 0.31499, 0.25024, 0.02207, 0.84294, 0.02, 0.87812, 0.03152, 0.01838, 0.08849, 0.03577, 0.2821, 0.02287, 0.10348, 0.04092, 0.02286, 0.05064, 0.0318, 0.01962, 0.8687, 0.06733, 0.90776, 0.77635, 0.1138, 0.85574, 0.04714, 0.03031, 0.27792, 0.72643, 0.19067, 0.0238, 0.04699, 0.04279, 0.02163, 0.06307, 0.03491, 0.2688, 0.86951, 0.07158, 0.03646, 0.89246, 0.41611, 0.1743, 0.03146, 0.09934, 0.72928, 0.02225, 0.28837, 0.86067, 0.05869, 0.02427, 0.68742, 0.8758, 0.28976, 0.02315, 0.95247, 0.0331, 0.6036, 0.01988, 0.08832, 0.37802, 0.89975, 0.89934, 0.4285, 0.4035, 0.77439, 0.89263, 0.15378, 0.01856, 0.04611, 0.7932, 0.46903, 0.05222, 0.66321, 0.03106, 0.88372, 0.34173, 0.74388, 0.75822, 0.49732, 0.02434, 0.16487, 0.06625, 0.02721, 0.13389, 0.03386, 0.0526, 0.36048, 0.03243, 0.91232, 0.07137, 0.09686, 0.93079, 0.02095, 0.09934, 0.22575, 0.03558, 0.74854, 0.05583, 0.04983, 0.09934, 0.86881, 0.78043, 0.12609, 0.74549, 0.02689, 0.0834, 0.06236, 0.89999, 0.89877, 0.10506, 0.09934, 0.65236, 0.93394, 0.14374, 0.37005, 0.17441, 0.40979, 0.05269, 0.03301, 0.04044, 0.34262, 0.06676, 0.51624, 0.9269, 0.04535, 0.9479, 0.03522, 0.90625, 0.74948, 0.07725, 0.04254, 0.03727, 0.03322, 0.7356, 0.02284, 0.02734, 0.03003, 0.01884, 0.16535, 0.02305, 0.53199, 0.55481, 0.10559, 0.02826, 0.7148, 0.02319, 0.30076, 0.02394, 0.12963, 0.03742, 0.65044, 0.31845, 0.65409, 0.95774, 0.04307, 0.0231, 0.02331, 0.17619, 0.09934, 0.07175, 0.95389, 0.94703, 0.02782, 0.04016, 0.07035, 0.1303, 0.58957, 0.34903, 0.03438, 0.05558, 0.07368, 0.02754, 0.02853, 0.89868, 0.06057, 0.14489, 0.05457, 0.51877, 0.77635, 0.27908, 0.56646, 0.04053, 0.02148, 0.09934, 0.02106, 0.03522, 0.02809, 0.03799, 0.0316, 0.73244, 0.53029, 0.07126, 0.08513, 0.82289, 0.01979, 0.92644, 0.88765, 0.02468, 0.79832, 0.9267, 0.3822, 0.14501, 0.32408, 0.05708, 0.52972, 0.02468, 0.04598, 0.86119, 0.02182, 0.06936, 0.47462, 0.03866, 0.09934, 0.73716, 0.29505, 0.19434, 0.06125, 0.02509, 0.06803, 0.03899, 0.70536, 0.02313, 0.03163, 0.13063, 0.09934, 0.03842, 0.02765, 0.08542, 0.06828, 0.02303, 0.04224, 0.84559, 0.21567, 0.0205, 0.43981, 0.6108, 0.16788, 0.35573, 0.6992, 0.0291, 0.07571, 0.91702, 0.02654, 0.78353, 0.04375, 0.46623, 0.93052, 0.02466, 0.11236, 0.10683, 0.2588, 0.03545, 0.05988, 0.02786, 0.18336, 0.02905, 0.02968, 0.0861, 0.04754, 0.30774, 0.23287, 0.21954, 0.08866, 0.90103, 0.77224, 0.09934, 0.14629, 0.02883, 0.11774, 0.83163, 0.9142, 0.30603, 0.83735, 0.46403, 0.92187, 0.02473, 0.0252, 0.09324, 0.04049, 0.45429, 0.35883, 0.09817, 0.03554, 0.85463, 0.0248, 0.02011, 0.27653, 0.95727, 0.03214, 0.03045, 0.09934, 0.03976, 0.08326, 0.0223, 0.56763, 0.87223, 0.07018, 0.78629, 0.12293, 0.07134, 0.89554, 0.25063, 0.51126, 0.02119, 0.03584, 0.08717, 0.82467, 0.19748, 0.04178, 0.02801, 0.02981, 0.09069, 0.02705, 0.14211, 0.20036, 0.11907, 0.8844, 0.06435, 0.32874, 0.36638, 0.68396, 0.02926, 0.04193, 0.32773, 0.96101, 0.03623, 0.08475, 0.09, 0.03268, 0.34163, 0.0548, 0.27969, 0.73588, 0.02996, 0.02419, 0.0526, 0.12785, 0.04495, 0.90284, 0.69435, 0.0239, 0.65353, 0.58118, 0.26153, 0.92159, 0.95287, 0.02598, 0.02643, 0.25588, 0.02983, 0.91581, 0.22787, 0.94656, 0.74343, 0.03907, 0.90285, 0.02581, 0.18771, 0.32095, 0.02552, 0.04077, 0.95459, 0.94089, 0.01727, 0.8805, 0.31439, 0.24264, 0.29603, 0.06856, 0.02948, 0.03864, 0.49531, 0.22786, 0.80089, 0.02339, 0.03281, 0.05798, 0.07849, 0.03144, 0.07797, 0.02631, 0.079, 0.07897, 0.03697, 0.93358, 0.64138, 0.85938, 0.52154, 0.10165, 0.52738, 0.04332, 0.78766, 0.01983, 0.17302, 0.93092, 0.64214, 0.03494, 0.93988, 0.74813, 0.02407, 0.04429, 0.90044, 0.20458, 0.91538, 0.81368, 0.07476, 0.03529, 0.02077, 0.0655, 0.83657, 0.86659, 0.02444, 0.73526, 0.78916, 0.13232, 0.84619, 0.68831, 0.02519, 0.02572, 0.18768, 0.03312, 0.0452, 0.72204, 0.02701, 0.10463, 0.05538, 0.83393, 0.02246, 0.93707, 0.04749, 0.02564, 0.04114, 0.89421, 0.81799, 0.84995, 0.03434, 0.80423, 0.032, 0.89778, 0.76263, 0.03487, 0.86351, 0.89467, 0.09934, 0.05975, 0.21587, 0.07117, 0.63226, 0.8091, 0.13495, 0.04886, 0.86421, 0.09934, 0.59157, 0.14644, 0.78612, 0.75347, 0.46997, 0.63938, 0.16931, 0.83212, 0.0335, 0.05944, 0.35038, 0.60348, 0.65706, 0.0716, 0.89426, 0.02483, 0.07772, 0.03606, 0.01987, 0.95382, 0.01964, 0.21549, 0.08681, 0.08219, 0.01905, 0.04069, 0.03482, 0.77055, 0.83187, 0.85614, 0.86551, 0.04122, 0.7429, 0.25243, 0.91035, 0.92574, 0.7847, 0.83052, 0.04937, 0.03103, 0.20545, 0.04872, 0.02687, 0.27884, 0.75165, 0.02293, 0.36675, 0.80051, 0.02179, 0.83129], "labels": [0, 0, 0, 0, 0, 0, 0, 0, 0, 0, 0, 0, 0, 0, 1, 0, 0, 1, 0, 0, 0, 0, 0, 1, 1, 1, 1, 1, 1, 0, 1, 0, 1, 1, 1, 0, 1, 0, 0, 1, 0, 0, 1, 0, 0, 0, 0, 0, 0, 1, 0, 0, 0, 1, 0, 0, 0, 0, 1, 0, 0, 0, 0, 1, 0, 0, 0, 0, 1, 1, 1, 0, 0, 0, 0, 1, 0, 0, 0, 1, 0, 1, 1, 0, 0, 0, 1, 0, 1, 0, 0, 0, 0, 0, 0, 0, 0, 1, 0, 0, 0, 1, 0, 1, 0, 0, 1, 0, 0, 0, 0, 0, 0, 0, 0, 0, 0, 0, 1, 0, 0, 0, 1, 1, 0, 0, 0, 0, 0, 0, 0, 0, 0, 1, 1, 0, 0, 1, 0, 0, 0, 0, 1, 1, 1, 0, 0, 0, 1, 0, 0, 0, 0, 0, 0, 1, 0, 0, 0, 1, 1, 1, 0, 1, 0, 0, 0, 0, 0, 0, 0, 1, 0, 0, 1, 0, 0, 0, 0, 0, 0, 0, 0, 0, 1, 0, 0, 0, 0, 0, 0, 1, 0, 1, 0, 1, 1, 0, 0, 0, 0, 0, 0, 0, 1, 1, 0, 0, 1, 0, 1, 0, 1, 0, 0, 0, 1, 0, 0, 0, 1, 0, 0, 0, 1, 0, 0, 0, 0, 0, 0, 0, 0, 0, 0, 1, 1, 0, 0, 0, 0, 0, 0, 1, 1, 0, 0, 0, 0, 0, 0, 0, 0, 1, 0, 0, 0, 0, 1, 0, 1, 0, 0, 0, 0, 0, 0, 0, 0, 0, 0, 0, 0, 1, 0, 0, 0, 0, 1, 1, 0, 1, 1, 0, 0, 1, 0, 1, 0, 0, 1, 0, 0, 1, 0, 0, 0, 1, 0, 0, 0, 0, 0, 0, 0, 0, 0, 1, 0, 0, 0, 0, 0, 0, 1, 1, 0, 0, 0, 0, 1, 1, 0, 0, 1, 0, 1, 0, 1, 1, 0, 0, 0, 0, 0, 0, 0, 1, 0, 0, 0, 0, 0, 0, 0, 0, 1, 0, 0, 0, 0, 0, 1, 0, 0, 1, 0, 1, 0, 0, 1, 0, 0, 0, 0, 0, 1, 0, 0, 1, 1, 0, 0, 0, 0, 0, 0, 1, 1, 0, 1, 0, 0, 1, 1, 1, 0, 0, 1, 1, 0, 0, 0, 0, 0, 0, 0, 0, 0, 1, 1, 1, 0, 1, 0, 0, 0, 1, 0, 0, 0, 0, 0, 0, 0, 0, 0, 1, 0, 1, 0, 0, 1, 0, 0, 0, 1, 1, 1, 0, 0, 0, 0, 0, 0, 1, 1, 0, 1, 0, 0, 0, 0, 0, 1, 1, 0, 1, 0, 1, 0, 0, 0, 0, 0, 0, 0, 0, 0, 0, 0, 0, 0, 0, 0, 0, 0, 1, 0, 1, 0, 0, 1, 1, 1, 0, 0, 1, 0, 0, 1, 1, 0, 0, 1, 0, 1, 1, 0, 0, 0, 0, 1, 1, 0, 1, 0, 0, 1, 0, 0, 0, 0, 0, 0, 0, 0, 0, 0, 1, 0, 1, 0, 0, 0, 1, 0, 1, 0, 0, 0, 1, 0, 0, 0, 0, 0, 0, 0, 0, 0, 0, 0, 0, 1, 0, 0, 1, 1, 1, 0, 0, 0, 1, 0, 0, 0, 1, 0, 1, 1, 0, 0, 0, 0, 1, 0, 0, 0, 0, 0, 0, 0, 1, 1, 1, 1, 0, 0, 0, 1, 1, 0, 0, 0, 0, 0, 0, 0, 0, 0, 0, 0, 1, 0, 1], "n": {"train": 3400, "val": 600, "test": 586, "toxic_frac": 0.23911764705882352}}