{"model": "google/muril-base-cased", "dataset": "dravidian_malayalam", "train_config": "supcon", "seed": 2024, "thr_cal": 0.1953244477510433, "metrics_05": {"macro": 0.6615510946880168, "toxf1": 0.34408602150537637, "prec": 0.34782608695652173, "rec": 0.3404255319148936, "prauc": 0.299133715879603, "ece": 0.059693204691012705, "covert": 0.48}, "metrics_cal": {"macro": 0.6475563909774437, "toxf1": 0.32142857142857145, "prec": 0.27692307692307694, "rec": 0.3829787234042553, "prauc": 0.299133715879603, "ece": 0.059693204691012705, "covert": 0.4444444444444444}, "probs": [0.05821, 0.0581, 0.05465, 0.06415, 0.05875, 0.05542, 0.05624, 0.05505, 0.05907, 0.05805, 0.05981, 0.05748, 0.05596, 0.05711, 0.05766, 0.05781, 0.05374, 0.05549, 0.05691, 0.0562, 0.05965, 0.05728, 0.058, 0.05816, 0.05752, 0.05815, 0.08987, 0.05513, 0.05746, 0.06353, 0.05603, 0.05601, 0.05567, 0.05748, 0.96832, 0.05493, 0.09508, 0.05648, 0.05745, 0.05865, 0.05641, 0.05688, 0.0567, 0.05781, 0.96883, 0.05822, 0.05703, 0.05442, 0.05492, 0.05753, 0.05913, 0.05692, 0.05472, 0.05867, 0.06005, 0.05637, 0.06088, 0.05467, 0.05819, 0.05754, 0.05694, 0.05676, 0.05914, 0.05921, 0.05781, 0.07006, 0.05564, 0.05442, 0.05854, 0.05558, 0.07562, 0.05688, 0.05668, 0.05656, 0.05856, 0.05762, 0.05532, 0.11977, 0.05715, 0.05586, 0.06942, 0.05716, 0.05688, 0.05797, 0.05893, 0.05672, 0.05357, 0.0571, 0.05434, 0.05592, 0.05733, 0.05649, 0.05535, 0.0559, 0.05433, 0.05589, 0.05608, 0.05736, 0.10466, 0.05871, 0.05369, 0.05788, 0.05691, 0.05774, 0.05785, 0.05719, 0.05802, 0.05559, 0.05521, 0.05655, 0.05498, 0.05683, 0.05665, 0.05536, 0.05365, 0.05433, 0.10567, 0.05649, 0.05634, 0.0585, 0.79307, 0.93743, 0.05622, 0.21377, 0.05782, 0.05541, 0.05587, 0.05256, 0.05679, 0.05813, 0.057, 0.05715, 0.05757, 0.05469, 0.05469, 0.05432, 0.05524, 0.05761, 0.0566, 0.05424, 0.09995, 0.05802, 0.05569, 0.0545, 0.05688, 0.05705, 0.05557, 0.05621, 0.05715, 0.05656, 0.0562, 0.05714, 0.05357, 0.05845, 0.05615, 0.05807, 0.05758, 0.81529, 0.05693, 0.06536, 0.0557, 0.06395, 0.05883, 0.05618, 0.08658, 0.05685, 0.0568, 0.05895, 0.09135, 0.05694, 0.0552, 0.05729, 0.05289, 0.0623, 0.05764, 0.13533, 0.05704, 0.056, 0.0566, 0.05527, 0.0555, 0.05626, 0.05617, 0.14781, 0.12176, 0.05412, 0.05989, 0.05526, 0.06253, 0.05655, 0.0599, 0.05744, 0.96754, 0.06086, 0.05526, 0.08535, 0.05697, 0.05671, 0.05665, 0.05575, 0.05593, 0.05473, 0.05642, 0.05916, 0.05644, 0.05623, 0.05874, 0.05501, 0.07167, 0.05917, 0.05446, 0.05587, 0.05617, 0.05784, 0.05639, 0.05587, 0.96845, 0.05731, 0.05961, 0.06014, 0.05801, 0.07175, 0.05575, 0.17197, 0.05624, 0.06001, 0.05687, 0.05851, 0.05408, 0.14949, 0.0565, 0.05448, 0.05488, 0.05822, 0.08559, 0.08454, 0.05542, 0.05682, 0.05459, 0.0945, 0.0543, 0.05766, 0.05823, 0.05596, 0.05696, 0.05835, 0.06438, 0.05779, 0.05688, 0.05698, 0.05643, 0.08718, 0.05635, 0.05709, 0.91286, 0.05642, 0.05613, 0.05506, 0.05473, 0.05749, 0.0554, 0.05501, 0.0562, 0.15282, 0.07274, 0.05591, 0.05915, 0.08102, 0.08796, 0.0555, 0.05589, 0.05716, 0.05808, 0.05847, 0.05436, 0.05632, 0.05652, 0.05691, 0.0578, 0.05727, 0.06019, 0.05431, 0.05305, 0.05754, 0.05751, 0.05573, 0.08594, 0.05563, 0.05765, 0.0558, 0.05538, 0.05621, 0.15752, 0.0534, 0.05441, 0.05769, 0.05518, 0.05722, 0.05647, 0.05812, 0.05609, 0.05662, 0.05377, 0.05429, 0.05615, 0.05625, 0.05666, 0.05523, 0.05644, 0.13386, 0.05631, 0.05642, 0.05716, 0.07616, 0.95103, 0.05743, 0.16832, 0.05682, 0.05967, 0.0562, 0.05437, 0.05681, 0.0565, 0.05492, 0.05862, 0.0699, 0.05716, 0.07076, 0.05763, 0.05597, 0.05686, 0.36217, 0.06193, 0.05711, 0.05541, 0.057, 0.05423, 0.05602, 0.05846, 0.05545, 0.05623, 0.05738, 0.06226, 0.96533, 0.05707, 0.05791, 0.05372, 0.0573, 0.05663, 0.05919, 0.05609, 0.0551, 0.0556, 0.05706, 0.0536, 0.0879, 0.05685, 0.05654, 0.06017, 0.96793, 0.05649, 0.05364, 0.05629, 0.11406, 0.09897, 0.05792, 0.05684, 0.05602, 0.05681, 0.05719, 0.05449, 0.05474, 0.96904, 0.05698, 0.05551, 0.05686, 0.05673, 0.05631, 0.05593, 0.05805, 0.05654, 0.05649, 0.05697, 0.05523, 0.05409, 0.11464, 0.05647, 0.05659, 0.06051, 0.07378, 0.08394, 0.05869, 0.05435, 0.05536, 0.96862, 0.05695, 0.0566, 0.05826, 0.05836, 0.05575, 0.06231, 0.05611, 0.96773, 0.05703, 0.05539, 0.05905, 0.05495, 0.93827, 0.06679, 0.0555, 0.05548, 0.05638, 0.05696, 0.07402, 0.05316, 0.05386, 0.0586, 0.05712, 0.05712, 0.07901, 0.05551, 0.05794, 0.05742, 0.05727, 0.05822, 0.05675, 0.0583, 0.05606, 0.057, 0.0547, 0.05664, 0.05563, 0.05603, 0.05904, 0.05806, 0.05291, 0.05565, 0.05788, 0.05581, 0.05877, 0.05589, 0.05382, 0.05538, 0.05543, 0.08848, 0.05729, 0.0603, 0.05592, 0.13676, 0.05904, 0.1019, 0.05373, 0.05626, 0.0556, 0.0613, 0.19323, 0.05649, 0.05572, 0.19788, 0.16441, 0.05901, 0.05337, 0.05787, 0.05575, 0.05549, 0.05491, 0.05638, 0.05844, 0.05618, 0.05479, 0.08454, 0.05364, 0.07665, 0.05802, 0.07104, 0.05496, 0.05693, 0.05441, 0.89619, 0.05854, 0.05393, 0.06368, 0.08324, 0.05629, 0.05583, 0.05631, 0.05456, 0.05445, 0.05549, 0.05648, 0.15566, 0.05477, 0.0585, 0.05766, 0.05909, 0.05651, 0.0571, 0.05759, 0.06668, 0.05561, 0.05547, 0.05855, 0.0564, 0.06311, 0.05747, 0.05852, 0.0596, 0.05658, 0.05568, 0.05536, 0.05316, 0.0541, 0.05686, 0.09039, 0.05772, 0.05828, 0.05702, 0.05748, 0.05583, 0.05416, 0.05733, 0.05489, 0.05831, 0.05661, 0.0567, 0.06952, 0.05626, 0.05826, 0.05854, 0.057, 0.08929, 0.08077, 0.05675, 0.06567, 0.05668, 0.05534, 0.05471, 0.05567, 0.05421, 0.05625, 0.05941, 0.96194, 0.05547, 0.05905, 0.06166, 0.06411, 0.10524, 0.05731, 0.05915, 0.05804, 0.05658, 0.05928, 0.05877, 0.05612, 0.91953, 0.05458, 0.06926, 0.05808, 0.0562, 0.05619, 0.05727, 0.05573, 0.06003, 0.06812, 0.05425, 0.05429, 0.06285, 0.05472, 0.05492, 0.05515, 0.05673, 0.05223, 0.05708, 0.05679, 0.082, 0.05781, 0.05892, 0.05804, 0.0544, 0.05653, 0.06226, 0.05783, 0.06465, 0.11998, 0.05592, 0.08044, 0.05862, 0.05419, 0.062, 0.05615, 0.05387, 0.05594, 0.89468, 0.05704, 0.0586, 0.05632, 0.15457, 0.05377, 0.05779, 0.05501, 0.05719, 0.05625, 0.06871, 0.0578, 0.05545, 0.96478, 0.13582, 0.96798, 0.05383, 0.05438, 0.05502, 0.05468, 0.05496, 0.05253, 0.05473, 0.05512, 0.05514, 0.05636, 0.08647, 0.05396, 0.05752, 0.05813, 0.0549, 0.05848, 0.05468, 0.05531, 0.05678, 0.0577, 0.05772, 0.05455, 0.05697, 0.0575, 0.05743, 0.05651, 0.05561, 0.0716, 0.05654, 0.05338, 0.05461, 0.05692, 0.05649, 0.05568, 0.0662, 0.05799, 0.05703, 0.05474, 0.05482, 0.06336, 0.09052, 0.05449, 0.05489, 0.05776, 0.05681, 0.40762, 0.4951, 0.05437, 0.09515, 0.05645, 0.05935, 0.05753, 0.07476, 0.05536, 0.05988, 0.05682, 0.05615, 0.05772, 0.05785, 0.08356, 0.05597, 0.05849, 0.05816, 0.05737, 0.05765, 0.05661, 0.05742, 0.96866, 0.05551, 0.05591, 0.05808, 0.0575, 0.05582, 0.05799, 0.05686, 0.05946, 0.05474, 0.055, 0.11466, 0.0742, 0.06075, 0.08068, 0.05793, 0.0545, 0.45496, 0.05556, 0.05725, 0.05475, 0.05877, 0.0575, 0.05636, 0.93857, 0.96875, 0.05717, 0.06504, 0.05479, 0.05449, 0.05621, 0.08836, 0.05759, 0.05516, 0.0556, 0.92794, 0.05749, 0.05571, 0.05454, 0.05416, 0.05909, 0.05871, 0.10584, 0.05738, 0.05619, 0.06232, 0.05877, 0.08105, 0.05694, 0.05649, 0.05655, 0.0529, 0.05379, 0.05741, 0.05724, 0.0554, 0.05839, 0.05797, 0.61871, 0.05644, 0.05776, 0.05938, 0.06046, 0.05505, 0.05492, 0.054, 0.05745, 0.06242, 0.057, 0.05654, 0.92784, 0.05401, 0.05657, 0.0562, 0.05766, 0.05826, 0.05538, 0.05857, 0.05865, 0.0568, 0.0556, 0.05603, 0.05626, 0.96678, 0.0577, 0.05673, 0.05716, 0.0566, 0.05363, 0.05602, 0.05598, 0.06384, 0.05584, 0.05793, 0.05773, 0.05722, 0.0567, 0.05547, 0.05693, 0.05914, 0.0732, 0.05589, 0.05871, 0.38971, 0.05614, 0.05464, 0.0565, 0.05629, 0.12554, 0.05646, 0.05484, 0.05808, 0.05639, 0.05412, 0.0551, 0.06044, 0.05706, 0.75796, 0.07631, 0.05856, 0.05481, 0.05769, 0.05493, 0.05701, 0.05815, 0.05857, 0.05683, 0.0567, 0.05513, 0.0558, 0.05482, 0.05647, 0.05671, 0.07142, 0.05505, 0.05498, 0.08918, 0.05489, 0.05779, 0.0577, 0.08658, 0.05589, 0.05581, 0.05505, 0.05644, 0.05395, 0.05581, 0.05631, 0.05571, 0.05677, 0.05714, 0.05631, 0.05581, 0.06243, 0.0568, 0.05312, 0.05539, 0.05854, 0.05635, 0.05589, 0.05924, 