{"model": "google/muril-base-cased", "dataset": "hatexplain", "train_config": "ce", "seed": 2024, "thr_cal": 0.23078325390815735, "metrics_05": {"macro": 0.7474496555378909, "toxf1": 0.793918918918919, "prec": 0.816917728852839, "rec": 0.7721796276013143, "prauc": 0.8850056469888211, "ece": 0.11190867328147096, "covert": 0.8946058091286307}, "metrics_cal": {"macro": 0.7348113054432757, "toxf1": 0.8097713097713097, "prec": 0.7705242334322453, "rec": 0.8532311062431545, "prauc": 0.8850056469888211, "ece": 0.11190867328147096, "covert": 0.8980891719745223}, "probs": [0.11239, 0.0753, 0.05221, 0.66337, 0.09462, 0.92784, 0.97657, 0.05677, 0.2863, 0.0494, 0.0691, 0.08387, 0.08685, 0.16405, 0.58916, 0.04472, 0.07813, 0.07312, 0.97803, 0.08569, 0.05303, 0.61161, 0.04351, 0.20544, 0.70905, 0.86576, 0.96052, 0.08989, 0.048, 0.23083, 0.93888, 0.41497, 0.8443, 0.76162, 0.96521, 0.0369, 0.28453, 0.5919, 0.95173, 0.05295, 0.97656, 0.84957, 0.27668, 0.49224, 0.08033, 0.20826, 0.04593, 0.95136, 0.97083, 0.93079, 0.06088, 0.37558, 0.97541, 0.31172, 0.18431, 0.97587, 0.28943, 0.11782, 0.90355, 0.63961, 0.06531, 0.94319, 0.96974, 0.88475, 0.97066, 0.14425, 0.9725, 0.72089, 0.70096, 0.94215, 0.05405, 0.95931, 0.77848, 0.97102, 0.04943, 0.64314, 0.93032, 0.95649, 0.58313, 0.96797, 0.95754, 0.39368, 0.72157, 0.07915, 0.09115, 0.94741, 0.9749, 0.08182, 0.94563, 0.94219, 0.05021, 0.97306, 0.89045, 0.87067, 0.9591, 0.06726, 0.89233, 0.48442, 0.16859, 0.97524, 0.04482, 0.94493, 0.96979, 0.78761, 0.07696, 0.77351, 0.11597, 0.88043, 0.97123, 0.51692, 0.03872, 0.06205, 0.30825, 0.22141, 0.42232, 0.28231, 0.72685, 0.88702, 0.86668, 0.88391, 0.92424, 0.09658, 0.06156, 0.95284, 0.93154, 0.18277, 0.38508, 0.10443, 0.16259, 0.97622, 0.16167, 0.93724, 0.06419, 0.51377, 0.81138, 0.36846, 0.81576, 0.94794, 0.95452, 0.07012, 0.88988, 0.97518, 0.90299, 0.97339, 0.74674, 0.07442, 0.96524, 0.20187, 0.60736, 0.13797, 0.803, 0.26845, 0.96439, 0.60759, 0.96179, 0.8657, 0.9667, 0.88761, 0.15519, 0.959, 0.09415, 0.94624, 0.96084, 0.96465, 0.92095, 0.68579, 0.95393, 0.07434, 0.92892, 0.69416, 0.4083, 0.13114, 0.06966, 0.41832, 0.95697, 0.22809, 0.75956, 0.34036, 0.9746, 0.17626, 0.97323, 0.3759, 0.06896, 0.11827, 0.96228, 0.84072, 0.97242, 0.45582, 0.95723, 0.97548, 0.46392, 0.974, 0.93404, 0.96614, 0.89855, 0.82032, 0.95517, 0.95424, 0.9439, 0.07002, 0.96234, 0.06287, 0.10998, 0.07402, 0.91465, 0.17908, 0.19761, 0.44078, 0.71915, 0.53029, 0.06529, 0.04803, 0.4414, 0.93013, 0.81745, 0.18647, 0.0524, 0.12356, 0.95612, 0.38647, 0.61603, 0.09826, 0.89836, 0.97759, 0.06402, 0.97211, 0.91187, 0.13613, 0.55219, 0.88664, 0.96349, 0.79952, 0.64967, 0.96692, 0.95939, 0.12263, 0.96271, 0.708, 0.95707, 0.8983, 0.40835, 0.88028, 0.3576, 0.95508, 0.93655, 0.505, 0.15482, 0.05392, 0.06676, 0.08028, 0.63677, 0.97192, 0.33236, 0.97513, 0.07658, 0.91612, 0.95113, 0.06629, 0.0611, 0.94229, 0.17324, 0.967, 0.25433, 0.88779, 0.96561, 0.16928, 0.94381, 0.0453, 0.07513, 0.12745, 0.82312, 0.21636, 0.05229, 0.857, 0.07918, 0.17926, 0.95096, 0.97135, 0.97301, 0.94517, 0.97736, 0.97569, 0.9083, 0.95515, 0.96076, 0.94586, 0.25339, 0.92191, 0.04065, 0.1153, 0.07367, 0.09296, 0.04577, 0.34531, 0.96687, 0.48483, 0.9411, 0.04286, 0.90874, 0.07639, 0.67526, 0.07551, 0.57747, 0.97684, 0.97624, 0.40682, 0.95173, 0.95798, 0.1423, 0.06253, 0.92963, 0.88927, 0.93118, 0.84977, 0.26441, 0.89347, 0.9607, 0.05237, 0.94937, 0.97356, 0.11216, 0.04313, 0.89583, 0.91633, 0.06155, 0.95958, 0.19063, 0.28323, 0.967, 0.96735, 0.95018, 0.97504, 0.21431, 0.91863, 0.97401, 0.0784, 0.96244, 0.9788, 0.90783, 0.36687, 0.92363, 0.972, 0.57527, 0.89229, 0.06349, 0.96684, 0.04282, 0.25196, 0.10867, 0.58215, 0.07133, 0.85017, 0.28442, 0.775, 0.25949, 0.97476, 0.07024, 0.77929, 0.56635, 0.95307, 0.04954, 0.88298, 0.97488, 0.03328, 0.9749, 0.19755, 0.9726, 0.97499, 0.90823, 0.51777, 0.0955, 0.6891, 0.94582, 0.96392, 0.84641, 0.8887, 0.064, 0.94353, 0.96673, 0.96797, 0.96775, 0.96686, 0.16123, 0.97547, 0.06487, 0.11779, 0.07432, 0.04297, 0.77514, 0.96909, 0.94756, 0.71242, 0.12688, 0.72815, 0.93869, 0.95519, 0.12125, 0.86649, 0.93021, 0.38389, 0.85821, 0.25589, 0.85892, 0.27355, 0.19684, 0.87151, 0.91876, 0.96293, 0.11313, 0.03477, 0.85798, 0.08931, 0.20012, 0.08529, 0.09324, 0.9321, 0.05146, 0.81711, 0.96465, 0.40813, 0.94146, 0.47905, 0.87736, 0.59335, 0.07967, 0.07765, 0.22842, 0.96233, 0.79591, 0.76534, 0.04792, 0.05509, 0.10105, 0.05948, 0.93192, 0.96144, 0.95279, 0.78799, 0.79895, 0.11429, 0.97562, 0.10932, 0.95639, 0.31185, 0.16945, 0.97038, 0.97002, 0.86091, 0.0685, 0.92803, 0.19887, 0.31799, 0.06015, 0.6495, 0.36714, 0.14519, 0.44484, 0.22076, 0.96894, 0.1564, 0.0736, 0.93137, 0.95415, 0.96658, 0.07607, 0.24479, 0.59418, 0.70043, 0.96829, 0.07652, 0.04775, 0.73219, 0.31045, 0.09217, 0.96552, 0.12072, 0.78286, 0.23566, 0.95633, 0.11644, 0.97078, 0.31995, 0.05642, 0.97341, 0.06867, 0.20777, 0.12579, 0.61341, 0.55165, 0.97022, 0.96777, 0.96259, 0.96276, 0.6333, 0.30673, 0.05079, 0.05746, 0.5324, 0.94561, 0.94812, 0.97362, 0.06544, 0.0799, 0.04205, 0.9603, 0.9757, 0.97189, 0.14387, 0.07617, 0.93604, 0.11697, 0.05124, 0.96027, 0.05863, 0.09763, 0.22666, 0.9555, 0.15158, 0.73912, 0.45455, 0.12092, 0.45919, 0.97103, 0.81897, 0.94737, 0.96842, 0.95963, 0.0631, 0.72795, 0.78581, 0.80652, 0.85236, 0.03796, 0.11914, 0.90293, 0.71322, 0.81908, 0.05089, 0.84993, 0.96939, 0.09258, 0.9028, 0.95744, 0.11606, 0.09854, 0.35711, 0.34155, 0.61432, 0.51165, 0.61605, 0.74729, 0.67204, 0.98021, 0.96038, 0.29458, 0.96258, 0.8777, 0.96408, 0.55168, 0.42049, 0.03613, 0.36268, 0.09123, 0.76937, 0.94588, 0.04481, 0.97502, 0.03846, 0.9676, 0.91948, 0.96679, 0.97314, 0.13345, 0.96044, 0.13615, 0.95662, 0.72856, 0.85695, 0.68721, 0.9733, 0.53939, 0.94897, 0.96667, 0.91776, 0.95538, 0.95264, 0.06292, 0.29948, 0.97389, 0.04457, 0.96134, 0.04627, 0.50497, 0.07788, 0.10116, 0.95302, 0.96952, 0.08972, 0.93208, 0.50572, 0.91686, 0.12433, 0.30754, 0.21086, 0.59714, 0.065, 0.21792, 0.40337, 0.29953, 0.94926, 0.05327, 0.97304, 0.24133, 0.38378, 0.05825, 0.68464, 0.91818, 0.83984, 0.94237, 0.96533, 0.66574, 0.71505, 0.08213, 0.9758, 0.96974, 0.13599, 0.66931, 0.97498, 0.88512, 0.90065, 0.51181, 0.632, 0.18218, 0.92915, 0.86224, 0.96654, 0.89665, 0.96336, 0.65344, 0.04875, 0.0376, 0.4647, 0.20062, 0.49896, 0.91825, 0.97246, 0.33468, 0.0713, 0.05975, 0.9495, 0.9603, 0.92721, 0.43035, 0.95271, 0.21629, 0.95378, 0.9533, 0.06365, 0.14243, 0.96505, 0.80171, 0.81738, 0.08587, 0.62914, 0.03462, 0.79932, 0.17157, 0.08778, 0.46435, 0.55998, 0.14585, 0.8255, 0.15845, 0.97364, 0.06382, 0.92604, 0.78175, 0.18169, 0.96139, 0.97187, 0.96705, 0.9718, 0.77771, 0.96788, 0.5664, 0.0401, 0.68077, 0.39422, 0.09409, 0.97301, 0.43715, 0.93616, 0.47943, 0.27163, 0.79826, 0.97487, 0.95912, 0.12686, 0.09473, 0.17113, 0.96852, 0.96693, 0.92679, 0.54533, 0.91017, 0.93156, 0.10981, 0.08783, 0.08133, 0.97327, 0.10503, 0.62595, 0.96665, 0.05632, 0.04813, 0.97327, 0.96057, 0.10093, 0.42502, 0.05195, 0.24128, 0.91963, 0.97065, 0.13874, 0.0515, 0.96831, 0.05375, 0.19428, 0.85989, 0.97765, 0.54575, 0.9727, 0.88747, 0.58179, 0.96784, 0.9703, 0.05107, 0.27461, 0.27458, 0.7809, 0.88693, 0.5661, 0.94923, 0.0646, 0.31427, 0.14159, 0.96815, 0.42401, 0.82397, 0.13749, 0.07273, 0.91537, 0.05246, 0.12317, 0.97689, 0.96505, 0.13952, 0.08766, 0.974, 0.10532, 0.26167, 0.1084, 0.04342, 0.7557, 0.11375, 0.08828, 0.05424, 0.26849, 0.57706, 0.04631, 0.92588, 0.03812, 0.04028, 0.92305, 0.90409, 0.11914, 0.91082, 0.97171, 0.07881, 0.20547, 0.97241, 0.97207, 0.73577, 0.93294, 0.95214, 0.95834, 0.96422, 0.89916, 0.04628, 0.20071, 0.82286, 0.0622, 0.92488, 0.96617, 0.04675, 0.84, 0.0394, 0.80558, 0.26316, 0.96993, 0.87689, 0.97438, 0.96541, 0.96933, 0.36083, 0.96398, 0.97805, 0.89453, 0.18477, 0.96846, 0.06217, 0.9432, 0.94911, 0.0396, 0.4777, 0.90955, 0.04656, 0.07141, 0.68057, 0.21189, 0.97087, 0.11104, 0.9687, 0.96245, 0.0645, 0.95478, 0.96924, 0.04949, 0.96338, 0.8142, 0.95466, 0.05708, 0.07036, 0.88774, 0.96687, 0.15404, 0.32559, 