{"model": "google/muril-base-cased", "dataset": "dravidian_malayalam", "train_config": "supcon", "seed": 123, "thr_cal": 0.9525191217660903, "metrics_05": {"macro": 0.4405941513886271, "toxf1": 0.11912225705329153, "prec": 0.06429780033840947, "rec": 0.8085106382978723, "prauc": 0.16692107129856956, "ece": 0.46084751530488327, "covert": 0.22580645161290322}, "metrics_cal": {"macro": 0.6111381400683971, "toxf1": 0.24742268041237114, "prec": 0.24, "rec": 0.2553191489361702, "prauc": 0.16692107129856956, "ece": 0.46084751530488327, "covert": 0.22641509433962265}, "probs": [0.33736, 0.19323, 0.2351, 0.95466, 0.24247, 0.53398, 0.27055, 0.50614, 0.90946, 0.19643, 0.24491, 0.44496, 0.6652, 0.34695, 0.50444, 0.35117, 0.67588, 0.23193, 0.35914, 0.59998, 0.4093, 0.22706, 0.62501, 0.2067, 0.29681, 0.18884, 0.35297, 0.29856, 0.30134, 0.60043, 0.61229, 0.2369, 0.3317, 0.26351, 0.9525, 0.4985, 0.93976, 0.47345, 0.24022, 0.21251, 0.36554, 0.26263, 0.40475, 0.81623, 0.8638, 0.19759, 0.48038, 0.8748, 0.3454, 0.40145, 0.22136, 0.59532, 0.55119, 0.94399, 0.9318, 0.19547, 0.29244, 0.26364, 0.31312, 0.28934, 0.2201, 0.27253, 0.56635, 0.5761, 0.95072, 0.53204, 0.42526, 0.23881, 0.21672, 0.47311, 0.87297, 0.23425, 0.24131, 0.31857, 0.79293, 0.40418, 0.21961, 0.94153, 0.26683, 0.94125, 0.95485, 0.35113, 0.2049, 0.19532, 0.21242, 0.33922, 0.37824, 0.41296, 0.87311, 0.58233, 0.21629, 0.91533, 0.82048, 0.54999, 0.21499, 0.41635, 0.44543, 0.23533, 0.44266, 0.34409, 0.42637, 0.19842, 0.34351, 0.26719, 0.31998, 0.23057, 0.21732, 0.42686, 0.9572, 0.34454, 0.3414, 0.78276, 0.24154, 0.30651, 0.81237, 0.69127, 0.64564, 0.34172, 0.32045, 0.58317, 0.95191, 0.49263, 0.90864, 0.43591, 0.84339, 0.72789, 0.62233, 0.296, 0.62391, 0.22334, 0.49241, 0.23185, 0.44591, 0.45501, 0.89657, 0.94735, 0.35952, 0.22627, 0.62906, 0.45917, 0.59081, 0.2971, 0.55612, 0.34732, 0.40537, 0.44287, 0.19755, 0.32073, 0.20212, 0.37433, 0.78544, 0.21414, 0.33152, 0.25435, 0.52703, 0.95271, 0.26357, 0.28527, 0.47516, 0.2529, 0.44064, 0.50438, 0.51798, 0.90348, 0.38851, 0.20767, 0.40928, 0.21394, 0.59408, 0.20511, 0.25942, 0.26173, 0.5083, 0.89961, 0.37543, 0.94674, 0.65248, 0.70639, 0.4442, 0.65891, 0.22975, 0.20463, 0.85482, 0.36766, 0.95901, 0.86882, 0.64108, 0.20494, 0.90929, 0.4775, 0.8491, 0.30165, 0.95779, 0.26943, 0.2395, 0.74341, 0.30758, 0.89689, 0.95575, 0.2729, 0.21237, 0.41598, 0.58246, 0.56061, 0.24048, 0.42562, 0.21274, 0.62541, 0.94505, 0.18012, 0.57262, 0.28409, 0.24144, 0.61844, 0.35909, 0.5542, 0.94736, 0.54334, 0.26626, 0.19118, 0.2041, 0.66744, 0.43383, 0.50303, 0.24996, 0.21293, 0.73091, 0.27454, 0.49712, 0.94496, 0.68215, 0.32217, 0.60243, 0.19759, 0.59936, 0.95546, 0.30495, 0.34502, 0.70553, 0.36519, 0.57885, 0.24109, 0.19345, 0.89214, 0.37952, 0.85296, 0.95857, 0.45367, 0.30561, 0.20904, 0.33417, 0.64423, 0.41799, 0.24261, 0.58254, 0.27756, 0.30214, 0.22217, 0.52771, 0.23513, 0.1874, 0.49356, 0.33937, 0.91021, 0.90555, 0.35124, 0.19989, 0.23899, 0.94843, 0.37603, 0.81765, 0.86525, 0.22103, 0.93014, 0.24211, 0.28334, 0.58243, 0.28105, 0.36194, 0.34312, 0.23992, 0.48943, 0.30807, 0.2804, 0.23953, 0.44048, 0.95464, 0.20954, 0.25275, 0.49973, 0.55134, 0.90824, 0.43622, 0.37372, 0.22556, 0.95622, 0.63657, 0.77644, 0.25068, 0.30882, 0.42678, 0.26233, 0.3346, 0.65079, 0.50866, 0.48281, 0.65429, 0.56989, 0.21201, 0.85699, 0.45344, 0.35455, 0.44392, 0.89285, 0.95419, 0.71447, 0.42215, 0.88982, 0.27805, 0.84938, 0.67136, 0.39898, 0.3421, 0.48663, 0.22959, 0.9398, 0.35113, 0.39165, 0.74221, 0.37233, 0.63817, 0.91564, 0.61815, 0.44946, 0.41053, 0.23547, 0.64658, 0.59069, 0.27464, 0.94921, 0.48569, 0.36134, 0.9516, 0.95233, 0.35917, 0.33581, 0.40954, 0.21549, 0.23724, 0.21766, 0.2549, 0.79223, 0.50389, 0.54064, 0.46066, 0.70856, 0.72558, 0.21522, 0.50561, 0.84983, 0.4413, 0.48309, 0.23545, 0.94719, 0.82465, 0.32028, 0.76435, 0.20913, 0.61693, 0.23057, 0.38015, 0.20263, 0.95815, 0.39772, 0.45568, 0.63817, 0.39947, 0.23553, 0.22897, 0.49811, 0.19202, 0.33845, 0.35407, 0.49577, 0.36596, 0.53551, 0.41717, 0.54382, 0.66867, 0.9434, 0.34376, 0.27801, 0.59319, 0.51647, 0.95013, 0.58627, 0.51689, 0.27244, 0.25237, 0.92019, 0.47482, 0.31088, 0.95685, 0.32439, 0.37423, 0.44708, 0.23185, 0.92976, 0.25164, 0.2664, 0.2169, 0.1846, 0.79343, 0.86205, 0.81659, 0.24878, 0.20247, 0.26024, 0.44879, 0.95485, 0.57516, 0.48167, 0.57798, 0.52294, 0.21502, 0.36712, 0.22098, 0.44325, 0.26375, 0.3785, 0.44218, 0.2217, 0.24896, 0.333, 0.61844, 0.82081, 0.81995, 0.43705, 0.53039, 0.21819, 0.40396, 0.3245, 0.42235, 0.22384, 0.6796, 0.20435, 0.49752, 0.5072, 0.41596, 0.29631, 0.74773, 0.62397, 0.21952, 0.24737, 0.33983, 0.65073, 0.34172, 0.6467, 0.95196, 0.95382, 0.23045, 0.30231, 0.3296, 0.25072, 0.24239, 0.83588, 0.25527, 0.19883, 0.20751, 0.46083, 0.95546, 0.34227, 0.89347, 0.5342, 0.87974, 0.9143, 0.38242, 0.64825, 0.95374, 0.41293, 0.21919, 0.91924, 0.91559, 0.85503, 0.65575, 0.2929, 0.76117, 0.55637, 0.37639, 0.95262, 0.66758, 0.71113, 0.58317, 0.24109, 0.52551, 0.34856, 0.22997, 0.2021, 0.81722, 0.45233, 0.63783, 0.21244, 0.21432, 0.95695, 0.20334, 0.22167, 0.89544, 0.22967, 0.42875, 0.33204, 0.32457, 0.53778, 0.26153, 0.48989, 0.33363, 0.80016, 0.29363, 0.84607, 0.44871, 0.22696, 0.27066, 0.42798, 0.22514, 0.20167, 0.35727, 0.62332, 0.94534, 0.61493, 0.18266, 0.40587, 0.32882, 0.4986, 0.41234, 0.73898, 0.40551, 0.56693, 0.71061, 0.27467, 0.2316, 0.44168, 0.1813, 0.95596, 0.47847, 0.22215, 0.843, 0.52382, 0.33186, 0.84033, 0.31023, 0.21853, 0.28155, 0.50153, 0.25906, 0.40995, 0.95576, 0.20166, 0.94376, 0.41913, 0.40471, 0.47029, 0.92717, 0.42555, 0.83017, 0.66376, 0.81881, 0.78626, 0.73435, 0.22376, 0.8206, 0.65709, 0.44986, 0.24201, 0.22123, 0.50021, 0.46628, 0.56704, 0.19032, 0.26194, 0.47698, 0.50355, 0.5021, 0.22462, 0.4633, 0.95615, 0.25997, 0.86341, 0.20411, 0.67091, 0.9405, 0.3232, 0.60351, 0.73823, 0.95526, 0.4959, 0.90946, 0.36277, 0.47585, 0.6755, 0.49926, 0.49356, 0.39638, 0.4029, 0.95732, 0.77362, 0.65254, 0.95635, 0.5313, 0.95371, 0.25865, 0.95023, 0.62681, 0.38314, 0.47631, 0.56981, 0.90384, 0.88726, 0.26636, 0.46553, 0.30191, 0.25496, 0.29681, 0.28413, 0.87266, 0.88744, 0.57269, 0.23618, 0.9405, 0.32812, 0.20892, 0.2573, 0.44619, 0.83878, 0.46277, 0.91345, 0.50956, 0.80594, 0.47759, 0.83648, 0.30606, 0.23378, 0.78215, 0.37712, 0.93504, 0.36616, 0.19993, 0.81936, 0.83248, 0.39169, 0.94294, 0.61726, 0.89905, 0.4481, 0.40683, 0.95602, 0.88417, 0.27966, 0.95803, 0.64161, 0.34537, 0.28804, 0.95457, 0.74402, 0.29016, 0.22184, 0.24591, 0.52416, 0.46752, 0.48428, 0.47555, 0.44969, 0.2906, 0.2871, 0.75707, 0.62311, 0.57798, 0.9576, 0.87967, 0.77527, 0.31144, 0.28011, 0.40173, 0.25778, 0.2298, 0.94193, 0.7673, 0.41867, 0.28311, 0.67885, 0.61965, 0.61367, 0.3212, 0.46826, 0.83014, 0.42332, 0.19625, 0.62771, 0.42642, 0.95454, 0.6313, 0.92769, 0.95039, 0.22422, 0.86506, 0.93995, 0.27933, 0.3994, 0.90134, 0.25043, 0.5647, 0.67256, 0.82843, 0.21, 0.35843, 0.52768, 0.83831, 0.89187, 0.28141, 0.88985, 0.2899, 0.29779, 0.38014, 0.19712, 0.95035, 0.39919, 0.27806, 0.8774, 0.21029, 0.87706, 0.53144, 0.45801, 0.22926, 0.49581, 0.42944, 0.69221, 0.39736, 0.26619, 0.90459, 0.71468, 0.573, 0.67842, 0.55686, 0.93749, 0.92385, 0.37368, 0.6581, 0.94339, 0.24897, 0.53699, 0.37483, 0.185, 0.22253, 0.35591, 0.24744, 0.41205, 0.24865, 0.3363, 0.37254, 0.50501, 0.92002, 0.28795, 0.20637, 0.42308, 0.37122, 0.92223, 0.20913, 0.54754, 0.79979, 0.91116, 0.3212, 0.22596, 0.66181, 0.68414, 0.72919, 0.3368, 0.51938, 0.94297, 0.38057, 0.25542, 0.8373, 0.59742, 0.7754, 0.3421, 0.41791, 0.94547, 0.38227, 0.31173, 0.31144, 0.35909, 0.66423, 0.42593, 0.95161, 0.67929, 0.94454, 0.26894, 0.19761, 0.91572, 0.18272, 0.34334, 0.33229, 0.46484, 0.36252, 0.26577, 0.46798, 0.95041, 0.38634, 0.47118, 0.59227, 0.89682, 0.94286, 0.23307, 0.19856, 0.95156, 0.2309, 0.37882, 0.32812, 0.93005, 0.19757, 0.84826, 0.84933, 0.39343, 0.95147, 0.37852, 0.52776, 0.57933, 0.27829, 0.45694, 0.40067, 0.48074, 0.30218, 0.54316, 0.20427, 0.61401, 0.35089, 0.2274, 0.43839, 