{"model": "google/muril-base-cased", "dataset": "dravidian_tamil", "train_config": "hardneg", "seed": 7, "thr_cal": 0.32405637502670287, "metrics_05": {"macro": 0.7373151947800654, "toxf1": 0.6124523506988564, "prec": 0.5489749430523918, "rec": 0.6925287356321839, "prauc": 0.608155305873645, "ece": 0.09890617160995802, "covert": 0.700507614213198}, "metrics_cal": {"macro": 0.7227480448956959, "toxf1": 0.610738255033557, "prec": 0.5, "rec": 0.7844827586206896, "prauc": 0.608155305873645, "ece": 0.09890617160995802, "covert": 0.7216981132075472}, "probs": [0.15004, 0.02231, 0.02543, 0.03557, 0.59481, 0.03413, 0.01774, 0.02434, 0.02648, 0.02038, 0.04259, 0.13746, 0.02467, 0.02291, 0.04901, 0.10409, 0.94329, 0.02879, 0.01946, 0.46547, 0.14621, 0.18294, 0.20374, 0.03066, 0.01843, 0.84835, 0.96733, 0.02171, 0.05764, 0.01777, 0.01896, 0.91095, 0.06695, 0.0212, 0.05938, 0.94079, 0.04668, 0.20428, 0.02487, 0.05999, 0.22555, 0.13692, 0.38086, 0.47626, 0.44533, 0.88231, 0.03091, 0.02751, 0.32975, 0.07224, 0.02238, 0.31871, 0.13526, 0.10438, 0.12892, 0.88671, 0.3471, 0.66997, 0.89655, 0.0972, 0.02349, 0.01963, 0.89337, 0.27862, 0.06053, 0.02447, 0.04823, 0.38937, 0.94966, 0.34179, 0.82146, 0.19962, 0.04744, 0.04688, 0.89481, 0.93713, 0.7712, 0.93548, 0.04728, 0.02646, 0.93132, 0.46669, 0.18668, 0.01747, 0.0211, 0.01935, 0.11699, 0.21193, 0.02563, 0.9306, 0.02379, 0.89308, 0.01741, 0.25811, 0.49772, 0.07553, 0.22646, 0.02196, 0.02507, 0.03528, 0.73304, 0.02014, 0.21149, 0.02042, 0.09712, 0.4946, 0.03932, 0.02479, 0.01801, 0.31882, 0.07066, 0.1516, 0.885, 0.09888, 0.1819, 0.16565, 0.04849, 0.22661, 0.02484, 0.01878, 0.05333, 0.02024, 0.01882, 0.02712, 0.57438, 0.0264, 0.811, 0.06554, 0.02542, 0.05819, 0.06222, 0.1015, 0.58643, 0.13755, 0.62964, 0.77084, 0.05696, 0.01741, 0.12368, 0.90851, 0.87161, 0.02729, 0.91728, 0.95576, 0.07069, 0.22427, 0.02565, 0.22701, 0.3762, 0.06388, 0.91189, 0.05891, 0.50154, 0.0813, 0.89255, 0.10769, 0.01651, 0.37786, 0.01929, 0.92053, 0.02713, 0.9151, 0.13779, 0.96335, 0.01721, 0.10761, 0.15998, 0.31703, 0.81912, 0.27318, 0.84032, 0.85358, 0.59001, 0.54711, 0.18654, 0.02289, 0.70332, 0.37652, 0.02559, 0.30435, 0.02566, 0.31835, 0.10608, 0.94134, 0.02214, 0.02304, 0.67072, 0.03491, 0.02602, 0.1475, 0.02489, 0.02776, 0.38967, 0.03847, 0.01866, 0.55642, 0.03149, 0.9237, 0.01599, 0.02532, 0.09532, 0.9614, 0.91747, 0.02487, 0.078, 0.02834, 0.86908, 0.01872, 0.12834, 0.91273, 0.09871, 0.08876, 0.48561, 0.01904, 0.02064, 0.70006, 0.01885, 0.02705, 0.04103, 0.03791, 0.02248, 0.01833, 0.01925, 0.9612, 0.03184, 0.96363, 0.9307, 0.16427, 0.02402, 0.0504, 0.26405, 0.06946, 0.11922, 0.96202, 0.38627, 0.03643, 0.28487, 0.01763, 0.78717, 0.14121, 0.95937, 0.05119, 0.02316, 0.60683, 0.28565, 0.35148, 0.21247, 0.70464, 0.03824, 0.1084, 0.02387, 0.03178, 0.10808, 0.03467, 0.91478, 0.03734, 0.01737, 0.26835, 0.16239, 0.01909, 0.46968, 0.95454, 0.05144, 0.14299, 0.78987, 0.03017, 0.2604, 0.23161, 0.6956, 0.07305, 0.4702, 0.95605, 0.91235, 0.01901, 0.02667, 0.01606, 0.79518, 0.11397, 0.03976, 0.24432, 0.01982, 0.01857, 0.06441, 0.10459, 0.0213, 0.02583, 0.17553, 0.29621, 0.30809, 0.92247, 0.04992, 0.01983, 0.0259, 0.94022, 0.03625, 0.06117, 0.13169, 0.14641, 0.94223, 0.23725, 0.02049, 0.0411, 0.04756, 0.90862, 0.88284, 0.20985, 0.09284, 0.04197, 0.1463, 0.01812, 0.05663, 0.9593, 0.16093, 0.15891, 0.21767, 0.60358, 0.8491, 0.04212, 0.08473, 0.02396, 0.02078, 0.58766, 0.92963, 0.20511, 0.15547, 0.92953, 0.94387, 0.28746, 0.17842, 0.02824, 0.03441, 0.8861, 0.0315, 0.37975, 0.02247, 0.01734, 0.16921, 0.9268, 0.3692, 0.09535, 0.01723, 0.02382, 0.2278, 0.34074, 0.09617, 0.11403, 0.04555, 0.13002, 0.06763, 0.02732, 0.93019, 0.40708, 0.51055, 0.77532, 0.25614, 0.72306, 0.37808, 0.36034, 0.02462, 0.0841, 0.53851, 0.90673, 0.04172, 0.17888, 0.14108, 0.83392, 0.02549, 0.95136, 0.01856, 0.96113, 0.02046, 0.62601, 0.06268, 0.02888, 0.02894, 0.22812, 0.02481, 0.1746, 0.94857, 0.05578, 0.28261, 0.01949, 0.24896, 0.48781, 0.28484, 0.72038, 0.09218, 0.10041, 0.02172, 0.50267, 0.04587, 0.03269, 0.03042, 0.02944, 0.14772, 0.92464, 0.79291, 0.92133, 0.01991, 0.06858, 0.31487, 0.16864, 0.02254, 0.23814, 0.02443, 0.0232, 0.02628, 0.95602, 0.07514, 0.95525, 0.96551, 0.09687, 0.02279, 0.54057, 0.54884, 0.92165, 0.0584, 0.35914, 0.6379, 0.68413, 0.90859, 0.14421, 0.01793, 0.08464, 0.90569, 0.02139, 0.02725, 0.03123, 0.91041, 0.16725, 0.05515, 0.91398, 0.69681, 0.94165, 0.27729, 0.02392, 0.05613, 0.34638, 0.03316, 0.0268, 0.82369, 0.04689, 0.9623, 0.88904, 0.13514, 0.90217, 0.73583, 0.03733, 0.40856, 0.39966, 0.04112, 0.83795, 0.1516, 0.02886, 0.01903, 0.87928, 0.43907, 0.11109, 0.02105, 0.22044, 0.02048, 0.02279, 0.48546, 0.01863, 0.02048, 0.92979, 0.02391, 0.11295, 0.9542, 0.38757, 0.05056, 0.04191, 0.43987, 0.10182, 0.26633, 0.04345, 0.02135, 0.94927, 0.94963, 0.35924, 0.32469, 0.01753, 0.08285, 0.81716, 0.01954, 0.96619, 0.96347, 0.03121, 0.02085, 0.4148, 0.01706, 0.89878, 0.1223, 0.04297, 0.85474, 0.04554, 0.61722, 0.0195, 0.17335, 0.90245, 0.4677, 0.88886, 0.05379, 0.14525, 0.64368, 0.12304, 0.03217, 0.02036, 0.94759, 0.03809, 0.01604, 0.03755, 0.03621, 0.23786, 0.0389, 0.54944, 0.1754, 0.13834, 0.80014, 0.59932, 0.92509, 0.04222, 0.2178, 0.58851, 0.92204, 0.02453, 0.10617, 0.19302, 0.59475, 0.29164, 0.05727, 0.03947, 0.96227, 0.85061, 0.48248, 0.01933, 0.15324, 0.0257, 0.01841, 0.03359, 0.42441, 0.30885, 0.03757, 0.02893, 0.14231, 0.94312, 0.04407, 0.44337, 0.02529, 0.0291, 0.01875, 0.02249, 0.12244, 0.12665, 0.0768, 0.45191, 0.12737, 0.74937, 0.36458, 0.80466, 0.43627, 0.19705, 0.394, 0.3142, 0.0278, 0.04741, 0.9551, 0.84501, 0.02349, 0.95289, 0.10913, 0.41845, 0.02804, 0.05766, 0.08994, 0.2855, 0.55639, 0.03007, 0.85037, 0.02233, 0.90683, 0.29073, 0.04765, 0.61476, 0.24016, 0.10939, 0.19632, 0.04741, 0.95716, 0.95659, 0.02451, 0.94501, 0.94131, 0.81856, 0.02436, 0.01972, 0.03187, 0.04664, 0.01871, 0.19775, 0.02849, 0.95093, 0.94161, 0.08915, 0.02603, 0.16837, 0.05049, 0.08874, 0.63397, 0.41171, 0.58692, 0.51038, 0.04996, 0.04935, 0.10166, 0.04115, 0.06375, 0.04897, 0.27596, 0.9378, 0.02427, 0.03382, 0.92483, 0.05029, 0.28686, 0.03121, 0.03429, 0.01691, 0.91667, 0.03826, 0.03729, 0.3749, 0.04899, 0.76957, 0.11185, 0.67118, 0.91542, 0.02337, 0.931, 0.19213, 0.02179, 0.18692, 0.91735, 0.81228, 0.10694, 0.02051, 0.09938, 0.86413, 0.92085, 0.9424, 0.02289, 0.54821, 0.60082, 0.09609, 0.02962, 0.0269, 0.01973, 0.94892, 0.95149, 0.10278, 0.55321, 0.24039, 0.05971, 0.0189, 0.45915, 0.45755, 0.11823, 0.13328, 0.49038, 0.69228, 0.94963, 0.06126, 0.89593, 0.07894, 0.02362, 0.10805, 0.03176, 0.10718, 0.02474, 0.96637, 0.3132, 0.12425, 0.89083, 0.0306, 0.3657, 0.05337, 0.07068, 0.88131, 0.04241, 0.22877, 0.05623, 0.10229, 0.02249, 0.19532, 0.77096, 0.02244, 0.05581, 0.14453, 0.0349, 0.60909, 0.25079, 0.02494, 0.3822, 0.94658, 0.03322, 0.1755, 0.03699, 0.1714, 0.04856, 0.04955, 0.02646, 0.07734, 0.18431, 0.01939, 0.95323, 0.34327, 0.93559, 0.01721, 0.95173, 0.03002, 0.95714, 0.20729, 0.14336, 0.10096, 0.19584, 0.01921, 0.16972, 0.16922, 0.24067, 0.23154, 0.01798, 0.11078, 0.90578, 0.07764, 0.93225, 0.03552, 0.36271, 0.05982, 0.08117, 0.02046, 0.02603, 0.05902, 0.96611, 0.92895, 0.44148, 0.13034, 0.06708, 0.04608, 0.43869, 0.77503, 0.02657, 0.02892, 0.92235, 0.3867, 0.02435, 0.01897, 0.89483, 0.19843, 0.02233, 0.03252, 0.10332, 0.90377, 0.06367, 0.02382, 0.18653, 0.01927, 0.92995, 0.05872, 0.89642, 0.05834, 0.93461, 0.02099, 0.36546, 0.06431, 0.22459, 0.71264, 0.32674, 0.93611, 0.01809, 0.0194, 0.83718, 0.74774, 0.39877, 0.03302, 0.2215, 0.17921, 0.49859, 0.01743, 0.8155, 0.9353, 0.07804, 0.58677, 0.93952, 0.01908, 0.02039, 0.89708, 0.33524, 0.03057, 0.19582, 0.32516, 0.01945, 0.09595, 0.01884, 0.30424, 0.23177, 0.65278, 0.1079, 0.37558, 0.2337, 0.15307, 0.08425, 0.83514, 0.96335, 0.19636, 0.02035, 0.02058, 0.17275, 0.05514, 0.03199, 0.69096, 0.9476, 0.84944, 0.17308, 0.08318, 0.94353, 0.77213, 0.01941, 0.04168, 0.94608, 0.09993, 0.0203, 0.05912, 0.82701, 0.14077, 0.56765, 0.06078, 