{"model": "google/muril-base-cased", "dataset": "dravidian_malayalam", "train_config": "supcon", "seed": 42, "thr_cal": 0.6241842448711392, "metrics_05": {"macro": 0.5945341034662468, "toxf1": 0.2331288343558282, "prec": 0.16379310344827586, "rec": 0.40425531914893614, "prauc": 0.14106555216697353, "ece": 0.2120556390384833, "covert": 0.37681159420289856}, "metrics_cal": {"macro": 0.5780531371749251, "toxf1": 0.1836734693877551, "prec": 0.17647058823529413, "rec": 0.19148936170212766, "prauc": 0.14106555216697353, "ece": 0.2120556390384833, "covert": 0.2553191489361702}, "probs": [0.18886, 0.11878, 0.13433, 0.19598, 0.17086, 0.25057, 0.17676, 0.16314, 0.5496, 0.12286, 0.16209, 0.24148, 0.55393, 0.14425, 0.23773, 0.28109, 0.14699, 0.15131, 0.15108, 0.13832, 0.38216, 0.14649, 0.49821, 0.11295, 0.16342, 0.12081, 0.18753, 0.14847, 0.14817, 0.4972, 0.38554, 0.1544, 0.24677, 0.14258, 0.63551, 0.12373, 0.22406, 0.34502, 0.13288, 0.16879, 0.18525, 0.13618, 0.32806, 0.486, 0.95128, 0.12616, 0.26198, 0.23752, 0.17059, 0.32593, 0.15219, 0.24769, 0.13806, 0.57783, 0.26379, 0.11863, 0.19008, 0.17293, 0.16973, 0.16214, 0.18719, 0.13563, 0.16245, 0.17201, 0.23949, 0.22328, 0.19082, 0.13386, 0.14106, 0.21171, 0.16616, 0.17728, 0.20061, 0.1663, 0.14462, 0.14326, 0.14787, 0.53009, 0.15065, 0.25922, 0.18613, 0.15827, 0.1266, 0.11766, 0.16837, 0.13993, 0.12966, 0.19445, 0.24444, 0.26997, 0.13463, 0.14638, 0.32892, 0.34458, 0.13784, 0.2541, 0.29604, 0.13491, 0.19069, 0.1745, 0.14826, 0.1273, 0.21589, 0.18655, 0.20069, 0.16093, 0.13748, 0.14774, 0.57979, 0.27481, 0.15524, 0.15123, 0.17427, 0.13977, 0.13276, 0.1513, 0.45664, 0.15724, 0.14823, 0.16326, 0.7517, 0.25585, 0.31324, 0.26994, 0.5581, 0.25796, 0.43393, 0.14094, 0.39998, 0.14976, 0.31219, 0.20704, 0.31059, 0.27722, 0.1706, 0.25161, 0.20361, 0.21744, 0.29503, 0.15276, 0.19192, 0.16551, 0.19367, 0.23884, 0.16129, 0.16267, 0.11503, 0.13459, 0.13393, 0.15855, 0.56178, 0.11814, 0.15189, 0.17693, 0.3688, 0.68956, 0.13093, 0.23095, 0.38555, 0.16684, 0.20773, 0.2528, 0.19468, 0.58236, 0.26101, 0.15199, 0.20076, 0.15594, 0.84316, 0.18355, 0.18888, 0.15933, 0.15643, 0.18848, 0.25115, 0.39334, 0.39578, 0.60512, 0.26655, 0.32102, 0.18534, 0.20198, 0.52348, 0.20754, 0.61208, 0.13998, 0.2915, 0.15582, 0.12915, 0.31236, 0.16626, 0.22488, 0.94882, 0.21476, 0.1343, 0.20031, 0.16849, 0.55083, 0.47196, 0.14173, 0.15418, 0.16154, 0.14984, 0.51137, 0.15625, 0.28218, 0.13933, 0.1461, 0.278, 0.12752, 0.13271, 0.21753, 0.16528, 0.2935, 0.31358, 0.14046, 0.59448, 0.3453, 0.14506, 0.1652, 0.13083, 0.48394, 0.2164, 0.31557, 0.17626, 0.18148, 0.85308, 0.18128, 0.17168, 0.25494, 0.5292, 0.11947, 0.21904, 0.12616, 0.72294, 0.53104, 0.20713, 0.28019, 0.13214, 0.1822, 0.18009, 0.13204, 0.15426, 0.85095, 0.19916, 0.32165, 0.73216, 0.25853, 0.23694, 0.11626, 0.14231, 0.52761, 0.20282, 0.16726, 0.29676, 0.23827, 0.16763, 0.1333, 0.11502, 0.16559, 0.11688, 0.29221, 0.19448, 0.44983, 0.20304, 0.16156, 0.15604, 0.52671, 0.4646, 0.16386, 0.40067, 0.23484, 0.12741, 0.45928, 0.20702, 0.18431, 0.28356, 0.16906, 0.28528, 0.12995, 0.15286, 0.13604, 0.13561, 0.16468, 0.14779, 0.53367, 0.39963, 0.15287, 0.14082, 0.15074, 0.31592, 0.3062, 0.59102, 0.11875, 0.14012, 0.82874, 0.26099, 0.55127, 0.11212, 0.22068, 0.27269, 0.17606, 0.16227, 0.14184, 0.35937, 0.25639, 0.34066, 0.24037, 0.12467, 0.38597, 0.39629, 0.16436, 0.36964, 0.69177, 0.72907, 0.18714, 0.30194, 0.72044, 0.15209, 0.14969, 0.13967, 0.22491, 0.21285, 0.13319, 0.14723, 0.19651, 0.15827, 0.27828, 0.13405, 0.23038, 0.40464, 0.33311, 0.15033, 0.17083, 0.20207, 0.11508, 0.20412, 0.30437, 0.16365, 0.20597, 0.27579, 0.15303, 0.48007, 0.47632, 0.12771, 0.31907, 0.13008, 0.16648, 0.13895, 0.20897, 0.13582, 0.12807, 0.32482, 0.25138, 0.12915, 0.38125, 0.5068, 0.16187, 0.28053, 0.88382, 0.37339, 0.14588, 0.12916, 0.59908, 0.20342, 0.14169, 0.17483, 0.12022, 0.30238, 0.16093, 0.12091, 0.12497, 0.93839, 0.21694, 0.17883, 0.40464, 0.35281, 0.1949, 0.12075, 0.33396, 0.1385, 0.21075, 0.2068, 0.12686, 0.15763, 0.19415, 0.19687, 0.21809, 0.20913, 0.17317, 0.20778, 0.1434, 0.11504, 0.14952, 0.69123, 0.32113, 0.15886, 0.18065, 0.16391, 0.38846, 0.18183, 0.15978, 0.55005, 0.16985, 0.20878, 0.32761, 0.14328, 0.26693, 0.1915, 0.17105, 0.14415, 0.11083, 0.40435, 0.30214, 0.12818, 0.13671, 0.16088, 0.18903, 0.36337, 0.4813, 0.26304, 0.23424, 0.26084, 0.14755, 0.17556, 0.22781, 0.15371, 0.29739, 0.11186, 0.13664, 0.26197, 0.14945, 0.11807, 0.15508, 0.16586, 0.15069, 0.32252, 0.30671, 0.33604, 0.14531, 0.18953, 0.1254, 0.228, 0.1311, 0.34769, 0.12341, 0.17933, 0.28926, 0.2489, 0.19103, 0.8491, 0.16092, 0.13361, 0.12692, 0.18262, 0.35877, 0.15724, 0.13982, 0.37207, 0.92341, 0.139, 0.13128, 0.2223, 0.1518, 0.14609, 0.1951, 0.15571, 0.13258, 0.1889, 0.12557, 0.53104, 0.1551, 0.53963, 0.28804, 0.19946, 0.16787, 0.21466, 0.12912, 0.57794, 0.1912, 0.13751, 0.29724, 0.65086, 0.13139, 0.2862, 0.13514, 0.14172, 0.14017, 0.15094, 0.90876, 0.56402, 0.37787, 0.16326, 0.13204, 0.21643, 0.14186, 0.17416, 0.13026, 0.30269, 0.16848, 0.58631, 0.12396, 0.1506, 0.51271, 0.16603, 0.16876, 0.1293, 0.13131, 0.11371, 0.15264, 0.12741, 0.18258, 0.20726, 0.31716, 0.13967, 0.15748, 0.19828, 0.21167, 0.20167, 0.12169, 0.1264, 0.15605, 0.13833, 0.13651, 0.14584, 0.20536, 0.50736, 0.20544, 0.13342, 0.2137, 0.25337, 0.35003, 0.15795, 0.30237, 0.21554, 0.16155, 0.22241, 0.21993, 0.14082, 0.20856, 0.13779, 0.54337, 0.13834, 0.14996, 0.20184, 0.20452, 0.20906, 0.32749, 0.25821, 0.16028, 0.14636, 0.93549, 0.21384, 0.21308, 0.74242, 0.16856, 0.25008, 0.21388, 0.28741, 0.39753, 0.39636, 0.17669, 0.16893, 0.18847, 0.15208, 0.14082, 0.20447, 0.11225, 0.22642, 0.23428, 0.29336, 0.14066, 0.14615, 0.2407, 0.27198, 0.43903, 0.16853, 0.21811, 0.11715, 0.24571, 0.29207, 0.14503, 0.24788, 0.58706, 0.1281, 0.17664, 0.12739, 0.13427, 0.35654, 0.19283, 0.17619, 0.17975, 0.19821, 0.30273, 0.16558, 0.17494, 0.39456, 0.15689, 0.1672, 0.29221, 0.23188, 0.23045, 0.68685, 0.13948, 0.1734, 0.53932, 0.24776, 0.58004, 0.15367, 0.13086, 0.17498, 0.16596, 0.1381, 0.12495, 0.21752, 0.42894, 0.18851, 0.27818, 0.30002, 0.12882, 0.16342, 0.23161, 0.44337, 0.21742, 0.16335, 0.16806, 0.4637, 0.12222, 0.12964, 0.13065, 0.26352, 0.39812, 0.23967, 0.561, 0.28987, 0.28946, 0.29064, 0.14252, 0.17218, 0.15266, 0.56802, 0.19813, 0.38688, 0.22669, 0.16192, 0.67056, 0.17523, 0.3152, 0.51871, 0.13565, 0.12814, 0.22566, 0.27114, 0.67826, 0.33846, 0.16047, 0.9321, 0.26255, 0.31239, 0.16262, 0.24025, 0.50577, 0.20393, 0.21883, 0.13348, 0.27342, 0.28711, 0.49199, 0.34043, 0.2922, 0.19506, 0.2186, 0.32781, 0.40245, 0.26084, 0.83358, 0.28511, 0.44924, 0.13169, 0.15822, 0.23006, 0.14224, 0.14663, 0.4523, 0.13315, 0.13113, 0.24164, 0.15611, 0.17376, 0.28917, 0.15602, 0.14419, 0.20593, 0.20647, 0.13935, 0.19616, 0.20079, 0.46687, 0.31492, 0.82564, 0.55455, 0.1323, 0.13876, 0.3097, 0.12408, 0.15322, 0.28949, 0.12438, 0.3083, 0.16946, 0.39011, 0.18709, 0.16099, 0.1866, 0.15515, 0.24418, 0.16183, 0.15634, 0.17004, 0.17702, 0.13892, 0.14965, 0.19983, 0.14505, 0.21024, 0.18387, 0.12755, 0.13408, 0.20572, 0.21976, 0.13413, 0.27917, 0.21808, 0.49453, 0.21411, 0.16606, 0.3443, 0.15612, 0.14529, 0.14961, 0.15804, 0.26186, 0.37751, 0.19853, 0.32104, 0.52951, 0.14304, 0.49568, 0.32089, 0.11024, 0.17069, 0.14859, 0.20204, 0.15804, 0.16107, 0.21777, 0.20502, 0.31206, 0.38505, 0.17764, 0.1253, 0.3254, 0.25096, 0.28301, 0.12022, 0.20023, 0.22372, 0.27203, 0.15602, 0.17738, 0.41344, 0.16535, 0.32022, 0.13261, 0.27765, 0.67212, 0.15702, 0.19854, 0.76713, 0.44401, 0.13763, 0.21285, 0.27825, 0.29868, 0.16674, 0.15258, 0.13169, 0.31358, 0.1553, 0.1247, 0.36487, 0.44105, 0.29176, 0.24825, 0.12962, 0.64364, 0.13488, 0.25159, 0.23293, 0.17062, 0.22542, 0.2078, 0.32594, 0.64573, 0.37587, 0.1219, 0.25409, 0.16725, 0.34027, 0.11697, 0.1266, 0.37276, 0.12999, 0.27307, 0.12222, 0.44762, 0.12153, 0.18965, 0.19268, 0.24426, 0.23101, 0.30487, 0.22461, 0.26937, 0.1531, 0.23078, 0.27366, 0.25495, 0.24259, 0.14758, 0.14076, 0.50303, 