{"model": "google/muril-base-cased", "dataset": "dravidian_malayalam", "train_config": "supcon", "seed": 99, "thr_cal": 0.12962801307439809, "metrics_05": {"macro": 0.6268789310969759, "toxf1": 0.2803738317757009, "prec": 0.25, "rec": 0.3191489361702128, "prauc": 0.2505459681794504, "ece": 0.07365928452461958, "covert": 0.3389830508474576}, "metrics_cal": {"macro": 0.6062088767340763, "toxf1": 0.2573099415204678, "prec": 0.1774193548387097, "rec": 0.46808510638297873, "prauc": 0.2505459681794504, "ece": 0.07365928452461958, "covert": 0.3076923076923077}, "probs": [0.05453, 0.05229, 0.05196, 0.06594, 0.06236, 0.09875, 0.05613, 0.05657, 0.12485, 0.04504, 0.05722, 0.07238, 0.1002, 0.04833, 0.06636, 0.06458, 0.0582, 0.06118, 0.05742, 0.05966, 0.08347, 0.04924, 0.13017, 0.04551, 0.06751, 0.0517, 0.05399, 0.05109, 0.06468, 0.13198, 0.09152, 0.05693, 0.05496, 0.05059, 0.82478, 0.04671, 0.05804, 0.09698, 0.05689, 0.0554, 0.08599, 0.05611, 0.07722, 0.09654, 0.99468, 0.04861, 0.09156, 0.1044, 0.04841, 0.09551, 0.05566, 0.06517, 0.05169, 0.17642, 0.07505, 0.05099, 0.06455, 0.05391, 0.04742, 0.05311, 0.0527, 0.05153, 0.05949, 0.0552, 0.06488, 0.06583, 0.09148, 0.04979, 0.0529, 0.06972, 0.06599, 0.06838, 0.06689, 0.05544, 0.06594, 0.05941, 0.06334, 0.08863, 0.05586, 0.0937, 0.07375, 0.05867, 0.05, 0.04512, 0.05498, 0.04744, 0.05129, 0.05231, 0.04862, 0.07772, 0.05565, 0.06264, 0.09333, 0.12525, 0.05175, 0.05644, 0.08469, 0.04764, 0.07791, 0.06391, 0.05071, 0.05462, 0.08479, 0.06021, 0.05961, 0.0568, 0.04846, 0.05145, 0.15135, 0.06668, 0.04937, 0.05754, 0.05774, 0.06338, 0.05553, 0.04915, 0.10345, 0.05899, 0.04984, 0.05896, 0.99187, 0.09938, 0.08928, 0.16251, 0.14344, 0.08533, 0.08335, 0.05142, 0.0896, 0.04978, 0.10062, 0.05472, 0.06526, 0.08853, 0.06525, 0.06141, 0.09131, 0.07111, 0.13867, 0.05263, 0.06887, 0.06449, 0.06708, 0.06118, 0.05309, 0.06114, 0.05105, 0.05763, 0.05809, 0.06752, 0.11591, 0.05294, 0.05493, 0.04966, 0.07318, 0.85732, 0.05435, 0.06241, 0.07235, 0.06365, 0.06344, 0.06196, 0.06028, 0.18142, 0.07651, 0.04791, 0.08922, 0.04653, 0.10039, 0.05098, 0.06672, 0.04945, 0.05394, 0.0787, 0.04596, 0.10803, 0.12871, 0.10339, 0.06573, 0.09948, 0.04956, 0.05978, 0.13304, 0.09225, 0.98288, 0.04707, 0.08598, 0.04836, 0.06377, 0.07661, 0.06245, 0.07749, 0.9947, 0.06831, 0.06327, 0.06709, 0.05569, 0.1041, 0.72604, 0.04542, 0.0579, 0.05152, 0.05181, 0.08941, 0.0542, 0.08741, 0.04889, 0.05104, 0.05769, 0.05441, 0.04881, 0.0604, 0.05372, 0.08348, 0.08305, 0.05108, 0.54423, 0.09261, 0.05251, 0.04899, 0.05471, 0.08119, 0.05791, 0.05901, 0.04859, 0.06406, 0.47455, 0.05148, 0.0531, 0.06953, 0.09906, 0.0518, 0.09592, 0.04861, 0.09796, 0.12366, 0.05355, 0.06301, 0.05308, 0.06247, 0.05348, 0.05197, 0.05459, 0.21591, 0.0562, 0.07832, 0.97323, 0.07789, 0.07299, 0.04477, 0.07046, 0.11101, 0.0616, 0.05437, 0.17104, 0.08059, 0.05041, 0.05258, 0.05634, 0.05549, 0.04971, 0.09129, 0.06473, 0.61407, 0.07327, 0.07064, 0.05701, 0.05883, 0.75191, 0.08867, 0.1927, 0.32568, 0.04997, 0.11649, 0.05263, 0.07085, 0.07464, 0.06187, 0.06425, 0.05122, 0.05515, 0.0468, 0.05119, 0.05918, 0.04933, 0.09357, 0.11847, 0.04904, 0.05025, 0.04431, 0.08979, 0.11875, 0.07026, 0.04972, 0.04753, 0.76882, 0.0955, 0.21038, 0.05472, 0.0568, 0.05371, 0.05988, 0.05436, 0.06103, 0.07518, 0.06464, 0.08544, 0.10181, 0.04539, 0.06992, 0.07506, 0.06099, 0.04772, 0.08058, 0.99125, 0.07048, 0.06713, 0.45613, 0.05187, 0.07153, 0.05646, 0.06647, 0.06337, 0.05565, 0.04935, 0.06734, 0.05867, 0.06978, 0.0555, 0.06953, 0.12832, 0.87825, 0.05441, 0.08001, 0.05773, 0.0523, 0.05939, 0.08173, 0.05273, 0.06747, 0.08224, 0.04944, 0.22721, 0.99258, 0.05673, 0.05928, 0.05964, 0.04975, 0.05277, 0.04983, 0.05724, 0.05804, 0.10463, 0.10502, 0.05785, 0.10245, 0.08625, 0.05631, 0.09342, 0.27521, 0.08479, 0.06388, 0.04829, 0.77541, 0.05365, 0.05366, 0.06854, 0.06101, 0.04922, 0.0568, 0.05022, 0.05179, 0.98869, 0.06581, 0.05735, 0.12832, 0.05489, 0.0494, 0.04839, 0.06529, 0.04554, 0.05756, 0.07078, 0.05998, 0.05867, 0.06538, 0.05662, 0.08463, 0.06646, 0.06135, 0.0556, 0.05075, 0.05059, 0.0529, 0.99484, 0.08304, 0.0597, 0.05087, 0.05867, 0.82832, 0.05773, 0.05192, 0.98749, 0.05333, 0.07215, 0.08398, 0.04963, 0.99142, 0.06202, 0.05652, 0.04921, 0.04819, 0.09869, 0.07178, 0.05007, 0.04431, 0.04801, 0.07966, 0.07714, 0.29649, 0.08316, 0.05569, 0.06054, 0.06308, 0.05183, 0.05742, 0.0549, 0.07374, 0.04722, 0.05224, 0.06099, 0.04857, 0.04888, 0.05092, 0.05466, 0.05949, 0.09186, 0.09909, 0.08257, 0.04742, 0.04857, 0.05421, 0.06879, 0.05792, 0.1155, 0.05347, 0.05824, 0.08653, 0.12178, 0.05326, 0.07765, 0.07272, 0.04928, 0.05069, 0.05554, 0.09803, 0.05899, 0.05112, 0.11724, 0.94063, 0.04752, 0.05878, 0.06253, 0.04793, 0.05639, 0.05009, 0.0448, 0.04594, 0.05076, 0.05514, 0.12366, 0.05133, 0.09922, 0.10739, 0.09396, 0.05857, 0.07315, 0.05071, 0.9829, 0.06658, 0.0488, 0.07667, 0.0933, 0.05886, 0.11945, 0.04731, 0.05344, 0.05912, 0.04793, 0.87499, 0.09805, 0.10874, 0.05896, 0.05197, 0.07577, 0.07678, 0.05783, 0.04986, 0.06043, 0.06957, 0.41424, 0.04587, 0.05981, 0.56681, 0.05439, 0.0454, 0.05683, 0.05573, 0.04726, 0.05201, 0.04875, 0.05017, 0.04867, 0.08314, 0.06366, 0.08622, 0.05033, 0.07615, 0.09362, 0.04767, 0.05652, 0.05854, 0.05341, 0.04846, 0.05162, 0.0563, 0.77824, 0.06278, 0.05256, 0.06596, 0.10686, 0.08891, 0.06219, 0.06331, 0.05544, 0.05136, 0.06144, 0.07802, 0.05899, 0.05761, 0.04719, 0.98476, 0.05729, 0.05878, 0.07959, 0.06591, 0.09344, 0.33784, 0.06471, 0.05552, 0.05109, 0.06042, 0.05654, 0.08012, 0.99502, 0.05388, 0.08811, 0.07395, 0.07832, 0.08987, 0.11751, 0.09317, 0.09599, 0.05129, 0.0753, 0.0552, 0.05285, 0.04808, 0.07754, 0.09339, 0.05963, 0.05018, 0.04887, 0.08644, 0.09436, 0.09503, 0.05679, 0.04744, 0.04856, 0.07917, 0.09679, 0.06348, 0.08142, 0.7256, 0.05048, 0.07307, 0.04609, 0.05301, 0.0725, 0.06213, 0.06649, 0.05982, 0.06971, 0.08212, 0.05188, 0.04762, 0.10414, 0.0619, 0.05249, 0.09129, 0.08575, 0.05722, 0.98592, 0.05806, 0.06615, 0.99005, 0.15557, 0.99382, 0.04882, 0.05979, 0.05805, 0.05486, 0.05663, 0.04968, 0.05177, 0.11926, 0.04902, 0.08027, 0.06823, 0.04835, 0.06751, 0.05798, 0.125, 0.08734, 0.05856, 0.06536, 0.09655, 0.05404, 0.04974, 0.05087, 0.06418, 0.11582, 0.06806, 0.44343, 0.0667, 0.06639, 0.0531, 0.06155, 0.05537, 0.06131, 0.07307, 0.06226, 0.05573, 0.07944, 0.05706, 0.2623, 0.05576, 0.08636, 0.75617, 0.05416, 0.05639, 0.08465, 0.05796, 0.99312, 0.08487, 0.04677, 0.98509, 0.09591, 0.08939, 0.06042, 0.07594, 0.36369, 0.06271, 0.06546, 0.05139, 0.05737, 0.0655, 0.0957, 0.2633, 0.09433, 0.04796, 0.06634, 0.09833, 0.07764, 0.06054, 0.9953, 0.13879, 0.11453, 0.04672, 0.05746, 0.05306, 0.05933, 0.05182, 0.1215, 0.05869, 0.05694, 0.0663, 0.0951, 0.07651, 0.10343, 0.04924, 0.06438, 0.81281, 0.07546, 0.04645, 0.06734, 0.05536, 0.20042, 0.09351, 0.11506, 0.62842, 0.04713, 0.06137, 0.14371, 0.05565, 0.05825, 0.08076, 0.04579, 0.088, 0.09489, 0.17522, 0.04899, 0.05767, 0.05318, 0.06047, 0.54355, 0.05859, 0.05603, 0.06276, 0.05429, 0.06104, 0.05064, 0.07222, 0.04887, 0.05657, 0.06376, 0.04933, 0.06116, 0.05419, 0.04899, 0.05308, 0.06684, 0.06165, 0.88013, 0.05445, 0.04598, 0.10352, 0.05147, 0.0659, 0.05055, 0.04787, 0.08558, 0.12463, 0.07617, 0.11393, 0.1013, 0.06014, 0.1104, 0.05748, 0.04851, 0.05229, 0.06281, 0.07268, 0.11106, 0.04602, 0.07503, 0.07975, 0.06414, 0.26856, 0.05823, 0.05391, 0.07377, 0.08635, 0.05392, 0.06101, 0.05998, 0.0784, 0.05477, 0.04924, 0.05294, 0.08095, 0.05984, 0.10101, 0.05415, 0.13151, 0.22332, 0.05996, 0.07093, 0.07432, 0.11055, 0.05331, 0.06337, 0.07212, 0.15177, 0.05942, 0.0486, 0.04672, 0.08305, 0.04996, 0.04725, 0.37702, 0.11802, 0.96349, 0.07036, 0.05402, 0.23904, 0.05213, 0.06208, 0.05915, 0.06349, 0.06447, 0.05678, 0.09228, 0.55945, 0.07893, 0.05141, 0.05824, 0.06155, 0.13449, 0.04877, 0.06663, 0.08395, 0.05397, 0.07936, 0.05404, 0.14988, 0.05132, 0.07013, 0.04934, 0.07648, 0.06746, 0.08144, 0.07862, 0.06106, 0.05337, 0.05448, 0.07687, 0.07529, 0.06021, 0.04631, 0.04452, 0.0669, 0.06437, 