{"model": "google/muril-base-cased", "dataset": "dravidian_malayalam", "train_config": "hardneg", "seed": 123, "thr_cal": 0.9087372988462448, "metrics_05": {"macro": 0.4134141720348617, "toxf1": 0.1103448275862069, "prec": 0.058997050147492625, "rec": 0.851063829787234, "prauc": 0.24206352587800803, "ece": 0.474305920223395, "covert": 0.22110552763819097}, "metrics_cal": {"macro": 0.6551523307104475, "toxf1": 0.336283185840708, "prec": 0.2878787878787879, "rec": 0.40425531914893614, "prauc": 0.24206352587800803, "ece": 0.474305920223395, "covert": 0.36923076923076925}, "probs": [0.30491, 0.27097, 0.39768, 0.92255, 0.38428, 0.58377, 0.37293, 0.53611, 0.74099, 0.2038, 0.25863, 0.45957, 0.60054, 0.34396, 0.51884, 0.4512, 0.63905, 0.39516, 0.42592, 0.59256, 0.45917, 0.35831, 0.65751, 0.19495, 0.29104, 0.22832, 0.46198, 0.44713, 0.34221, 0.61727, 0.64312, 0.35704, 0.34835, 0.32872, 0.72767, 0.57303, 0.91464, 0.56206, 0.32985, 0.23732, 0.36698, 0.32738, 0.47324, 0.62466, 0.91482, 0.26622, 0.51088, 0.70754, 0.61956, 0.49639, 0.27222, 0.4267, 0.48744, 0.68433, 0.64665, 0.26184, 0.41066, 0.36499, 0.38524, 0.4573, 0.32624, 0.39056, 0.53887, 0.63304, 0.62883, 0.55895, 0.49305, 0.3163, 0.27919, 0.52154, 0.77793, 0.30764, 0.28605, 0.38259, 0.73722, 0.4533, 0.36425, 0.93033, 0.3934, 0.7031, 0.94067, 0.40855, 0.21882, 0.20941, 0.23848, 0.30635, 0.47158, 0.45542, 0.54668, 0.53675, 0.31663, 0.81963, 0.56026, 0.5909, 0.32621, 0.4704, 0.51807, 0.29677, 0.51161, 0.34285, 0.49673, 0.22764, 0.36383, 0.31468, 0.32898, 0.34917, 0.26541, 0.47311, 0.89005, 0.41635, 0.45788, 0.65449, 0.28864, 0.41318, 0.65195, 0.6106, 0.6106, 0.38521, 0.40942, 0.59227, 0.90087, 0.55174, 0.69238, 0.47979, 0.70202, 0.65382, 0.57823, 0.40833, 0.6068, 0.24653, 0.55517, 0.46051, 0.52201, 0.48758, 0.7525, 0.86861, 0.4728, 0.29111, 0.58886, 0.49244, 0.67728, 0.40105, 0.48228, 0.4092, 0.40492, 0.4607, 0.25277, 0.40921, 0.30384, 0.47541, 0.68956, 0.25246, 0.48209, 0.33857, 0.57848, 0.87072, 0.32033, 0.46332, 0.53595, 0.43072, 0.48045, 0.50179, 0.56488, 0.79677, 0.48154, 0.28528, 0.42087, 0.23843, 0.57668, 0.26571, 0.42078, 0.3359, 0.54792, 0.85557, 0.45304, 0.88645, 0.61791, 0.60167, 0.48907, 0.60762, 0.33431, 0.26569, 0.69244, 0.42034, 0.93916, 0.62284, 0.57973, 0.24545, 0.66804, 0.49994, 0.83914, 0.34354, 0.94239, 0.31191, 0.35111, 0.59197, 0.42331, 0.80176, 0.84479, 0.39466, 0.24465, 0.51083, 0.57859, 0.61878, 0.35457, 0.43095, 0.26734, 0.55882, 0.80086, 0.19164, 0.49346, 0.3434, 0.37439, 0.55289, 0.37395, 0.44559, 0.91388, 0.546, 0.3434, 0.21863, 0.31494, 0.57741, 0.4909, 0.50289, 0.33695, 0.24816, 0.70025, 0.4114, 0.51018, 0.94169, 0.64283, 0.43945, 0.61622, 0.26622, 0.58194, 0.79571, 0.37937, 0.44161, 0.57515, 0.45415, 0.57599, 0.2355, 0.20316, 0.6514, 0.44344, 0.63401, 0.93681, 0.53446, 0.46904, 0.1886, 0.41196, 0.61717, 0.47949, 0.22564, 0.58414, 0.45502, 0.35193, 0.32171, 0.4512, 0.29279, 0.28095, 0.56681, 0.5014, 0.79509, 0.87932, 0.44263, 0.22631, 0.36499, 0.93853, 0.4424, 0.69088, 0.92303, 0.27733, 0.76432, 0.36872, 0.36226, 0.57004, 0.38186, 0.4286, 0.31382, 0.40586, 0.49056, 0.45055, 0.43789, 0.29729, 0.50563, 0.7178, 0.33426, 0.26004, 0.5304, 0.57546, 0.65145, 0.45894, 0.47151, 0.41593, 0.88438, 0.62476, 0.71916, 0.35161, 0.29899, 0.48915, 0.32988, 0.50691, 0.59209, 0.50421, 0.49476, 0.73145, 0.57923, 0.24262, 0.57839, 0.51621, 0.43574, 0.46268, 0.89463, 0.94001, 0.60271, 0.4406, 0.7649, 0.33399, 0.68347, 0.62267, 0.50546, 0.3854, 0.55491, 0.23485, 0.79634, 0.40855, 0.50739, 0.59889, 0.50473, 0.6052, 0.93515, 0.56665, 0.47567, 0.44872, 0.29049, 0.59446, 0.5556, 0.32937, 0.85415, 0.42316, 0.34427, 0.81961, 0.93875, 0.42133, 0.36403, 0.5208, 0.26756, 0.24052, 0.35085, 0.44051, 0.55291, 0.48384, 0.49563, 0.4578, 0.59419, 0.60379, 0.30259, 0.57702, 0.73511, 0.4308, 0.48434, 0.32324, 0.87781, 0.79746, 0.34239, 0.74244, 0.31109, 0.60138, 0.34917, 0.43578, 0.29394, 0.93115, 0.41708, 0.4575, 0.6052, 0.48091, 0.27005, 0.37243, 0.45311, 0.26429, 0.30402, 0.49047, 0.49232, 0.47863, 0.61519, 0.44684, 0.52134, 0.61878, 0.93655, 0.43666, 0.28284, 0.53626, 0.57149, 0.93661, 0.55819, 0.55011, 0.29357, 0.26699, 0.71434, 0.74203, 0.39188, 0.94182, 0.40073, 0.46909, 0.42503, 0.36769, 0.94139, 0.34639, 0.35476, 0.381, 0.22557, 0.62939, 0.69953, 0.7551, 0.40314, 0.20807, 0.27439, 0.51292, 0.83191, 0.56587, 0.40337, 0.50836, 0.59966, 0.31725, 0.41977, 0.26019, 0.47913, 0.22594, 0.4845, 0.50014, 0.44147, 0.38436, 0.35124, 0.7048, 0.69087, 0.64264, 0.45047, 0.57086, 0.29774, 0.54384, 0.47499, 0.5271, 0.32641, 0.57993, 0.31463, 0.54934, 0.53417, 0.43891, 0.29311, 0.62143, 0.55466, 0.26699, 0.45278, 0.49059, 0.66551, 0.38521, 0.58579, 0.93609, 0.8628, 0.24615, 0.44076, 0.34639, 0.27668, 0.2936, 0.70422, 0.25421, 0.23536, 0.27144, 0.51873, 0.79571, 0.42779, 0.87711, 0.5127, 0.82709, 0.68783, 0.46698, 0.57776, 0.90872, 0.49721, 0.47608, 0.89398, 0.71151, 0.87265, 0.62303, 0.37696, 0.59944, 0.52783, 0.40364, 0.9072, 0.55984, 0.61999, 0.59227, 0.2355, 0.54367, 0.38468, 0.34396, 0.23047, 0.68597, 0.5354, 0.63762, 0.20821, 0.26511, 0.92274, 0.22546, 0.19952, 0.82715, 0.31025, 0.39526, 0.41901, 0.49929, 0.57059, 0.36273, 0.45075, 0.40397, 0.71409, 0.37241, 0.64611, 0.5029, 0.36679, 0.32587, 0.50581, 0.24895, 0.38042, 0.40338, 0.65095, 0.85978, 0.67183, 0.18379, 0.43554, 0.39547, 0.49077, 0.51525, 0.63167, 0.3852, 0.59891, 0.54642, 0.36904, 0.33368, 0.44006, 0.20015, 0.93573, 0.50168, 0.29819, 0.82658, 0.59199, 0.43688, 0.65519, 0.38595, 0.23839, 0.32656, 0.56766, 0.38981, 0.45777, 0.94119, 0.30109, 0.82372, 0.49052, 0.45548, 0.54351, 0.67085, 0.50085, 0.78511, 0.61159, 0.63656, 0.53065, 0.65331, 0.39328, 0.73303, 0.59824, 0.44936, 0.44959, 0.29551, 0.48998, 0.55782, 0.51883, 0.20719, 0.46787, 0.50927, 0.5097, 0.5571, 0.28083, 0.51362, 0.92742, 0.36761, 0.84552, 0.20705, 0.59092, 0.76927, 0.41228, 0.58329, 0.61311, 0.93934, 0.57018, 0.70135, 0.40986, 0.53225, 0.60525, 0.49404, 0.56681, 0.46287, 0.42151, 0.94245, 0.68695, 0.57003, 0.93103, 0.59647, 0.93961, 0.42385, 0.73287, 0.5798, 0.45298, 0.48362, 0.54218, 0.90358, 0.68013, 0.50487, 0.50228, 0.50644, 0.3686, 0.29104, 0.34414, 0.68314, 0.89009, 0.53517, 0.42698, 0.78847, 0.34947, 0.23847, 0.38743, 0.43068, 0.64586, 0.48519, 0.78103, 0.53983, 0.68413, 0.50736, 0.81476, 0.40542, 0.23906, 0.63525, 0.42756, 0.77266, 0.46964, 0.30256, 0.73297, 0.65349, 0.42378, 0.78051, 0.47256, 0.78633, 0.44002, 0.49213, 0.93862, 0.87633, 0.39591, 0.92943, 0.62208, 0.3885, 0.42777, 0.79749, 0.74684, 0.28072, 0.28152, 0.26393, 0.45708, 0.52589, 0.59996, 0.5285, 0.47819, 0.34156, 0.37218, 0.64095, 0.61162, 0.50836, 0.94278, 0.80705, 0.5948, 0.34516, 0.39104, 0.45826, 0.32188, 0.28758, 0.90475, 0.63364, 0.51298, 0.35612, 0.64245, 0.60938, 0.62959, 0.39692, 0.55081, 0.88917, 0.51577, 0.23201, 0.63451, 0.3809, 0.91377, 0.55761, 0.93784, 0.79896, 0.25092, 0.73055, 0.71044, 0.42258, 0.48593, 0.89357, 0.22193, 0.59618, 0.56091, 0.83983, 0.28787, 0.41437, 0.57591, 0.70725, 0.61222, 0.33632, 0.82567, 0.32236, 0.32866, 0.43282, 0.24418, 0.93703, 0.37476, 0.43738, 0.88957, 0.37651, 0.81141, 0.49307, 0.39556, 0.38001, 0.50978, 0.45151, 0.6843, 0.47564, 0.2766, 0.72399, 0.61711, 0.58498, 0.64074, 0.49889, 0.59238, 0.65912, 0.43308, 0.61136, 0.94165, 0.44541, 0.60889, 0.43015, 0.19416, 0.22969, 0.43229, 0.26878, 0.29543, 0.31077, 0.39922, 0.49008, 0.53933, 0.79226, 0.38397, 0.30811, 0.46701, 0.37787, 0.67037, 0.31109, 0.51803, 0.67487, 0.72322, 0.39692, 0.27815, 0.6205, 0.56689, 0.61665, 0.38496, 0.59527, 0.77833, 0.49696, 0.347, 0.71393, 0.66288, 0.64888, 0.3854, 0.44063, 0.93733, 0.43816, 0.37814, 0.34516, 0.37395, 0.50123, 0.52851, 0.8785, 0.69197, 0.94232, 0.34878, 0.31502, 0.75592, 0.20706, 0.49586, 0.31768, 0.50046, 0.45728, 0.31372, 0.48857, 0.87161, 0.49515, 0.52446, 0.6009, 0.76865, 0.79696, 0.45702, 0.28586, 0.64556, 0.39009, 0.4544, 0.34947, 0.76897, 0.3733, 0.71032, 0.88782, 0.43363, 0.94155, 0.46062, 0.52688, 0.54316, 0.3405, 0.37877, 0.35644, 0.53428, 0.38819, 0.52644, 0.28074, 0.59373, 