{"model": "google/muril-base-cased", "dataset": "dravidian_kannada", "train_config": "ce", "seed": 42, "thr_cal": 0.2845302075147629, "metrics_05": {"macro": 0.7313264390427412, "toxf1": 0.5951557093425606, "prec": 0.6666666666666666, "rec": 0.5375, "prauc": 0.7224500201280989, "ece": 0.09769090053978227, "covert": 0.8258064516129032}, "metrics_cal": {"macro": 0.7696540880503144, "toxf1": 0.6666666666666666, "prec": 0.6585365853658537, "rec": 0.675, "prauc": 0.7224500201280989, "ece": 0.09769090053978227, "covert": 0.8588957055214724}, "probs": [0.05977, 0.09388, 0.63007, 0.05636, 0.27337, 0.12406, 0.14011, 0.02982, 0.04401, 0.02036, 0.0717, 0.03136, 0.0246, 0.0409, 0.21013, 0.02122, 0.04133, 0.80092, 0.02825, 0.20792, 0.0379, 0.03814, 0.22715, 0.08116, 0.98213, 0.31931, 0.98159, 0.43708, 0.13726, 0.45409, 0.98344, 0.07752, 0.02628, 0.08966, 0.31344, 0.02175, 0.03898, 0.02836, 0.5109, 0.0263, 0.05881, 0.02688, 0.97189, 0.14619, 0.22986, 0.03214, 0.09488, 0.03443, 0.041, 0.06019, 0.92921, 0.05462, 0.02371, 0.26929, 0.02917, 0.35582, 0.02011, 0.04108, 0.0614, 0.1529, 0.04033, 0.04415, 0.04393, 0.08784, 0.02775, 0.02632, 0.0274, 0.03286, 0.32096, 0.97597, 0.10143, 0.02812, 0.2563, 0.20359, 0.34244, 0.65281, 0.06384, 0.04147, 0.22937, 0.91429, 0.02867, 0.95527, 0.04644, 0.12863, 0.03928, 0.01822, 0.70915, 0.01912, 0.1059, 0.03093, 0.01856, 0.02898, 0.03028, 0.36065, 0.02728, 0.0573, 0.03261, 0.02468, 0.04938, 0.03032, 0.01838, 0.92902, 0.03939, 0.96032, 0.1149, 0.03572, 0.87505, 0.02776, 0.02637, 0.06579, 0.18079, 0.09654, 0.02197, 0.03345, 0.02372, 0.0193, 0.02628, 0.04156, 0.48863, 0.96956, 0.12359, 0.03656, 0.20269, 0.04209, 0.34266, 0.18465, 0.09488, 0.75046, 0.02439, 0.04081, 0.92855, 0.02717, 0.021, 0.90401, 0.96667, 0.24656, 0.0211, 0.97992, 0.02782, 0.51677, 0.02559, 0.03496, 0.22212, 0.96677, 0.92255, 0.05998, 0.24842, 0.87133, 0.40748, 0.04423, 0.02238, 0.04912, 0.7838, 0.11319, 0.03091, 0.69436, 0.02697, 0.75817, 0.07272, 0.11371, 0.09471, 0.15936, 0.02325, 0.06004, 0.08947, 0.0271, 0.07668, 0.02294, 0.02748, 0.46467, 0.03916, 0.97747, 0.03954, 0.04275, 0.97721, 0.02677, 0.09488, 0.06859, 0.04996, 0.70668, 0.0248, 0.03733, 0.09488, 0.79171, 0.56498, 0.03733, 0.63757, 0.02528, 0.03964, 0.02682, 0.92923, 0.97499, 0.03536, 0.09488, 0.82692, 0.97152, 0.03416, 0.11538, 0.0633, 0.10783, 0.07505, 0.03038, 0.03431, 0.82042, 0.03949, 0.27384, 0.96624, 0.03496, 0.96565, 0.02826, 0.94926, 0.78908, 0.05436, 0.03374, 0.02638, 0.02432, 0.36616, 0.06123, 0.0249, 0.02013, 0.01957, 0.07496, 0.02357, 0.13025, 0.3974, 0.04563, 0.02857, 0.04836, 0.02933, 0.06236, 0.02261, 0.03994, 0.03625, 0.03704, 0.04089, 0.47296, 0.98155, 0.02522, 0.02634, 0.01938, 0.03056, 0.09488, 0.05058, 0.98183, 0.97471, 0.06572, 0.02197, 0.05271, 0.04089, 0.11007, 0.0987, 0.03411, 0.03022, 0.11252, 0.02255, 0.02853, 0.59734, 0.73348, 0.73178, 0.03388, 0.34611, 0.1149, 0.71495, 0.74311, 0.03036, 0.01928, 0.09488, 0.01917, 0.0206, 0.02316, 0.04705, 0.02134, 0.18825, 0.3048, 0.06353, 0.09133, 0.23971, 0.02337, 0.89976, 0.88918, 0.02943, 0.86514, 0.97497, 0.03494, 0.04279, 0.05264, 0.029, 0.08077, 0.04573, 0.03266, 0.92562, 0.02486, 0.23316, 0.03474, 0.09113, 0.09488, 0.23349, 0.45625, 0.04538, 0.03974, 0.02771, 0.04027, 0.02893, 0.95917, 0.02474, 0.03061, 0.03121, 0.09488, 0.03387, 0.02479, 0.05357, 0.05822, 0.03023, 0.05417, 0.83191, 0.24159, 0.01962, 0.55991, 0.84322, 0.11953, 0.09713, 0.06027, 0.02768, 0.04933, 0.98043, 0.02722, 0.93011, 0.05569, 0.34262, 0.94697, 0.02394, 0.23283, 0.07112, 0.05708, 0.04099, 0.06626, 0.03649, 0.04032, 0.03124, 0.02982, 0.0376, 0.03337, 0.06425, 0.37162, 0.79441, 0.04689, 0.97775, 0.87043, 0.09488, 0.07981, 0.02941, 0.03432, 0.54652, 0.96599, 0.12055, 0.42924, 0.26651, 0.96581, 0.02102, 0.03085, 0.12255, 0.04033, 0.07417, 0.07319, 0.09542, 0.02701, 0.83629, 0.02163, 0.0194, 0.1956, 0.98206, 0.03482, 0.02299, 0.09488, 0.02505, 0.06029, 0.03771, 0.76281, 0.58943, 0.03744, 0.71369, 0.03199, 0.06437, 0.90839, 0.10523, 0.25808, 0.02286, 0.03008, 0.05777, 0.64168, 0.05806, 0.06031, 0.02373, 0.02768, 0.04096, 0.0233, 0.23753, 0.08271, 0.04108, 0.95961, 0.0507, 0.03719, 0.1705, 0.77684, 0.02864, 0.03118, 0.09865, 0.98383, 0.02828, 0.03186, 0.06793, 0.02987, 0.39948, 0.04991, 0.05594, 0.28894, 0.02527, 0.03255, 0.05033, 0.02904, 0.02404, 0.11558, 0.96312, 0.02784, 0.34639, 0.57624, 0.09052, 0.96402, 0.98261, 0.02121, 0.02207, 0.11471, 0.02611, 0.07379, 0.03732, 0.97489, 0.25879, 0.02408, 0.3264, 0.02753, 0.06122, 0.8244, 0.02307, 0.04322, 0.97556, 0.97978, 0.02211, 0.906, 0.95499, 0.08622, 0.06402, 0.06786, 0.03055, 0.02413, 0.09975, 0.17954, 0.59298, 0.02353, 0.02567, 0.03589, 0.05239, 0.03609, 0.06988, 0.02609, 0.02153, 0.05628, 0.02522, 0.95664, 0.14489, 0.96334, 0.65276, 0.0383, 0.7903, 0.05285, 0.69355, 0.02183, 0.27658, 0.97279, 0.51696, 0.02399, 0.97984, 0.92965, 0.03193, 0.0444, 0.97855, 0.08379, 0.92639, 0.33704, 0.09332, 0.03712, 0.02094, 0.08322, 0.35143, 0.95467, 0.0248, 0.37527, 0.94469, 0.0897, 0.97216, 0.10009, 0.02119, 0.03007, 0.10439, 0.03217, 0.05044, 0.68828, 0.02459, 0.03798, 0.05331, 0.74256, 0.02412, 0.969, 0.03906, 0.01946, 0.0526, 0.66814, 0.07662, 0.60573, 0.02914, 0.23591, 0.01983, 0.88405, 0.87258, 0.02452, 0.10139, 0.87945, 0.09488, 0.21551, 0.07987, 0.04129, 0.03656, 0.38, 0.06502, 0.02612, 0.86433, 0.09488, 0.94924, 0.09061, 0.4915, 0.20135, 0.23558, 0.80506, 0.16657, 0.93737, 0.0359, 0.04569, 0.05809, 0.70099, 0.20858, 0.30013, 0.95888, 0.02439, 0.05081, 0.02542, 0.01848, 0.98313, 0.02203, 0.16257, 0.81414, 0.05716, 0.01924, 0.02664, 0.05358, 0.73657, 0.49641, 0.75376, 0.87541, 0.02767, 0.32326, 0.0458, 0.96455, 0.87868, 0.27123, 0.88294, 0.04035, 0.02964, 0.05542, 0.02678, 0.02529, 0.72668, 0.28938, 0.02771, 0.18438, 0.86595, 0.02107, 0.42194], "labels": [0, 0, 0, 0, 0, 0, 0, 0, 0, 0, 0, 0, 0, 0, 1, 0, 0, 1, 0, 0, 0, 0, 0, 1, 1, 1, 1, 1, 1, 0, 1, 0, 1, 1, 1, 0, 1, 0, 0, 1, 0, 0, 1, 0, 0, 0, 0, 0, 0, 1, 0, 0, 0, 1, 0, 0, 0, 0, 1, 0, 0, 0, 0, 1, 0, 0, 0, 0, 1, 1, 1, 0, 0, 0, 0, 1, 0, 0, 0, 1, 0, 1, 1, 0, 0, 0, 1, 0, 1, 0, 0, 0, 0, 0, 0, 0, 0, 1, 0, 0, 0, 1, 0, 1, 0, 0, 1, 0, 0, 0, 0, 0, 0, 0, 0, 0, 0, 0, 1, 0, 0, 0, 1, 1, 0, 0, 0, 0, 0, 0, 0, 0, 0, 1, 1, 0, 0, 1, 0, 0, 0, 0, 1, 1, 1, 0, 0, 0, 1, 0, 0, 0, 0, 0, 0, 1, 0, 0, 0, 1, 1, 1, 0, 1, 0, 0, 0, 0, 0, 0, 0, 1, 0, 0, 1, 0, 0, 0, 0, 0, 0, 0, 0, 0, 1, 0, 0, 0, 0, 0, 0, 1, 0, 1, 0, 1, 1, 0, 0, 0, 0, 0, 0, 0, 1, 1, 0, 0, 1, 0, 1, 0, 1, 0, 0, 0, 1, 0, 0, 0, 1, 0, 0, 0, 1, 0, 0, 0, 0, 0, 0, 0, 0, 0, 0, 1, 1, 0, 0, 0, 0, 0, 0, 1, 1, 0, 0, 0, 0, 0, 0, 0, 0, 1, 0, 0, 0, 0, 1, 0, 1, 0, 0, 0, 0, 0, 0, 0, 0, 0, 0, 0, 0, 1, 0, 0, 0, 0, 1, 1, 0, 1, 1, 0, 0, 1, 0, 1, 0, 0, 1, 0, 0, 1, 0, 0, 0, 1, 0, 0, 0, 0, 0, 0, 0, 0, 0, 1, 0, 0, 0, 0, 0, 0, 1, 1, 0, 0, 0, 0, 1, 1, 0, 0, 1, 0, 1, 0, 1, 1, 0, 0, 0, 0, 0, 0, 0, 1, 0, 0, 0, 0, 0, 0, 0, 0, 1, 0, 0, 0, 0, 0, 1, 0, 0, 1, 0, 1, 0, 0, 1, 0, 0, 0, 0, 0, 1, 0, 0, 1, 1, 0, 0, 0, 0, 0, 0, 1, 1, 0, 1, 0, 0, 1, 1, 1, 0, 0, 1, 1, 0, 0, 0, 0, 0, 0, 0, 0, 0, 1, 1, 1, 0, 1, 0, 0, 0, 1, 0, 0, 0, 0, 0, 0, 0, 0, 0, 1, 0, 1, 0, 0, 1, 0, 0, 0, 1, 1, 1, 0, 0, 0, 0, 0, 0, 1, 1, 0, 1, 0, 0, 0, 0, 0, 1, 1, 0, 1, 0, 1, 0, 0, 0, 0, 0, 0, 0, 0, 0, 0, 0, 0, 0, 0, 0, 0, 0, 1, 0, 1, 0, 0, 1, 1, 1, 0, 0, 1, 0, 0, 1, 1, 0, 0, 1, 0, 1, 1, 0, 0, 0, 0, 1, 1, 0, 1, 0, 0, 1, 0, 0, 0, 0, 0, 0, 0, 0, 0, 0, 1, 0, 1, 0, 0, 0, 1, 0, 1, 0, 0, 0, 1, 0, 0, 0, 0, 0, 0, 0, 0, 0, 0, 0, 0, 1, 0, 0, 1, 1, 1, 0, 0, 0, 1, 0, 0, 0, 1, 0, 1, 1, 0, 0, 0, 0, 1, 0, 0, 0, 0, 0, 0, 0, 1, 1, 1, 1, 0, 0, 0, 1, 1, 0, 0, 0, 0, 0, 0, 0, 0, 0, 0, 0, 1, 0, 1], "n": {"train": 3400, "val": 600, "test": 586, "toxic_frac": 0.23911764705882352}}