{"model": "google/muril-base-cased", "dataset": "dravidian_tamil", "train_config": "ce", "seed": 2024, "thr_cal": 0.2850577354431152, "metrics_05": {"macro": 0.7282921037412642, "toxf1": 0.5893587994542974, "prec": 0.561038961038961, "rec": 0.6206896551724138, "prauc": 0.6231444382762303, "ece": 0.0657503411869208, "covert": 0.6860158311345647}, "metrics_cal": {"macro": 0.7185832326628404, "toxf1": 0.6047032474804032, "prec": 0.4954128440366973, "rec": 0.7758620689655172, "prauc": 0.6231444382762303, "ece": 0.0657503411869208, "covert": 0.7173396674584323}, "probs": [0.09006, 0.03959, 0.04768, 0.04706, 0.84498, 0.06209, 0.03639, 0.04146, 0.04593, 0.03833, 0.06611, 0.06291, 0.03948, 0.03637, 0.14573, 0.06822, 0.88218, 0.18054, 0.03279, 0.15726, 0.09728, 0.10407, 0.14257, 0.05654, 0.04706, 0.32943, 0.8818, 0.03461, 0.06947, 0.03889, 0.03553, 0.18314, 0.06452, 0.05049, 0.09079, 0.72272, 0.1553, 0.07261, 0.04304, 0.28207, 0.12003, 0.07608, 0.59893, 0.13983, 0.39428, 0.86619, 0.05471, 0.04371, 0.28127, 0.06365, 0.04846, 0.10376, 0.10121, 0.12027, 0.11628, 0.46788, 0.33959, 0.66597, 0.76904, 0.08311, 0.0593, 0.03996, 0.65479, 0.2329, 0.04367, 0.03713, 0.10168, 0.45879, 0.8572, 0.55986, 0.826, 0.15455, 0.09747, 0.06166, 0.4993, 0.53687, 0.67256, 0.87926, 0.09177, 0.05888, 0.72969, 0.37117, 0.33118, 0.03241, 0.04198, 0.03676, 0.17187, 0.10454, 0.05884, 0.83402, 0.04271, 0.48485, 0.03467, 0.41429, 0.15257, 0.18025, 0.27085, 0.0438, 0.05245, 0.07777, 0.72559, 0.03694, 0.11056, 0.05126, 0.68459, 0.72991, 0.07678, 0.03712, 0.03615, 0.3294, 0.13211, 0.14425, 0.60917, 0.12291, 0.12028, 0.03929, 0.07378, 0.07828, 0.07578, 0.03439, 0.06333, 0.03537, 0.04119, 0.04735, 0.67053, 0.03843, 0.39686, 0.12143, 0.04096, 0.06603, 0.07603, 0.20097, 0.39806, 0.14102, 0.64694, 0.3269, 0.09809, 0.04018, 0.09574, 0.8563, 0.46266, 0.05263, 0.5517, 0.89901, 0.09808, 0.0701, 0.03831, 0.23782, 0.19084, 0.16926, 0.8376, 0.09063, 0.55163, 0.08105, 0.47891, 0.10048, 0.03288, 0.12423, 0.03621, 0.74244, 0.04836, 0.61865, 0.1471, 0.90812, 0.03555, 0.04374, 0.24873, 0.10989, 0.77122, 0.69196, 0.75796, 0.50789, 0.20702, 0.67547, 0.19781, 0.03564, 0.21386, 0.28881, 0.03525, 0.55062, 0.06865, 0.74472, 0.17786, 0.75216, 0.06782, 0.03864, 0.82335, 0.04617, 0.03669, 0.48496, 0.06293, 0.06307, 0.33835, 0.07191, 0.0317, 0.45384, 0.04715, 0.85219, 0.03714, 0.04805, 0.14578, 0.89769, 0.82017, 0.04328, 0.1332, 0.04519, 0.36709, 0.03753, 0.18948, 0.48744, 0.17705, 0.136, 0.20202, 0.05515, 0.04561, 0.42664, 0.03586, 0.04023, 0.07957, 0.05046, 0.03696, 0.04082, 0.03863, 0.89052, 0.04975, 0.9016, 0.62274, 0.1045, 0.03624, 0.0984, 0.1743, 0.04814, 0.07548, 0.86324, 0.26014, 0.066, 0.39757, 0.03162, 0.4865, 0.06935, 0.8898, 0.11125, 0.0379, 0.61224, 0.51518, 0.61019, 0.15669, 0.40401, 0.07315, 0.27436, 0.06262, 0.04567, 0.10423, 0.06332, 0.75692, 0.11901, 0.0338, 0.48687, 0.09566, 0.04424, 0.26862, 0.85574, 0.08946, 0.06172, 0.20819, 0.04042, 0.2315, 0.12196, 0.50544, 0.05086, 0.61387, 0.89104, 0.66394, 0.03398, 0.04971, 0.0309, 0.84132, 0.50249, 0.08001, 0.19851, 0.03891, 0.03855, 0.03893, 0.09975, 0.03801, 0.03918, 0.10838, 0.16249, 0.42771, 0.7425, 0.05447, 0.03591, 0.05103, 0.86039, 0.12787, 0.09861, 0.07723, 0.37537, 0.81292, 0.28998, 0.03586, 0.05729, 0.07187, 0.36853, 0.84511, 0.35553, 0.15661, 0.08421, 0.14746, 0.03731, 0.06497, 0.86991, 0.11788, 0.12194, 0.06949, 0.52298, 0.82095, 0.04746, 0.06944, 0.07672, 0.04357, 0.66157, 0.84827, 0.28556, 0.05266, 0.87645, 0.86974, 0.24758, 0.12191, 0.03806, 0.09822, 0.61645, 0.06999, 0.49103, 0.04884, 0.03825, 0.20415, 0.81182, 0.10084, 0.10396, 0.03298, 0.03681, 0.21207, 0.35423, 0.07768, 0.16315, 0.15201, 0.08455, 0.07445, 0.06971, 0.3127, 0.3773, 0.55896, 0.51326, 0.36284, 0.16857, 0.37949, 0.20144, 0.05815, 0.054, 0.30004, 0.57152, 0.07781, 0.34086, 0.16386, 0.64013, 0.03677, 0.78801, 0.03172, 0.91107, 0.03526, 0.61732, 0.33078, 0.04122, 0.06333, 0.52248, 0.03425, 0.39212, 0.86306, 0.11149, 0.1261, 0.04109, 0.35612, 0.57778, 0.50652, 0.44234, 0.12415, 0.47526, 0.03382, 0.27876, 0.10577, 0.04718, 0.04592, 0.04128, 0.18417, 0.70718, 0.45468, 0.84906, 0.04159, 0.08014, 0.10107, 0.08466, 0.04783, 0.18984, 0.03712, 0.05041, 0.05147, 0.87236, 0.12823, 0.88187, 0.88512, 0.04462, 0.04941, 0.16402, 0.72595, 0.6243, 0.06859, 0.05614, 0.36058, 0.784, 0.80442, 0.23953, 0.04699, 0.07903, 0.69132, 0.03696, 0.07123, 0.07627, 0.85256, 0.4566, 0.0697, 0.44044, 0.50573, 0.74662, 0.34854, 0.04415, 0.05139, 0.32587, 0.08913, 0.04773, 0.8134, 0.06433, 0.90949, 0.68048, 0.18671, 0.8642, 0.66896, 0.04644, 0.13712, 0.41934, 0.06094, 0.70704, 0.3656, 0.07364, 0.04161, 0.84997, 0.20721, 0.22983, 0.05144, 0.26375, 0.03304, 0.04304, 0.70133, 0.03273, 0.03704, 0.87321, 0.04007, 0.10683, 0.68797, 0.15184, 0.03151, 0.06192, 0.17762, 0.13443, 0.37135, 0.11309, 0.03989, 0.79929, 0.832, 0.10675, 0.36401, 0.03989, 0.09406, 0.7944, 0.05225, 0.91062, 0.86135, 0.03431, 0.03531, 0.38422, 0.04018, 0.64948, 0.21892, 0.04448, 0.72989, 0.0734, 0.36473, 0.03319, 0.10519, 0.69981, 0.49669, 0.31847, 0.04129, 0.44277, 0.39608, 0.05069, 0.06023, 0.03958, 0.78211, 0.04419, 0.03179, 0.04879, 0.05352, 0.15237, 0.05365, 0.80619, 0.51105, 0.15781, 0.58659, 0.27883, 0.8006, 0.14285, 0.13418, 0.73662, 0.72753, 0.03635, 0.08953, 0.06492, 0.07153, 0.1224, 0.20468, 0.04517, 0.88541, 0.51617, 0.22643, 0.03781, 0.13595, 0.04409, 0.03246, 0.08191, 0.6706, 0.28514, 0.11892, 0.05434, 0.09698, 0.84134, 0.05399, 0.11353, 0.04292, 0.04233, 0.03629, 0.04127, 0.17373, 0.07483, 0.15361, 0.34621, 0.09877, 0.63923, 0.43894, 0.53134, 0.4275, 0.32997, 0.5666, 0.65215, 0.06188, 0.32151, 0.58353, 0.72478, 0.03477, 0.85301, 0.1419, 0.58451, 0.05185, 0.10349, 0.18085, 0.26316, 0.41771, 0.05253, 0.19662, 0.04768, 0.28937, 0.43468, 0.09665, 0.32938, 0.34529, 0.37006, 0.07056, 0.05814, 0.89498, 0.87936, 0.0395, 0.89107, 0.2179, 0.85187, 0.04019, 0.03614, 0.05319, 0.07559, 0.03556, 0.19267, 0.05607, 0.77309, 0.77569, 0.10625, 0.04318, 0.31057, 0.06806, 0.15966, 0.36864, 0.76617, 0.25605, 0.39612, 0.33568, 0.12698, 0.42945, 0.07691, 0.09921, 0.0664, 0.35154, 0.78708, 0.03954, 0.04954, 0.84221, 0.10719, 0.54597, 0.09776, 0.04914, 0.03228, 0.84402, 0.04398, 0.08272, 0.18053, 0.06764, 0.32211, 0.08751, 0.11924, 0.43838, 0.04315, 0.84237, 0.31159, 0.04343, 0.16951, 0.52672, 0.29006, 0.09348, 0.03728, 0.16151, 0.59635, 0.52381, 0.89599, 0.04131, 0.65659, 0.25127, 0.15347, 0.07248, 0.05965, 0.03301, 0.74095, 0.86153, 0.0529, 0.7739, 0.42713, 0.08383, 0.03311, 0.26889, 0.30121, 0.08932, 0.10671, 0.66011, 0.094, 0.83763, 0.04919, 0.35784, 0.21311, 0.03434, 0.19732, 0.03595, 0.21037, 0.06091, 0.89327, 0.18318, 0.59261, 0.85535, 0.04638, 0.19153, 0.05672, 0.13857, 0.84072, 0.07578, 0.61577, 0.0712, 0.11607, 0.05159, 0.12418, 0.49391, 0.07225, 0.08548, 0.08761, 0.06073, 0.52064, 0.20088, 0.03916, 0.5668, 0.87375, 0.05324, 0.32432, 0.06445, 0.21781, 0.07068, 0.09781, 0.03721, 0.06676, 0.07157, 0.03386, 0.81579, 0.46955, 0.8547, 0.0348, 0.83553, 0.05074, 0.89002, 0.22934, 0.12938, 0.08143, 0.15215, 0.03477, 0.16803, 0.21452, 0.13615, 0.07381, 0.0322, 0.11369, 0.83004, 0.10485, 0.71291, 0.05639, 0.09723, 0.05736, 0.11792, 0.0392, 0.04216, 0.10906, 0.90055, 0.74829, 0.22709, 0.1482, 0.17035, 0.08698, 0.55878, 0.75442, 0.04524, 0.04216, 0.85882, 0.48972, 0.05564, 0.03628, 0.61098, 0.04887, 0.04596, 0.04252, 0.30082, 0.74428, 0.05726, 0.03968, 0.15558, 0.04001, 0.81656, 0.28229, 0.50066, 0.064, 0.87002, 0.03829, 0.71545, 0.10362, 0.39332, 0.58632, 0.1503, 0.7758, 0.03808, 0.03839, 0.47979, 0.68637, 0.32653, 0.05416, 0.17581, 0.2479, 0.53629, 0.03635, 0.2592, 0.82453, 0.09529, 0.78618, 0.71153, 0.03456, 0.04021, 0.85235, 0.17165, 0.07283, 0.04456, 0.16086, 0.04008, 0.22518, 0.03957, 0.44938, 0.23438, 0.77088, 0.09798, 0.47619, 0.5002, 0.16126, 0.17521, 0.82074, 0.89119, 0.13145, 0.04387, 0.04788, 0.04266, 0.08455, 0.05843, 0.06112, 0.8673, 0.83734, 0.11675, 0.12171, 0.82977, 0.21884, 0.08206, 0.09721, 0.81902, 0.14169, 0.06577, 0.05236, 0.57392, 