{"model": "google/muril-base-cased", "dataset": "dravidian_malayalam", "train_config": "ce", "seed": 123, "thr_cal": 0.9257670342922213, "metrics_05": {"macro": 0.5633325825024798, "toxf1": 0.2078853046594982, "prec": 0.125, "rec": 0.6170212765957447, "prauc": 0.1682838567687648, "ece": 0.19709421174724898, "covert": 0.3392857142857143}, "metrics_cal": {"macro": 0.6040189125295508, "toxf1": 0.25555555555555554, "prec": 0.17293233082706766, "rec": 0.48936170212765956, "prauc": 0.1682838567687648, "ece": 0.19709421174724898, "covert": 0.345679012345679}, "probs": [0.06831, 0.06903, 0.07027, 0.83509, 0.07987, 0.11583, 0.07377, 0.09255, 0.99226, 0.0653, 0.0673, 0.08047, 0.12947, 0.06888, 0.07724, 0.07552, 0.10114, 0.09267, 0.06724, 0.08589, 0.08648, 0.07113, 0.91966, 0.0627, 0.06733, 0.07472, 0.0732, 0.06961, 0.06721, 0.22802, 0.21401, 0.0861, 0.07893, 0.06605, 0.94868, 0.0874, 0.46267, 0.27478, 0.07059, 0.07185, 0.06876, 0.08032, 0.07279, 0.81962, 0.99333, 0.07135, 0.11113, 0.20247, 0.07676, 0.09801, 0.06884, 0.11528, 0.06961, 0.95068, 0.15294, 0.06194, 0.10431, 0.07712, 0.07024, 0.07993, 0.10547, 0.06735, 0.10173, 0.68637, 0.26169, 0.14492, 0.11916, 0.0871, 0.06936, 0.12355, 0.77147, 0.06936, 0.06885, 0.07021, 0.94528, 0.06601, 0.07629, 0.93324, 0.06723, 0.21843, 0.98504, 0.06524, 0.06941, 0.0651, 0.07024, 0.06736, 0.11371, 0.06865, 0.1592, 0.08298, 0.07961, 0.13384, 0.18239, 0.13535, 0.0726, 0.0774, 0.13224, 0.07115, 0.15723, 0.06982, 0.08494, 0.07283, 0.11036, 0.07418, 0.07375, 0.09675, 0.06978, 0.07766, 0.94509, 0.08273, 0.06844, 0.15339, 0.07559, 0.08586, 0.13078, 0.09496, 0.73566, 0.07, 0.06488, 0.13386, 0.96315, 0.38611, 0.53047, 0.28733, 0.42458, 0.13289, 0.69362, 0.10804, 0.18639, 0.0731, 0.11009, 0.10654, 0.12609, 0.15055, 0.15075, 0.97578, 0.08732, 0.07664, 0.22326, 0.13862, 0.21335, 0.06652, 0.11149, 0.06737, 0.0703, 0.07453, 0.0641, 0.06411, 0.06743, 0.07015, 0.71547, 0.08797, 0.0795, 0.07193, 0.08712, 0.99355, 0.06909, 0.09858, 0.12066, 0.08969, 0.09729, 0.16586, 0.10188, 0.99323, 0.10373, 0.07545, 0.08069, 0.06622, 0.73463, 0.07618, 0.09296, 0.07107, 0.10505, 0.9916, 0.06478, 0.97161, 0.16307, 0.229, 0.09133, 0.15455, 0.09025, 0.09159, 0.62035, 0.25489, 0.99359, 0.08376, 0.33591, 0.08953, 0.124, 0.08687, 0.94753, 0.08756, 0.99336, 0.13624, 0.09065, 0.67951, 0.06713, 0.93569, 0.98976, 0.09526, 0.0916, 0.10164, 0.11129, 0.58797, 0.103, 0.09049, 0.07097, 0.08847, 0.86463, 0.06392, 0.09907, 0.07861, 0.07446, 0.10254, 0.09781, 0.07983, 0.99308, 0.09147, 0.07102, 0.08287, 0.07143, 0.29607, 0.09682, 0.85112, 0.06592, 0.06755, 0.98349, 0.07995, 0.11098, 0.92738, 0.55375, 0.07165, 0.25223, 0.07135, 0.19239, 0.99325, 0.1002, 0.08427, 0.11751, 0.14084, 0.11014, 0.07367, 0.06832, 0.9058, 0.06535, 0.15681, 0.99339, 0.10133, 0.07516, 0.06254, 0.0735, 0.52909, 0.09991, 0.06852, 0.14918, 0.06986, 0.06477, 0.07904, 0.08316, 0.08062, 0.06822, 0.08253, 0.08414, 0.47231, 0.97743, 0.06988, 0.07288, 0.1569, 0.98725, 0.07776, 0.63108, 0.57604, 0.07836, 0.98761, 0.08053, 0.1065, 0.3756, 0.08016, 0.09287, 0.06787, 0.10162, 0.14109, 0.07215, 0.11189, 0.06974, 0.1365, 0.94227, 0.08721, 0.06891, 0.07683, 0.09862, 0.9681, 0.19902, 0.08283, 0.09964, 0.99325, 0.58285, 0.18169, 0.07849, 0.06957, 0.10638, 0.0647, 0.07884, 0.14796, 0.11762, 0.10578, 0.15253, 0.10397, 0.06447, 0.43094, 0.10327, 0.07, 0.07319, 0.93837, 0.98662, 0.27196, 0.13947, 0.70256, 0.09086, 0.10796, 0.12386, 0.07325, 0.07113, 0.11354, 0.06773, 0.18553, 0.06524, 0.13747, 0.1239, 0.08467, 0.22336, 0.93708, 0.15978, 0.08857, 0.07145, 0.0645, 0.16071, 0.13466, 0.06967, 0.85972, 0.0797, 0.08356, 0.99083, 0.99336, 0.07923, 0.08626, 0.09134, 0.06647, 0.06707, 0.07122, 0.07911, 0.07497, 0.0889, 0.11817, 0.11656, 0.27314, 0.29248, 0.08053, 0.18539, 0.99341, 0.09578, 0.13377, 0.07418, 0.9922, 0.12762, 0.07724, 0.16102, 0.08034, 0.20944, 0.09675, 0.07995, 0.07547, 0.99354, 0.07816, 0.09679, 0.22336, 0.09532, 0.0708, 0.06623, 0.14104, 0.07189, 0.067, 0.07998, 0.08404, 0.10484, 0.65162, 0.08409, 0.08796, 0.12989, 0.13037, 0.21382, 0.07125, 0.087, 0.0941, 0.99305, 0.13562, 0.20254, 0.08288, 0.06691, 0.38885, 0.1245, 0.08967, 0.9935, 0.06722, 0.08071, 0.11974, 0.08398, 0.99245, 0.1263, 0.06751, 0.07129, 0.07024, 0.51412, 0.98196, 0.11328, 0.07014, 0.06882, 0.07088, 0.13732, 0.98897, 0.09112, 0.06899, 0.09679, 0.11326, 0.08335, 0.06499, 0.07827, 0.09007, 0.06419, 0.08939, 0.09586, 0.08544, 0.06599, 0.06777, 0.12065, 0.264, 0.3343, 0.07277, 0.156, 0.06632, 0.12898, 0.06861, 0.09593, 0.09542, 0.26196, 0.07641, 0.09019, 0.07536, 0.29521, 0.06918, 0.97272, 0.14918, 0.07229, 0.0751, 0.12203, 0.53276, 0.07, 0.07985, 0.70924, 0.99374, 0.07366, 0.10916, 0.0689, 0.07657, 0.08741, 0.17918, 0.06672, 0.06598, 0.08205, 0.07417, 0.99325, 0.07587, 0.98146, 0.24394, 0.76298, 0.21454, 0.08182, 0.10784, 0.99354, 0.08745, 0.08234, 0.63566, 0.99204, 0.1075, 0.21938, 0.07138, 0.13074, 0.14701, 0.07132, 0.99185, 0.68971, 0.30502, 0.13386, 0.07367, 0.09299, 0.07602, 0.09011, 0.06603, 0.72291, 0.07793, 0.61052, 0.06669, 0.07332, 0.9934, 0.07846, 0.06748, 0.15794, 0.06958, 0.06757, 0.07073, 0.09861, 0.08753, 0.06428, 0.10314, 0.0704, 0.17265, 0.07009, 0.84075, 0.09182, 0.07563, 0.06667, 0.12352, 0.06408, 0.07259, 0.07852, 0.24743, 0.99163, 0.11273, 0.06472, 0.07247, 0.21707, 0.102, 0.07945, 0.36792, 0.07966, 0.08487, 0.15242, 0.07498, 0.1034, 0.08646, 0.07222, 0.99341, 0.13934, 0.06853, 0.93717, 0.16468, 0.20167, 0.52276, 0.10304, 0.07234, 0.06721, 0.53596, 0.07463, 0.08549, 0.9933, 0.08955, 0.95981, 0.0812, 0.07425, 0.13335, 0.85367, 0.09972, 0.36227, 0.12259, 0.79429, 0.08819, 0.23106, 0.07747, 0.57519, 0.11012, 0.0841, 0.10491, 0.06571, 0.09251, 0.16462, 0.30208, 0.07581, 0.11285, 0.08154, 0.08079, 0.19674, 0.0652, 0.11947, 0.99245, 0.1214, 0.22504, 0.06314, 0.114, 0.98679, 0.08791, 0.12864, 0.11138, 0.96763, 0.08669, 0.19136, 0.06828, 0.11665, 0.08198, 0.09548, 0.08253, 0.10724, 0.10542, 0.98899, 0.16707, 0.09585, 0.9933, 0.884, 0.98999, 0.075, 0.31104, 0.07729, 0.07719, 0.08871, 0.08929, 0.12825, 0.74488, 0.09476, 0.10343, 0.09902, 0.06448, 0.06733, 0.0647, 0.80519, 0.15737, 0.14028, 0.08032, 0.96438, 0.07253, 0.08133, 0.0928, 0.16717, 0.23022, 0.09773, 0.99225, 0.09121, 0.51969, 0.09799, 0.11526, 0.09106, 0.07222, 0.19437, 0.06756, 0.95298, 0.11561, 0.08456, 0.38277, 0.10115, 0.11676, 0.96324, 0.15534, 0.08413, 0.09231, 0.1098, 0.99343, 0.62009, 0.08663, 0.99338, 0.17024, 0.12051, 0.07405, 0.99176, 0.17259, 0.07412, 0.11429, 0.06593, 0.09074, 0.09918, 0.4244, 0.09435, 0.09014, 0.06914, 0.08623, 0.32625, 0.15268, 0.09679, 0.99339, 0.89276, 0.1426, 0.06603, 0.06693, 0.08155, 0.07205, 0.06869, 0.31323, 0.12058, 0.07399, 0.18517, 0.21015, 0.17525, 0.75952, 0.07684, 0.11032, 0.98968, 0.09894, 0.06651, 0.16275, 0.07516, 0.99099, 0.16389, 0.99318, 0.9809, 0.06413, 0.98679, 0.60019, 0.08115, 0.08587, 0.16287, 0.06384, 0.4273, 0.14461, 0.96957, 0.0776, 0.06586, 0.13017, 0.10401, 0.15508, 0.07676, 0.36214, 0.0824, 0.06899, 0.12282, 0.06876, 0.99007, 0.06766, 0.11069, 0.50369, 0.06842, 0.12632, 0.08428, 0.08153, 0.07721, 0.07805, 0.08426, 0.94775, 0.07366, 0.06863, 0.80056, 0.12646, 0.10466, 0.07622, 0.10212, 0.30175, 0.71862, 0.08095, 0.42611, 0.99344, 0.09812, 0.15951, 0.08461, 0.06874, 0.06866, 0.06991, 0.08087, 0.07695, 0.06682, 0.10296, 0.07046, 0.12803, 0.24732, 0.07729, 0.08287, 0.07062, 0.08416, 0.9651, 0.08034, 0.08992, 0.9057, 0.2314, 0.07684, 0.08219, 0.88845, 0.10532, 0.10855, 0.07006, 0.46154, 0.99175, 0.07017, 0.07515, 0.97728, 0.16622, 0.10447, 0.07113, 0.10373, 0.97806, 0.10267, 0.08093, 0.06603, 0.09781, 0.08015, 0.06964, 0.93098, 0.60472, 0.99327, 0.14616, 0.07728, 0.75759, 0.06544, 0.09261, 0.11563, 0.14074, 0.07419, 0.07182, 0.09375, 0.9844, 0.09264, 0.07738, 0.10095, 0.2811, 0.87884, 0.07203, 0.07594, 0.98666, 0.08617, 0.07487, 0.07253, 0.98802, 0.06829, 0.98145, 0.10111, 0.1025, 0.97924, 0.07743, 0.1002, 0.0857, 0.0692, 0.06928, 0.10995, 0.17918, 0.08256, 0.10306, 0.07475, 0.11388, 0.07578, 0.06697, 0.10955, 0.0726, 