{"model": "google/muril-base-cased", "dataset": "dravidian_kannada", "train_config": "supcon", "seed": 42, "thr_cal": 0.35330864787101746, "metrics_05": {"macro": 0.7732571726296513, "toxf1": 0.6622073578595318, "prec": 0.7122302158273381, "rec": 0.61875, "prauc": 0.7457681006689667, "ece": 0.08829396698026323, "covert": 0.8553459119496856}, "metrics_cal": {"macro": 0.7686571844964672, "toxf1": 0.6624605678233438, "prec": 0.6687898089171974, "rec": 0.65625, "prauc": 0.7457681006689667, "ece": 0.08829396698026323, "covert": 0.8536585365853658}, "probs": [0.04992, 0.26785, 0.07415, 0.04274, 0.0489, 0.09856, 0.03976, 0.03023, 0.02961, 0.01638, 0.05634, 0.03103, 0.0183, 0.06471, 0.8268, 0.01441, 0.02628, 0.91071, 0.02204, 0.62115, 0.04843, 0.04395, 0.78867, 0.11664, 0.98284, 0.56986, 0.98173, 0.58808, 0.21368, 0.27055, 0.98409, 0.07475, 0.02612, 0.07404, 0.45802, 0.01782, 0.02106, 0.02673, 0.05457, 0.01898, 0.05307, 0.01477, 0.96932, 0.09936, 0.02531, 0.02772, 0.08421, 0.02179, 0.03663, 0.04227, 0.86623, 0.03799, 0.01568, 0.35133, 0.01837, 0.07926, 0.01778, 0.02968, 0.06219, 0.42737, 0.02181, 0.02462, 0.03374, 0.15463, 0.01881, 0.04086, 0.01564, 0.02653, 0.14012, 0.98061, 0.10985, 0.01834, 0.17404, 0.19044, 0.20871, 0.93949, 0.01904, 0.02637, 0.09545, 0.93678, 0.01868, 0.75744, 0.06915, 0.15406, 0.04881, 0.01511, 0.86932, 0.01335, 0.21438, 0.0183, 0.01433, 0.02879, 0.02395, 0.15248, 0.01601, 0.05315, 0.02193, 0.02577, 0.04621, 0.03187, 0.01556, 0.9561, 0.03387, 0.95072, 0.16398, 0.03227, 0.95001, 0.0145, 0.01987, 0.05168, 0.24432, 0.08627, 0.01767, 0.02266, 0.01765, 0.01701, 0.02612, 0.0291, 0.24455, 0.94012, 0.04355, 0.03047, 0.17151, 0.06546, 0.1113, 0.58699, 0.08421, 0.68957, 0.02289, 0.07609, 0.96125, 0.01799, 0.02189, 0.94149, 0.96914, 0.022, 0.0148, 0.98012, 0.02521, 0.63348, 0.01767, 0.03348, 0.24067, 0.88962, 0.95455, 0.19974, 0.51024, 0.94326, 0.50156, 0.1125, 0.01499, 0.04033, 0.7176, 0.18301, 0.02467, 0.88666, 0.0189, 0.47083, 0.05111, 0.32527, 0.04532, 0.0839, 0.01573, 0.05634, 0.05046, 0.02251, 0.0285, 0.01739, 0.01801, 0.46038, 0.03091, 0.97378, 0.02822, 0.03692, 0.97145, 0.01711, 0.08421, 0.06077, 0.03463, 0.91757, 0.01573, 0.02715, 0.08421, 0.81753, 0.50458, 0.04997, 0.4959, 0.02021, 0.02504, 0.03951, 0.9577, 0.9748, 0.01811, 0.08421, 0.26764, 0.95304, 0.02454, 0.07901, 0.04144, 0.02243, 0.03992, 0.02329, 0.02446, 0.0378, 0.02577, 0.10121, 0.96525, 0.03843, 0.96399, 0.02352, 0.95921, 0.95076, 0.04914, 0.03606, 0.0321, 0.03094, 0.59279, 0.02075, 0.02343, 0.01987, 0.01525, 0.0557, 0.01533, 0.03942, 0.19766, 0.03104, 0.0236, 0.04323, 0.01743, 0.16924, 0.02129, 0.04362, 0.02554, 0.09454, 0.03828, 0.50347, 0.98324, 0.01685, 0.02358, 0.01313, 0.02234, 0.08421, 0.03954, 0.98023, 0.96722, 0.02745, 0.01601, 0.04458, 0.03607, 0.10148, 0.2291, 0.02172, 0.02004, 0.02052, 0.01689, 0.02036, 0.27963, 0.47565, 0.6116, 0.03751, 0.04655, 0.16398, 0.70122, 0.75682, 0.02468, 0.01332, 0.08421, 0.01543, 0.01693, 0.02372, 0.02503, 0.02069, 0.37739, 0.2894, 0.04123, 0.09056, 0.82817, 0.01565, 0.96632, 0.85961, 0.02769, 0.70646, 0.96786, 0.0563, 0.05068, 0.07296, 0.01468, 0.25978, 0.03467, 0.02013, 0.62728, 0.01662, 0.07049, 0.02325, 0.03031, 0.08421, 0.15973, 0.71365, 0.04547, 0.02283, 0.02251, 0.02831, 0.03101, 0.96399, 0.01829, 0.02122, 0.02253, 0.08421, 0.0286, 0.02317, 0.03963, 0.04392, 0.0255, 0.03215, 0.79016, 0.30504, 0.01653, 0.91862, 0.65657, 0.0744, 0.09131, 0.67161, 0.02851, 0.05241, 0.97548, 0.01908, 0.85402, 0.04679, 0.14765, 0.94929, 0.02024, 0.29151, 0.06285, 0.05908, 0.03938, 0.0295, 0.02575, 0.04588, 0.02633, 0.01968, 0.06475, 0.02274, 0.13224, 0.10688, 0.74224, 0.02227, 0.9801, 0.92803, 0.08421, 0.07278, 0.01906, 0.029, 0.42367, 0.83456, 0.14801, 0.3771, 0.2033, 0.91821, 0.01839, 0.02129, 0.11449, 0.03113, 0.07431, 0.09226, 0.08799, 0.01967, 0.93842, 0.01472, 0.01286, 0.11301, 0.9838, 0.01722, 0.01696, 0.08421, 0.0275, 0.02972, 0.02529, 0.94328, 0.96504, 0.03858, 0.96368, 0.06856, 0.02979, 0.46251, 0.45147, 0.15021, 0.01773, 0.02346, 0.02766, 0.91114, 0.07483, 0.0446, 0.01675, 0.01655, 0.04172, 0.01934, 0.12454, 0.07945, 0.02856, 0.9696, 0.03266, 0.0295, 0.18989, 0.65445, 0.01788, 0.02504, 0.10485, 0.98478, 0.01789, 0.03952, 0.06979, 0.02446, 0.5632, 0.0325, 0.08076, 0.14006, 0.01759, 0.01481, 0.02801, 0.02886, 0.02421, 0.13856, 0.95762, 0.02233, 0.94575, 0.17259, 0.09796, 0.97066, 0.98349, 0.01856, 0.01365, 0.02444, 0.02697, 0.38577, 0.02456, 0.97194, 0.81475, 0.02439, 0.56762, 0.02299, 0.04855, 0.94381, 0.01537, 0.03393, 0.96769, 0.9759, 0.01593, 0.92339, 0.47001, 0.13748, 0.04413, 0.03452, 0.0199, 0.01787, 0.06846, 0.22013, 0.36371, 0.01833, 0.02195, 0.03157, 0.02903, 0.01849, 0.04697, 0.02361, 0.0182, 0.03661, 0.01981, 0.94987, 0.02674, 0.94142, 0.72102, 0.0189, 0.6693, 0.03097, 0.95482, 0.01715, 0.13422, 0.95668, 0.87845, 0.02479, 0.97572, 0.86452, 0.02374, 0.02418, 0.9743, 0.10649, 0.94496, 0.67725, 0.04447, 0.02427, 0.01975, 0.16137, 0.82648, 0.97883, 0.02079, 0.73293, 0.96288, 0.07263, 0.96874, 0.03889, 0.01817, 0.02555, 0.04404, 0.02633, 0.03465, 0.34878, 0.02346, 0.0258, 0.02636, 0.94645, 0.01753, 0.96578, 0.02793, 0.01304, 0.02749, 0.58015, 0.14645, 0.71238, 0.01717, 0.51444, 0.01769, 0.60065, 0.72714, 0.01463, 0.17319, 0.71173, 0.08421, 0.1117, 0.03527, 0.03256, 0.04025, 0.56956, 0.08348, 0.02068, 0.28592, 0.08421, 0.89033, 0.11524, 0.91767, 0.6787, 0.12601, 0.76444, 0.03665, 0.93782, 0.02935, 0.02644, 0.0485, 0.73663, 0.41398, 0.15491, 0.97558, 0.02126, 0.0483, 0.01914, 0.0151, 0.98187, 0.01818, 0.90664, 0.5517, 0.04964, 0.01586, 0.02573, 0.02948, 0.93928, 0.69829, 0.83814, 0.91889, 0.02098, 0.18672, 0.09032, 0.9754, 0.91871, 0.56675, 0.43064, 0.0482, 0.02505, 0.03005, 0.02311, 0.018, 0.22772, 0.09509, 0.01768, 0.4218, 0.39655, 0.01672, 0.86223], "labels": [0, 0, 0, 0, 0, 0, 0, 0, 0, 0, 0, 0, 0, 0, 1, 0, 0, 1, 0, 0, 0, 0, 0, 1, 1, 1, 1, 1, 1, 0, 1, 0, 1, 1, 1, 0, 1, 0, 0, 1, 0, 0, 1, 0, 0, 0, 0, 0, 0, 1, 0, 0, 0, 1, 0, 0, 0, 0, 1, 0, 0, 0, 0, 1, 0, 0, 0, 0, 1, 1, 1, 0, 0, 0, 0, 1, 0, 0, 0, 1, 0, 1, 1, 0, 0, 0, 1, 0, 1, 0, 0, 0, 0, 0, 0, 0, 0, 1, 0, 0, 0, 1, 0, 1, 0, 0, 1, 0, 0, 0, 0, 0, 0, 0, 0, 0, 0, 0, 1, 0, 0, 0, 1, 1, 0, 0, 0, 0, 0, 0, 0, 0, 0, 1, 1, 0, 0, 1, 0, 0, 0, 0, 1, 1, 1, 0, 0, 0, 1, 0, 0, 0, 0, 0, 0, 1, 0, 0, 0, 1, 1, 1, 0, 1, 0, 0, 0, 0, 0, 0, 0, 1, 0, 0, 1, 0, 0, 0, 0, 0, 0, 0, 0, 0, 1, 0, 0, 0, 0, 0, 0, 1, 0, 1, 0, 1, 1, 0, 0, 0, 0, 0, 0, 0, 1, 1, 0, 0, 1, 0, 1, 0, 1, 0, 0, 0, 1, 0, 0, 0, 1, 0, 0, 0, 1, 0, 0, 0, 0, 0, 0, 0, 0, 0, 0, 1, 1, 0, 0, 0, 0, 0, 0, 1, 1, 0, 0, 0, 0, 0, 0, 0, 0, 1, 0, 0, 0, 0, 1, 0, 1, 0, 0, 0, 0, 0, 0, 0, 0, 0, 0, 0, 0, 1, 0, 0, 0, 0, 1, 1, 0, 1, 1, 0, 0, 1, 0, 1, 0, 0, 1, 0, 0, 1, 0, 0, 0, 1, 0, 0, 0, 0, 0, 0, 0, 0, 0, 1, 0, 0, 0, 0, 0, 0, 1, 1, 0, 0, 0, 0, 1, 1, 0, 0, 1, 0, 1, 0, 1, 1, 0, 0, 0, 0, 0, 0, 0, 1, 0, 0, 0, 0, 0, 0, 0, 0, 1, 0, 0, 0, 0, 0, 1, 0, 0, 1, 0, 1, 0, 0, 1, 0, 0, 0, 0, 0, 1, 0, 0, 1, 1, 0, 0, 0, 0, 0, 0, 1, 1, 0, 1, 0, 0, 1, 1, 1, 0, 0, 1, 1, 0, 0, 0, 0, 0, 0, 0, 0, 0, 1, 1, 1, 0, 1, 0, 0, 0, 1, 0, 0, 0, 0, 0, 0, 0, 0, 0, 1, 0, 1, 0, 0, 1, 0, 0, 0, 1, 1, 1, 0, 0, 0, 0, 0, 0, 1, 1, 0, 1, 0, 0, 0, 0, 0, 1, 1, 0, 1, 0, 1, 0, 0, 0, 0, 0, 0, 0, 0, 0, 0, 0, 0, 0, 0, 0, 0, 0, 1, 0, 1, 0, 0, 1, 1, 1, 0, 0, 1, 0, 0, 1, 1, 0, 0, 1, 0, 1, 1, 0, 0, 0, 0, 1, 1, 0, 1, 0, 0, 1, 0, 0, 0, 0, 0, 0, 0, 0, 0, 0, 1, 0, 1, 0, 0, 0, 1, 0, 1, 0, 0, 0, 1, 0, 0, 0, 0, 0, 0, 0, 0, 0, 0, 0, 0, 1, 0, 0, 1, 1, 1, 0, 0, 0, 1, 0, 0, 0, 1, 0, 1, 1, 0, 0, 0, 0, 1, 0, 0, 0, 0, 0, 0, 0, 1, 1, 1, 1, 0, 0, 0, 1, 1, 0, 0, 0, 0, 0, 0, 0, 0, 0, 0, 0, 1, 0, 1], "n": {"train": 3400, "val": 600, "test": 586, "toxic_frac": 0.23911764705882352}}