{"model": "google/muril-base-cased", "dataset": "hatexplain", "train_config": "supcon", "seed": 42, "thr_cal": 0.15293251872062683, "metrics_05": {"macro": 0.7402597402597403, "toxf1": 0.8, "prec": 0.7918454935622318, "rec": 0.8083242059145673, "prauc": 0.8878386781511072, "ece": 0.10343266628185907, "covert": 0.9067315490673155}, "metrics_cal": {"macro": 0.6692574393281723, "toxf1": 0.8013339685564554, "prec": 0.709106239460371, "rec": 0.9211391018619934, "prauc": 0.8878386781511072, "ece": 0.10343266628185907, "covert": 0.9049844236760125}, "probs": [0.18937, 0.16091, 0.07954, 0.85349, 0.07183, 0.77618, 0.96706, 0.09679, 0.28789, 0.04896, 0.35194, 0.09458, 0.09551, 0.08529, 0.59909, 0.04721, 0.13979, 0.13321, 0.98392, 0.09056, 0.06373, 0.52932, 0.03979, 0.40927, 0.89328, 0.65103, 0.97698, 0.36139, 0.04512, 0.33255, 0.92193, 0.08088, 0.85759, 0.92815, 0.97463, 0.05653, 0.08899, 0.49484, 0.95322, 0.08889, 0.96776, 0.46241, 0.90461, 0.19492, 0.42382, 0.14529, 0.0706, 0.9529, 0.96755, 0.91196, 0.11423, 0.52602, 0.97523, 0.56249, 0.27794, 0.98287, 0.88639, 0.05835, 0.39373, 0.57868, 0.06895, 0.96565, 0.97505, 0.88323, 0.98007, 0.50844, 0.98084, 0.87651, 0.4751, 0.94719, 0.50286, 0.94676, 0.95509, 0.96426, 0.04841, 0.51106, 0.96822, 0.96179, 0.76176, 0.96719, 0.96309, 0.72351, 0.79112, 0.13765, 0.53321, 0.96476, 0.97896, 0.11495, 0.69818, 0.96375, 0.04547, 0.9801, 0.93352, 0.72852, 0.97717, 0.04917, 0.86688, 0.88897, 0.5744, 0.98078, 0.07535, 0.86271, 0.9824, 0.81872, 0.06862, 0.83152, 0.74394, 0.77106, 0.98032, 0.59897, 0.03916, 0.05655, 0.36247, 0.18879, 0.1997, 0.57776, 0.71572, 0.90706, 0.78327, 0.87948, 0.93877, 0.27817, 0.05028, 0.97181, 0.54196, 0.07653, 0.17176, 0.26953, 0.13178, 0.93882, 0.22438, 0.96616, 0.10044, 0.97165, 0.86243, 0.3555, 0.48893, 0.97511, 0.95318, 0.08443, 0.76137, 0.9818, 0.94332, 0.97769, 0.84697, 0.32559, 0.97028, 0.81508, 0.74411, 0.76333, 0.92137, 0.31237, 0.96533, 0.54325, 0.96482, 0.89161, 0.95244, 0.77055, 0.15448, 0.40211, 0.34413, 0.93955, 0.88376, 0.9464, 0.65632, 0.67404, 0.93132, 0.11082, 0.92697, 0.87622, 0.20847, 0.20311, 0.11151, 0.73757, 0.9661, 0.56778, 0.33047, 0.20157, 0.97213, 0.1654, 0.97461, 0.09901, 0.26908, 0.16066, 0.98053, 0.71969, 0.9611, 0.82742, 0.89243, 0.98014, 0.90802, 0.95293, 0.925, 0.9702, 0.97037, 0.94428, 0.91052, 0.9311, 0.97267, 0.16132, 0.96943, 0.07701, 0.56243, 0.0678, 0.74122, 0.21929, 0.5136, 0.70525, 0.78854, 0.41472, 0.18448, 0.04302, 0.68196, 0.95921, 0.72013, 0.46062, 0.0519, 0.05578, 0.96095, 0.68158, 0.32398, 0.22072, 0.76354, 0.98304, 0.09215, 0.97198, 0.94305, 0.12689, 0.90104, 0.97522, 0.95471, 0.63736, 0.46075, 0.64191, 0.96265, 0.5627, 0.89906, 0.84649, 0.98231, 0.69915, 0.3732, 0.61301, 0.50877, 0.63715, 0.96597, 0.84642, 0.17082, 0.05324, 0.07253, 0.45794, 0.70037, 0.96805, 0.40038, 0.9643, 0.08458, 0.93904, 0.97662, 0.08934, 0.07296, 0.95073, 0.80723, 0.9764, 0.88317, 0.94626, 0.91883, 0.72136, 0.96277, 0.04178, 0.05822, 0.11499, 0.73064, 0.29461, 0.06087, 0.92865, 0.08574, 0.34703, 0.9753, 0.97951, 0.96576, 0.96951, 0.97916, 0.98319, 0.97553, 0.97594, 0.9516, 0.9443, 0.12439, 0.91282, 0.03562, 0.33802, 0.2217, 0.05597, 0.07284, 0.12426, 0.97573, 0.90629, 0.94462, 0.04079, 0.9583, 0.05613, 0.96843, 0.10807, 0.27787, 0.97733, 0.96307, 0.47883, 0.9681, 0.97396, 0.0848, 0.06228, 0.92582, 0.13646, 0.96397, 0.91315, 0.39964, 0.91976, 0.97436, 0.08391, 0.95454, 0.97545, 0.52919, 0.06603, 0.77607, 0.92861, 0.0946, 0.93472, 0.28907, 0.1308, 0.85626, 0.96218, 0.95569, 0.98056, 0.88096, 0.97371, 0.93926, 0.19426, 0.93594, 0.97968, 0.9704, 0.19525, 0.60991, 0.9681, 0.87511, 0.88019, 0.08888, 0.88438, 0.0446, 0.12005, 0.5697, 0.6494, 0.26455, 0.9209, 0.15682, 0.96726, 0.27064, 0.9722, 0.05228, 0.7488, 0.84598, 0.90188, 0.07268, 0.91012, 0.98078, 0.02628, 0.9859, 0.47053, 0.9832, 0.98346, 0.25077, 0.74726, 0.11813, 0.66989, 0.79348, 0.97573, 0.915, 0.81357, 0.23796, 0.92454, 0.97277, 0.97901, 0.95789, 0.95043, 0.05446, 0.9788, 0.08345, 0.12039, 0.09424, 0.04794, 0.63347, 0.90343, 0.94783, 0.69, 0.34201, 0.78601, 0.96649, 0.96764, 0.14549, 0.87633, 0.93656, 0.11586, 0.97103, 0.09817, 0.96805, 0.71274, 0.55151, 0.96082, 0.85037, 0.93857, 0.39125, 0.04066, 0.8992, 0.50401, 0.23856, 0.06948, 0.1508, 0.9581, 0.06417, 0.97379, 0.97666, 0.1994, 0.87855, 0.86518, 0.81334, 0.95895, 0.30059, 0.13358, 0.88699, 0.78436, 0.85721, 0.30091, 0.07823, 0.0952, 0.52132, 0.09891, 0.89982, 0.97227, 0.96132, 0.66633, 0.82371, 0.42213, 0.97447, 0.34215, 0.958, 0.37991, 0.17709, 0.97805, 0.96633, 0.9474, 0.17618, 0.95778, 0.42731, 0.85389, 0.08386, 0.97697, 0.60055, 0.54994, 0.30898, 0.0842, 0.97701, 0.66895, 0.46554, 0.90627, 0.92666, 0.93133, 0.06925, 0.44455, 0.81363, 0.68238, 0.98109, 0.0517, 0.05602, 0.93504, 0.6959, 0.10324, 0.97582, 0.16505, 0.75586, 0.4436, 0.95808, 0.4666, 0.95096, 0.77285, 0.06075, 0.96177, 0.16439, 0.76391, 0.1259, 0.86568, 0.68224, 0.97667, 0.98027, 0.97438, 0.95803, 0.47054, 0.81287, 0.0553, 0.05434, 0.69875, 0.96559, 0.96841, 0.97977, 0.24846, 0.06701, 0.04658, 0.96667, 0.98222, 0.92981, 0.16132, 0.12236, 0.90984, 0.31631, 0.06876, 0.97166, 0.0687, 0.09559, 0.54365, 0.97409, 0.12966, 0.91212, 0.06905, 0.34668, 0.37032, 0.97277, 0.55097, 0.95409, 0.97105, 0.96672, 0.05196, 0.97749, 0.89096, 0.53263, 0.90748, 0.06912, 0.54012, 0.94008, 0.72538, 0.4964, 0.03753, 0.79032, 0.98131, 0.15191, 0.84666, 0.95856, 0.0844, 0.15722, 0.82885, 0.24565, 0.89182, 0.66368, 0.93072, 0.83827, 0.74283, 0.9844, 0.96991, 0.50696, 0.95989, 0.43286, 0.8985, 0.88782, 0.64109, 0.06094, 0.60659, 0.09022, 0.36083, 0.96575, 0.05107, 0.97493, 0.036, 0.96602, 0.40164, 0.97112, 0.97108, 0.26214, 0.89546, 0.65954, 0.93733, 0.96524, 0.96614, 0.15236, 0.9808, 0.61263, 0.93326, 0.94002, 0.97496, 0.95085, 0.87566, 0.08907, 0.42511, 0.98127, 0.0593, 0.9746, 0.04326, 0.59367, 0.05758, 0.05106, 0.96864, 0.96904, 0.15731, 0.64118, 0.6385, 0.93805, 0.73561, 0.32619, 0.63784, 0.83333, 0.09034, 0.41849, 0.80141, 0.45841, 0.97232, 0.11667, 0.97369, 0.83687, 0.20567, 0.0971, 0.81671, 0.9479, 0.42418, 0.95237, 0.96024, 0.83219, 0.70658, 0.0738, 0.97931, 0.96593, 0.92692, 0.26988, 0.96565, 0.95941, 0.89056, 0.40429, 0.72235, 0.39065, 0.96546, 0.6843, 0.95942, 0.93212, 0.93998, 0.20723, 0.07832, 0.04078, 0.11721, 0.33385, 0.75042, 0.97372, 0.97677, 0.28258, 0.05303, 0.1154, 0.96279, 0.96979, 0.95303, 0.48981, 0.84476, 0.25264, 0.70046, 0.91765, 0.17052, 0.61821, 0.97817, 0.66965, 0.75136, 0.31371, 0.86807, 0.03667, 0.06881, 0.15985, 0.06524, 0.95602, 0.78211, 0.13232, 0.60568, 0.56017, 0.96588, 0.14851, 0.9064, 0.46348, 0.16179, 0.85404, 0.98198, 0.95771, 0.96874, 0.92467, 0.96422, 0.5315, 0.04481, 0.54642, 0.68962, 0.18934, 0.91895, 0.67169, 0.80089, 0.94418, 0.31664, 0.9318, 0.97896, 0.97161, 0.38604, 0.07478, 0.19059, 0.97332, 0.97401, 0.96024, 0.90815, 0.97509, 0.95691, 0.16843, 0.28368, 0.13241, 0.9816, 0.18172, 0.43932, 0.94959, 0.43361, 0.13533, 0.941, 0.96893, 0.45037, 0.87538, 0.05418, 0.12071, 0.87397, 0.96773, 0.71806, 0.07675, 0.97981, 0.14564, 0.30782, 0.96323, 0.97872, 0.83972, 0.91901, 0.57784, 0.82809, 0.97351, 0.85662, 0.09301, 0.23346, 0.11016, 0.89079, 0.97574, 0.93725, 0.89243, 0.10119, 0.16879, 0.09864, 0.94581, 0.79715, 0.94297, 0.15271, 0.07101, 0.95446, 0.06672, 0.30618, 0.98376, 0.97179, 0.54447, 0.06682, 0.97048, 0.21311, 0.44709, 0.06317, 0.05943, 0.90433, 0.20037, 0.12781, 0.05682, 0.95549, 0.4214, 0.12475, 0.79971, 0.28654, 0.03988, 0.89063, 0.91838, 0.28675, 0.96123, 0.97848, 0.15444, 0.20349, 0.96501, 0.97881, 0.90197, 0.93173, 0.55966, 0.947, 0.94637, 0.97249, 0.0518, 0.9241, 0.6832, 0.14568, 0.89096, 0.97206, 0.04114, 0.79229, 0.12064, 0.1047, 0.15065, 0.98204, 0.95617, 0.97521, 0.96728, 0.95799, 0.49987, 0.94019, 0.98114, 0.96093, 0.43569, 0.97298, 0.06632, 0.63076, 0.63516, 0.05659, 0.37402, 0.87164, 0.04349, 0.11364, 0.74961, 0.2136, 0.98285, 0.05004, 0.97811, 0.96006, 0.07926, 0.93085, 0.97245, 0.04667, 0.91845, 0.82194, 0.96206, 0.12344, 0.14443, 0.49165, 0.97628, 0.2161, 0.55291, 