{"model": "google/muril-base-cased", "dataset": "hatexplain", "train_config": "ce", "seed": 99, "thr_cal": 0.15712144523859023, "metrics_05": {"macro": 0.7284589745091141, "toxf1": 0.7489150650960942, "prec": 0.8628571428571429, "rec": 0.6615553121577218, "prauc": 0.8807892398764039, "ece": 0.13479884494344394, "covert": 0.8601583113456465}, "metrics_cal": {"macro": 0.7276875802605027, "toxf1": 0.79957805907173, "prec": 0.7711088504577823, "rec": 0.8302300109529025, "prauc": 0.8807892398764039, "ece": 0.13479884494344394, "covert": 0.8940609951845907}, "probs": [0.15103, 0.09048, 0.09767, 0.68364, 0.08589, 0.40803, 0.94025, 0.10496, 0.2397, 0.07461, 0.16166, 0.10473, 0.11185, 0.08891, 0.16585, 0.07743, 0.11402, 0.14434, 0.93987, 0.12879, 0.06276, 0.46712, 0.07617, 0.16247, 0.18613, 0.45417, 0.92027, 0.17574, 0.08568, 0.19382, 0.87722, 0.10215, 0.61387, 0.90246, 0.94136, 0.07575, 0.11763, 0.14668, 0.78572, 0.08169, 0.90363, 0.27021, 0.27412, 0.09364, 0.16493, 0.13652, 0.1036, 0.86588, 0.92119, 0.9262, 0.09095, 0.25429, 0.94305, 0.39767, 0.15506, 0.93231, 0.21838, 0.11613, 0.17042, 0.4254, 0.10394, 0.91965, 0.91455, 0.36237, 0.91981, 0.15837, 0.9154, 0.81938, 0.19209, 0.53497, 0.15771, 0.87658, 0.70102, 0.87089, 0.11594, 0.15325, 0.92888, 0.90264, 0.87241, 0.82931, 0.92405, 0.16722, 0.87309, 0.07957, 0.09756, 0.90478, 0.92649, 0.10575, 0.54119, 0.92067, 0.06365, 0.93875, 0.81233, 0.40473, 0.93977, 0.07238, 0.65197, 0.84787, 0.84026, 0.93989, 0.08224, 0.93116, 0.93506, 0.22627, 0.10229, 0.91992, 0.87026, 0.23989, 0.93632, 0.15099, 0.05554, 0.07812, 0.12136, 0.12872, 0.12991, 0.19273, 0.58536, 0.40028, 0.89769, 0.79864, 0.79979, 0.142, 0.08431, 0.91904, 0.31514, 0.08657, 0.46346, 0.19562, 0.09822, 0.92479, 0.08471, 0.89397, 0.11031, 0.28395, 0.8932, 0.16393, 0.18048, 0.93195, 0.85845, 0.07946, 0.10956, 0.93825, 0.92971, 0.94152, 0.90071, 0.11168, 0.93661, 0.15532, 0.31151, 0.14923, 0.19099, 0.11692, 0.91576, 0.09531, 0.92928, 0.92182, 0.8565, 0.12836, 0.08353, 0.88807, 0.33796, 0.8464, 0.16733, 0.44549, 0.11114, 0.42792, 0.86753, 0.10382, 0.91011, 0.72262, 0.16636, 0.56163, 0.08439, 0.27782, 0.90527, 0.22425, 0.13694, 0.61334, 0.91575, 0.15032, 0.93952, 0.19157, 0.09174, 0.08719, 0.93542, 0.07857, 0.90682, 0.20947, 0.51055, 0.93321, 0.06734, 0.91739, 0.40914, 0.93669, 0.26555, 0.88325, 0.8507, 0.86333, 0.93382, 0.09361, 0.91573, 0.10689, 0.09436, 0.06706, 0.71199, 0.82865, 0.38215, 0.0718, 0.90241, 0.28585, 0.08224, 0.06965, 0.51008, 0.89425, 0.3422, 0.12995, 0.07997, 0.10233, 0.91585, 0.23124, 0.12306, 0.09699, 0.64507, 0.93859, 0.06731, 0.93125, 0.9121, 0.37496, 0.85121, 0.91225, 0.89666, 0.86871, 0.25991, 0.89599, 0.91615, 0.11163, 0.92409, 0.73298, 0.93704, 0.72767, 0.16242, 0.89084, 0.17042, 0.35172, 0.92548, 0.22905, 0.16745, 0.0802, 0.09476, 0.14007, 0.45731, 0.93952, 0.20339, 0.8001, 0.09374, 0.88629, 0.9191, 0.077, 0.07936, 0.93386, 0.19892, 0.92903, 0.34986, 0.91146, 0.67953, 0.13128, 0.91491, 0.07396, 0.10112, 0.15495, 0.12402, 0.45275, 0.07554, 0.87124, 0.09764, 0.14256, 0.93217, 0.93668, 0.88185, 0.90702, 0.94175, 0.93674, 0.93547, 0.92962, 0.9209, 0.91272, 0.29979, 0.24785, 0.06556, 0.12065, 0.07914, 0.08416, 0.08858, 0.16209, 0.93775, 0.15417, 0.34275, 0.08729, 0.787, 0.11495, 0.21888, 0.14049, 0.10539, 0.94538, 0.88358, 0.13896, 0.91654, 0.75139, 0.08522, 0.07825, 0.91167, 0.20548, 0.93377, 0.2613, 0.43073, 0.26104, 0.91806, 0.08799, 0.91415, 0.9454, 0.80434, 0.09639, 0.54481, 0.90695, 0.06932, 0.92248, 0.18303, 0.07407, 0.16009, 0.92886, 0.93297, 0.93837, 0.77086, 0.90405, 0.91997, 0.11513, 0.14073, 0.93246, 0.92931, 0.17153, 0.71465, 0.92988, 0.785, 0.10775, 0.08395, 0.91998, 0.07292, 0.53845, 0.15206, 0.59577, 0.09658, 0.83215, 0.24661, 0.92296, 0.14035, 0.94222, 0.07624, 0.26402, 0.80032, 0.9134, 0.08305, 0.87613, 0.94438, 0.0518, 0.93906, 0.43346, 0.94692, 0.94082, 0.32466, 0.34465, 0.12198, 0.85486, 0.85877, 0.93778, 0.78663, 0.46481, 0.07846, 0.77144, 0.8602, 0.92524, 0.93536, 0.91533, 0.1086, 0.94547, 0.29397, 0.12464, 0.06108, 0.0778, 0.8536, 0.93792, 0.91868, 0.21233, 0.14841, 0.56253, 0.9318, 0.89443, 0.1298, 0.84258, 0.31299, 0.21677, 0.91808, 0.07026, 0.13406, 0.83586, 0.62284, 0.79328, 0.46201, 0.616, 0.21514, 0.05562, 0.81314, 0.11756, 0.19149, 0.0889, 0.13246, 0.87562, 0.09063, 0.91437, 0.92626, 0.14758, 0.81729, 0.36455, 0.3683, 0.60665, 0.10718, 0.11173, 0.19322, 0.56735, 0.38839, 0.49801, 0.07067, 0.08728, 0.11512, 0.10481, 0.40685, 0.9323, 0.92303, 0.90819, 0.80832, 0.13079, 0.91866, 0.22953, 0.10221, 0.09646, 0.12185, 0.93978, 0.8892, 0.81944, 0.13304, 0.80601, 0.17601, 0.1072, 0.09385, 0.78976, 0.69568, 0.07359, 0.17721, 0.27056, 0.92136, 0.10755, 0.14478, 0.5501, 0.89322, 0.85571, 0.08486, 0.20121, 0.46203, 0.38023, 0.94229, 0.08015, 0.0698, 0.75727, 0.49348, 0.12114, 0.93247, 0.09208, 0.78666, 0.21497, 0.90911, 0.18945, 0.51836, 0.17157, 0.08192, 0.92922, 0.11789, 0.63411, 0.13542, 0.84612, 0.90568, 0.92904, 0.93313, 0.91198, 0.93793, 0.15177, 0.37922, 0.07776, 0.07834, 0.13971, 0.91051, 0.92424, 0.91736, 0.10193, 0.08018, 0.086, 0.92857, 0.94653, 0.85294, 0.10156, 0.12251, 0.64625, 0.14039, 0.18873, 0.90954, 0.08741, 0.11136, 0.11037, 0.93409, 0.1472, 0.85876, 0.11516, 0.13827, 0.38189, 0.94053, 0.82198, 0.92654, 0.92185, 0.93675, 0.08441, 0.92219, 0.71515, 0.26799, 0.56414, 0.08531, 0.11322, 0.88546, 0.26059, 0.18398, 0.06698, 0.80669, 0.93692, 0.08389, 0.11452, 0.92984, 0.09781, 0.09292, 0.201, 0.1644, 0.31111, 0.54188, 0.11881, 0.57627, 0.18962, 0.94677, 0.8796, 0.0952, 0.90449, 0.5252, 0.91666, 0.15201, 0.15588, 0.06448, 0.77797, 0.08075, 0.51554, 0.84272, 0.07008, 0.89398, 0.05123, 0.89693, 0.48642, 0.93403, 0.93655, 0.57297, 0.79109, 0.17216, 0.9251, 0.37706, 0.90963, 0.12559, 0.94318, 0.10606, 0.85927, 0.91784, 0.93652, 0.88772, 0.53977, 0.11469, 0.20572, 0.93665, 0.07349, 0.93476, 0.07369, 0.26297, 0.09513, 0.08263, 0.93459, 0.93304, 0.1179, 0.36005, 0.29421, 0.91319, 0.14309, 0.1177, 0.15489, 0.89277, 0.07512, 0.14124, 0.22576, 0.18871, 0.93588, 0.10484, 0.85507, 0.38309, 0.23884, 0.08053, 0.31495, 0.84037, 0.68718, 0.9119, 0.61998, 0.90163, 0.25004, 0.10414, 0.82877, 0.81163, 0.08349, 0.2372, 0.93662, 0.92181, 0.78386, 0.21879, 0.16992, 0.23487, 0.9176, 0.76644, 0.91725, 0.88472, 0.82024, 0.08047, 0.07196, 0.07317, 0.17094, 0.08745, 0.88345, 0.92125, 0.94309, 0.13574, 0.08336, 0.10092, 0.89561, 0.94261, 0.81574, 0.179, 0.93621, 0.09194, 0.85798, 0.91756, 0.34583, 0.15154, 0.91278, 0.8433, 0.91244, 0.11966, 0.90045, 0.05929, 0.16099, 0.30119, 0.11186, 0.69247, 0.28655, 0.08299, 0.81721, 0.07966, 0.91496, 0.10295, 0.32001, 0.15767, 0.1253, 0.39204, 0.94598, 0.92765, 0.92844, 0.91421, 0.93228, 0.10382, 0.07094, 0.13577, 0.89623, 0.16082, 0.86524, 0.16697, 0.7763, 0.73213, 0.13283, 0.90091, 0.9238, 0.93473, 0.12827, 0.08535, 0.10929, 0.91512, 0.85382, 0.91048, 0.52608, 0.87862, 0.91986, 0.13651, 0.09979, 0.08409, 0.94421, 0.0882, 0.09118, 0.74185, 0.08086, 0.1257, 0.84334, 0.93163, 0.76833, 0.40843, 0.08671, 0.12891, 0.86736, 0.89652, 0.75453, 0.07518, 0.93686, 0.11611, 0.11392, 0.35216, 0.93767, 0.39158, 0.91157, 0.33235, 0.21628, 0.93049, 0.92532, 0.08878, 0.14407, 0.14205, 0.85156, 0.90793, 0.61528, 0.70966, 0.10313, 0.09441, 0.09309, 0.93533, 0.85725, 0.85607, 0.14641, 0.11306, 0.83552, 0.08678, 0.1401, 0.92968, 0.91022, 0.12396, 0.09242, 0.92298, 0.14533, 0.13397, 0.07601, 0.09058, 0.72245, 0.12797, 0.12127, 0.06855, 0.16066, 0.16015, 0.07322, 0.41968, 0.05932, 0.06239, 0.86841, 0.90826, 0.16639, 0.87645, 0.93535, 0.0972, 0.17098, 0.91469, 0.93904, 0.46744, 0.87816, 0.22284, 0.92838, 0.91875, 0.87063, 0.06565, 0.64707, 0.10803, 0.08187, 0.30215, 0.88944, 0.07479, 0.18486, 0.09833, 0.1145, 0.09536, 0.93857, 0.36902, 0.93219, 0.91935, 0.92904, 0.12044, 0.84859, 0.93174, 0.91741, 0.14818, 0.93475, 0.07635, 0.16036, 0.76508, 0.0906, 0.33337, 0.22865, 0.06429, 0.11894, 0.09132, 0.22239, 0.93215, 0.13939, 0.94085, 0.91517, 0.08531, 0.92807, 0.94116, 0.07625, 0.87664, 0.78645, 0.85125, 0.14159, 0.09406, 