{"model": "google/muril-base-cased", "dataset": "dravidian_tamil", "train_config": "hardneg", "seed": 2024, "thr_cal": 0.13266376703977573, "metrics_05": {"macro": 0.7406700791918437, "toxf1": 0.6052998605299861, "prec": 0.5880758807588076, "rec": 0.6235632183908046, "prauc": 0.6466130675927325, "ece": 0.06907952419420083, "covert": 0.7058823529411765}, "metrics_cal": {"macro": 0.7069197161451986, "toxf1": 0.6064908722109533, "prec": 0.46865203761755486, "rec": 0.8591954022988506, "prauc": 0.6466130675927325, "ece": 0.06907952419420083, "covert": 0.744920993227991}, "probs": [0.06048, 0.03525, 0.03084, 0.03479, 0.80946, 0.03913, 0.03194, 0.02568, 0.05852, 0.0332, 0.05893, 0.05659, 0.03262, 0.02483, 0.064, 0.4668, 0.94464, 0.05324, 0.0232, 0.15349, 0.03526, 0.05356, 0.08534, 0.05921, 0.02816, 0.44609, 0.94376, 0.03111, 0.04414, 0.02812, 0.02451, 0.11552, 0.03242, 0.04119, 0.04491, 0.68064, 0.07195, 0.07191, 0.0356, 0.41485, 0.20023, 0.04904, 0.49141, 0.05968, 0.31486, 0.7606, 0.03879, 0.04092, 0.21301, 0.04345, 0.03448, 0.06045, 0.11988, 0.06281, 0.04607, 0.8924, 0.07518, 0.83713, 0.84089, 0.051, 0.03236, 0.03218, 0.51766, 0.14787, 0.05588, 0.02366, 0.04538, 0.37704, 0.89992, 0.51735, 0.79275, 0.24691, 0.04454, 0.04217, 0.70861, 0.59974, 0.70441, 0.9037, 0.08287, 0.05266, 0.40759, 0.3726, 0.35079, 0.02147, 0.04664, 0.02602, 0.04129, 0.03696, 0.0341, 0.8458, 0.03241, 0.63, 0.0289, 0.22542, 0.08724, 0.31257, 0.15537, 0.03587, 0.04252, 0.05254, 0.58847, 0.02805, 0.03736, 0.04122, 0.28115, 0.76433, 0.04182, 0.03196, 0.0304, 0.13958, 0.0815, 0.08483, 0.82989, 0.06575, 0.1448, 0.0344, 0.04821, 0.05156, 0.04528, 0.02613, 0.03717, 0.03391, 0.02597, 0.04502, 0.30702, 0.02727, 0.88641, 0.07048, 0.04195, 0.10979, 0.02819, 0.05498, 0.30676, 0.04711, 0.74271, 0.51096, 0.1057, 0.0236, 0.0544, 0.93199, 0.87006, 0.03384, 0.76119, 0.94044, 0.04724, 0.14239, 0.04475, 0.05006, 0.11022, 0.12846, 0.88637, 0.05072, 0.36604, 0.03028, 0.92473, 0.07795, 0.02359, 0.11933, 0.03125, 0.88186, 0.03429, 0.51617, 0.0555, 0.94509, 0.02479, 0.04225, 0.10489, 0.87522, 0.61024, 0.73766, 0.82703, 0.5015, 0.16796, 0.31613, 0.07016, 0.0356, 0.78685, 0.38207, 0.02132, 0.23938, 0.05317, 0.7834, 0.07308, 0.7878, 0.03663, 0.03096, 0.71619, 0.03326, 0.02622, 0.14252, 0.03493, 0.02793, 0.35254, 0.04007, 0.02356, 0.59399, 0.04599, 0.8546, 0.02523, 0.03371, 0.12954, 0.95461, 0.78716, 0.05819, 0.08912, 0.02889, 0.64385, 0.02742, 0.06763, 0.17938, 0.12301, 0.11191, 0.71784, 0.03759, 0.03494, 0.3309, 0.02421, 0.03783, 0.04425, 0.05464, 0.03346, 0.03465, 0.05256, 0.93177, 0.05657, 0.94208, 0.69411, 0.07153, 0.02472, 0.05167, 0.04941, 0.04126, 0.0497, 0.93364, 0.09505, 0.0407, 0.28678, 0.02358, 0.24021, 0.07722, 0.93804, 0.07271, 0.03212, 0.23756, 0.39441, 0.48337, 0.0986, 0.14154, 0.05253, 0.05367, 0.03117, 0.03122, 0.0675, 0.03283, 0.34797, 0.0514, 0.02249, 0.2736, 0.03431, 0.03388, 0.26399, 0.92218, 0.03395, 0.04782, 0.41512, 0.04987, 0.07066, 0.09552, 0.77719, 0.04927, 0.49982, 0.93822, 0.89073, 0.02557, 0.03338, 0.02244, 0.88183, 0.28046, 0.04043, 0.14973, 0.03145, 0.03221, 0.06475, 0.08852, 0.02887, 0.03076, 0.11568, 0.12698, 0.38538, 0.65255, 0.03536, 0.03005, 0.0292, 0.92102, 0.07045, 0.04585, 0.05261, 0.09776, 0.92545, 0.29237, 0.02686, 0.03085, 0.04132, 0.56525, 0.88136, 0.18167, 0.08168, 0.04982, 0.17425, 0.02607, 0.05284, 0.86562, 0.04921, 0.11718, 0.10088, 0.05756, 0.88919, 0.08855, 0.06249, 0.06878, 0.03761, 0.48977, 0.86875, 0.18448, 0.02675, 0.92937, 0.92613, 0.06327, 0.0468, 0.04114, 0.06603, 0.22184, 0.0358, 0.70433, 0.03956, 0.02736, 0.1094, 0.88072, 0.14246, 0.0844, 0.02447, 0.02996, 0.09296, 0.25188, 0.07825, 0.11334, 0.08685, 0.04444, 0.0851, 0.03306, 0.5416, 0.19569, 0.51693, 0.17966, 0.13023, 0.19679, 0.21084, 0.16327, 0.03668, 0.04579, 0.10653, 0.74962, 0.05916, 0.26553, 0.05477, 0.39364, 0.0291, 0.92742, 0.02628, 0.94649, 0.02927, 0.67172, 0.3051, 0.03126, 0.0421, 0.33334, 0.02851, 0.25217, 0.87108, 0.05044, 0.11717, 0.03016, 0.18972, 0.61067, 0.48972, 0.30327, 0.07266, 0.38894, 0.03012, 0.36336, 0.05802, 0.08234, 0.0303, 0.04052, 0.1466, 0.68157, 0.70482, 0.90623, 0.03405, 0.07215, 0.54612, 0.07838, 0.03361, 0.09001, 0.02654, 0.03737, 0.0495, 0.90066, 0.07614, 0.94766, 0.94341, 0.04056, 0.04526, 0.0919, 0.39929, 0.84554, 0.06839, 0.06831, 0.43257, 0.88108, 0.5109, 0.15577, 0.03075, 0.05278, 0.91761, 0.02981, 0.03063, 0.06859, 0.8959, 0.21087, 0.07718, 0.64171, 0.12245, 0.86572, 0.19955, 0.02863, 0.04006, 0.1514, 0.11611, 0.03623, 0.83205, 0.0392, 0.94092, 0.72598, 0.07817, 0.88809, 0.74842, 0.04026, 0.25173, 0.25613, 0.04743, 0.869, 0.58851, 0.05072, 0.03099, 0.82021, 0.27591, 0.2788, 0.03204, 0.07824, 0.02763, 0.03802, 0.41565, 0.02376, 0.02402, 0.8004, 0.02415, 0.03748, 0.90488, 0.12579, 0.0313, 0.04687, 0.31077, 0.07669, 0.2616, 0.115, 0.02764, 0.919, 0.93235, 0.23632, 0.15275, 0.04099, 0.08411, 0.82174, 0.0324, 0.94196, 0.92049, 0.02956, 0.02929, 0.41094, 0.03438, 0.67038, 0.10837, 0.04129, 0.90898, 0.04685, 0.3324, 0.03183, 0.09178, 0.81833, 0.44291, 0.14168, 0.03655, 0.417, 0.8142, 0.03501, 0.05206, 0.03115, 0.66943, 0.04811, 0.02442, 0.05306, 0.04035, 0.09107, 0.04437, 0.60336, 0.14122, 0.07415, 0.72335, 0.34695, 0.91379, 0.08963, 0.13858, 0.18339, 0.78866, 0.05099, 0.05507, 0.2418, 0.11066, 0.04948, 0.07513, 0.1037, 0.94114, 0.72802, 0.12562, 0.02939, 0.2342, 0.03207, 0.02406, 0.03654, 0.50488, 0.12097, 0.06357, 0.06435, 0.03608, 0.9323, 0.03658, 0.13482, 0.0358, 0.03544, 0.02496, 0.03002, 0.15845, 0.0868, 0.09487, 0.25307, 0.06946, 0.5876, 0.26202, 0.90499, 0.35122, 0.35722, 0.52834, 0.41698, 0.03369, 0.28985, 0.34235, 0.76248, 0.03253, 0.92392, 0.07811, 0.41057, 0.03827, 0.08834, 0.07636, 0.14483, 0.23418, 0.03185, 0.38491, 0.02806, 0.34975, 0.29792, 0.08025, 0.23732, 0.38954, 0.28312, 0.17112, 0.04728, 0.92128, 0.90816, 0.036, 0.93247, 0.26741, 0.90474, 0.06165, 0.02495, 0.0331, 0.06678, 0.02845, 0.55633, 0.02744, 0.93659, 0.89271, 0.06155, 0.04055, 0.17848, 0.05066, 0.21976, 0.5429, 0.60167, 0.48175, 0.34743, 0.06946, 0.04233, 0.07634, 0.05754, 0.05147, 0.05868, 0.3777, 0.71971, 0.03823, 0.04797, 0.8947, 0.0388, 0.47911, 0.05574, 0.07038, 0.02126, 0.8819, 0.03244, 0.107, 0.06279, 0.05811, 0.434, 0.0464, 0.27825, 0.76464, 0.04212, 0.90911, 0.38766, 0.04088, 0.16011, 0.65428, 0.3522, 0.16242, 0.03633, 0.22534, 0.70371, 0.60946, 0.93244, 0.02751, 0.36295, 0.23541, 0.14607, 0.04523, 0.04192, 0.02444, 0.83687, 0.93822, 0.04758, 0.55473, 0.17499, 0.05809, 0.02696, 0.1918, 0.11668, 0.06727, 0.06387, 0.40198, 0.07311, 0.92856, 0.04134, 0.53117, 0.69501, 0.02671, 0.41752, 0.0332, 0.76761, 0.04872, 0.95077, 0.05551, 0.18102, 0.91509, 0.04992, 0.61238, 0.04447, 0.27399, 0.92122, 0.05246, 0.10089, 0.04586, 0.03353, 0.04807, 0.04747, 0.37942, 0.04722, 0.05374, 0.13585, 0.05409, 0.41802, 0.34662, 0.03195, 0.38379, 0.91103, 0.03614, 0.15863, 0.0487, 0.0702, 0.03722, 0.06449, 0.03471, 0.05545, 0.0661, 0.02742, 0.93973, 0.38785, 0.92237, 0.02251, 0.9062, 0.0364, 0.93157, 0.12396, 0.23647, 0.05155, 0.07429, 0.02985, 0.07143, 0.25913, 0.04228, 0.06724, 0.02251, 0.05043, 0.92169, 0.12002, 0.82894, 0.04076, 0.07045, 0.03805, 0.05853, 0.03184, 0.0307, 0.08029, 0.93949, 0.87371, 0.05336, 0.10764, 0.11549, 0.02915, 0.48215, 0.86864, 0.04244, 0.0345, 0.89144, 0.34263, 0.04343, 0.02601, 0.91069, 0.05647, 0.02971, 0.05264, 0.15025, 0.8893, 0.04985, 0.03438, 0.10223, 0.02913, 0.83041, 0.08626, 0.91201, 0.08062, 0.90508, 0.0242, 0.78079, 0.04011, 0.21084, 0.33256, 0.11893, 0.9252, 0.02838, 0.03453, 0.44827, 0.65231, 0.27226, 0.02997, 0.08192, 0.28975, 0.4691, 0.04163, 0.16349, 0.92341, 0.0482, 0.78246, 0.90484, 0.02417, 0.02751, 0.88405, 0.26987, 0.03238, 0.05079, 0.47575, 0.03068, 0.11483, 0.02573, 0.05988, 0.13131, 0.27671, 0.04148, 0.39362, 0.05413, 0.10235, 0.17253, 0.66184, 0.92942, 0.22616, 0.0292, 0.0271, 0.05375, 0.04656, 0.04628, 0.03924, 0.93697, 0.87563, 0.07284, 0.12799, 0.91346, 0.68926, 0.0633, 0.06763, 0.75669, 0.05553, 0.03978, 0.05977, 0.17979, 0.07485, 0.85001, 0.11943, 