{"model": "google/muril-base-cased", "dataset": "dravidian_malayalam", "train_config": "ce", "seed": 7, "thr_cal": 0.3831042259931563, "metrics_05": {"macro": 0.6113275046389943, "toxf1": 0.24390243902439024, "prec": 0.2857142857142857, "rec": 0.2127659574468085, "prauc": 0.22372934655962537, "ece": 0.22487288308143616, "covert": 0.36}, "metrics_cal": {"macro": 0.6275645171672832, "toxf1": 0.2831858407079646, "prec": 0.24242424242424243, "rec": 0.3404255319148936, "prauc": 0.22372934655962537, "ece": 0.22487288308143616, "covert": 0.3548387096774194}, "probs": [0.21841, 0.22316, 0.21166, 0.29141, 0.22939, 0.24561, 0.23829, 0.23201, 0.29928, 0.20508, 0.21803, 0.23558, 0.28774, 0.21292, 0.20513, 0.24546, 0.23042, 0.2341, 0.21296, 0.24966, 0.29021, 0.24293, 0.22567, 0.20576, 0.21306, 0.23572, 0.2664, 0.21772, 0.20699, 0.2476, 0.24902, 0.24177, 0.21723, 0.22612, 0.51156, 0.23291, 0.2874, 0.21872, 0.23358, 0.22262, 0.21591, 0.24237, 0.21823, 0.24847, 0.96283, 0.22314, 0.21956, 0.23614, 0.24404, 0.3234, 0.21757, 0.22733, 0.2172, 0.29098, 0.26554, 0.21258, 0.25395, 0.24811, 0.22149, 0.22739, 0.25222, 0.21831, 0.23081, 0.24796, 0.26186, 0.31035, 0.22773, 0.24299, 0.21776, 0.21663, 0.23022, 0.21319, 0.23459, 0.21256, 0.21284, 0.21088, 0.23672, 0.35109, 0.22504, 0.22543, 0.23272, 0.21146, 0.22375, 0.21131, 0.22404, 0.20937, 0.21338, 0.22749, 0.21114, 0.20658, 0.21951, 0.21737, 0.23897, 0.24974, 0.22276, 0.20838, 0.25682, 0.2266, 0.27503, 0.21916, 0.25341, 0.24176, 0.29039, 0.22517, 0.2245, 0.26519, 0.21103, 0.21481, 0.27524, 0.24226, 0.2243, 0.21864, 0.2587, 0.21487, 0.22142, 0.2317, 0.31039, 0.20767, 0.20938, 0.2316, 0.91491, 0.38025, 0.22659, 0.38785, 0.22347, 0.21771, 0.2698, 0.22922, 0.23918, 0.22506, 0.2396, 0.25312, 0.2161, 0.26361, 0.22564, 0.26109, 0.21927, 0.24165, 0.26381, 0.23731, 0.36626, 0.21996, 0.2183, 0.23083, 0.20989, 0.22335, 0.20577, 0.21852, 0.20992, 0.21055, 0.26065, 0.2371, 0.23883, 0.22653, 0.2098, 0.40545, 0.2103, 0.35084, 0.23331, 0.24893, 0.24433, 0.23005, 0.23542, 0.26169, 0.30564, 0.2267, 0.25654, 0.2281, 0.27569, 0.25301, 0.26699, 0.21034, 0.22935, 0.22569, 0.21929, 0.41124, 0.31385, 0.23539, 0.22026, 0.21694, 0.25084, 0.20952, 0.33618, 0.31803, 0.48679, 0.23159, 0.22315, 0.21987, 0.23655, 0.21913, 0.21519, 0.22949, 0.96613, 0.30091, 0.24078, 0.27954, 0.22827, 0.23945, 0.30436, 0.22721, 0.24351, 0.21683, 0.22154, 0.24285, 0.24103, 0.22311, 0.23449, 0.22039, 0.25974, 0.21284, 0.22819, 0.23249, 0.20769, 0.22152, 0.24586, 0.21459, 0.35834, 0.24458, 0.2182, 0.23448, 0.21701, 0.2443, 0.2234, 0.33835, 0.21381, 0.22486, 0.30327, 0.21831, 0.24066, 0.28381, 0.29994, 0.20732, 0.23306, 0.22314, 0.24631, 0.44774, 0.2414, 0.2344, 0.24356, 0.25428, 0.22094, 0.21353, 0.23309, 0.27146, 0.21009, 0.2468, 0.38995, 0.26759, 0.22084, 0.20462, 0.21626, 0.2779, 0.22769, 0.21313, 0.47241, 0.23212, 0.21533, 0.21967, 0.21622, 0.2402, 0.22043, 0.2501, 0.21804, 0.5438, 0.23507, 0.20422, 0.2397, 0.26768, 0.26189, 0.20968, 0.28259, 0.40722, 0.23262, 0.26139, 0.21973, 0.29324, 0.25087, 0.22158, 0.24593, 0.20537, 0.22553, 0.22596, 0.22519, 0.25597, 0.21338, 0.2784, 0.44207, 0.22477, 0.21457, 0.22028, 0.22183, 0.31999, 0.26985, 0.21765, 0.2273, 0.28291, 0.21375, 0.23519, 0.22544, 0.20585, 0.23039, 0.2227, 0.23236, 0.2193, 0.26663, 0.22341, 0.24681, 0.26054, 0.21093, 0.2537, 0.25604, 0.22957, 0.21135, 0.26962, 0.46682, 0.22758, 0.31497, 0.32111, 0.24932, 0.22898, 0.22583, 0.22609, 0.21532, 0.23313, 0.21489, 0.28701, 0.21146, 0.25117, 0.21534, 0.23338, 0.24197, 0.2935, 0.24919, 0.2114, 0.22823, 0.21463, 0.21518, 0.2615, 0.2213, 0.34524, 0.21753, 0.22485, 0.32747, 0.3354, 0.21917, 0.248, 0.22666, 0.2227, 0.2205, 0.23629, 0.22251, 0.22587, 0.22226, 0.21457, 0.21091, 0.25061, 0.23222, 0.26408, 0.26459, 0.31343, 0.2179, 0.2599, 0.23996, 0.4448, 0.24778, 0.2243, 0.27344, 0.22054, 0.24859, 0.26519, 0.20413, 0.22925, 0.5805, 0.23169, 0.25125, 0.24197, 0.2971, 0.22608, 0.21124, 0.23698, 0.22313, 0.21489, 0.22299, 0.22447, 0.23415, 0.25055, 0.21759, 0.20939, 0.24192, 0.26862, 0.27053, 0.21612, 0.21096, 0.21232, 0.93467, 0.22583, 0.22343, 0.24464, 0.21741, 0.24356, 0.28491, 0.21022, 0.96639, 0.2122, 0.21501, 0.23745, 0.22962, 0.80366, 0.30155, 0.21767, 0.22574, 0.21484, 0.27976, 0.24384, 0.2235, 0.21447, 0.22961, 0.22019, 0.2617, 0.29683, 0.22255, 0.20585, 0.27577, 0.22465, 0.2546, 0.22281, 0.23579, 0.24192, 0.20185, 0.23707, 0.24298, 0.22709, 0.21919, 0.21868, 0.26337, 0.21465, 0.26485, 0.21653, 0.26114, 0.23055, 0.24132, 0.22557, 0.21358, 0.23342, 0.65677, 0.2277, 0.22951, 0.22359, 0.3757, 0.22861, 0.24116, 0.23695, 0.24827, 0.21762, 0.23296, 0.39888, 0.20767, 0.22486, 0.9529, 0.47592, 0.22147, 0.23884, 0.21484, 0.22868, 0.25389, 0.24067, 0.20468, 0.21981, 0.24326, 0.20667, 0.44774, 0.23106, 0.2374, 0.24887, 0.2395, 0.23629, 0.20997, 0.21602, 0.39157, 0.28068, 0.22463, 0.3179, 0.26459, 0.22279, 0.2426, 0.25181, 0.21383, 0.211, 0.21797, 0.34241, 0.25408, 0.326, 0.2316, 0.21353, 0.23091, 0.22551, 0.23602, 0.233, 0.24627, 0.21406, 0.26032, 0.21299, 0.23253, 0.85673, 0.23603, 0.21699, 0.21186, 0.21149, 0.2088, 0.25172, 0.21225, 0.23396, 0.22956, 0.25396, 0.21496, 0.2351, 0.23233, 0.23537, 0.22747, 0.2098, 0.20949, 0.25631, 0.21773, 0.2284, 0.25874, 0.26843, 0.29998, 0.26685, 0.21492, 0.22758, 0.35031, 0.28028, 0.23481, 0.23236, 0.20861, 0.21899, 0.24018, 0.22697, 0.24894, 0.22498, 0.22875, 0.43874, 0.22628, 0.22275, 0.23009, 0.28573, 0.35752, 0.41238, 0.31141, 0.22137, 0.2056, 0.28023, 0.23383, 0.21139, 0.64882, 0.24141, 0.25993, 0.21942, 0.21467, 0.23742, 0.27883, 0.20573, 0.25193, 0.26775, 0.23036, 0.21179, 0.25324, 0.2146, 0.30812, 0.21469, 0.23654, 0.24226, 0.2167, 0.2096, 0.24269, 0.221, 0.22536, 0.23832, 0.21297, 0.21534, 0.26008, 0.21326, 0.26091, 0.38873, 0.22603, 0.25489, 0.2122, 0.22148, 0.31133, 0.27009, 0.2258, 0.23093, 0.2621, 0.23494, 0.23167, 0.22865, 0.24721, 0.21386, 0.21891, 0.2501, 0.24148, 0.22994, 0.93809, 0.2335, 0.22325, 0.70566, 0.2896, 0.96185, 0.21228, 0.22072, 0.22151, 0.25096, 0.2277, 0.21886, 0.22551, 0.30517, 0.24125, 0.23099, 0.25434, 0.21251, 0.21306, 0.22096, 0.3761, 0.23785, 0.21756, 0.24296, 0.29255, 0.21305, 0.24621, 0.23439, 0.22176, 0.27473, 0.22208, 0.28444, 0.22272, 0.24301, 0.26494, 0.22854, 0.23928, 0.21118, 0.25868, 0.2504, 0.23734, 0.24566, 0.22158, 0.23874, 0.21929, 0.25957, 0.30989, 0.21767, 0.21775, 0.21668, 0.2425, 0.81127, 0.51193, 0.21766, 0.6603, 0.22973, 0.25733, 0.2397, 0.23071, 0.23182, 0.23131, 0.21993, 0.21101, 0.22947, 0.2604, 0.27065, 0.23383, 0.22302, 0.21938, 0.26053, 0.23831, 0.26747, 0.27577, 0.96567, 0.23876, 0.23894, 0.22475, 0.21991, 0.23177, 0.22494, 0.22575, 0.30497, 0.22455, 0.21786, 0.34286, 0.27802, 0.22445, 0.26854, 0.23006, 0.22544, 0.32385, 0.30388, 0.2166, 0.26587, 0.22082, 0.2735, 0.27342, 0.37386, 0.50074, 0.2278, 0.24639, 0.29983, 0.22044, 0.25446, 0.32774, 0.20233, 0.2215, 0.21588, 0.4141, 0.22524, 0.2103, 0.28277, 0.21475, 0.27422, 0.22179, 0.26596, 0.23266, 0.21651, 0.23572, 0.22099, 0.24089, 0.21175, 0.21794, 0.30236, 0.22588, 0.2117, 0.22006, 0.20536, 0.22701, 0.23318, 0.21589, 0.31094, 0.21091, 0.21458, 0.26109, 0.22876, 0.21972, 0.2187, 0.22228, 0.23417, 0.29531, 0.2311, 0.27887, 0.30751, 0.23398, 0.2353, 0.22583, 0.20917, 0.23202, 0.21692, 0.24858, 0.21521, 0.22296, 0.23837, 0.22821, 0.21692, 0.43767, 0.23114, 0.2199, 0.23458, 0.22555, 0.23222, 0.22054, 0.26699, 0.22307, 0.21937, 0.23006, 0.2262, 0.23623, 0.2258, 0.23296, 0.2178, 0.25948, 0.49254, 0.21564, 0.23112, 0.27911, 0.22835, 0.22069, 0.21532, 0.26261, 0.86803, 0.23227, 0.21559, 0.22475, 0.24586, 0.23005, 0.21797, 0.29879, 0.26514, 0.38526, 0.3041, 0.23232, 0.25897, 0.21177, 0.21396, 0.26, 0.29015, 0.2383, 0.21104, 0.24658, 0.26395, 0.22987, 0.2162, 0.21598, 0.23272, 0.33993, 0.21192, 0.22282, 0.23615, 0.24648, 0.26518, 0.21305, 0.2388, 0.21823, 0.24506, 0.23926, 0.21431, 0.36198, 0.21144, 0.26761, 0.21248, 0.21847, 0.2173, 0.24531, 0.21317, 0.27279, 0.23625, 0.22545, 0.23117, 0.23087, 0.20142, 0.23756, 0.25611, 0.23473, 0.21833, 