{"model": "google/muril-base-cased", "dataset": "hatexplain", "train_config": "ce", "seed": 123, "thr_cal": 0.10097105614840984, "metrics_05": {"macro": 0.7320916422040018, "toxf1": 0.7615615615615615, "prec": 0.8430851063829787, "rec": 0.6944140197152245, "prauc": 0.8843650687257698, "ece": 0.12359875239928564, "covert": 0.8756476683937824}, "metrics_cal": {"macro": 0.7074142156862745, "toxf1": 0.8127450980392157, "prec": 0.735581188997338, "rec": 0.9079956188389924, "prauc": 0.8843650687257698, "ece": 0.12359875239928564, "covert": 0.908235294117647}, "probs": [0.05715, 0.06384, 0.04865, 0.16048, 0.04772, 0.85795, 0.97002, 0.0821, 0.11629, 0.06215, 0.07171, 0.07738, 0.06918, 0.10304, 0.24189, 0.07862, 0.08558, 0.05969, 0.96695, 0.08728, 0.04613, 0.50983, 0.058, 0.07215, 0.56704, 0.94042, 0.94198, 0.13346, 0.05722, 0.60727, 0.93678, 0.44617, 0.90008, 0.93722, 0.96046, 0.04963, 0.42305, 0.10601, 0.89936, 0.06266, 0.95256, 0.30377, 0.5851, 0.1328, 0.17381, 0.11853, 0.0508, 0.58245, 0.95858, 0.84132, 0.06925, 0.16141, 0.94413, 0.53641, 0.07945, 0.96898, 0.35747, 0.10196, 0.80864, 0.14146, 0.15395, 0.93515, 0.92615, 0.54098, 0.96496, 0.41462, 0.94561, 0.27736, 0.29465, 0.88013, 0.22867, 0.8511, 0.72472, 0.75062, 0.04971, 0.11238, 0.94188, 0.92951, 0.7157, 0.86411, 0.9136, 0.79228, 0.83157, 0.08981, 0.4776, 0.65872, 0.96737, 0.09311, 0.6094, 0.86163, 0.05389, 0.95769, 0.9127, 0.72473, 0.94828, 0.06006, 0.73597, 0.90647, 0.1576, 0.96187, 0.0708, 0.3988, 0.9711, 0.68058, 0.05717, 0.8398, 0.90951, 0.62338, 0.95742, 0.37608, 0.04758, 0.0517, 0.13686, 0.10083, 0.14692, 0.653, 0.78377, 0.13626, 0.77143, 0.73179, 0.93092, 0.10805, 0.07216, 0.95511, 0.17516, 0.08526, 0.10714, 0.10355, 0.09906, 0.96246, 0.13227, 0.90465, 0.06434, 0.94446, 0.49106, 0.36094, 0.13258, 0.91628, 0.95153, 0.0957, 0.25081, 0.96563, 0.87984, 0.95927, 0.5921, 0.12944, 0.95411, 0.22951, 0.35056, 0.24362, 0.28174, 0.19132, 0.94483, 0.09787, 0.89757, 0.86317, 0.94553, 0.79775, 0.06555, 0.54634, 0.35441, 0.92748, 0.64894, 0.82208, 0.18348, 0.69089, 0.9172, 0.076, 0.92709, 0.16087, 0.35641, 0.63301, 0.06359, 0.37855, 0.91326, 0.56347, 0.1073, 0.35647, 0.9255, 0.07871, 0.95647, 0.10038, 0.05839, 0.07558, 0.94902, 0.19999, 0.92538, 0.25104, 0.26016, 0.96444, 0.18516, 0.9465, 0.94835, 0.9579, 0.13415, 0.85668, 0.73356, 0.55518, 0.95837, 0.12275, 0.96441, 0.07563, 0.10504, 0.09698, 0.84211, 0.35342, 0.41289, 0.32931, 0.93518, 0.08417, 0.08988, 0.04401, 0.77563, 0.90592, 0.10849, 0.17787, 0.0545, 0.05009, 0.9408, 0.14969, 0.55323, 0.07832, 0.77016, 0.97109, 0.05101, 0.93377, 0.76715, 0.33307, 0.8163, 0.94815, 0.95221, 0.81477, 0.24419, 0.89784, 0.96454, 0.12614, 0.94967, 0.77546, 0.96173, 0.35726, 0.11852, 0.19738, 0.20092, 0.61634, 0.94473, 0.42205, 0.15781, 0.05125, 0.06542, 0.0853, 0.3014, 0.96223, 0.54007, 0.91937, 0.06639, 0.93606, 0.93777, 0.11848, 0.06227, 0.94575, 0.10683, 0.96082, 0.71508, 0.89049, 0.84287, 0.16116, 0.88023, 0.04014, 0.07296, 0.14667, 0.636, 0.27783, 0.06045, 0.92998, 0.08686, 0.14247, 0.94388, 0.9553, 0.9317, 0.94219, 0.97151, 0.96479, 0.95216, 0.95308, 0.93559, 0.75597, 0.32466, 0.74074, 0.04463, 0.20272, 0.06388, 0.15185, 0.05114, 0.15511, 0.96825, 0.45326, 0.73433, 0.05342, 0.65239, 0.13878, 0.14371, 0.06598, 0.14238, 0.96801, 0.94253, 0.14168, 0.95685, 0.95744, 0.08132, 0.05073, 0.85774, 0.27154, 0.95324, 0.65795, 0.15587, 0.63862, 0.92495, 0.05831, 0.92981, 0.96486, 0.59375, 0.06463, 0.78527, 0.95148, 0.06841, 0.95512, 0.11256, 0.11572, 0.44152, 0.94046, 0.92314, 0.95398, 0.76905, 0.94108, 0.92506, 0.25485, 0.47852, 0.96852, 0.95313, 0.11468, 0.30216, 0.95922, 0.46691, 0.2624, 0.06731, 0.80334, 0.04936, 0.0771, 0.08683, 0.55632, 0.07204, 0.92784, 0.29726, 0.90794, 0.13387, 0.96669, 0.0624, 0.29079, 0.91941, 0.92174, 0.05905, 0.84156, 0.96848, 0.0377, 0.96351, 0.16686, 0.97071, 0.96719, 0.07687, 0.1331, 0.11441, 0.4069, 0.9352, 0.95264, 0.93926, 0.39749, 0.09838, 0.91745, 0.94469, 0.96763, 0.91375, 0.90304, 0.2288, 0.95913, 0.40127, 0.11426, 0.0638, 0.0486, 0.92096, 0.81728, 0.94382, 0.06933, 0.14671, 0.41804, 0.94552, 0.9232, 0.38734, 0.83069, 0.68216, 0.29785, 0.87086, 0.06705, 0.89662, 0.41719, 0.13699, 0.17961, 0.48803, 0.93718, 0.08746, 0.03975, 0.87284, 0.1804, 0.18858, 0.05461, 0.10133, 0.92011, 0.06126, 0.19092, 0.949, 0.07423, 0.84284, 0.5413, 0.34465, 0.83554, 0.08445, 0.06913, 0.68742, 0.47038, 0.92678, 0.39503, 0.05533, 0.04982, 0.19941, 0.08323, 0.87316, 0.9526, 0.85277, 0.85699, 0.58416, 0.05384, 0.95704, 0.35003, 0.44386, 0.18091, 0.1113, 0.96809, 0.95644, 0.41431, 0.10127, 0.91727, 0.30762, 0.24081, 0.06245, 0.89467, 0.71021, 0.09564, 0.20893, 0.59435, 0.93334, 0.08121, 0.08479, 0.7669, 0.12864, 0.85042, 0.06596, 0.10612, 0.74889, 0.32838, 0.96919, 0.078, 0.05294, 0.41525, 0.30634, 0.0996, 0.93565, 0.12884, 0.69499, 0.10697, 0.89303, 0.21301, 0.87214, 0.22783, 0.06, 0.92202, 0.06894, 0.23033, 0.12673, 0.9422, 0.87292, 0.94948, 0.9579, 0.91108, 0.94835, 0.1674, 0.39226, 0.06048, 0.05911, 0.1532, 0.87973, 0.93741, 0.96446, 0.07632, 0.07189, 0.05335, 0.957, 0.96759, 0.85686, 0.09694, 0.08529, 0.89541, 0.11081, 0.06269, 0.91358, 0.06157, 0.10082, 0.0852, 0.94761, 0.10735, 0.92267, 0.24192, 0.06705, 0.10402, 0.95612, 0.17252, 0.93655, 0.96222, 0.93972, 0.05051, 0.87439, 0.85407, 0.64719, 0.31681, 0.05186, 0.24663, 0.95007, 0.40404, 0.17398, 0.04533, 0.19617, 0.95233, 0.05573, 0.7792, 0.92909, 0.09535, 0.08148, 0.1151, 0.14904, 0.74545, 0.71931, 0.17557, 0.73046, 0.39512, 0.97031, 0.96412, 0.08412, 0.94748, 0.49586, 0.73857, 0.09118, 0.11997, 0.04612, 0.45985, 0.09159, 0.11685, 0.95514, 0.05457, 0.96212, 0.03749, 0.9388, 0.38573, 0.96174, 0.9525, 0.94931, 0.91615, 0.12994, 0.96259, 0.31012, 0.89504, 0.27443, 0.96999, 0.10121, 0.93066, 0.94718, 0.95233, 0.94763, 0.84575, 0.06017, 0.72101, 0.9439, 0.05267, 0.90813, 0.04992, 0.14853, 0.05579, 0.07, 0.88767, 0.95192, 0.06566, 0.34686, 0.13965, 0.91824, 0.06504, 0.12112, 0.07966, 0.88122, 0.06237, 0.33297, 0.65478, 0.31433, 0.96629, 0.09495, 0.95206, 0.38229, 0.17696, 0.06851, 0.66992, 0.79159, 0.1415, 0.93994, 0.84449, 0.93977, 0.5921, 0.07803, 0.84692, 0.91196, 0.10703, 0.34986, 0.96056, 0.89392, 0.80583, 0.19689, 0.85963, 0.12334, 0.82805, 0.79928, 0.94209, 0.9017, 0.88596, 0.15047, 0.06218, 0.0442, 0.08688, 0.08539, 0.32823, 0.93236, 0.96813, 0.08735, 0.04734, 0.07995, 0.94697, 0.94637, 0.94852, 0.30577, 0.75409, 0.07952, 0.58123, 0.36771, 0.27804, 0.08466, 0.93643, 0.30128, 0.50468, 0.10745, 0.94018, 0.03826, 0.61652, 0.28276, 0.0606, 0.82348, 0.82513, 0.09878, 0.77574, 0.15456, 0.96331, 0.0569, 0.77276, 0.20774, 0.1735, 0.77775, 0.93605, 0.93004, 0.96059, 0.91185, 0.95033, 0.07979, 0.05229, 0.41165, 0.69092, 0.1225, 0.95695, 0.73678, 0.92655, 0.8459, 0.18721, 0.5609, 0.95965, 0.94133, 0.27761, 0.06281, 0.06654, 0.95846, 0.92884, 0.79423, 0.29032, 0.94425, 0.89757, 0.10485, 0.18054, 0.07013, 0.96773, 0.11097, 0.10193, 0.81024, 0.14941, 0.05534, 0.84328, 0.94515, 0.83535, 0.70407, 0.05026, 0.75333, 0.90627, 0.95142, 0.51201, 0.05456, 0.95981, 0.07637, 0.06555, 0.95987, 0.96324, 0.33999, 0.9154, 0.30669, 0.32717, 0.95813, 0.93462, 0.0467, 0.10743, 0.1204, 0.83577, 0.95711, 0.57272, 0.18697, 0.07313, 0.08367, 0.08391, 0.94958, 0.20102, 0.95236, 0.10568, 0.09586, 0.93148, 0.0682, 0.09385, 0.97023, 0.96009, 0.05717, 0.08337, 0.95091, 0.10904, 0.0991, 0.05244, 0.07258, 0.66521, 0.10234, 0.07636, 0.09757, 0.89016, 0.17734, 0.06652, 0.33253, 0.04244, 0.04143, 0.27776, 0.87389, 0.15455, 0.9189, 0.93904, 0.05254, 0.16363, 0.93886, 0.96626, 0.87362, 0.90624, 0.56414, 0.93295, 0.86684, 0.89929, 0.04267, 0.88841, 0.17351, 0.0732, 0.79287, 0.93575, 0.04671, 0.32462, 0.06158, 0.06084, 0.0693, 0.94572, 0.94866, 0.95397, 0.92638, 0.95799, 0.10605, 0.94564, 0.95985, 0.89349, 0.12985, 0.95809, 0.05994, 0.29171, 0.12652, 0.0504, 0.75554, 0.54287, 0.04789, 0.089, 0.77205, 0.22413, 0.96961, 0.06067, 0.9549, 0.94979, 0.08169, 0.80958, 0.95876, 0.05542, 0.88542, 0.81736, 0.95759, 0.16326, 0.077, 0.90856, 0.94483, 0.08728, 