{"model": "google/muril-base-cased", "dataset": "dravidian_tamil", "train_config": "supcon", "seed": 42, "thr_cal": 0.24687665104866022, "metrics_05": {"macro": 0.7550545602262846, "toxf1": 0.6376440460947503, "prec": 0.5750577367205543, "rec": 0.7155172413793104, "prauc": 0.6377906057741957, "ece": 0.0904770210882028, "covert": 0.7313432835820896}, "metrics_cal": {"macro": 0.7315133801096689, "toxf1": 0.6255506607929515, "prec": 0.5071428571428571, "rec": 0.8160919540229885, "prauc": 0.6377906057741957, "ece": 0.0904770210882028, "covert": 0.7392290249433107}, "probs": [0.03602, 0.02058, 0.01705, 0.02447, 0.609, 0.02419, 0.01799, 0.01344, 0.0206, 0.0164, 0.03503, 0.05271, 0.01558, 0.018, 0.03278, 0.06031, 0.96828, 0.16389, 0.01427, 0.56256, 0.03911, 0.0847, 0.04837, 0.02057, 0.02234, 0.76616, 0.97529, 0.01614, 0.02026, 0.01195, 0.01661, 0.93891, 0.03413, 0.02642, 0.02544, 0.92529, 0.03411, 0.19158, 0.02148, 0.21965, 0.04477, 0.07599, 0.22957, 0.10329, 0.2043, 0.92894, 0.0227, 0.04791, 0.86445, 0.0206, 0.01678, 0.07372, 0.08614, 0.09026, 0.07937, 0.86602, 0.36499, 0.93091, 0.79153, 0.02592, 0.01681, 0.01793, 0.94097, 0.18912, 0.04228, 0.02221, 0.02343, 0.26207, 0.95815, 0.28025, 0.67283, 0.64366, 0.02873, 0.02524, 0.82972, 0.94152, 0.77534, 0.96803, 0.08167, 0.02493, 0.91905, 0.2512, 0.1436, 0.0138, 0.04962, 0.0169, 0.0378, 0.05323, 0.01667, 0.9042, 0.01983, 0.94145, 0.01232, 0.86242, 0.07558, 0.13429, 0.31012, 0.01704, 0.01802, 0.02168, 0.45451, 0.02139, 0.08251, 0.01996, 0.4411, 0.81449, 0.03412, 0.0207, 0.01441, 0.28166, 0.14424, 0.04508, 0.95678, 0.04292, 0.1466, 0.07128, 0.0309, 0.26606, 0.02232, 0.01348, 0.02475, 0.01719, 0.01862, 0.02468, 0.25427, 0.02236, 0.85508, 0.09097, 0.02246, 0.03332, 0.02086, 0.05686, 0.91446, 0.17538, 0.84307, 0.56461, 0.05282, 0.01314, 0.04715, 0.95601, 0.87093, 0.01983, 0.88855, 0.95591, 0.68055, 0.11553, 0.01541, 0.48404, 0.04517, 0.03491, 0.82005, 0.04317, 0.48169, 0.05752, 0.85057, 0.02493, 0.01391, 0.276, 0.01428, 0.965, 0.0304, 0.94046, 0.0389, 0.97514, 0.01379, 0.05747, 0.16586, 0.06065, 0.69856, 0.6455, 0.95311, 0.63839, 0.5387, 0.42554, 0.09606, 0.01691, 0.34945, 0.43968, 0.01388, 0.13355, 0.01994, 0.18217, 0.29587, 0.92475, 0.01743, 0.01823, 0.67226, 0.01945, 0.01785, 0.02899, 0.02576, 0.08594, 0.18715, 0.03659, 0.01598, 0.52249, 0.02288, 0.89848, 0.01233, 0.02455, 0.10274, 0.97627, 0.95806, 0.01746, 0.06682, 0.02, 0.82136, 0.01646, 0.06414, 0.84736, 0.05246, 0.0531, 0.59161, 0.01803, 0.01548, 0.75353, 0.01395, 0.02213, 0.02341, 0.02521, 0.01511, 0.01375, 0.02007, 0.97835, 0.07027, 0.96597, 0.86924, 0.05213, 0.01857, 0.0624, 0.05404, 0.08918, 0.03065, 0.96272, 0.54531, 0.02005, 0.19707, 0.01678, 0.33408, 0.03291, 0.97171, 0.03668, 0.01436, 0.89198, 0.21531, 0.24962, 0.06761, 0.76812, 0.03232, 0.07436, 0.02048, 0.02123, 0.07189, 0.01664, 0.83998, 0.10573, 0.01436, 0.25791, 0.058, 0.01801, 0.31883, 0.95718, 0.02529, 0.05823, 0.72974, 0.02723, 0.40813, 0.04401, 0.89747, 0.02946, 0.30391, 0.97207, 0.9285, 0.01599, 0.02489, 0.01117, 0.83883, 0.14834, 0.03784, 0.06412, 0.01789, 0.01398, 0.02359, 0.0432, 0.02174, 0.01662, 0.17323, 0.05415, 0.76557, 0.96553, 0.01958, 0.01719, 0.02763, 0.95486, 0.11159, 0.03948, 0.04324, 0.03369, 0.95815, 0.14908, 0.01698, 0.02541, 0.13676, 0.91143, 0.71466, 0.14763, 0.03339, 0.01892, 0.05365, 0.01273, 0.02784, 0.9553, 0.15194, 0.19152, 0.35078, 0.65344, 0.90891, 0.05616, 0.041, 0.1106, 0.01975, 0.65635, 0.92166, 0.13834, 0.05323, 0.9439, 0.96075, 0.29981, 0.05965, 0.01762, 0.08532, 0.92674, 0.01627, 0.47694, 0.02181, 0.01718, 0.08204, 0.95595, 0.05381, 0.05013, 0.01215, 0.02234, 0.0925, 0.23205, 0.1781, 0.08501, 0.12424, 0.02463, 0.50159, 0.03483, 0.78973, 0.33289, 0.44951, 0.67597, 0.1402, 0.25049, 0.16891, 0.48388, 0.01652, 0.03068, 0.28018, 0.27675, 0.02625, 0.28627, 0.26481, 0.94826, 0.02165, 0.94602, 0.01878, 0.97751, 0.01536, 0.61354, 0.12179, 0.04784, 0.02243, 0.22486, 0.01999, 0.17992, 0.9575, 0.02694, 0.69018, 0.01406, 0.11504, 0.51598, 0.15384, 0.82398, 0.06706, 0.10692, 0.0157, 0.6622, 0.04821, 0.05339, 0.01708, 0.01389, 0.08997, 0.9073, 0.9378, 0.91101, 0.0194, 0.04952, 0.49479, 0.06879, 0.02527, 0.10935, 0.02512, 0.02025, 0.02201, 0.9676, 0.04322, 0.97044, 0.978, 0.04021, 0.01666, 0.79916, 0.45843, 0.95243, 0.03375, 0.09895, 0.89896, 0.59796, 0.92318, 0.16697, 0.01339, 0.04489, 0.88131, 0.02853, 0.03071, 0.03363, 0.95792, 0.1651, 0.04373, 0.95541, 0.18387, 0.92877, 0.10549, 0.03379, 0.03176, 0.16339, 0.02455, 0.02075, 0.9352, 0.02687, 0.97729, 0.78218, 0.19699, 0.93682, 0.76189, 0.0158, 0.60622, 0.30275, 0.03611, 0.84411, 0.40494, 0.02134, 0.017, 0.77171, 0.25164, 0.38029, 0.0167, 0.23065, 0.01892, 0.02249, 0.53225, 0.01744, 0.01878, 0.92937, 0.01394, 0.01978, 0.93854, 0.68013, 0.02101, 0.02827, 0.35498, 0.07244, 0.15244, 0.04726, 0.02339, 0.96222, 0.94968, 0.38602, 0.12755, 0.01719, 0.04961, 0.83153, 0.01484, 0.9766, 0.97358, 0.0208, 0.01674, 0.41937, 0.01598, 0.92542, 0.04792, 0.02358, 0.8715, 0.04024, 0.32311, 0.01677, 0.06706, 0.93306, 0.49017, 0.5316, 0.0348, 0.07157, 0.68466, 0.04591, 0.03007, 0.01718, 0.95794, 0.02192, 0.01622, 0.02832, 0.04043, 0.05698, 0.03477, 0.46569, 0.12224, 0.19799, 0.56799, 0.0233, 0.95129, 0.04743, 0.05358, 0.18334, 0.88748, 0.02286, 0.04454, 0.04948, 0.18693, 0.06015, 0.06872, 0.03208, 0.97296, 0.83891, 0.14662, 0.01895, 0.02826, 0.01756, 0.01531, 0.01977, 0.36438, 0.31397, 0.06632, 0.02402, 0.13867, 0.95386, 0.0287, 0.73027, 0.01895, 0.01749, 0.01182, 0.01937, 0.11513, 0.61687, 0.11228, 0.44267, 0.05142, 0.69047, 0.78429, 0.83641, 0.9296, 0.06614, 0.71738, 0.24606, 0.02704, 0.08509, 0.88056, 0.88724, 0.01462, 0.97003, 0.05867, 0.75295, 0.02208, 0.02455, 0.11537, 0.30611, 0.07453, 0.05803, 0.93208, 0.02607, 0.14374, 0.23157, 0.04425, 0.16209, 0.08427, 0.06283, 0.05498, 0.01957, 0.96659, 0.96546, 0.02269, 0.96322, 0.39641, 0.87608, 0.02995, 0.01459, 0.02138, 0.03633, 0.01539, 0.17, 0.02722, 0.96887, 0.88692, 0.09077, 0.02409, 0.23763, 0.03664, 0.05543, 0.67012, 0.35365, 0.13458, 0.54326, 0.46648, 0.02203, 0.1325, 0.02653, 0.62906, 0.04793, 0.21363, 0.6745, 0.01812, 0.03221, 0.94571, 0.02077, 0.54667, 0.05055, 0.03041, 0.01438, 0.96492, 0.02604, 0.02649, 0.34359, 0.05534, 0.6851, 0.16394, 0.72047, 0.92511, 0.03244, 0.95625, 0.08565, 0.02053, 0.07729, 0.83249, 0.30893, 0.22518, 0.01725, 0.52684, 0.88686, 0.60505, 0.97139, 0.02626, 0.73659, 0.45348, 0.07076, 0.02453, 0.031, 0.01429, 0.95039, 0.95831, 0.02145, 0.49582, 0.11423, 0.07055, 0.01516, 0.11657, 0.84116, 0.03577, 0.03964, 0.49569, 0.141, 0.9498, 0.0301, 0.88145, 0.51683, 0.01157, 0.44649, 0.01861, 0.41812, 0.02352, 0.97795, 0.08315, 0.77144, 0.87499, 0.02463, 0.34974, 0.04746, 0.08971, 0.94449, 0.02453, 0.23157, 0.02425, 0.03179, 0.039, 0.27854, 0.84648, 0.05699, 0.03498, 0.14573, 0.03324, 0.75793, 0.46572, 0.03551, 0.22109, 0.96846, 0.021, 0.2213, 0.0298, 0.0546, 0.03919, 0.07202, 0.0261, 0.03849, 0.03988, 0.01675, 0.96487, 0.18654, 0.96338, 0.01543, 0.95294, 0.01492, 0.96448, 0.4468, 0.56035, 0.04694, 0.09743, 0.01789, 0.07242, 0.47756, 0.13363, 0.06017, 0.01578, 0.04811, 0.94894, 0.05148, 0.87937, 0.02641, 0.04916, 0.03593, 0.06403, 0.01749, 0.01567, 0.04604, 0.97122, 0.94764, 0.25114, 0.04037, 0.04272, 0.01734, 0.40018, 0.75751, 0.02185, 0.02527, 0.91743, 0.17132, 0.03497, 0.01796, 0.7096, 0.23078, 0.01863, 0.02509, 0.04939, 0.9349, 0.03306, 0.03044, 0.11658, 0.02116, 0.89336, 0.08165, 0.84187, 0.1043, 0.97306, 0.01373, 0.02366, 0.02854, 0.1268, 0.87255, 0.12947, 0.87408, 0.01374, 0.01499, 0.69963, 0.78999, 0.41672, 0.0173, 0.04789, 0.10986, 0.27746, 0.01546, 0.36855, 0.9637, 0.07367, 0.48521, 0.96769, 0.02062, 0.01853, 0.9198, 0.11048, 0.0222, 0.22574, 0.28409, 0.0173, 0.1471, 0.01925, 0.4091, 0.10596, 0.37099, 0.04132, 0.76017, 0.08057, 0.15366, 0.29192, 0.96971, 0.97897, 0.07921, 0.0192, 0.01768, 0.5342, 0.02925, 0.03272, 0.07124, 0.94784, 0.96436, 0.07433, 0.05433, 0.96211, 0.11126, 0.09332, 0.02866, 0.92338, 0.04443, 0.01511, 0.03492, 0.87629, 0.02138, 0.91124, 0.05952, 