{"model": "google/muril-base-cased", "dataset": "dravidian_malayalam", "train_config": "ce", "seed": 99, "thr_cal": 0.8520174294710154, "metrics_05": {"macro": 0.6050192932883663, "toxf1": 0.2463768115942029, "prec": 0.18681318681318682, "rec": 0.3617021276595745, "prauc": 0.18334911273307905, "ece": 0.25935080063343047, "covert": 0.34210526315789475}, "metrics_cal": {"macro": 0.6088198093648538, "toxf1": 0.24528301886792453, "prec": 0.22033898305084745, "rec": 0.2765957446808511, "prauc": 0.18334911273307905, "ece": 0.25935080063343047, "covert": 0.3333333333333333}, "probs": [0.25306, 0.23347, 0.20911, 0.23486, 0.23594, 0.2916, 0.25562, 0.25893, 0.43371, 0.18295, 0.25083, 0.25298, 0.3031, 0.22729, 0.25888, 0.24683, 0.24222, 0.25185, 0.23706, 0.23901, 0.25671, 0.2182, 0.35055, 0.19024, 0.23589, 0.21926, 0.22443, 0.25932, 0.25845, 0.30075, 0.2783, 0.21203, 0.26509, 0.23125, 0.98941, 0.22502, 0.24988, 0.30906, 0.22755, 0.26081, 0.25757, 0.21663, 0.25344, 0.31327, 0.99061, 0.21064, 0.28994, 0.28785, 0.23141, 0.266, 0.23008, 0.27734, 0.23723, 0.37909, 0.78704, 0.23358, 0.23658, 0.2294, 0.21309, 0.20214, 0.20192, 0.21533, 0.19416, 0.26087, 0.26995, 0.24531, 0.23854, 0.19527, 0.23013, 0.25452, 0.25087, 0.25613, 0.25194, 0.22446, 0.22385, 0.25427, 0.22086, 0.5781, 0.26101, 0.26187, 0.27336, 0.23592, 0.21146, 0.20019, 0.23095, 0.22772, 0.20072, 0.24088, 0.23517, 0.26303, 0.23264, 0.21658, 0.28494, 0.30609, 0.21036, 0.24368, 0.22944, 0.21271, 0.26851, 0.25823, 0.22403, 0.23395, 0.27301, 0.23113, 0.27782, 0.21044, 0.21749, 0.22084, 0.41732, 0.24322, 0.22511, 0.22463, 0.26172, 0.23396, 0.23019, 0.23775, 0.27687, 0.24801, 0.21594, 0.21781, 0.99067, 0.73075, 0.3008, 0.40224, 0.32103, 0.32157, 0.29911, 0.19121, 0.28559, 0.21737, 0.28711, 0.22676, 0.25478, 0.25998, 0.21401, 0.31742, 0.25868, 0.24861, 0.32081, 0.21585, 0.34244, 0.25781, 0.27159, 0.23881, 0.23061, 0.24297, 0.2118, 0.20854, 0.23771, 0.27338, 0.32284, 0.20699, 0.21188, 0.21981, 0.2808, 0.7346, 0.21654, 0.25603, 0.30005, 0.21193, 0.23952, 0.25577, 0.29367, 0.32726, 0.26854, 0.20635, 0.2558, 0.21969, 0.63108, 0.22301, 0.28017, 0.22537, 0.2192, 0.27084, 0.22271, 0.4622, 0.3017, 0.31231, 0.25227, 0.30105, 0.20482, 0.24461, 0.43805, 0.30006, 0.92365, 0.22695, 0.25382, 0.21972, 0.23033, 0.27235, 0.25902, 0.28218, 0.9906, 0.25513, 0.20391, 0.23165, 0.24419, 0.34137, 0.48012, 0.20102, 0.22879, 0.23798, 0.21775, 0.27486, 0.20983, 0.30021, 0.21716, 0.19307, 0.28243, 0.2331, 0.23556, 0.23401, 0.24529, 0.31063, 0.28491, 0.22051, 0.97993, 0.25835, 0.26156, 0.233, 0.21127, 0.25353, 0.23924, 0.25365, 0.22412, 0.24687, 0.41682, 0.23928, 0.19365, 0.24929, 0.27723, 0.20857, 0.2675, 0.21064, 0.35804, 0.97886, 0.2457, 0.27258, 0.25702, 0.21251, 0.19567, 0.23752, 0.2455, 0.37635, 0.23198, 0.28156, 0.99055, 0.26124, 0.2736, 0.1953, 0.26814, 0.29847, 0.24206, 0.23299, 0.98986, 0.25547, 0.22988, 0.22159, 0.23434, 0.2314, 0.22009, 0.25651, 0.24183, 0.74374, 0.25629, 0.27078, 0.23925, 0.28979, 0.48557, 0.28452, 0.33597, 0.83806, 0.21958, 0.33406, 0.21075, 0.26901, 0.26418, 0.27158, 0.25073, 0.21126, 0.19499, 0.21978, 0.20953, 0.19335, 0.21742, 0.28054, 0.32768, 0.20797, 0.2503, 0.19341, 0.28341, 0.31172, 0.26807, 0.19153, 0.22401, 0.96651, 0.28377, 0.31388, 0.22057, 0.25262, 0.23771, 0.23426, 0.22542, 0.26316, 0.26001, 0.2615, 0.32116, 0.26879, 0.22039, 0.27747, 0.24952, 0.25634, 0.23698, 0.29834, 0.99022, 0.24576, 0.25954, 0.97054, 0.22014, 0.2607, 0.2519, 0.23142, 0.22171, 0.22974, 0.22716, 0.23928, 0.23592, 0.24078, 0.20971, 0.25503, 0.29363, 0.79446, 0.24946, 0.27105, 0.23323, 0.23171, 0.26591, 0.2583, 0.24384, 0.31206, 0.2737, 0.22135, 0.34346, 0.98893, 0.22004, 0.26529, 0.25123, 0.2139, 0.21661, 0.22117, 0.20248, 0.24997, 0.29936, 0.3149, 0.22706, 0.30779, 0.31828, 0.24056, 0.287, 0.88174, 0.27015, 0.26219, 0.21026, 0.92838, 0.24639, 0.22043, 0.25456, 0.20474, 0.23668, 0.21044, 0.23913, 0.20823, 0.99125, 0.24138, 0.22599, 0.29363, 0.24601, 0.25363, 0.19972, 0.2576, 0.20667, 0.23958, 0.26097, 0.20732, 0.20088, 0.2697, 0.23547, 0.27175, 0.2651, 0.22766, 0.26808, 0.21752, 0.22508, 0.2194, 0.99074, 0.26682, 0.2311, 0.23652, 0.266, 0.35428, 0.22128, 0.2665, 0.99125, 0.24983, 0.28905, 0.30311, 0.19415, 0.75174, 0.24539, 0.23223, 0.21732, 0.19367, 0.28312, 0.30724, 0.21915, 0.18363, 0.21536, 0.2696, 0.2572, 0.47383, 0.25282, 0.26463, 0.25246, 0.21034, 0.20997, 0.24623, 0.23476, 0.30786, 0.19336, 0.19028, 0.25877, 0.20404, 0.23065, 0.26109, 0.2248, 0.23181, 0.28874, 0.28187, 0.27532, 0.22698, 0.21898, 0.21938, 0.27188, 0.21447, 0.52288, 0.23454, 0.24392, 0.26795, 0.33245, 0.23242, 0.98873, 0.24856, 0.25728, 0.22925, 0.21989, 0.26553, 0.24801, 0.20885, 0.33555, 0.98949, 0.21801, 0.20169, 0.25193, 0.23453, 0.25128, 0.26559, 0.21509, 0.21102, 0.22312, 0.23301, 0.97886, 0.21912, 0.84288, 0.29603, 0.26636, 0.27378, 0.26575, 0.20022, 0.99072, 0.27508, 0.2049, 0.30721, 0.31655, 0.21375, 0.31537, 0.23543, 0.21421, 0.21722, 0.20429, 0.62182, 0.29684, 0.3054, 0.21781, 0.23752, 0.25025, 0.24728, 0.25194, 0.20941, 0.26626, 0.26566, 0.32194, 0.18213, 0.25048, 0.85995, 0.25051, 0.2221, 0.22157, 0.23717, 0.20193, 0.22131, 0.19887, 0.20852, 0.22785, 0.27126, 0.22551, 0.28246, 0.22447, 0.35008, 0.28107, 0.1997, 0.21907, 0.21484, 0.22446, 0.22439, 0.23841, 0.2628, 0.66046, 0.243, 0.23077, 0.23942, 0.37256, 0.28757, 0.23407, 0.55163, 0.26684, 0.20238, 0.21839, 0.24968, 0.19689, 0.22628, 0.21389, 0.99107, 0.22819, 0.24108, 0.26485, 0.22789, 0.61422, 0.71186, 0.29518, 0.23692, 0.22323, 0.75369, 0.25628, 0.28094, 0.98979, 0.24939, 0.96829, 0.26893, 0.25238, 0.26319, 0.33431, 0.25819, 0.30156, 0.22517, 0.27381, 0.23714, 0.24217, 0.18582, 0.27268, 0.27607, 0.26517, 0.22793, 0.20946, 0.27893, 0.28324, 0.34949, 0.23578, 0.22722, 0.22676, 0.25169, 0.4121, 0.24968, 0.27168, 0.36319, 0.18797, 0.2641, 0.21991, 0.23814, 0.27452, 0.27472, 0.24952, 0.27142, 0.9405, 0.29007, 0.25611, 0.22166, 0.28994, 0.24718, 0.23051, 0.25651, 0.26665, 0.22963, 0.98797, 0.23744, 0.29713, 0.99071, 0.34374, 0.98938, 0.21193, 0.22636, 0.22052, 0.19076, 0.23842, 0.23083, 0.26917, 0.31448, 0.23167, 0.27278, 0.25476, 0.23117, 0.23589, 0.24098, 0.28563, 0.26943, 0.21084, 0.28623, 0.31882, 0.21022, 0.21356, 0.20918, 0.26978, 0.32228, 0.27295, 0.33593, 0.26255, 0.27741, 0.24033, 0.23657, 0.23443, 0.25454, 0.30984, 0.25891, 0.29099, 0.27545, 0.23231, 0.32376, 0.22894, 0.29279, 0.40908, 0.20813, 0.25064, 0.24108, 0.23522, 0.99018, 0.86965, 0.21177, 0.99111, 0.29585, 0.27199, 0.2369, 0.27421, 0.33821, 0.25712, 0.30129, 0.21035, 0.26845, 0.25122, 0.28712, 0.32515, 0.29346, 0.2195, 0.2877, 0.29563, 0.29923, 0.25246, 0.99124, 0.32905, 0.33123, 0.2105, 0.22843, 0.25991, 0.21956, 0.22631, 0.30711, 0.22465, 0.23172, 0.32004, 0.25928, 0.25858, 0.86399, 0.23565, 0.2686, 0.64969, 0.2469, 0.21095, 0.28202, 0.2497, 0.3998, 0.27553, 0.8452, 0.98939, 0.22087, 0.2249, 0.43117, 0.2076, 0.25711, 0.30114, 0.20698, 0.27697, 0.27209, 0.85852, 0.22656, 0.24177, 0.26836, 0.28159, 0.69885, 0.24869, 0.21635, 0.32756, 0.23588, 0.20294, 0.23131, 0.28167, 0.22474, 0.20324, 0.23295, 0.1905, 0.242, 0.25924, 0.22874, 0.21543, 0.27236, 0.23328, 0.35037, 0.26093, 0.20918, 0.31645, 0.22666, 0.24201, 0.24548, 0.20574, 0.2741, 0.31361, 0.24912, 0.2901, 0.74612, 0.22412, 0.29241, 0.24052, 0.19855, 0.25215, 0.24519, 0.25062, 0.29924, 0.22407, 0.26027, 0.27467, 0.24971, 0.85664, 0.25449, 0.25183, 0.26203, 0.28363, 0.25629, 0.20474, 0.23987, 0.27541, 0.23933, 0.23565, 0.24687, 0.29107, 0.23282, 0.27872, 0.21809, 0.30978, 0.35135, 0.2652, 0.25322, 0.94861, 0.31417, 0.20035, 0.22171, 0.26424, 0.30709, 0.28394, 0.18453, 0.2105, 0.28491, 0.2363, 0.201, 0.34008, 0.34292, 0.33249, 0.24503, 0.22728, 0.32978, 0.22138, 0.22649, 0.27439, 0.27082, 0.25873, 0.2537, 0.29422, 0.37842, 0.27565, 0.21028, 0.26619, 0.22941, 0.30118, 0.23688, 0.25265, 0.32465, 0.22144, 0.26079, 0.21022, 0.3122, 0.20989, 0.32245, 0.23902, 0.25664, 0.42037, 0.26853, 0.26762, 0.25381, 0.24437, 0.2518, 0.27973, 0.25317, 0.24397, 0.22869, 0.18852, 0.24103, 0.25398,