{"model": "google/muril-base-cased", "dataset": "hatexplain", "train_config": "hardneg", "seed": 123, "thr_cal": 0.18141691982746116, "metrics_05": {"macro": 0.7224526426441458, "toxf1": 0.7431761786600496, "prec": 0.8569384835479256, "rec": 0.656078860898138, "prauc": 0.8833496320384026, "ece": 0.1544522419224183, "covert": 0.8579040852575488}, "metrics_cal": {"macro": 0.7351948923890425, "toxf1": 0.7886855241264559, "prec": 0.798876404494382, "rec": 0.778751369112815, "prauc": 0.8833496320384026, "ece": 0.1544522419224183, "covert": 0.8885218827415359}, "probs": [0.06873, 0.04743, 0.03303, 0.06271, 0.03053, 0.74946, 0.97537, 0.11019, 0.11929, 0.04743, 0.05925, 0.09785, 0.06199, 0.08697, 0.32911, 0.04545, 0.11305, 0.03598, 0.97116, 0.0895, 0.02846, 0.09202, 0.05727, 0.07268, 0.36644, 0.94758, 0.95712, 0.08823, 0.05601, 0.59177, 0.93224, 0.09464, 0.9182, 0.95046, 0.97091, 0.02575, 0.12619, 0.07412, 0.87666, 0.06526, 0.96078, 0.19037, 0.54923, 0.14196, 0.08814, 0.0901, 0.04627, 0.80797, 0.97539, 0.72653, 0.05369, 0.11265, 0.97009, 0.54038, 0.07304, 0.9781, 0.31639, 0.05248, 0.59582, 0.08413, 0.05002, 0.96502, 0.96912, 0.70422, 0.9781, 0.19819, 0.9683, 0.26731, 0.54982, 0.74272, 0.15403, 0.919, 0.66266, 0.48508, 0.03171, 0.06692, 0.95941, 0.92577, 0.57211, 0.86763, 0.94892, 0.73739, 0.7613, 0.11766, 0.08492, 0.6926, 0.9757, 0.08017, 0.30133, 0.80952, 0.03583, 0.97087, 0.29223, 0.15581, 0.96246, 0.03745, 0.55578, 0.81015, 0.12023, 0.97728, 0.04304, 0.25488, 0.97981, 0.08003, 0.05447, 0.88894, 0.21559, 0.51933, 0.97683, 0.12406, 0.03195, 0.03937, 0.05958, 0.10589, 0.21396, 0.55744, 0.4675, 0.15328, 0.73394, 0.83584, 0.91836, 0.09867, 0.05129, 0.97138, 0.0752, 0.09576, 0.05125, 0.10673, 0.07391, 0.94442, 0.08142, 0.93528, 0.06877, 0.54833, 0.30997, 0.18933, 0.14633, 0.95313, 0.92208, 0.10336, 0.11976, 0.97734, 0.89972, 0.96787, 0.54624, 0.14382, 0.96873, 0.25275, 0.4746, 0.35311, 0.42699, 0.24535, 0.89725, 0.07595, 0.73059, 0.72595, 0.94611, 0.69215, 0.04188, 0.54205, 0.21156, 0.95129, 0.44673, 0.85071, 0.56159, 0.63317, 0.83232, 0.07787, 0.94459, 0.32906, 0.12276, 0.46933, 0.06286, 0.40645, 0.9514, 0.54047, 0.07947, 0.18091, 0.96012, 0.09704, 0.96817, 0.07795, 0.05588, 0.08236, 0.96975, 0.3492, 0.97513, 0.16222, 0.08974, 0.97746, 0.08034, 0.90804, 0.954, 0.9615, 0.29514, 0.80022, 0.5104, 0.85404, 0.96649, 0.05718, 0.97433, 0.06942, 0.05863, 0.06026, 0.89858, 0.20268, 0.31061, 0.13906, 0.81369, 0.08247, 0.0541, 0.03806, 0.74402, 0.84006, 0.08078, 0.08434, 0.02915, 0.03233, 0.95999, 0.32623, 0.83684, 0.11582, 0.70183, 0.97801, 0.02627, 0.94173, 0.78363, 0.32658, 0.54417, 0.83077, 0.95481, 0.83126, 0.60173, 0.82944, 0.97062, 0.14915, 0.95737, 0.47932, 0.96907, 0.21825, 0.06275, 0.21067, 0.12484, 0.81907, 0.95939, 0.22599, 0.11452, 0.03896, 0.0452, 0.08938, 0.30389, 0.97629, 0.48419, 0.89505, 0.07214, 0.925, 0.96641, 0.05638, 0.05897, 0.95391, 0.161, 0.97526, 0.75753, 0.90438, 0.73114, 0.15457, 0.94539, 0.02974, 0.0675, 0.15275, 0.12362, 0.48879, 0.05134, 0.95284, 0.07516, 0.15065, 0.96142, 0.94498, 0.96244, 0.96894, 0.98168, 0.97817, 0.95614, 0.96893, 0.91522, 0.74291, 0.26902, 0.49171, 0.02787, 0.22658, 0.07099, 0.0623, 0.04922, 0.13058, 0.97448, 0.06539, 0.80291, 0.03371, 0.77669, 0.05865, 0.12236, 0.05467, 0.20532, 0.98102, 0.94427, 0.07022, 0.97102, 0.95608, 0.04047, 0.03615, 0.88026, 0.20056, 0.96553, 0.29396, 0.2059, 0.51753, 0.9407, 0.03785, 0.95387, 0.97912, 0.4742, 0.05008, 0.82502, 0.936, 0.04164, 0.9712, 0.14096, 0.04743, 0.78659, 0.9252, 0.94779, 0.97206, 0.61453, 0.90532, 0.92508, 0.30016, 0.40511, 0.98007, 0.94705, 0.02773, 0.12852, 0.95666, 0.30224, 0.08309, 0.05893, 0.72022, 0.03906, 0.03191, 0.09992, 0.45465, 0.06548, 0.91264, 0.24927, 0.96103, 0.13563, 0.97851, 0.03695, 0.38618, 0.60821, 0.71363, 0.04694, 0.70323, 0.97729, 0.02961, 0.97572, 0.07093, 0.98018, 0.98092, 0.03277, 0.07835, 0.07947, 0.40828, 0.71011, 0.96505, 0.49088, 0.22759, 0.10928, 0.8154, 0.95732, 0.9771, 0.83025, 0.56311, 0.18094, 0.97033, 0.12081, 0.09448, 0.04241, 0.03649, 0.92338, 0.93883, 0.94318, 0.06781, 0.21341, 0.55944, 0.96134, 0.95484, 0.13601, 0.86174, 0.73509, 0.0744, 0.91455, 0.04762, 0.46267, 0.50343, 0.07671, 0.25806, 0.3398, 0.93832, 0.13238, 0.02613, 0.93728, 0.19976, 0.12844, 0.03782, 0.09027, 0.95828, 0.05394, 0.10051, 0.97602, 0.08488, 0.73618, 0.596, 0.33682, 0.61395, 0.09329, 0.06715, 0.68732, 0.55567, 0.93083, 0.28288, 0.04102, 0.0364, 0.10001, 0.07754, 0.89551, 0.97518, 0.92002, 0.80501, 0.7499, 0.0434, 0.9695, 0.30776, 0.23481, 0.19461, 0.35203, 0.9606, 0.94176, 0.14551, 0.07233, 0.70116, 0.15145, 0.13773, 0.06665, 0.79693, 0.55193, 0.07487, 0.16388, 0.67476, 0.96424, 0.14871, 0.06806, 0.91372, 0.53057, 0.50125, 0.05826, 0.10692, 0.51952, 0.28624, 0.97689, 0.06049, 0.04605, 0.76956, 0.60119, 0.10698, 0.96356, 0.09315, 0.66057, 0.08736, 0.88821, 0.23504, 0.634, 0.45525, 0.04759, 0.92782, 0.06876, 0.09628, 0.15496, 0.93691, 0.69906, 0.97242, 0.97359, 0.88608, 0.95996, 0.10508, 0.14045, 0.04605, 0.04145, 0.12145, 0.84115, 0.81847, 0.9401, 0.0423, 0.07672, 0.03397, 0.96917, 0.97742, 0.6605, 0.09174, 0.09583, 0.95625, 0.13565, 0.03398, 0.96947, 0.03285, 0.07666, 0.07355, 0.97176, 0.14929, 0.95377, 0.11465, 0.04739, 0.07806, 0.96975, 0.06692, 0.95386, 0.96579, 0.95839, 0.036, 0.9748, 0.81382, 0.39904, 0.30957, 0.03163, 0.21565, 0.93892, 0.46005, 0.14574, 0.04139, 0.18764, 0.97059, 0.03945, 0.83664, 0.95578, 0.09381, 0.04541, 0.1772, 0.19212, 0.79048, 0.54941, 0.26417, 0.71815, 0.14344, 0.98222, 0.96777, 0.03879, 0.95896, 0.39452, 0.90015, 0.04862, 0.09236, 0.02871, 0.36905, 0.11094, 0.09133, 0.87932, 0.0369, 0.97686, 0.02773, 0.96775, 0.22459, 0.97109, 0.95957, 0.96142, 0.87011, 0.11855, 0.93977, 0.08187, 0.9365, 0.40772, 0.98217, 0.10049, 0.85771, 0.95837, 0.97667, 0.94783, 0.78781, 0.03893, 0.31365, 0.92157, 0.03764, 0.81549, 0.04281, 0.14544, 0.04948, 0.05614, 0.93409, 0.95919, 0.0718, 0.22448, 0.12502, 0.92666, 0.06119, 0.09514, 0.07501, 0.75952, 0.06564, 0.22513, 0.66322, 0.04941, 0.97402, 0.05721, 0.89074, 0.58557, 0.07686, 0.07115, 0.77869, 0.72976, 0.408, 0.94086, 0.93032, 0.80961, 0.35508, 0.06935, 0.85407, 0.95671, 0.11168, 0.43739, 0.9678, 0.91617, 0.35773, 0.1184, 0.59725, 0.10422, 0.85519, 0.70709, 0.96554, 0.83427, 0.93838, 0.04219, 0.03119, 0.02889, 0.06243, 0.03784, 0.08961, 0.95948, 0.98006, 0.06517, 0.03401, 0.04886, 0.89866, 0.97163, 0.8936, 0.10334, 0.77077, 0.09083, 0.08499, 0.19621, 0.09473, 0.0902, 0.96873, 0.24529, 0.74037, 0.1164, 0.93703, 0.03104, 0.14481, 0.05172, 0.04877, 0.88663, 0.48286, 0.07308, 0.53228, 0.24596, 0.96931, 0.03458, 0.32564, 0.12263, 0.06994, 0.90593, 0.82287, 0.93342, 0.96839, 0.76178, 0.97005, 0.1007, 0.038, 0.73773, 0.39351, 0.11095, 0.9747, 0.39267, 0.28976, 0.88974, 0.11123, 0.12084, 0.97397, 0.95913, 0.09849, 0.05812, 0.0526, 0.97042, 0.95932, 0.87435, 0.22568, 0.96541, 0.92961, 0.09835, 0.04716, 0.08044, 0.97851, 0.10776, 0.06383, 0.76567, 0.29069, 0.03847, 0.59527, 0.96254, 0.6064, 0.85047, 0.03845, 0.89626, 0.78893, 0.96702, 0.21428, 0.03793, 0.96587, 0.05934, 0.04115, 0.96698, 0.96891, 0.33946, 0.94906, 0.14096, 0.10868, 0.97639, 0.94752, 0.03024, 0.14195, 0.11441, 0.89567, 0.9629, 0.84748, 0.19262, 0.04048, 0.07053, 0.10895, 0.93798, 0.19854, 0.88481, 0.12035, 0.06953, 0.92093, 0.05015, 0.07407, 0.98218, 0.97138, 0.05237, 0.08211, 0.96086, 0.08488, 0.07668, 0.0486, 0.06058, 0.7594, 0.10888, 0.06361, 0.03941, 0.94152, 0.06626, 0.06018, 0.099, 0.03565, 0.04074, 0.09501, 0.92735, 0.11459, 0.93944, 0.97275, 0.03705, 0.10894, 0.95938, 0.97414, 0.86342, 0.93012, 0.19149, 0.94495, 0.8983, 0.90433, 0.03802, 0.26439, 0.61895, 0.08317, 0.42444, 0.66477, 0.03331, 0.33291, 0.04701, 0.03545, 0.06763, 0.97033, 0.71023, 0.96385, 0.96026, 0.9598, 0.10994, 0.96818, 0.96163, 0.79413, 0.06145, 0.9757, 0.0502, 0.37802, 0.08835, 0.02897, 0.34135, 0.715, 0.03165, 0.11558, 0.28277, 0.14583, 0.98282, 0.04401, 0.97123, 0.9105, 0.08401, 0.72346, 0.96758, 0.04892, 0.69142, 0.5556, 0.96552, 0.0477, 0.06674, 0.91687, 