{"model": "google/muril-base-cased", "dataset": "dravidian_malayalam", "train_config": "supcon", "seed": 7, "thr_cal": 0.1483531892299652, "metrics_05": {"macro": 0.6510727925596032, "toxf1": 0.32098765432098764, "prec": 0.38235294117647056, "rec": 0.2765957446808511, "prauc": 0.23111666036894543, "ece": 0.10841484528779985, "covert": 0.4489795918367347}, "metrics_cal": {"macro": 0.5942875689711132, "toxf1": 0.23076923076923078, "prec": 0.1651376146788991, "rec": 0.3829787234042553, "prauc": 0.23111666036894543, "ece": 0.10841484528779985, "covert": 0.37142857142857144}, "probs": [0.11125, 0.11925, 0.10964, 0.12689, 0.11573, 0.11481, 0.11905, 0.11049, 0.12177, 0.11361, 0.11634, 0.11242, 0.11069, 0.11288, 0.10646, 0.11576, 0.11919, 0.12403, 0.10771, 0.11479, 0.12458, 0.12714, 0.10887, 0.11013, 0.11118, 0.12535, 0.11853, 0.11163, 0.10857, 0.11722, 0.10846, 0.12059, 0.11089, 0.1165, 0.96301, 0.11917, 0.14163, 0.10899, 0.1199, 0.1181, 0.10928, 0.12598, 0.11076, 0.13649, 0.97922, 0.12286, 0.10944, 0.11239, 0.12049, 0.12511, 0.11416, 0.11216, 0.11269, 0.11682, 0.24317, 0.11271, 0.12624, 0.12443, 0.11285, 0.11521, 0.14028, 0.11519, 0.12449, 0.11732, 0.12112, 0.15992, 0.11347, 0.1321, 0.11517, 0.10969, 0.1134, 0.11227, 0.11735, 0.11172, 0.11455, 0.10987, 0.12222, 0.1612, 0.11371, 0.10856, 0.11368, 0.10942, 0.11851, 0.11213, 0.11856, 0.1071, 0.1122, 0.11418, 0.11229, 0.10655, 0.11334, 0.11039, 0.10937, 0.1228, 0.11682, 0.10939, 0.13424, 0.11967, 0.13637, 0.11247, 0.123, 0.12235, 0.11743, 0.11943, 0.11126, 0.14479, 0.1109, 0.11248, 0.11421, 0.11633, 0.11273, 0.1194, 0.12114, 0.11332, 0.11115, 0.11693, 0.12819, 0.10852, 0.1134, 0.11263, 0.96283, 0.20454, 0.1115, 0.37738, 0.11142, 0.11135, 0.11171, 0.1122, 0.1112, 0.11715, 0.11252, 0.12862, 0.11105, 0.11848, 0.11175, 0.11424, 0.11379, 0.11764, 0.11599, 0.12035, 0.16267, 0.11208, 0.11036, 0.11151, 0.10761, 0.11092, 0.1118, 0.11387, 0.11175, 0.10904, 0.11809, 0.11745, 0.12411, 0.12189, 0.10845, 0.12684, 0.10986, 0.60999, 0.10869, 0.1227, 0.11467, 0.13145, 0.1179, 0.11087, 0.14498, 0.11597, 0.1161, 0.11749, 0.17831, 0.11885, 0.13174, 0.11006, 0.11674, 0.11972, 0.11484, 0.12753, 0.1234, 0.11788, 0.11132, 0.12467, 0.1221, 0.11059, 0.12277, 0.15034, 0.68248, 0.11659, 0.12265, 0.11994, 0.12348, 0.10876, 0.10951, 0.1166, 0.97849, 0.16533, 0.1285, 0.13709, 0.11121, 0.11077, 0.11594, 0.11457, 0.12624, 0.11345, 0.11189, 0.12472, 0.14147, 0.11212, 0.12346, 0.11341, 0.1166, 0.11548, 0.11248, 0.11199, 0.11304, 0.11079, 0.11373, 0.11088, 0.94323, 0.11341, 0.11163, 0.1185, 0.11567, 0.11177, 0.11573, 0.11961, 0.11292, 0.11807, 0.12391, 0.11358, 0.11635, 0.1227, 0.11564, 0.10834, 0.10975, 0.12286, 0.1234, 0.14484, 0.12236, 0.11281, 0.11795, 0.13014, 0.10938, 0.11195, 0.12355, 0.11373, 0.11095, 0.11502, 0.16448, 0.13117, 0.10729, 0.11065, 0.10971, 0.1136, 0.11115, 0.11275, 0.93787, 0.11613, 0.11003, 0.11242, 0.11142, 0.12338, 0.11387, 0.11409, 0.11762, 0.16356, 0.11385, 0.10731, 0.1135, 0.12092, 0.13158, 0.10816, 0.11057, 0.12363, 0.12269, 0.12839, 0.11725, 0.13605, 0.11333, 0.10816, 0.1184, 0.10971, 0.11756, 0.11447, 0.11715, 0.1271, 0.10932, 0.12389, 0.25509, 0.11516, 0.11234, 0.11358, 0.11568, 0.13526, 0.14319, 0.11246, 0.11986, 0.12018, 0.11205, 0.11575, 0.11565, 0.10813, 0.11225, 0.11618, 0.11463, 0.11254, 0.11525, 0.11763, 0.11438, 0.11666, 0.11214, 0.87248, 0.11701, 0.11232, 0.11001, 0.11518, 0.15896, 0.11321, 0.15765, 0.11701, 0.1334, 0.10762, 0.11063, 0.1149, 0.11074, 0.12004, 0.11665, 0.11927, 0.10942, 0.11755, 0.11665, 0.11948, 0.12156, 0.12254, 0.11502, 0.10888, 0.11617, 0.11203, 0.11188, 0.11491, 0.10929, 0.11925, 0.11032, 0.12146, 0.11867, 0.22541, 0.11437, 0.11413, 0.11372, 0.11655, 0.11444, 0.12319, 0.11461, 0.11376, 0.11073, 0.10848, 0.11125, 0.11909, 0.11635, 0.12013, 0.1153, 0.16778, 0.10939, 0.11368, 0.12594, 0.20468, 0.11775, 0.10815, 0.12438, 0.11517, 0.11889, 0.14479, 0.10637, 0.11926, 0.22991, 0.11392, 0.13512, 0.12156, 0.12047, 0.11194, 0.11224, 0.11275, 0.11224, 0.10922, 0.11292, 0.11379, 0.12103, 0.11334, 0.11332, 0.10999, 0.11618, 0.13665, 0.21972, 0.11372, 0.10957, 0.10834, 0.97584, 0.11956, 0.11528, 0.12582, 0.1133, 0.11655, 0.14263, 0.10866, 0.978, 0.11157, 0.1108, 0.11975, 0.11673, 0.28496, 0.15916, 0.11662, 0.11779, 0.11546, 0.11681, 0.13758, 0.11179, 0.11334, 0.12173, 0.11325, 0.11446, 0.14468, 0.10948, 0.10899, 0.12235, 0.11425, 0.12133, 0.11216, 0.11544, 0.10951, 0.10587, 0.11905, 0.12203, 0.11669, 0.11109, 0.11112, 0.12459, 0.10953, 0.11514, 0.11242, 0.11605, 0.11983, 0.12417, 0.11185, 0.10916, 0.12043, 0.19132, 0.11681, 0.11442, 0.1114, 0.28922, 0.11835, 0.1505, 0.12105, 0.1166, 0.11207, 0.16948, 0.17757, 0.10852, 0.11517, 0.94348, 0.13998, 0.11569, 0.11638, 0.11382, 0.1122, 0.12663, 0.12055, 0.10789, 0.11641, 0.12291, 0.10803, 0.14484, 0.11701, 0.12816, 0.11328, 0.1202, 0.11921, 0.10983, 0.11562, 0.80473, 0.12627, 0.11893, 0.12576, 0.12333, 0.11578, 0.11503, 0.12282, 0.11537, 0.10979, 0.11387, 0.13161, 0.14071, 0.11177, 0.11263, 0.11195, 0.11749, 0.11429, 0.11621, 0.1167, 0.13452, 0.10729, 0.11393, 0.11735, 0.1213, 0.14614, 0.11741, 0.11518, 0.11211, 0.1126, 0.10886, 0.12402, 0.11288, 0.12179, 0.11399, 0.11755, 0.112, 0.12023, 0.11842, 0.11287, 0.11272, 0.10902, 0.11132, 0.1285, 0.1145, 0.11734, 0.1276, 0.13739, 0.11623, 0.12442, 0.11501, 0.11482, 0.23226, 0.17567, 0.11544, 0.12215, 0.1119, 0.11148, 0.12939, 0.11839, 0.12487, 0.11471, 0.12065, 0.9087, 0.11036, 0.11461, 0.12405, 0.13737, 0.37155, 0.18022, 0.14177, 0.11967, 0.10773, 0.14554, 0.113, 0.10834, 0.67963, 0.12895, 0.11211, 0.11165, 0.11491, 0.11843, 0.11348, 0.11016, 0.12442, 0.12445, 0.1099, 0.10882, 0.12264, 0.11065, 0.13143, 0.10957, 0.11085, 0.12205, 0.1158, 0.10974, 0.11643, 0.1134, 0.12306, 0.11973, 0.10577, 0.11093, 0.11088, 0.11147, 0.12122, 0.16501, 0.11994, 0.13287, 0.11441, 0.11025, 0.11582, 0.13381, 0.11287, 0.11529, 0.12319, 0.10815, 0.11878, 0.1145, 0.11484, 0.11012, 0.11222, 0.11409, 0.11591, 0.11315, 0.15452, 0.11946, 0.11103, 0.96834, 0.44365, 0.97417, 0.11205, 0.11082, 0.11556, 0.12095, 0.11694, 0.11085, 0.11465, 0.12037, 0.12076, 0.11066, 0.11483, 0.11483, 0.11118, 0.11009, 0.11528, 0.11443, 0.11693, 0.11527, 0.11566, 0.11132, 0.12773, 0.11719, 0.10829, 0.1304, 0.11259, 0.11482, 0.10925, 0.13768, 0.11478, 0.11385, 0.12958, 0.1108, 0.11104, 0.1133, 0.12572, 0.11387, 0.11848, 0.11277, 0.10932, 0.14288, 0.12915, 0.11842, 0.11157, 0.12945, 0.11647, 0.93072, 0.13429, 0.11451, 0.39449, 0.1076, 0.11815, 0.12047, 0.10969, 0.10761, 0.11517, 0.12021, 0.1116, 0.11119, 0.11358, 0.11565, 0.11039, 0.11153, 0.12071, 0.11801, 0.11335, 0.11786, 0.12235, 0.97854, 0.1162, 0.11407, 0.11712, 0.11224, 0.11524, 0.12397, 0.11391, 0.14952, 0.11617, 0.1181, 0.31665, 0.12644, 0.11472, 0.14774, 0.11677, 0.11165, 0.18891, 0.11985, 0.11601, 0.14246, 0.11909, 0.11069, 0.12064, 0.14193, 0.92006, 0.11933, 0.11616, 0.12875, 0.11309, 0.1103, 0.15023, 0.10595, 0.10972, 0.1084, 0.1551, 0.12114, 0.10909, 0.12346, 0.1135, 0.1252, 0.1165, 0.13531, 0.11879, 0.1124, 0.11696, 0.113, 0.12224, 0.1107, 0.11871, 0.12941, 0.11216, 0.11195, 0.10936, 0.10854, 0.11778, 0.10973, 0.11151, 0.16746, 0.1104, 0.11277, 0.11403, 0.11784, 0.11787, 0.11129, 0.11409, 0.11486, 0.12125, 0.11244, 0.11237, 0.12208, 0.11963, 0.11746, 0.11161, 0.11433, 0.12266, 0.11119, 0.11646, 0.11085, 0.11598, 0.12196, 0.11034, 0.11123, 0.47892, 0.10957, 0.11424, 0.1164, 0.11309, 0.11451, 0.11517, 0.12573, 0.11376, 0.11523, 0.11677, 0.115, 0.10982, 0.11215, 0.11403, 0.11394, 0.11892, 0.1429, 0.1095, 0.12394, 0.33228, 0.11135, 0.12045, 0.11074, 0.11501, 0.915, 0.11153, 0.11285, 0.11712, 0.11373, 0.11574, 0.11128, 0.11171, 0.11398, 0.18614, 0.16718, 0.12504, 0.11498, 0.11417, 0.12028, 0.13143, 0.14317, 0.11285, 0.1123, 0.11054, 0.12437, 0.11148, 0.10949, 0.1073, 0.11287, 0.11746, 0.11212, 0.11218, 0.10893, 0.12526, 0.1154, 0.11132, 0.12821, 0.11338, 0.11287, 0.12091, 0.1127, 0.11628, 0.10907, 0.128, 0.10894, 0.11708, 0.1126, 0.1126, 0.10989, 0.13982, 0.11261, 0.12022, 0.1142, 0.10993, 0.10722, 