{"model": "google/muril-base-cased", "dataset": "dravidian_kannada", "train_config": "supcon", "seed": 2024, "thr_cal": 0.728458896279335, "metrics_05": {"macro": 0.7709240412482308, "toxf1": 0.6864864864864865, "prec": 0.6047619047619047, "rec": 0.79375, "prauc": 0.738205547289758, "ece": 0.10635503792162643, "covert": 0.8670520231213873}, "metrics_cal": {"macro": 0.7756238444792088, "toxf1": 0.6749226006191951, "prec": 0.6687116564417178, "rec": 0.68125, "prauc": 0.738205547289758, "ece": 0.10635503792162643, "covert": 0.8484848484848485}, "probs": [0.09147, 0.52594, 0.839, 0.04848, 0.07797, 0.47291, 0.29341, 0.07218, 0.06315, 0.02587, 0.06532, 0.11153, 0.02782, 0.28355, 0.93382, 0.02549, 0.28928, 0.88362, 0.05061, 0.83053, 0.06601, 0.11361, 0.89676, 0.3592, 0.98854, 0.24213, 0.9827, 0.52109, 0.80769, 0.62386, 0.98837, 0.76108, 0.25642, 0.06861, 0.93957, 0.05302, 0.21913, 0.03731, 0.91914, 0.0314, 0.24707, 0.01929, 0.97715, 0.09255, 0.12125, 0.09358, 0.04223, 0.04969, 0.04196, 0.24115, 0.95636, 0.16721, 0.02808, 0.8811, 0.68323, 0.9513, 0.01836, 0.26843, 0.26685, 0.85103, 0.09045, 0.24544, 0.23428, 0.43957, 0.03305, 0.10341, 0.02268, 0.03807, 0.94509, 0.98455, 0.25664, 0.03039, 0.11407, 0.29234, 0.19963, 0.56249, 0.18755, 0.21946, 0.60886, 0.97064, 0.08432, 0.95421, 0.17725, 0.49438, 0.5256, 0.02249, 0.96285, 0.01774, 0.95206, 0.02887, 0.02595, 0.11926, 0.04695, 0.11715, 0.02404, 0.06395, 0.05668, 0.03824, 0.05016, 0.0436, 0.01724, 0.76428, 0.07804, 0.9706, 0.40526, 0.17661, 0.93118, 0.04638, 0.02448, 0.15555, 0.73905, 0.18287, 0.03027, 0.04586, 0.05083, 0.02666, 0.25642, 0.02624, 0.93206, 0.9775, 0.09535, 0.04547, 0.87993, 0.24742, 0.18526, 0.0436, 0.04223, 0.89499, 0.0266, 0.63767, 0.96565, 0.04664, 0.04515, 0.75031, 0.9753, 0.338, 0.02028, 0.98473, 0.03743, 0.62223, 0.01975, 0.08125, 0.65485, 0.89963, 0.96177, 0.5108, 0.77325, 0.9567, 0.91321, 0.28831, 0.01756, 0.05448, 0.73266, 0.72322, 0.04961, 0.86896, 0.04259, 0.61257, 0.43887, 0.94354, 0.55282, 0.24316, 0.01954, 0.43105, 0.04996, 0.03736, 0.09428, 0.0328, 0.04083, 0.72197, 0.04967, 0.97659, 0.31484, 0.12255, 0.97917, 0.02004, 0.04223, 0.24166, 0.02896, 0.91275, 0.04832, 0.06082, 0.04223, 0.94129, 0.72201, 0.17425, 0.96455, 0.03012, 0.09222, 0.04368, 0.92476, 0.98079, 0.09999, 0.04223, 0.72487, 0.98376, 0.03376, 0.22176, 0.89916, 0.09296, 0.18695, 0.04582, 0.08689, 0.27367, 0.14214, 0.31279, 0.97669, 0.09164, 0.97732, 0.04073, 0.97073, 0.9627, 0.11335, 0.04998, 0.05404, 0.03855, 0.92909, 0.05597, 0.02875, 0.02741, 0.02685, 0.11392, 0.02087, 0.30938, 0.85896, 0.50735, 0.0411, 0.26461, 0.03758, 0.4476, 0.03275, 0.1073, 0.05868, 0.68698, 0.20892, 0.819, 0.98824, 0.03364, 0.0414, 0.01621, 0.07362, 0.04223, 0.05644, 0.98662, 0.97916, 0.04782, 0.03987, 0.2431, 0.69067, 0.72416, 0.13331, 0.02818, 0.12816, 0.54129, 0.03835, 0.02701, 0.74799, 0.81229, 0.83635, 0.17918, 0.90202, 0.40526, 0.24385, 0.52867, 0.0236, 0.0197, 0.04223, 0.02057, 0.03235, 0.04219, 0.04312, 0.04612, 0.74248, 0.74313, 0.06751, 0.17834, 0.92539, 0.02819, 0.98094, 0.97918, 0.03214, 0.97185, 0.98279, 0.16636, 0.30279, 0.74672, 0.09241, 0.82046, 0.03173, 0.05847, 0.95075, 0.02339, 0.05101, 0.53077, 0.05102, 0.04223, 0.85857, 0.7313, 0.21439, 0.11147, 0.03398, 0.05342, 0.06123, 0.95364, 0.05577, 0.02342, 0.03701, 0.04223, 0.04639, 0.02781, 0.09484, 0.06756, 0.02649, 0.04535, 0.95494, 0.7032, 0.05938, 0.63002, 0.92482, 0.49939, 0.39853, 0.90284, 0.03678, 0.07615, 0.97162, 0.03253, 0.93478, 0.07461, 0.92283, 0.96654, 0.03963, 0.23687, 0.07112, 0.12007, 0.04682, 0.08071, 0.02946, 0.09998, 0.0338, 0.0245, 0.0829, 0.14146, 0.45244, 0.31903, 0.2249, 0.11682, 0.98195, 0.97169, 0.04223, 0.13074, 0.05493, 0.07963, 0.77883, 0.95886, 0.28357, 0.60444, 0.95568, 0.83816, 0.02816, 0.02656, 0.78698, 0.05527, 0.63729, 0.77771, 0.07493, 0.04202, 0.9326, 0.01728, 0.0205, 0.90524, 0.98858, 0.02657, 0.03038, 0.04223, 0.03845, 0.10903, 0.02781, 0.97588, 0.98359, 0.07409, 0.88443, 0.03999, 0.15558, 0.54229, 0.69488, 0.67068, 0.02251, 0.04758, 0.21324, 0.92238, 0.12493, 0.15293, 0.06804, 0.01997, 0.06694, 0.02537, 0.43301, 0.15012, 0.08425, 0.97671, 0.13858, 0.55137, 0.8872, 0.55311, 0.03829, 0.1605, 0.35399, 0.9894, 0.02414, 0.0832, 0.10563, 0.04226, 0.54944, 0.03707, 0.37815, 0.95012, 0.02326, 0.05018, 0.03261, 0.03849, 0.06017, 0.77119, 0.9762, 0.02606, 0.69699, 0.96395, 0.61298, 0.9714, 0.98746, 0.0253, 0.03149, 0.15643, 0.04554, 0.95883, 0.18455, 0.96447, 0.94942, 0.03768, 0.92739, 0.02971, 0.19587, 0.80865, 0.03295, 0.04843, 0.98584, 0.98312, 0.02608, 0.98218, 0.56547, 0.07539, 0.30215, 0.03966, 0.03841, 0.04259, 0.56825, 0.22883, 0.95385, 0.02318, 0.03402, 0.0704, 0.05597, 0.03382, 0.06723, 0.02995, 0.24433, 0.06495, 0.03555, 0.96152, 0.29961, 0.83378, 0.45708, 0.09153, 0.88161, 0.04085, 0.87782, 0.01948, 0.24224, 0.716, 0.49531, 0.04196, 0.97786, 0.9265, 0.02411, 0.02373, 0.95715, 0.22009, 0.96779, 0.77375, 0.07669, 0.06976, 0.03484, 0.04525, 0.88932, 0.96998, 0.03547, 0.92378, 0.95117, 0.19437, 0.97552, 0.35385, 0.03173, 0.04548, 0.08161, 0.03209, 0.04852, 0.95322, 0.03976, 0.05756, 0.06159, 0.88964, 0.0318, 0.98083, 0.04251, 0.02588, 0.04898, 0.92621, 0.48844, 0.93466, 0.04925, 0.9088, 0.03914, 0.95039, 0.90429, 0.03389, 0.58575, 0.96379, 0.04223, 0.3666, 0.15231, 0.08619, 0.63934, 0.92736, 0.88215, 0.04508, 0.76799, 0.04223, 0.9188, 0.20568, 0.22394, 0.89016, 0.85282, 0.61402, 0.1116, 0.97164, 0.05143, 0.31772, 0.38881, 0.90791, 0.84173, 0.65609, 0.98445, 0.03277, 0.05167, 0.04681, 0.01619, 0.98626, 0.02799, 0.58404, 0.87234, 0.10891, 0.01905, 0.03874, 0.05831, 0.92817, 0.9136, 0.57429, 0.41327, 0.03719, 0.75305, 0.49662, 0.97731, 0.95893, 0.69675, 0.93374, 0.05461, 0.04116, 0.23924, 0.21468, 0.02332, 0.47424, 0.8244, 0.02031, 0.69485, 0.94742, 0.02066, 0.84803], "labels": [0, 0, 0, 0, 0, 0, 0, 0, 0, 0, 0, 0, 0, 0, 1, 0, 0, 1, 0, 0, 0, 0, 0, 1, 1, 1, 1, 1, 1, 0, 1, 0, 1, 1, 1, 0, 1, 0, 0, 1, 0, 0, 1, 0, 0, 0, 0, 0, 0, 1, 0, 0, 0, 1, 0, 0, 0, 0, 1, 0, 0, 0, 0, 1, 0, 0, 0, 0, 1, 1, 1, 0, 0, 0, 0, 1, 0, 0, 0, 1, 0, 1, 1, 0, 0, 0, 1, 0, 1, 0, 0, 0, 0, 0, 0, 0, 0, 1, 0, 0, 0, 1, 0, 1, 0, 0, 1, 0, 0, 0, 0, 0, 0, 0, 0, 0, 0, 0, 1, 0, 0, 0, 1, 1, 0, 0, 0, 0, 0, 0, 0, 0, 0, 1, 1, 0, 0, 1, 0, 0, 0, 0, 1, 1, 1, 0, 0, 0, 1, 0, 0, 0, 0, 0, 0, 1, 0, 0, 0, 1, 1, 1, 0, 1, 0, 0, 0, 0, 0, 0, 0, 1, 0, 0, 1, 0, 0, 0, 0, 0, 0, 0, 0, 0, 1, 0, 0, 0, 0, 0, 0, 1, 0, 1, 0, 1, 1, 0, 0, 0, 0, 0, 0, 0, 1, 1, 0, 0, 1, 0, 1, 0, 1, 0, 0, 0, 1, 0, 0, 0, 1, 0, 0, 0, 1, 0, 0, 0, 0, 0, 0, 0, 0, 0, 0, 1, 1, 0, 0, 0, 0, 0, 0, 1, 1, 0, 0, 0, 0, 0, 0, 0, 0, 1, 0, 0, 0, 0, 1, 0, 1, 0, 0, 0, 0, 0, 0, 0, 0, 0, 0, 0, 0, 1, 0, 0, 0, 0, 1, 1, 0, 1, 1, 0, 0, 1, 0, 1, 0, 0, 1, 0, 0, 1, 0, 0, 0, 1, 0, 0, 0, 0, 0, 0, 0, 0, 0, 1, 0, 0, 0, 0, 0, 0, 1, 1, 0, 0, 0, 0, 1, 1, 0, 0, 1, 0, 1, 0, 1, 1, 0, 0, 0, 0, 0, 0, 0, 1, 0, 0, 0, 0, 0, 0, 0, 0, 1, 0, 0, 0, 0, 0, 1, 0, 0, 1, 0, 1, 0, 0, 1, 0, 0, 0, 0, 0, 1, 0, 0, 1, 1, 0, 0, 0, 0, 0, 0, 1, 1, 0, 1, 0, 0, 1, 1, 1, 0, 0, 1, 1, 0, 0, 0, 0, 0, 0, 0, 0, 0, 1, 1, 1, 0, 1, 0, 0, 0, 1, 0, 0, 0, 0, 0, 0, 0, 0, 0, 1, 0, 1, 0, 0, 1, 0, 0, 0, 1, 1, 1, 0, 0, 0, 0, 0, 0, 1, 1, 0, 1, 0, 0, 0, 0, 0, 1, 1, 0, 1, 0, 1, 0, 0, 0, 0, 0, 0, 0, 0, 0, 0, 0, 0, 0, 0, 0, 0, 0, 1, 0, 1, 0, 0, 1, 1, 1, 0, 0, 1, 0, 0, 1, 1, 0, 0, 1, 0, 1, 1, 0, 0, 0, 0, 1, 1, 0, 1, 0, 0, 1, 0, 0, 0, 0, 0, 0, 0, 0, 0, 0, 1, 0, 1, 0, 0, 0, 1, 0, 1, 0, 0, 0, 1, 0, 0, 0, 0, 0, 0, 0, 0, 0, 0, 0, 0, 1, 0, 0, 1, 1, 1, 0, 0, 0, 1, 0, 0, 0, 1, 0, 1, 1, 0, 0, 0, 0, 1, 0, 0, 0, 0, 0, 0, 0, 1, 1, 1, 1, 0, 0, 0, 1, 1, 0, 0, 0, 0, 0, 0, 0, 0, 0, 0, 0, 1, 0, 1], "n": {"train": 3400, "val": 600, "test": 586, "toxic_frac": 0.23911764705882352}}