{"model": "google/muril-base-cased", "dataset": "hatexplain", "train_config": "hardneg", "seed": 99, "thr_cal": 0.3351044952869414, "metrics_05": {"macro": 0.7345487611334203, "toxf1": 0.7971952535059331, "prec": 0.7853347502656748, "rec": 0.8094194961664841, "prauc": 0.8914541352050561, "ece": 0.10677269033590951, "covert": 0.8985507246376812}, "metrics_cal": {"macro": 0.7358782669517132, "toxf1": 0.8145865434001027, "prec": 0.7669245647969052, "rec": 0.8685651697699891, "prauc": 0.8914541352050561, "ece": 0.10677269033590951, "covert": 0.9064976228209192}, "probs": [0.12094, 0.13241, 0.16352, 0.91838, 0.11402, 0.91741, 0.96794, 0.1184, 0.24948, 0.06199, 0.14643, 0.13524, 0.12244, 0.10854, 0.23331, 0.06886, 0.13704, 0.16746, 0.96908, 0.13115, 0.07978, 0.877, 0.0528, 0.37684, 0.8123, 0.89642, 0.95578, 0.33543, 0.06311, 0.30559, 0.897, 0.14842, 0.91333, 0.90908, 0.9665, 0.05579, 0.15213, 0.31317, 0.85038, 0.13106, 0.96351, 0.83057, 0.86099, 0.2598, 0.37245, 0.10738, 0.10439, 0.9496, 0.95712, 0.9145, 0.09863, 0.49053, 0.96897, 0.62971, 0.20887, 0.96315, 0.79683, 0.23639, 0.76352, 0.73381, 0.11383, 0.95909, 0.96335, 0.70345, 0.9635, 0.35079, 0.96582, 0.90605, 0.59791, 0.92348, 0.24339, 0.95802, 0.82374, 0.96546, 0.06936, 0.39321, 0.95219, 0.94712, 0.82442, 0.9587, 0.94417, 0.23888, 0.92723, 0.14998, 0.47333, 0.94703, 0.97055, 0.18579, 0.45454, 0.95883, 0.0716, 0.96709, 0.91768, 0.77771, 0.96945, 0.12725, 0.83812, 0.90106, 0.28785, 0.97091, 0.10145, 0.91792, 0.9703, 0.85655, 0.09209, 0.83581, 0.94992, 0.64451, 0.96811, 0.19853, 0.05397, 0.08851, 0.27058, 0.45347, 0.21307, 0.59087, 0.70822, 0.95051, 0.87847, 0.9487, 0.85576, 0.18046, 0.11488, 0.95256, 0.58838, 0.10723, 0.27232, 0.8743, 0.31157, 0.95332, 0.17556, 0.95404, 0.13919, 0.89935, 0.84481, 0.20715, 0.25397, 0.96448, 0.95451, 0.27029, 0.38307, 0.96655, 0.9413, 0.97203, 0.95229, 0.17685, 0.9664, 0.62466, 0.58884, 0.82237, 0.93638, 0.30612, 0.95264, 0.18969, 0.96304, 0.96213, 0.92315, 0.86367, 0.14, 0.92853, 0.89781, 0.93951, 0.92217, 0.92819, 0.39295, 0.69107, 0.94043, 0.10384, 0.9402, 0.93386, 0.23415, 0.37221, 0.16509, 0.36766, 0.95824, 0.83347, 0.2226, 0.39838, 0.96423, 0.42208, 0.9654, 0.25694, 0.15868, 0.1682, 0.97213, 0.40051, 0.95755, 0.59773, 0.92078, 0.97066, 0.68595, 0.95913, 0.94678, 0.96516, 0.90482, 0.94799, 0.9245, 0.95756, 0.95893, 0.55001, 0.96182, 0.10861, 0.51019, 0.08556, 0.79985, 0.78922, 0.59919, 0.45676, 0.90305, 0.34126, 0.08928, 0.06417, 0.62928, 0.96366, 0.94372, 0.12028, 0.05668, 0.12133, 0.95412, 0.50498, 0.69905, 0.15088, 0.80418, 0.97272, 0.08995, 0.96702, 0.8805, 0.35625, 0.93095, 0.96779, 0.95358, 0.93289, 0.62157, 0.94964, 0.96483, 0.37939, 0.95414, 0.61973, 0.96828, 0.38185, 0.46182, 0.87723, 0.75746, 0.90815, 0.96205, 0.80326, 0.21742, 0.06112, 0.08733, 0.20853, 0.84502, 0.96258, 0.73227, 0.94518, 0.12068, 0.94804, 0.95816, 0.10571, 0.096, 0.95697, 0.55525, 0.96224, 0.5771, 0.91866, 0.8431, 0.26088, 0.95892, 0.05408, 0.09876, 0.20159, 0.77363, 0.43361, 0.08361, 0.93041, 0.10167, 0.19053, 0.96622, 0.96738, 0.95026, 0.96342, 0.96856, 0.96982, 0.96162, 0.95425, 0.95655, 0.9501, 0.59773, 0.53403, 0.04814, 0.39288, 0.09878, 0.0958, 0.09372, 0.15384, 0.96486, 0.53337, 0.91054, 0.07242, 0.92885, 0.09299, 0.93767, 0.13934, 0.2641, 0.96671, 0.95433, 0.30485, 0.95726, 0.91168, 0.10698, 0.10786, 0.9514, 0.25914, 0.9644, 0.90004, 0.75962, 0.59267, 0.96916, 0.07195, 0.9439, 0.96715, 0.89772, 0.08849, 0.88048, 0.95971, 0.37498, 0.94393, 0.37926, 0.36565, 0.91487, 0.95621, 0.96199, 0.96801, 0.92069, 0.94414, 0.96625, 0.50685, 0.94897, 0.97328, 0.97059, 0.06735, 0.8548, 0.95967, 0.87986, 0.88416, 0.14391, 0.9399, 0.05875, 0.18746, 0.43687, 0.91371, 0.12359, 0.91835, 0.60524, 0.96119, 0.3072, 0.9631, 0.13354, 0.92352, 0.91034, 0.95719, 0.1166, 0.91423, 0.97065, 0.02791, 0.97276, 0.25095, 0.97206, 0.9705, 0.61307, 0.25986, 0.12606, 0.90476, 0.94359, 0.96763, 0.92604, 0.88352, 0.10807, 0.90407, 0.95572, 0.96702, 0.96317, 0.93666, 0.11473, 0.97145, 0.72361, 0.14227, 0.09182, 0.05731, 0.88225, 0.94711, 0.93921, 0.38337, 0.19521, 0.82319, 0.96129, 0.95565, 0.20494, 0.92063, 0.91396, 0.28115, 0.95621, 0.36301, 0.92078, 0.68045, 0.73803, 0.94154, 0.8949, 0.88721, 0.1583, 0.0576, 0.85508, 0.16214, 0.22592, 0.10882, 0.18949, 0.92819, 0.0982, 0.96456, 0.9656, 0.28126, 0.7669, 0.87766, 0.76959, 0.91396, 0.24073, 0.16063, 0.89302, 0.84058, 0.89185, 0.36175, 0.054, 0.07752, 0.24371, 0.13137, 0.87033, 0.96758, 0.94334, 0.94255, 0.68143, 0.16085, 0.96101, 0.27658, 0.73423, 0.2299, 0.50731, 0.96934, 0.95462, 0.6988, 0.1849, 0.93683, 0.57859, 0.1563, 0.11087, 0.95054, 0.89033, 0.1142, 0.48314, 0.63667, 0.96532, 0.24874, 0.2274, 0.85677, 0.9572, 0.94506, 0.10832, 0.65029, 0.93088, 0.9251, 0.97004, 0.08499, 0.07172, 0.33929, 0.73532, 0.11938, 0.96742, 0.16369, 0.87183, 0.5449, 0.95918, 0.57184, 0.91556, 0.92909, 0.08322, 0.95578, 0.14906, 0.7843, 0.16623, 0.927, 0.95143, 0.96347, 0.97048, 0.96936, 0.9658, 0.39448, 0.77335, 0.07032, 0.11535, 0.59198, 0.94612, 0.95841, 0.96701, 0.15816, 0.09011, 0.06972, 0.94999, 0.97321, 0.92996, 0.17855, 0.15204, 0.93851, 0.23531, 0.10294, 0.94728, 0.0834, 0.12683, 0.36154, 0.9564, 0.16346, 0.89883, 0.13751, 0.32518, 0.86647, 0.96697, 0.35315, 0.91317, 0.94923, 0.96044, 0.07562, 0.96168, 0.92165, 0.81318, 0.38689, 0.07366, 0.35109, 0.96164, 0.87496, 0.67993, 0.0606, 0.3925, 0.97135, 0.19221, 0.68914, 0.96237, 0.11245, 0.34425, 0.28174, 0.1488, 0.9042, 0.88831, 0.75005, 0.86695, 0.33618, 0.969, 0.9632, 0.4363, 0.92281, 0.90418, 0.90639, 0.94734, 0.74706, 0.07716, 0.71103, 0.42378, 0.50024, 0.93024, 0.05564, 0.95793, 0.04613, 0.95646, 0.77175, 0.97323, 0.96957, 0.83867, 0.93492, 0.8549, 0.94731, 0.74265, 0.93665, 0.58858, 0.97075, 0.24443, 0.6845, 0.93635, 0.96374, 0.91639, 0.82683, 0.10889, 0.34691, 0.9686, 0.06174, 0.96223, 0.06643, 0.67149, 0.09781, 0.07921, 0.95173, 0.95234, 0.16133, 0.47961, 0.89536, 0.93714, 0.68988, 0.25276, 0.42473, 0.90705, 0.16415, 0.30599, 0.83133, 0.89275, 0.97029, 0.15996, 0.9482, 0.61432, 0.4604, 0.09018, 0.93746, 0.94813, 0.92078, 0.94771, 0.9535, 0.92821, 0.79478, 0.11772, 0.96576, 0.92136, 0.63485, 0.4669, 0.96284, 0.90937, 0.86895, 0.38924, 0.70356, 0.20911, 0.94621, 0.91278, 0.93497, 0.92556, 0.95542, 0.07483, 0.07172, 0.04866, 0.21926, 0.42026, 0.91784, 0.96778, 0.96948, 0.57161, 0.0609, 0.12368, 0.96503, 0.96465, 0.94108, 0.75108, 0.91306, 0.1672, 0.94831, 0.94083, 0.46975, 0.30098, 0.96922, 0.71719, 0.93831, 0.14584, 0.93433, 0.0614, 0.15405, 0.90767, 0.11595, 0.95045, 0.68513, 0.11096, 0.83821, 0.43748, 0.94605, 0.1434, 0.88418, 0.47989, 0.88068, 0.8629, 0.97209, 0.94376, 0.9623, 0.94834, 0.96554, 0.78818, 0.0551, 0.84582, 0.91845, 0.1716, 0.9528, 0.83743, 0.93597, 0.94636, 0.49015, 0.91185, 0.97369, 0.95743, 0.25564, 0.08995, 0.40257, 0.96403, 0.9552, 0.94314, 0.93329, 0.96025, 0.94688, 0.13176, 0.11901, 0.11709, 0.96885, 0.16109, 0.27134, 0.94604, 0.14514, 0.09883, 0.95136, 0.96943, 0.55068, 0.8593, 0.0817, 0.87114, 0.90592, 0.95799, 0.44223, 0.08542, 0.97056, 0.11971, 0.28898, 0.90387, 0.96612, 0.85505, 0.95856, 0.84905, 0.40795, 0.96511, 0.94621, 0.10478, 0.31864, 0.26386, 0.93038, 0.96106, 0.80277, 0.94547, 0.62982, 0.08519, 0.19848, 0.94346, 0.63029, 0.94834, 0.16977, 0.11433, 0.94411, 0.08878, 0.16999, 0.96795, 0.95204, 0.12819, 0.11949, 0.96183, 0.28385, 0.31141, 0.10753, 0.14698, 0.77731, 0.22157, 0.12673, 0.05984, 0.95363, 0.5768, 0.10332, 0.94295, 0.07941, 0.05687, 0.66876, 0.91173, 0.31567, 0.927, 0.96898, 0.13071, 0.29957, 0.96022, 0.96669, 0.6519, 0.92122, 0.58558, 0.95034, 0.95425, 0.95471, 0.06079, 0.94442, 0.53661, 0.12038, 0.8908, 0.96055, 0.07024, 0.90285, 0.08532, 0.24114, 0.35247, 0.9672, 0.957, 0.96918, 0.95457, 0.96142, 0.62467, 0.95603, 0.96795, 0.9368, 0.24932, 0.9627, 0.10035, 0.7229, 0.3762, 0.08689, 0.88836, 0.90952, 0.0656, 0.12874, 0.84205, 0.30213, 0.96474, 0.29737, 0.97111, 0.94606, 0.09758, 0.9649, 0.95996, 0.07573, 0.95755, 0.81101, 0.93839, 0.67607, 0.25468, 0.9177, 0.97068, 0.40196, 0.56813, 