{"model": "google/muril-base-cased", "dataset": "dravidian_kannada", "train_config": "hardneg", "seed": 2024, "thr_cal": 0.46452934443950633, "metrics_05": {"macro": 0.7665314795329403, "toxf1": 0.6776859504132231, "prec": 0.6059113300492611, "rec": 0.76875, "prauc": 0.7257492201123664, "ece": 0.09736812628373351, "covert": 0.872093023255814}, "metrics_cal": {"macro": 0.7623296560674886, "toxf1": 0.6739130434782609, "prec": 0.5961538461538461, "rec": 0.775, "prauc": 0.7257492201123664, "ece": 0.09736812628373351, "covert": 0.872093023255814}, "probs": [0.08443, 0.45315, 0.58983, 0.04797, 0.13423, 0.45064, 0.32782, 0.05464, 0.07137, 0.0277, 0.07015, 0.10393, 0.02494, 0.34215, 0.78648, 0.02455, 0.28906, 0.75252, 0.03315, 0.96347, 0.07411, 0.14572, 0.91548, 0.32501, 0.98255, 0.35089, 0.97229, 0.43091, 0.25393, 0.65432, 0.98201, 0.63329, 0.0869, 0.08362, 0.94446, 0.06236, 0.1747, 0.0332, 0.92433, 0.03158, 0.19971, 0.01777, 0.95111, 0.16793, 0.1111, 0.13394, 0.04838, 0.02935, 0.03665, 0.18828, 0.9613, 0.1104, 0.02591, 0.86911, 0.53081, 0.89765, 0.01484, 0.10919, 0.27533, 0.75683, 0.09734, 0.28101, 0.36575, 0.41504, 0.02714, 0.09365, 0.01838, 0.07156, 0.70883, 0.97706, 0.44985, 0.02419, 0.14533, 0.38987, 0.43027, 0.70006, 0.0569, 0.17038, 0.19812, 0.95753, 0.08384, 0.94459, 0.07863, 0.51967, 0.37386, 0.0164, 0.95607, 0.01739, 0.90731, 0.02793, 0.02402, 0.12656, 0.05216, 0.14115, 0.01968, 0.0752, 0.04838, 0.03376, 0.04662, 0.03373, 0.01455, 0.94583, 0.06948, 0.96066, 0.35081, 0.09075, 0.87331, 0.05174, 0.04662, 0.13447, 0.73902, 0.21865, 0.02638, 0.0381, 0.04107, 0.0199, 0.0869, 0.02042, 0.89571, 0.97291, 0.13891, 0.04395, 0.7598, 0.83859, 0.16318, 0.07151, 0.04838, 0.9075, 0.02458, 0.85941, 0.94914, 0.03267, 0.02946, 0.77887, 0.96646, 0.56504, 0.01615, 0.97317, 0.02978, 0.58142, 0.02017, 0.07931, 0.83958, 0.81181, 0.95424, 0.41124, 0.58484, 0.88539, 0.76493, 0.13934, 0.01787, 0.05798, 0.80584, 0.49603, 0.05623, 0.68877, 0.03527, 0.72864, 0.393, 0.82219, 0.52454, 0.48096, 0.01538, 0.41389, 0.04552, 0.03736, 0.14478, 0.02538, 0.03549, 0.81834, 0.05265, 0.95973, 0.18405, 0.15863, 0.96891, 0.01749, 0.04838, 0.17918, 0.02662, 0.84054, 0.04909, 0.07254, 0.04838, 0.92781, 0.57348, 0.09413, 0.94441, 0.02827, 0.15218, 0.06903, 0.81999, 0.97154, 0.10087, 0.04838, 0.74928, 0.96492, 0.04847, 0.16534, 0.67458, 0.0379, 0.18524, 0.05203, 0.08479, 0.57215, 0.04152, 0.33604, 0.96373, 0.09299, 0.95745, 0.03769, 0.93473, 0.90975, 0.11416, 0.04414, 0.05761, 0.03277, 0.85843, 0.07572, 0.02763, 0.02572, 0.02355, 0.14806, 0.02, 0.53227, 0.92791, 0.46994, 0.04085, 0.11213, 0.04752, 0.44546, 0.02815, 0.08968, 0.05054, 0.5465, 0.1178, 0.82474, 0.98229, 0.03804, 0.03991, 0.01519, 0.05692, 0.04838, 0.07474, 0.9818, 0.96845, 0.03676, 0.0352, 0.17881, 0.25235, 0.69196, 0.12132, 0.02274, 0.10289, 0.22031, 0.02096, 0.02747, 0.49862, 0.91727, 0.41609, 0.18404, 0.69587, 0.35081, 0.27269, 0.60226, 0.02166, 0.02002, 0.04838, 0.01723, 0.03016, 0.03267, 0.04888, 0.04536, 0.67786, 0.88631, 0.05513, 0.39931, 0.88142, 0.0248, 0.96586, 0.95873, 0.02836, 0.93548, 0.96833, 0.06706, 0.0991, 0.66193, 0.04309, 0.78226, 0.0324, 0.06434, 0.86025, 0.02174, 0.04345, 0.90235, 0.07344, 0.04838, 0.70824, 0.52667, 0.21037, 0.06037, 0.02283, 0.06512, 0.06073, 0.87127, 0.05183, 0.02062, 0.03408, 0.04838, 0.04195, 0.0248, 0.14595, 0.06072, 0.01962, 0.03974, 0.91301, 0.51217, 0.03119, 0.19301, 0.92592, 0.40614, 0.39957, 0.83752, 0.02935, 0.08196, 0.96389, 0.02574, 0.83437, 0.07344, 0.868, 0.93074, 0.03221, 0.32182, 0.0903, 0.10276, 0.0456, 0.0751, 0.02647, 0.12056, 0.03086, 0.02058, 0.07971, 0.11726, 0.36555, 0.42759, 0.36425, 0.07634, 0.97115, 0.94899, 0.04838, 0.1235, 0.06425, 0.05578, 0.78393, 0.91565, 0.34217, 0.63939, 0.899, 0.88128, 0.02456, 0.02428, 0.77248, 0.05007, 0.57338, 0.71021, 0.12395, 0.04112, 0.91658, 0.01538, 0.01632, 0.42822, 0.9831, 0.03012, 0.03199, 0.04838, 0.04125, 0.08574, 0.02817, 0.97689, 0.95884, 0.10085, 0.71305, 0.08271, 0.2564, 0.61485, 0.54, 0.77697, 0.01821, 0.06664, 0.30603, 0.82707, 0.17194, 0.21111, 0.05224, 0.01632, 0.10535, 0.02208, 0.80845, 0.16755, 0.23251, 0.96207, 0.11828, 0.29863, 0.80595, 0.6562, 0.0395, 0.11861, 0.56885, 0.98304, 0.02133, 0.05669, 0.13054, 0.03598, 0.45401, 0.03749, 0.37349, 0.71732, 0.02032, 0.10383, 0.02983, 0.04472, 0.03429, 0.44858, 0.95413, 0.02334, 0.72324, 0.94223, 0.6091, 0.96083, 0.98068, 0.02326, 0.02284, 0.44234, 0.04403, 0.92637, 0.30337, 0.94278, 0.92364, 0.03543, 0.94084, 0.02352, 0.23645, 0.81796, 0.02987, 0.04301, 0.97862, 0.97141, 0.01619, 0.96929, 0.58984, 0.04008, 0.37182, 0.0454, 0.04395, 0.03789, 0.74238, 0.38792, 0.93791, 0.02003, 0.03105, 0.05506, 0.05142, 0.02694, 0.06129, 0.02636, 0.05389, 0.03573, 0.04347, 0.94556, 0.34883, 0.74966, 0.33792, 0.12144, 0.92643, 0.03495, 0.52145, 0.01604, 0.32142, 0.88236, 0.44937, 0.02757, 0.97611, 0.92394, 0.02526, 0.0231, 0.91901, 0.19712, 0.95609, 0.63243, 0.06182, 0.05494, 0.0295, 0.05103, 0.78351, 0.96057, 0.03577, 0.79036, 0.91228, 0.34645, 0.91762, 0.52939, 0.02963, 0.04226, 0.09249, 0.03269, 0.04211, 0.94353, 0.03511, 0.08217, 0.05538, 0.87998, 0.03226, 0.97543, 0.04113, 0.02113, 0.0854, 0.89742, 0.29915, 0.90493, 0.04618, 0.89372, 0.0421, 0.9461, 0.83856, 0.02867, 0.47422, 0.94929, 0.04838, 0.54275, 0.25447, 0.14152, 0.56079, 0.92582, 0.71666, 0.03811, 0.55911, 0.04838, 0.87823, 0.2525, 0.31778, 0.85927, 0.59867, 0.68758, 0.20649, 0.96156, 0.0444, 0.42497, 0.52983, 0.93368, 0.86912, 0.87007, 0.97729, 0.02243, 0.05625, 0.03432, 0.01644, 0.97687, 0.02482, 0.32801, 0.88189, 0.18102, 0.01568, 0.03142, 0.08577, 0.925, 0.92008, 0.58774, 0.76151, 0.03384, 0.56041, 0.41779, 0.96339, 0.92852, 0.82409, 0.90123, 0.06846, 0.05258, 0.28551, 0.12594, 0.02411, 0.55525, 0.94835, 0.01758, 0.832, 0.91415, 0.0201, 0.89237], "labels": [0, 0, 0, 0, 0, 0, 0, 0, 0, 0, 0, 0, 0, 0, 1, 0, 0, 1, 0, 0, 0, 0, 0, 1, 1, 1, 1, 1, 1, 0, 1, 0, 1, 1, 1, 0, 1, 0, 0, 1, 0, 0, 1, 0, 0, 0, 0, 0, 0, 1, 0, 0, 0, 1, 0, 0, 0, 0, 1, 0, 0, 0, 0, 1, 0, 0, 0, 0, 1, 1, 1, 0, 0, 0, 0, 1, 0, 0, 0, 1, 0, 1, 1, 0, 0, 0, 1, 0, 1, 0, 0, 0, 0, 0, 0, 0, 0, 1, 0, 0, 0, 1, 0, 1, 0, 0, 1, 0, 0, 0, 0, 0, 0, 0, 0, 0, 0, 0, 1, 0, 0, 0, 1, 1, 0, 0, 0, 0, 0, 0, 0, 0, 0, 1, 1, 0, 0, 1, 0, 0, 0, 0, 1, 1, 1, 0, 0, 0, 1, 0, 0, 0, 0, 0, 0, 1, 0, 0, 0, 1, 1, 1, 0, 1, 0, 0, 0, 0, 0, 0, 0, 1, 0, 0, 1, 0, 0, 0, 0, 0, 0, 0, 0, 0, 1, 0, 0, 0, 0, 0, 0, 1, 0, 1, 0, 1, 1, 0, 0, 0, 0, 0, 0, 0, 1, 1, 0, 0, 1, 0, 1, 0, 1, 0, 0, 0, 1, 0, 0, 0, 1, 0, 0, 0, 1, 0, 0, 0, 0, 0, 0, 0, 0, 0, 0, 1, 1, 0, 0, 0, 0, 0, 0, 1, 1, 0, 0, 0, 0, 0, 0, 0, 0, 1, 0, 0, 0, 0, 1, 0, 1, 0, 0, 0, 0, 0, 0, 0, 0, 0, 0, 0, 0, 1, 0, 0, 0, 0, 1, 1, 0, 1, 1, 0, 0, 1, 0, 1, 0, 0, 1, 0, 0, 1, 0, 0, 0, 1, 0, 0, 0, 0, 0, 0, 0, 0, 0, 1, 0, 0, 0, 0, 0, 0, 1, 1, 0, 0, 0, 0, 1, 1, 0, 0, 1, 0, 1, 0, 1, 1, 0, 0, 0, 0, 0, 0, 0, 1, 0, 0, 0, 0, 0, 0, 0, 0, 1, 0, 0, 0, 0, 0, 1, 0, 0, 1, 0, 1, 0, 0, 1, 0, 0, 0, 0, 0, 1, 0, 0, 1, 1, 0, 0, 0, 0, 0, 0, 1, 1, 0, 1, 0, 0, 1, 1, 1, 0, 0, 1, 1, 0, 0, 0, 0, 0, 0, 0, 0, 0, 1, 1, 1, 0, 1, 0, 0, 0, 1, 0, 0, 0, 0, 0, 0, 0, 0, 0, 1, 0, 1, 0, 0, 1, 0, 0, 0, 1, 1, 1, 0, 0, 0, 0, 0, 0, 1, 1, 0, 1, 0, 0, 0, 0, 0, 1, 1, 0, 1, 0, 1, 0, 0, 0, 0, 0, 0, 0, 0, 0, 0, 0, 0, 0, 0, 0, 0, 0, 1, 0, 1, 0, 0, 1, 1, 1, 0, 0, 1, 0, 0, 1, 1, 0, 0, 1, 0, 1, 1, 0, 0, 0, 0, 1, 1, 0, 1, 0, 0, 1, 0, 0, 0, 0, 0, 0, 0, 0, 0, 0, 1, 0, 1, 0, 0, 0, 1, 0, 1, 0, 0, 0, 1, 0, 0, 0, 0, 0, 0, 0, 0, 0, 0, 0, 0, 1, 0, 0, 1, 1, 1, 0, 0, 0, 1, 0, 0, 0, 1, 0, 1, 1, 0, 0, 0, 0, 1, 0, 0, 0, 0, 0, 0, 0, 1, 1, 1, 1, 0, 0, 0, 1, 1, 0, 0, 0, 0, 0, 0, 0, 0, 0, 0, 0, 1, 0, 1], "n": {"train": 3400, "val": 600, "test": 586, "toxic_frac": 0.23911764705882352}}