{"model": "google/muril-base-cased", "dataset": "dravidian_tamil", "train_config": "hardneg", "seed": 99, "thr_cal": 0.6247635275125494, "metrics_05": {"macro": 0.6912814331631688, "toxf1": 0.5949612403100775, "prec": 0.44883040935672514, "rec": 0.882183908045977, "prauc": 0.6289584693812091, "ece": 0.22233036296566328, "covert": 0.7366167023554604}, "metrics_cal": {"macro": 0.705669251335136, "toxf1": 0.6022610483042138, "prec": 0.4688, "rec": 0.8419540229885057, "prauc": 0.6289584693812091, "ece": 0.22233036296566328, "covert": 0.7417218543046358}, "probs": [0.15494, 0.03063, 0.03969, 0.04289, 0.92221, 0.04484, 0.03335, 0.01692, 0.04781, 0.08373, 0.14155, 0.92579, 0.03159, 0.02419, 0.05283, 0.12637, 0.93853, 0.57988, 0.01636, 0.9303, 0.30608, 0.04985, 0.08588, 0.20016, 0.0306, 0.90633, 0.9499, 0.04715, 0.04076, 0.02035, 0.02557, 0.91866, 0.08268, 0.11696, 0.04769, 0.90677, 0.08985, 0.88849, 0.03296, 0.87624, 0.17391, 0.13943, 0.67752, 0.54119, 0.81914, 0.92574, 0.03113, 0.1449, 0.88644, 0.04294, 0.02549, 0.76806, 0.09994, 0.08312, 0.68154, 0.9311, 0.93971, 0.90912, 0.93418, 0.4774, 0.03233, 0.03128, 0.90965, 0.38656, 0.05604, 0.04508, 0.05572, 0.49884, 0.94154, 0.82707, 0.88849, 0.84071, 0.07308, 0.05999, 0.92912, 0.91007, 0.90756, 0.92351, 0.16626, 0.11859, 0.93911, 0.85611, 0.47228, 0.02052, 0.4551, 0.02213, 0.18249, 0.26023, 0.03645, 0.93782, 0.03815, 0.88669, 0.03185, 0.87601, 0.86318, 0.9027, 0.90653, 0.02748, 0.07301, 0.12874, 0.83074, 0.02273, 0.59132, 0.02542, 0.8613, 0.84854, 0.06951, 0.05423, 0.02198, 0.64096, 0.89823, 0.10588, 0.92387, 0.09697, 0.59315, 0.19638, 0.05473, 0.47699, 0.04853, 0.02326, 0.04762, 0.03627, 0.02637, 0.19511, 0.76265, 0.03497, 0.93308, 0.12891, 0.04681, 0.11029, 0.03761, 0.49727, 0.935, 0.06418, 0.88367, 0.92915, 0.13116, 0.01951, 0.07109, 0.91946, 0.91143, 0.0378, 0.93944, 0.94592, 0.23573, 0.57953, 0.03325, 0.92708, 0.92511, 0.11535, 0.91201, 0.12848, 0.83607, 0.58982, 0.94492, 0.13965, 0.01871, 0.45495, 0.05435, 0.91876, 0.03958, 0.91111, 0.33544, 0.95041, 0.02424, 0.18289, 0.44366, 0.92419, 0.88304, 0.86942, 0.89691, 0.9007, 0.9223, 0.73869, 0.15645, 0.04791, 0.92772, 0.50176, 0.02599, 0.74554, 0.04805, 0.81655, 0.92145, 0.86277, 0.0327, 0.02506, 0.8812, 0.02856, 0.02306, 0.75479, 0.10069, 0.02894, 0.54209, 0.05548, 0.01848, 0.87043, 0.10401, 0.9272, 0.01769, 0.03105, 0.24873, 0.95126, 0.93888, 0.03395, 0.19446, 0.19361, 0.88419, 0.02724, 0.12105, 0.90773, 0.22623, 0.09617, 0.85924, 0.02888, 0.02347, 0.89496, 0.02028, 0.07603, 0.09849, 0.04719, 0.06849, 0.02181, 0.05452, 0.94677, 0.10012, 0.93697, 0.92796, 0.1386, 0.02941, 0.1135, 0.61064, 0.66597, 0.05526, 0.94891, 0.92989, 0.03924, 0.48782, 0.01898, 0.90624, 0.38717, 0.9416, 0.09596, 0.02211, 0.91582, 0.64283, 0.89512, 0.8792, 0.91664, 0.41385, 0.37575, 0.06194, 0.03448, 0.38515, 0.02528, 0.91247, 0.63782, 0.02305, 0.79823, 0.04268, 0.03747, 0.54415, 0.94379, 0.13858, 0.20063, 0.93058, 0.04574, 0.82053, 0.17747, 0.92778, 0.1213, 0.76265, 0.94754, 0.92307, 0.02247, 0.0227, 0.01691, 0.92264, 0.57167, 0.22204, 0.51805, 0.02396, 0.02742, 0.42492, 0.6189, 0.03205, 0.02882, 0.17018, 0.59588, 0.89852, 0.94006, 0.06635, 0.0235, 0.04588, 0.92536, 0.44955, 0.13793, 0.0617, 0.71314, 0.93142, 0.16627, 0.01912, 0.04961, 0.11155, 0.90698, 0.90739, 0.39113, 0.08157, 0.1545, 0.04765, 0.02154, 0.09921, 0.94435, 0.81515, 0.34791, 0.81157, 0.79177, 0.89856, 0.67099, 0.11351, 0.39807, 0.03122, 0.85293, 0.91424, 0.47061, 0.11671, 0.92809, 0.93827, 0.27735, 0.68377, 0.02751, 0.22241, 0.85018, 0.0409, 0.51387, 0.05357, 0.02732, 0.17407, 0.93741, 0.39177, 0.095, 0.01681, 0.03199, 0.11823, 0.50662, 0.34911, 0.15498, 0.92824, 0.07654, 0.92077, 0.05237, 0.93456, 0.63899, 0.82781, 0.90212, 0.31742, 0.86265, 0.17382, 0.31691, 0.0265, 0.11274, 0.8594, 0.90149, 0.05605, 0.82838, 0.58425, 0.93281, 0.03017, 0.93809, 0.02176, 0.94777, 0.02324, 0.83036, 0.56948, 0.04745, 0.05488, 0.61853, 0.04179, 0.59524, 0.93793, 0.06636, 0.92972, 0.0315, 0.28451, 0.77649, 0.83018, 0.7733, 0.1753, 0.72533, 0.01909, 0.90082, 0.11749, 0.87635, 0.03796, 0.03621, 0.1594, 0.92628, 0.93399, 0.89186, 0.02968, 0.08288, 0.92871, 0.30392, 0.03222, 0.07697, 0.03649, 0.02872, 0.05438, 0.94368, 0.09876, 0.94643, 0.94458, 0.41615, 0.07314, 0.7076, 0.80862, 0.89362, 0.3287, 0.79699, 0.90906, 0.88858, 0.92288, 0.82409, 0.02772, 0.06896, 0.89722, 0.03607, 0.10302, 0.14732, 0.93019, 0.26984, 0.07483, 0.93671, 0.90792, 0.92673, 0.27417, 0.03812, 0.079, 0.74527, 0.07752, 0.03269, 0.87354, 0.03446, 0.94898, 0.9154, 0.21854, 0.9287, 0.85834, 0.04077, 0.5683, 0.26124, 0.0555, 0.89897, 0.90387, 0.05845, 0.02465, 0.90428, 0.85619, 0.88031, 0.03192, 0.24527, 0.02235, 0.03654, 0.86949, 0.02067, 0.02639, 0.92434, 0.02274, 0.20997, 0.94397, 0.69481, 0.02264, 0.05429, 0.81145, 0.19712, 0.34529, 0.10832, 0.02502, 0.94074, 0.94031, 0.90711, 0.41354, 0.03731, 0.73029, 0.88834, 0.02488, 0.94691, 0.94392, 0.26547, 0.02387, 0.73364, 0.02189, 0.93805, 0.14066, 0.04961, 0.93646, 0.05113, 0.78801, 0.02732, 0.2013, 0.93088, 0.64459, 0.90753, 0.38774, 0.31879, 0.89166, 0.07488, 0.05074, 0.03956, 0.94242, 0.47896, 0.01941, 0.11811, 0.04652, 0.19654, 0.04036, 0.88925, 0.66735, 0.09101, 0.90242, 0.8115, 0.9493, 0.12828, 0.127, 0.75232, 0.92905, 0.48955, 0.06314, 0.40956, 0.12588, 0.75485, 0.40653, 0.41988, 0.94743, 0.9323, 0.9049, 0.02357, 0.47085, 0.03107, 0.02037, 0.09218, 0.7648, 0.43225, 0.74106, 0.05361, 0.19069, 0.94373, 0.0649, 0.91517, 0.02837, 0.04212, 0.02485, 0.02601, 0.42251, 0.54772, 0.61791, 0.89892, 0.06283, 0.93895, 0.52537, 0.94043, 0.93936, 0.57, 0.71863, 0.78678, 0.035, 0.25779, 0.94091, 0.93303, 0.02249, 0.94182, 0.12406, 0.79829, 0.05729, 0.08194, 0.90098, 0.86551, 0.46463, 0.03495, 0.92927, 0.04102, 0.92136, 0.77909, 0.10396, 0.70255, 0.25487, 0.21828, 0.3515, 0.03822, 0.94605, 0.92651, 0.03632, 0.94371, 0.9186, 0.9293, 0.34621, 0.02022, 0.05733, 0.06357, 0.03232, 0.86785, 0.04381, 0.94676, 0.94356, 0.92754, 0.05461, 0.48456, 0.84299, 0.18811, 0.85594, 0.89004, 0.49577, 0.92482, 0.86905, 0.12202, 0.55413, 0.05889, 0.79904, 0.08869, 0.59191, 0.9358, 0.03697, 0.06896, 0.93678, 0.10214, 0.8396, 0.09711, 0.11454, 0.01943, 0.94681, 0.04105, 0.10973, 0.2445, 0.08699, 0.92159, 0.68592, 0.67277, 0.92291, 0.04056, 0.92971, 0.61819, 0.04263, 0.92038, 0.91902, 0.81814, 0.54388, 0.0504, 0.79557, 0.9327, 0.94495, 0.93962, 0.03222, 0.89222, 0.9235, 0.88772, 0.10652, 0.28739, 0.02105, 0.93917, 0.9479, 0.05871, 0.90838, 0.63654, 0.16006, 0.02017, 0.26454, 0.62801, 0.06739, 0.15123, 0.72009, 0.66222, 0.94576, 0.05188, 0.9142, 0.54484, 0.01804, 0.80963, 0.02115, 0.93486, 0.07129, 0.95075, 0.38936, 0.7057, 0.92082, 0.05817, 0.40841, 0.04275, 0.65928, 0.9272, 0.07599, 0.67147, 0.15056, 0.05169, 0.17204, 0.89143, 0.44135, 0.04705, 0.08023, 0.89972, 0.06075, 0.8079, 0.64713, 0.03663, 0.7471, 0.94422, 0.07718, 0.8829, 0.05289, 0.21192, 0.07064, 0.05782, 0.02624, 0.06063, 0.80207, 0.02263, 0.93852, 0.65347, 0.94019, 0.04485, 0.94658, 0.02781, 0.94744, 0.84577, 0.93548, 0.09544, 0.07696, 0.0194, 0.53333, 0.73496, 0.76509, 0.39017, 0.01978, 0.08558, 0.93169, 0.2912, 0.94069, 0.05298, 0.38707, 0.03499, 0.25469, 0.02767, 0.03153, 0.08631, 0.95097, 0.94051, 0.16001, 0.58328, 0.15701, 0.06627, 0.90875, 0.8856, 0.04435, 0.05709, 0.92951, 0.70921, 0.13963, 0.02565, 0.92649, 0.37741, 0.03417, 0.09222, 0.1351, 0.90628, 0.05819, 0.02378, 0.11942, 0.02825, 0.92555, 0.14314, 0.93854, 0.88841, 0.94571, 0.02359, 0.88722, 0.08202, 0.37753, 0.5768, 0.26597, 0.94145, 0.02009, 0.02988, 0.93512, 0.84125, 0.5874, 0.02554, 0.10133, 0.85096, 0.6126, 0.02922, 0.87896, 0.94904, 0.09006, 0.86308, 0.94381, 0.02659, 0.02617, 0.91478, 0.47826, 0.0705, 0.12656, 0.82609, 0.02271, 0.44168, 0.0212, 0.88426, 0.32998, 0.8733, 0.33893, 0.79764, 0.75648, 0.21121, 0.91532, 0.93461, 0.94816, 0.8423, 0.02886, 0.0249, 0.86348, 0.07525, 0.17142, 0.37908, 0.93703, 0.94404, 0.12435, 0.08631, 0.93378, 0.85156, 0.08303, 0.04835, 0.93148, 0.31438, 0.04352, 0.05258, 0.9338, 0.2193, 0.93021, 