{"model": "google/muril-base-cased", "dataset": "dravidian_malayalam", "train_config": "hardneg", "seed": 2024, "thr_cal": 0.4418117865920062, "metrics_05": {"macro": 0.6330318273674473, "toxf1": 0.2912621359223301, "prec": 0.26785714285714285, "rec": 0.3191489361702128, "prauc": 0.2548053902612988, "ece": 0.22142916254202522, "covert": 0.37037037037037035}, "metrics_cal": {"macro": 0.642992012541294, "toxf1": 0.3119266055045872, "prec": 0.27419354838709675, "rec": 0.3617021276595745, "prauc": 0.2548053902612988, "ece": 0.22142916254202522, "covert": 0.36363636363636365}, "probs": [0.22394, 0.19725, 0.20631, 0.24663, 0.21879, 0.26982, 0.20385, 0.21761, 0.3138, 0.19378, 0.22338, 0.23858, 0.29335, 0.22903, 0.24313, 0.24582, 0.22566, 0.20201, 0.22207, 0.20102, 0.23665, 0.1954, 0.25402, 0.19516, 0.23041, 0.20027, 0.27834, 0.2056, 0.22887, 0.30659, 0.2491, 0.19162, 0.24278, 0.2173, 0.90841, 0.19044, 0.22372, 0.27499, 0.22265, 0.21131, 0.24615, 0.20867, 0.28654, 0.26508, 0.97538, 0.19803, 0.24277, 0.24869, 0.19317, 0.25555, 0.22244, 0.24515, 0.20592, 0.29394, 0.85145, 0.20819, 0.2068, 0.20951, 0.21382, 0.18151, 0.18987, 0.21031, 0.19218, 0.22744, 0.21527, 0.24391, 0.24002, 0.18521, 0.20504, 0.23376, 0.22838, 0.21917, 0.21715, 0.23166, 0.22845, 0.23412, 0.21207, 0.3801, 0.21681, 0.25127, 0.24749, 0.22661, 0.21191, 0.20156, 0.20203, 0.21851, 0.20569, 0.21507, 0.22684, 0.2367, 0.22356, 0.21863, 0.23096, 0.25485, 0.20336, 0.23111, 0.2587, 0.21034, 0.3293, 0.24437, 0.18299, 0.20991, 0.23766, 0.21587, 0.24084, 0.18654, 0.21769, 0.188, 0.25873, 0.335, 0.19859, 0.1993, 0.22166, 0.21848, 0.21078, 0.18836, 0.3125, 0.21901, 0.2157, 0.19866, 0.44128, 0.595, 0.26553, 0.30233, 0.30952, 0.26534, 0.26798, 0.19369, 0.25388, 0.2204, 0.24176, 0.19515, 0.23315, 0.24929, 0.19214, 0.22165, 0.24749, 0.23404, 0.25303, 0.19586, 0.26239, 0.22409, 0.23139, 0.21912, 0.22408, 0.22897, 0.20065, 0.21268, 0.2116, 0.24537, 0.27971, 0.21515, 0.17896, 0.1991, 0.24532, 0.46025, 0.21331, 0.28356, 0.24299, 0.1909, 0.22628, 0.22394, 0.21323, 0.27308, 0.24583, 0.19455, 0.22459, 0.21043, 0.23107, 0.20799, 0.19637, 0.21283, 0.2048, 0.26529, 0.20673, 0.44794, 0.25347, 0.26695, 0.24713, 0.25351, 0.18735, 0.21933, 0.28334, 0.39599, 0.93722, 0.19638, 0.27123, 0.19724, 0.21771, 0.22732, 0.25338, 0.22003, 0.97204, 0.20571, 0.20595, 0.24628, 0.23044, 0.28634, 0.28234, 0.18774, 0.18625, 0.20321, 0.19949, 0.27116, 0.18825, 0.23472, 0.191, 0.18997, 0.26657, 0.20147, 0.20171, 0.22339, 0.21643, 0.24457, 0.31663, 0.1998, 0.92879, 0.23817, 0.20896, 0.19922, 0.19689, 0.33435, 0.31091, 0.3252, 0.20233, 0.22879, 0.27375, 0.19049, 0.19227, 0.30613, 0.26763, 0.20248, 0.24821, 0.19803, 0.33891, 0.25051, 0.22966, 0.22508, 0.20766, 0.2593, 0.20131, 0.23715, 0.2062, 0.2702, 0.22621, 0.23306, 0.74492, 0.25773, 0.23803, 0.19106, 0.23272, 0.39091, 0.23368, 0.20555, 0.77185, 0.2896, 0.22157, 0.20023, 0.19684, 0.2007, 0.18892, 0.32804, 0.20636, 0.25895, 0.23088, 0.22778, 0.20947, 0.38642, 0.59784, 0.23741, 0.24685, 0.23214, 0.22711, 0.34272, 0.19581, 0.21006, 0.252, 0.22624, 0.21754, 0.2184, 0.18578, 0.19778, 0.19264, 0.18042, 0.21747, 0.2208, 0.3856, 0.20007, 0.21145, 0.19094, 0.24321, 0.274, 0.27583, 0.18937, 0.20884, 0.6262, 0.25907, 0.34095, 0.20515, 0.21768, 0.21578, 0.2213, 0.19027, 0.22111, 0.25034, 0.23393, 0.24981, 0.22175, 0.21302, 0.25083, 0.23504, 0.22636, 0.22391, 0.25022, 0.91791, 0.22694, 0.67066, 0.23682, 0.20715, 0.23362, 0.21315, 0.23427, 0.23724, 0.20271, 0.21024, 0.20683, 0.22661, 0.26313, 0.22024, 0.23022, 0.27378, 0.24527, 0.22809, 0.24393, 0.22425, 0.22453, 0.21222, 0.23437, 0.22051, 0.22489, 0.2321, 0.20003, 0.26823, 0.51513, 0.23527, 0.25278, 0.22449, 0.21462, 0.21805, 0.22494, 0.20859, 0.1988, 0.23977, 0.2384, 0.19451, 0.2855, 0.25596, 0.23649, 0.2433, 0.84259, 0.24445, 0.22799, 0.19144, 0.4546, 0.32605, 0.21872, 0.20904, 0.20894, 0.21566, 0.18654, 0.21558, 0.19646, 0.9125, 0.23569, 0.20724, 0.27378, 0.21375, 0.22816, 0.19426, 0.22395, 0.19185, 0.22281, 0.21663, 0.2122, 0.20118, 0.22476, 0.22505, 0.24474, 0.20541, 0.19249, 0.22312, 0.22675, 0.23916, 0.19919, 0.97311, 0.28099, 0.2154, 0.21506, 0.20239, 0.24447, 0.19427, 0.22204, 0.97003, 0.23612, 0.22742, 0.23695, 0.1999, 0.94485, 0.21575, 0.20835, 0.20503, 0.19349, 0.25977, 0.23395, 0.21154, 0.18014, 0.20075, 0.2345, 0.24158, 0.43734, 0.25505, 0.22469, 0.23842, 0.2032, 0.19234, 0.22448, 0.21613, 0.23215, 0.198, 0.18288, 0.22481, 0.19319, 0.20697, 0.20931, 0.19871, 0.23673, 0.25353, 0.23226, 0.23277, 0.20104, 0.19616, 0.18786, 0.23108, 0.20118, 0.27682, 0.19603, 0.22171, 0.24957, 0.2462, 0.21899, 0.25432, 0.22507, 0.22738, 0.19589, 0.19611, 0.26954, 0.21901, 0.19643, 0.24045, 0.89225, 0.21016, 0.20585, 0.23679, 0.21412, 0.20438, 0.21734, 0.20104, 0.19506, 0.18947, 0.20848, 0.25051, 0.19851, 0.33371, 0.23407, 0.23605, 0.20566, 0.22045, 0.20605, 0.3587, 0.22688, 0.19896, 0.26629, 0.29821, 0.20653, 0.2453, 0.21605, 0.20488, 0.22694, 0.21257, 0.84365, 0.24982, 0.25114, 0.19866, 0.23715, 0.23418, 0.23416, 0.1947, 0.20009, 0.22815, 0.24532, 0.23896, 0.1995, 0.19601, 0.3293, 0.1989, 0.21934, 0.20667, 0.20781, 0.20283, 0.21808, 0.1919, 0.20108, 0.21178, 0.25081, 0.22827, 0.24603, 0.20985, 0.24295, 0.23408, 0.21354, 0.20823, 0.20623, 0.21566, 0.20199, 0.1882, 0.24278, 0.25167, 0.19654, 0.19377, 0.24379, 0.23903, 0.28599, 0.22531, 0.22289, 0.20636, 0.20094, 0.20677, 0.24327, 0.17779, 0.2349, 0.20524, 0.9283, 0.21871, 0.21897, 0.25423, 0.21501, 0.22369, 0.26321, 0.24946, 0.19961, 0.2204, 0.22766, 0.20387, 0.22929, 0.87327, 0.20005, 0.25106, 0.231, 0.22678, 0.24345, 0.29238, 0.25521, 0.25368, 0.19482, 0.25526, 0.20092, 0.20324, 0.20272, 0.23007, 0.25552, 0.2399, 0.20458, 0.20711, 0.24753, 0.25479, 0.24172, 0.20745, 0.1954, 0.20994, 0.22919, 0.28682, 0.21329, 0.23733, 0.25691, 0.18814, 0.24376, 0.20686, 0.21, 0.27327, 0.21198, 0.20929, 0.21478, 0.5595, 0.25637, 0.21588, 0.22098, 0.2805, 0.20272, 0.19724, 0.32804, 0.22213, 0.24189, 0.38003, 0.21456, 0.22404, 0.86435, 0.4101, 0.96805, 0.19493, 0.21283, 0.19766, 0.18996, 0.19639, 0.20619, 0.22119, 0.28991, 0.18958, 0.25237, 0.25368, 0.20527, 0.23041, 0.223, 0.24369, 0.25829, 0.20769, 0.20562, 0.27999, 0.21349, 0.19603, 0.19183, 0.24783, 0.24878, 0.28644, 0.27232, 0.23216, 0.25347, 0.223, 0.21747, 0.22699, 0.21558, 0.2471, 0.23046, 0.23277, 0.23877, 0.20127, 0.23615, 0.20384, 0.24238, 0.39475, 0.21008, 0.19786, 0.23986, 0.24166, 0.88446, 0.84089, 0.18544, 0.94121, 0.27351, 0.33399, 0.2537, 0.28917, 0.26809, 0.23445, 0.20705, 0.22372, 0.23031, 0.23972, 0.32925, 0.23627, 0.25062, 0.2001, 0.22225, 0.27063, 0.25492, 0.23842, 0.97044, 0.28317, 0.28247, 0.21156, 0.21773, 0.23435, 0.20713, 0.21952, 0.24744, 0.21164, 0.1928, 0.27258, 0.24898, 0.24575, 0.23091, 0.21249, 0.21443, 0.57713, 0.23749, 0.20323, 0.2094, 0.2137, 0.2922, 0.23362, 0.94666, 0.3048, 0.22066, 0.24854, 0.27725, 0.19493, 0.23418, 0.25117, 0.19536, 0.25249, 0.25026, 0.41753, 0.22001, 0.2323, 0.24049, 0.20439, 0.25887, 0.22372, 0.29561, 0.21957, 0.22078, 0.23191, 0.19762, 0.25419, 0.22248, 0.19284, 0.22077, 0.18396, 0.22615, 0.23646, 0.22944, 0.19256, 0.25374, 0.23331, 0.50682, 0.23538, 0.21034, 0.25712, 0.20188, 0.21825, 0.2079, 0.20294, 0.23054, 0.28622, 0.23022, 0.34884, 0.25297, 0.20899, 0.23747, 0.22599, 0.19496, 0.20313, 0.23851, 0.23236, 0.23827, 0.20848, 0.23322, 0.22973, 0.22477, 0.94415, 0.22851, 0.21294, 0.28673, 0.2347, 0.21687, 0.20894, 0.20559, 0.23785, 0.20953, 0.21249, 0.20917, 0.25435, 0.22965, 0.23626, 0.21688, 0.23165, 0.33447, 0.23333, 0.22266, 0.24466, 0.2478, 0.20263, 0.23724, 0.2585, 0.24901, 0.25545, 0.19035, 0.21156, 0.31663, 0.21209, 0.20653, 0.31416, 0.28778, 0.8577, 0.22641, 0.19054, 0.25492, 0.21258, 0.21317, 0.25332, 0.19752, 0.21604, 0.22743, 0.23889, 0.32981, 0.25172, 0.21202, 0.24169, 0.21031, 0.27609, 0.19973, 0.2029, 0.2821, 0.18392, 0.22903, 0.21349, 0.27155, 0.19795, 0.22097, 0.21065, 0.25939, 0.2306, 0.23954, 0.22125, 0.23161, 0.2226, 0.23587, 0.24869, 0.2274, 0.25091, 0.20534, 0.18436, 0.2163, 0.24268, 0.20416, 