{"model": "google/muril-base-cased", "dataset": "hatexplain", "train_config": "ce", "seed": 7, "thr_cal": 0.21314562782645216, "metrics_05": {"macro": 0.7492839449271784, "toxf1": 0.7882285054818234, "prec": 0.8329268292682926, "rec": 0.7480832420591457, "prauc": 0.8900908734893059, "ece": 0.12219032502174376, "covert": 0.8939014202172096}, "metrics_cal": {"macro": 0.745331552709255, "toxf1": 0.8091684434968017, "prec": 0.7881619937694704, "rec": 0.8313253012048193, "prauc": 0.8900908734893059, "ece": 0.12219032502174376, "covert": 0.9058728881737731}, "probs": [0.07775, 0.08458, 0.03936, 0.82424, 0.30744, 0.92337, 0.96119, 0.0483, 0.16074, 0.03872, 0.06815, 0.06107, 0.09278, 0.06258, 0.44935, 0.0775, 0.06409, 0.05179, 0.96475, 0.05811, 0.06384, 0.92298, 0.04043, 0.32927, 0.64388, 0.95209, 0.94681, 0.0601, 0.04085, 0.68227, 0.93305, 0.12449, 0.89726, 0.8042, 0.96165, 0.03648, 0.13481, 0.15622, 0.81726, 0.05645, 0.95509, 0.91205, 0.4105, 0.23333, 0.20083, 0.10036, 0.03718, 0.96107, 0.9518, 0.92976, 0.04786, 0.23894, 0.9655, 0.13897, 0.10378, 0.96066, 0.39119, 0.06241, 0.14506, 0.80867, 0.04944, 0.95221, 0.95939, 0.89245, 0.95423, 0.39945, 0.95673, 0.93827, 0.70734, 0.92604, 0.18422, 0.95984, 0.62516, 0.962, 0.04034, 0.18138, 0.94714, 0.94831, 0.79855, 0.95094, 0.9415, 0.32139, 0.88301, 0.06491, 0.23265, 0.92364, 0.95761, 0.0725, 0.61968, 0.91836, 0.03974, 0.96342, 0.95877, 0.17199, 0.96276, 0.08628, 0.91298, 0.89205, 0.91611, 0.95525, 0.0623, 0.93809, 0.96315, 0.93933, 0.05589, 0.92697, 0.86888, 0.91347, 0.95432, 0.43998, 0.03296, 0.08767, 0.09035, 0.11264, 0.1375, 0.24572, 0.84441, 0.88822, 0.96109, 0.93736, 0.73568, 0.10187, 0.05502, 0.95564, 0.90296, 0.05776, 0.3207, 0.1879, 0.06216, 0.94422, 0.11674, 0.93926, 0.06256, 0.20792, 0.90935, 0.11343, 0.0932, 0.95727, 0.94481, 0.07188, 0.03968, 0.96186, 0.89559, 0.96604, 0.90609, 0.07069, 0.95481, 0.08178, 0.81981, 0.50444, 0.92087, 0.10335, 0.95906, 0.26817, 0.95519, 0.93254, 0.92936, 0.58866, 0.05285, 0.88493, 0.07446, 0.93593, 0.93896, 0.92207, 0.38547, 0.44093, 0.94493, 0.09032, 0.94099, 0.41891, 0.14841, 0.20352, 0.05611, 0.60403, 0.95196, 0.28337, 0.14931, 0.1633, 0.96745, 0.07679, 0.95593, 0.11561, 0.04718, 0.08277, 0.95815, 0.09962, 0.95363, 0.63473, 0.94109, 0.96593, 0.05856, 0.9562, 0.92367, 0.94456, 0.90758, 0.94561, 0.94176, 0.93279, 0.95269, 0.05318, 0.9641, 0.05638, 0.06476, 0.04747, 0.36345, 0.11941, 0.61479, 0.12296, 0.53442, 0.07985, 0.03648, 0.0399, 0.89008, 0.95283, 0.84238, 0.1229, 0.03809, 0.05914, 0.9559, 0.14277, 0.51014, 0.06605, 0.86742, 0.96545, 0.05559, 0.96357, 0.92663, 0.20773, 0.80574, 0.95127, 0.9439, 0.63828, 0.86958, 0.92731, 0.95707, 0.7105, 0.92259, 0.63322, 0.9558, 0.77447, 0.07377, 0.89612, 0.59287, 0.94328, 0.94626, 0.64294, 0.16279, 0.04473, 0.05261, 0.09973, 0.57715, 0.95862, 0.13274, 0.93444, 0.19473, 0.87313, 0.94408, 0.04919, 0.06028, 0.95346, 0.57845, 0.96268, 0.09293, 0.9183, 0.87625, 0.07215, 0.94501, 0.03348, 0.07039, 0.10915, 0.36756, 0.2183, 0.03683, 0.88501, 0.06789, 0.09024, 0.95465, 0.96199, 0.9506, 0.96291, 0.96288, 0.9633, 0.95078, 0.96055, 0.942, 0.94151, 0.69243, 0.29223, 0.03059, 0.04862, 0.05518, 0.07251, 0.04581, 0.34666, 0.95277, 0.08838, 0.92348, 0.03529, 0.94029, 0.05462, 0.80801, 0.0567, 0.32281, 0.96184, 0.9558, 0.08919, 0.95482, 0.86645, 0.03304, 0.06175, 0.8946, 0.71098, 0.95783, 0.31649, 0.19575, 0.63776, 0.95992, 0.0425, 0.9262, 0.95868, 0.40586, 0.04041, 0.94326, 0.95334, 0.04702, 0.94326, 0.11013, 0.63897, 0.77096, 0.94377, 0.94893, 0.9654, 0.4059, 0.94812, 0.91133, 0.05304, 0.83257, 0.96619, 0.94664, 0.06938, 0.78171, 0.94103, 0.45299, 0.21173, 0.2262, 0.91982, 0.03637, 0.47474, 0.14686, 0.49312, 0.04831, 0.8772, 0.14731, 0.95857, 0.57652, 0.95808, 0.03661, 0.92084, 0.85914, 0.94142, 0.07967, 0.89545, 0.96504, 0.02873, 0.9638, 0.18661, 0.96531, 0.96298, 0.10959, 0.73298, 0.10172, 0.76017, 0.93764, 0.96108, 0.88139, 0.91262, 0.06683, 0.92402, 0.92463, 0.9546, 0.94844, 0.9543, 0.06126, 0.96095, 0.80307, 0.10253, 0.04114, 0.0358, 0.47486, 0.95489, 0.90629, 0.16584, 0.06852, 0.39747, 0.94453, 0.94584, 0.07898, 0.73481, 0.94141, 0.37891, 0.92431, 0.05212, 0.9235, 0.20116, 0.88271, 0.88677, 0.92618, 0.90334, 0.0721, 0.03117, 0.82444, 0.1045, 0.14347, 0.07412, 0.22611, 0.95595, 0.03913, 0.58515, 0.95311, 0.09807, 0.95458, 0.30978, 0.88306, 0.20174, 0.12295, 0.07141, 0.18952, 0.70884, 0.86258, 0.64372, 0.05454, 0.04567, 0.20443, 0.05368, 0.65278, 0.91303, 0.94089, 0.74209, 0.8117, 0.05901, 0.95614, 0.44001, 0.88379, 0.21878, 0.0703, 0.95966, 0.93263, 0.93699, 0.0485, 0.94097, 0.4888, 0.24978, 0.05478, 0.37123, 0.82718, 0.11078, 0.23107, 0.07809, 0.95806, 0.09998, 0.04302, 0.75458, 0.94003, 0.92092, 0.0549, 0.14049, 0.53594, 0.65884, 0.96044, 0.24379, 0.04333, 0.07823, 0.78626, 0.08222, 0.95927, 0.05834, 0.77864, 0.07202, 0.96443, 0.66144, 0.91919, 0.48426, 0.04557, 0.95134, 0.07086, 0.45443, 0.0953, 0.87741, 0.91342, 0.94667, 0.9607, 0.95548, 0.96413, 0.13083, 0.16856, 0.04408, 0.0554, 0.12877, 0.9341, 0.94651, 0.96303, 0.08507, 0.05227, 0.03645, 0.94848, 0.96247, 0.94119, 0.13483, 0.06855, 0.92443, 0.11234, 0.19879, 0.91904, 0.05123, 0.08587, 0.09699, 0.95445, 0.0837, 0.68149, 0.13876, 0.0483, 0.92667, 0.95254, 0.8389, 0.94084, 0.94595, 0.95282, 0.05486, 0.9118, 0.88262, 0.75786, 0.15594, 0.03786, 0.05838, 0.94714, 0.86395, 0.22866, 0.04668, 0.84859, 0.96175, 0.05609, 0.42799, 0.95274, 0.09223, 0.0633, 0.42214, 0.29781, 0.83834, 0.91845, 0.81652, 0.51757, 0.60562, 0.96092, 0.95715, 0.03825, 0.94408, 0.91336, 0.94891, 0.67146, 0.05361, 0.03273, 0.63986, 0.06072, 0.84629, 0.9301, 0.04287, 0.9548, 0.02857, 0.96314, 0.82374, 0.96098, 0.9565, 0.54849, 0.94261, 0.49608, 0.94976, 0.36973, 0.75982, 0.22321, 0.96355, 0.08521, 0.55515, 0.93369, 0.9553, 0.92851, 0.93522, 0.03871, 0.25188, 0.96326, 0.03277, 0.95072, 0.04714, 0.59007, 0.06108, 0.05628, 0.95679, 0.96038, 0.07141, 0.63657, 0.54381, 0.9106, 0.38592, 0.07503, 0.09606, 0.73044, 0.06017, 0.12143, 0.73642, 0.75562, 0.95823, 0.05855, 0.94787, 0.34413, 0.07384, 0.04599, 0.8724, 0.91073, 0.67045, 0.9261, 0.93014, 0.92848, 0.18775, 0.06672, 0.95974, 0.9211, 0.11545, 0.28904, 0.96033, 0.931, 0.49615, 0.18275, 0.15912, 0.13906, 0.93559, 0.84349, 0.94878, 0.79799, 0.91796, 0.12505, 0.0487, 0.0311, 0.1187, 0.30064, 0.87619, 0.95572, 0.95617, 0.36108, 0.03845, 0.11496, 0.95756, 0.95298, 0.9473, 0.45798, 0.9554, 0.10985, 0.93866, 0.92339, 0.03461, 0.078, 0.9648, 0.74265, 0.94617, 0.09435, 0.86441, 0.03219, 0.22471, 0.73139, 0.07126, 0.9209, 0.62852, 0.07093, 0.70642, 0.24936, 0.94981, 0.04873, 0.90747, 0.90988, 0.29405, 0.92782, 0.96613, 0.95866, 0.9498, 0.88061, 0.95583, 0.27482, 0.03336, 0.66635, 0.6502, 0.12213, 0.95478, 0.47714, 0.53951, 0.70624, 0.09992, 0.94925, 0.94812, 0.95138, 0.0431, 0.0653, 0.10685, 0.96499, 0.95162, 0.92754, 0.92645, 0.9528, 0.90623, 0.07015, 0.0648, 0.10407, 0.95833, 0.26679, 0.12716, 0.93395, 0.16855, 0.15766, 0.95808, 0.95363, 0.04363, 0.90566, 0.04654, 0.45128, 0.88656, 0.94601, 0.08473, 0.04114, 0.95958, 0.03743, 0.07659, 0.9364, 0.96131, 0.37444, 0.95597, 0.91365, 0.55625, 0.96123, 0.94449, 0.04187, 0.11488, 0.09388, 0.80782, 0.95457, 0.62938, 0.93621, 0.07718, 0.05879, 0.10836, 0.95502, 0.39423, 0.82945, 0.08641, 0.08281, 0.92449, 0.04042, 0.08781, 0.96288, 0.95344, 0.0504, 0.09122, 0.96128, 0.09151, 0.05537, 0.0609, 0.06531, 0.88788, 0.13177, 0.07304, 0.04238, 0.91441, 0.18259, 0.05117, 0.94939, 0.08984, 0.03959, 0.86612, 0.92754, 0.07342, 0.9443, 0.9641, 0.05533, 0.22268, 0.93836, 0.96138, 0.26888, 0.9284, 0.80329, 0.92445, 0.95614, 0.95118, 0.04294, 0.35149, 0.3355, 0.04953, 0.95419, 0.84748, 0.04172, 0.79724, 0.03736, 0.30169, 0.11969, 0.95553, 0.92225, 0.96047, 0.95542, 0.95771, 0.15201, 0.92245, 0.95488, 0.92446, 0.14656, 0.95967, 0.06342, 0.46503, 0.72532, 0.03234, 0.80536, 0.75116, 0.0338, 0.06113, 0.07239, 0.19235, 0.95974, 0.08626, 0.9626, 0.90898, 0.07155, 0.94707, 0.95881, 0.0472, 0.95327, 0.5934, 0.95152, 0.18723, 0.10638, 0.7682, 0.96082, 0.09259, 