{"model": "google/muril-base-cased", "dataset": "dravidian_kannada", "train_config": "hardneg", "seed": 99, "thr_cal": 0.18263304829597457, "metrics_05": {"macro": 0.7703625931621909, "toxf1": 0.6645569620253164, "prec": 0.6730769230769231, "rec": 0.65625, "prauc": 0.714933098959463, "ece": 0.0718246888585465, "covert": 0.8518518518518519}, "metrics_cal": {"macro": 0.7669744557525107, "toxf1": 0.6810810810810811, "prec": 0.6, "rec": 0.7875, "prauc": 0.714933098959463, "ece": 0.0718246888585465, "covert": 0.88}, "probs": [0.04989, 0.17927, 0.91607, 0.03795, 0.03928, 0.14025, 0.77817, 0.03473, 0.03942, 0.0224, 0.04949, 0.05707, 0.01963, 0.13341, 0.81527, 0.02593, 0.06112, 0.85251, 0.03013, 0.1241, 0.0237, 0.05319, 0.9607, 0.2696, 0.97449, 0.11719, 0.9663, 0.7145, 0.08917, 0.6239, 0.97847, 0.35791, 0.03268, 0.18109, 0.51088, 0.02961, 0.04425, 0.02999, 0.15105, 0.02743, 0.08408, 0.024, 0.81112, 0.07685, 0.05495, 0.13946, 0.04704, 0.03119, 0.04223, 0.16241, 0.81417, 0.07617, 0.02723, 0.8753, 0.03292, 0.05707, 0.01804, 0.04985, 0.08698, 0.64777, 0.0441, 0.08213, 0.0508, 0.5117, 0.02618, 0.05604, 0.02143, 0.03106, 0.13509, 0.96934, 0.26818, 0.02479, 0.09513, 0.30938, 0.08774, 0.92639, 0.03714, 0.05503, 0.05194, 0.87783, 0.04154, 0.91447, 0.05563, 0.10573, 0.19724, 0.01875, 0.91265, 0.02143, 0.74964, 0.03084, 0.0318, 0.07922, 0.03223, 0.11979, 0.02503, 0.0524, 0.03623, 0.03364, 0.04412, 0.03326, 0.01675, 0.92202, 0.03903, 0.90669, 0.55484, 0.07335, 0.7582, 0.04153, 0.02174, 0.06009, 0.25321, 0.09132, 0.02386, 0.03421, 0.03736, 0.01626, 0.03268, 0.03601, 0.44933, 0.93506, 0.05616, 0.04359, 0.2833, 0.11782, 0.10432, 0.02357, 0.04704, 0.88702, 0.02395, 0.35412, 0.90212, 0.03655, 0.01991, 0.93861, 0.77096, 0.10177, 0.01626, 0.9677, 0.03525, 0.25001, 0.02192, 0.15549, 0.3962, 0.74936, 0.9511, 0.19883, 0.09077, 0.83783, 0.83034, 0.06013, 0.01884, 0.03737, 0.50757, 0.4628, 0.02149, 0.71014, 0.02982, 0.09431, 0.10487, 0.69939, 0.33935, 0.48589, 0.01809, 0.10614, 0.03887, 0.02897, 0.05432, 0.03196, 0.02869, 0.66792, 0.03754, 0.93709, 0.0357, 0.04927, 0.7991, 0.0195, 0.04704, 0.06644, 0.02462, 0.72356, 0.02173, 0.03863, 0.04704, 0.57761, 0.61703, 0.05062, 0.94041, 0.02478, 0.04178, 0.04429, 0.86433, 0.88338, 0.0371, 0.04704, 0.23674, 0.97457, 0.03874, 0.07674, 0.0704, 0.06429, 0.08335, 0.0304, 0.053, 0.5652, 0.04023, 0.12516, 0.92762, 0.03323, 0.96957, 0.03507, 0.94723, 0.96352, 0.05441, 0.05017, 0.05228, 0.03776, 0.52864, 0.02564, 0.0254, 0.0223, 0.02358, 0.09813, 0.02228, 0.1233, 0.53457, 0.15085, 0.04024, 0.06331, 0.03191, 0.41275, 0.03529, 0.04963, 0.03674, 0.26525, 0.057, 0.41797, 0.97119, 0.03484, 0.02753, 0.01748, 0.02934, 0.04704, 0.05064, 0.96574, 0.97191, 0.03081, 0.03431, 0.03282, 0.03852, 0.23837, 0.11446, 0.02728, 0.03808, 0.07195, 0.01844, 0.03181, 0.69965, 0.05075, 0.06766, 0.03895, 0.63289, 0.55484, 0.66103, 0.54631, 0.02571, 0.01541, 0.04704, 0.02099, 0.02352, 0.04524, 0.03434, 0.03046, 0.18364, 0.79201, 0.05564, 0.04404, 0.94796, 0.02267, 0.84564, 0.92566, 0.02453, 0.7572, 0.96106, 0.0363, 0.03653, 0.28919, 0.02826, 0.67715, 0.02536, 0.03782, 0.57637, 0.02276, 0.0348, 0.15679, 0.04162, 0.04704, 0.23099, 0.05439, 0.09333, 0.0331, 0.02154, 0.03363, 0.03324, 0.91691, 0.0223, 0.02147, 0.03506, 0.04704, 0.04628, 0.02666, 0.05651, 0.05035, 0.02108, 0.03768, 0.82091, 0.2587, 0.02746, 0.10386, 0.25369, 0.20477, 0.28927, 0.28136, 0.02771, 0.09402, 0.96292, 0.03279, 0.68211, 0.03392, 0.36449, 0.96531, 0.03358, 0.0977, 0.1055, 0.10208, 0.031, 0.03918, 0.02666, 0.04518, 0.03559, 0.025, 0.04149, 0.02925, 0.05651, 0.21813, 0.1228, 0.03398, 0.95495, 0.92282, 0.04704, 0.11331, 0.02428, 0.05217, 0.8234, 0.91004, 0.45358, 0.63164, 0.57031, 0.72774, 0.02111, 0.01948, 0.03146, 0.02825, 0.34493, 0.07376, 0.08105, 0.03437, 0.74864, 0.01636, 0.02005, 0.44834, 0.97596, 0.02376, 0.0269, 0.04704, 0.04016, 0.0232, 0.02332, 0.93943, 0.96283, 0.06489, 0.91766, 0.05117, 0.06982, 0.68537, 0.30242, 0.50332, 0.02121, 0.02943, 0.07926, 0.89978, 0.09688, 0.0642, 0.02116, 0.01968, 0.03769, 0.02366, 0.48255, 0.0655, 0.05308, 0.96013, 0.04933, 0.07211, 0.20835, 0.72411, 0.02795, 0.0277, 0.08958, 0.97846, 0.02388, 0.06489, 0.04828, 0.02681, 0.12489, 0.03942, 0.37189, 0.05314, 0.0288, 0.01826, 0.03273, 0.03118, 0.03665, 0.64936, 0.90896, 0.02467, 0.89539, 0.33194, 0.82191, 0.94553, 0.96777, 0.01771, 0.02527, 0.16489, 0.03772, 0.57815, 0.10699, 0.93344, 0.79055, 0.02567, 0.87961, 0.02647, 0.14267, 0.88382, 0.02606, 0.03378, 0.96237, 0.9601, 0.01814, 0.81986, 0.47703, 0.07554, 0.24614, 0.03362, 0.03427, 0.02922, 0.19315, 0.10497, 0.90734, 0.01947, 0.03795, 0.02833, 0.04388, 0.02714, 0.0424, 0.02738, 0.04594, 0.03489, 0.02842, 0.95212, 0.16801, 0.84143, 0.89526, 0.04058, 0.33125, 0.03226, 0.37175, 0.01967, 0.19904, 0.89231, 0.92493, 0.03171, 0.9268, 0.82904, 0.02205, 0.0326, 0.94787, 0.11786, 0.94322, 0.29195, 0.04061, 0.0394, 0.04185, 0.04875, 0.58579, 0.9384, 0.03119, 0.2975, 0.92351, 0.24183, 0.93725, 0.09661, 0.02476, 0.04039, 0.05199, 0.02946, 0.04075, 0.37581, 0.03287, 0.05246, 0.05837, 0.93958, 0.0224, 0.93369, 0.02602, 0.02273, 0.03092, 0.69169, 0.58955, 0.75749, 0.02608, 0.83428, 0.02316, 0.56854, 0.79701, 0.02572, 0.6887, 0.88421, 0.04704, 0.16699, 0.08683, 0.06033, 0.69471, 0.80016, 0.0615, 0.03986, 0.21209, 0.04704, 0.64987, 0.2193, 0.76926, 0.58634, 0.12072, 0.38323, 0.32047, 0.90974, 0.0325, 0.0409, 0.12211, 0.58652, 0.70763, 0.02703, 0.91379, 0.02045, 0.05321, 0.02058, 0.02479, 0.96092, 0.03224, 0.30264, 0.1283, 0.08093, 0.01895, 0.03164, 0.04218, 0.90416, 0.90756, 0.87891, 0.87007, 0.03338, 0.54279, 0.14145, 0.95888, 0.90949, 0.74438, 0.90282, 0.06858, 0.02697, 0.1223, 0.02302, 0.02422, 0.61066, 0.89206, 0.02275, 0.20283, 0.86404, 0.01944, 0.59679], "labels": [0, 0, 0, 0, 0, 0, 0, 0, 0, 0, 0, 0, 0, 0, 1, 0, 0, 1, 0, 0, 0, 0, 0, 1, 1, 1, 1, 1, 1, 0, 1, 0, 1, 1, 1, 0, 1, 0, 0, 1, 0, 0, 1, 0, 0, 0, 0, 0, 0, 1, 0, 0, 0, 1, 0, 0, 0, 0, 1, 0, 0, 0, 0, 1, 0, 0, 0, 0, 1, 1, 1, 0, 0, 0, 0, 1, 0, 0, 0, 1, 0, 1, 1, 0, 0, 0, 1, 0, 1, 0, 0, 0, 0, 0, 0, 0, 0, 1, 0, 0, 0, 1, 0, 1, 0, 0, 1, 0, 0, 0, 0, 0, 0, 0, 0, 0, 0, 0, 1, 0, 0, 0, 1, 1, 0, 0, 0, 0, 0, 0, 0, 0, 0, 1, 1, 0, 0, 1, 0, 0, 0, 0, 1, 1, 1, 0, 0, 0, 1, 0, 0, 0, 0, 0, 0, 1, 0, 0, 0, 1, 1, 1, 0, 1, 0, 0, 0, 0, 0, 0, 0, 1, 0, 0, 1, 0, 0, 0, 0, 0, 0, 0, 0, 0, 1, 0, 0, 0, 0, 0, 0, 1, 0, 1, 0, 1, 1, 0, 0, 0, 0, 0, 0, 0, 1, 1, 0, 0, 1, 0, 1, 0, 1, 0, 0, 0, 1, 0, 0, 0, 1, 0, 0, 0, 1, 0, 0, 0, 0, 0, 0, 0, 0, 0, 0, 1, 1, 0, 0, 0, 0, 0, 0, 1, 1, 0, 0, 0, 0, 0, 0, 0, 0, 1, 0, 0, 0, 0, 1, 0, 1, 0, 0, 0, 0, 0, 0, 0, 0, 0, 0, 0, 0, 1, 0, 0, 0, 0, 1, 1, 0, 1, 1, 0, 0, 1, 0, 1, 0, 0, 1, 0, 0, 1, 0, 0, 0, 1, 0, 0, 0, 0, 0, 0, 0, 0, 0, 1, 0, 0, 0, 0, 0, 0, 1, 1, 0, 0, 0, 0, 1, 1, 0, 0, 1, 0, 1, 0, 1, 1, 0, 0, 0, 0, 0, 0, 0, 1, 0, 0, 0, 0, 0, 0, 0, 0, 1, 0, 0, 0, 0, 0, 1, 0, 0, 1, 0, 1, 0, 0, 1, 0, 0, 0, 0, 0, 1, 0, 0, 1, 1, 0, 0, 0, 0, 0, 0, 1, 1, 0, 1, 0, 0, 1, 1, 1, 0, 0, 1, 1, 0, 0, 0, 0, 0, 0, 0, 0, 0, 1, 1, 1, 0, 1, 0, 0, 0, 1, 0, 0, 0, 0, 0, 0, 0, 0, 0, 1, 0, 1, 0, 0, 1, 0, 0, 0, 1, 1, 1, 0, 0, 0, 0, 0, 0, 1, 1, 0, 1, 0, 0, 0, 0, 0, 1, 1, 0, 1, 0, 1, 0, 0, 0, 0, 0, 0, 0, 0, 0, 0, 0, 0, 0, 0, 0, 0, 0, 1, 0, 1, 0, 0, 1, 1, 1, 0, 0, 1, 0, 0, 1, 1, 0, 0, 1, 0, 1, 1, 0, 0, 0, 0, 1, 1, 0, 1, 0, 0, 1, 0, 0, 0, 0, 0, 0, 0, 0, 0, 0, 1, 0, 1, 0, 0, 0, 1, 0, 1, 0, 0, 0, 1, 0, 0, 0, 0, 0, 0, 0, 0, 0, 0, 0, 0, 1, 0, 0, 1, 1, 1, 0, 0, 0, 1, 0, 0, 0, 1, 0, 1, 1, 0, 0, 0, 0, 1, 0, 0, 0, 0, 0, 0, 0, 1, 1, 1, 1, 0, 0, 0, 1, 1, 0, 0, 0, 0, 0, 0, 0, 0, 0, 0, 0, 1, 0, 1], "n": {"train": 3400, "val": 600, "test": 586, "toxic_frac": 0.23911764705882352}}