{"model": "google/muril-base-cased", "dataset": "hatexplain", "train_config": "hardneg", "seed": 42, "thr_cal": 0.1650745004415512, "metrics_05": {"macro": 0.7335676291793313, "toxf1": 0.801063829787234, "prec": 0.7786970010341262, "rec": 0.8247535596933188, "prauc": 0.8869196145074638, "ece": 0.1076155425210794, "covert": 0.9046849757673667}, "metrics_cal": {"macro": 0.6669789734666692, "toxf1": 0.8015194681861348, "prec": 0.7074601844090528, "rec": 0.9244249726177437, "prauc": 0.8869196145074638, "ece": 0.1076155425210794, "covert": 0.9061287820015516}, "probs": [0.18992, 0.18605, 0.07804, 0.91022, 0.08929, 0.78547, 0.96205, 0.10631, 0.36774, 0.05246, 0.3054, 0.08987, 0.09705, 0.08777, 0.62416, 0.04989, 0.15036, 0.14699, 0.98364, 0.08583, 0.08452, 0.62983, 0.04014, 0.40885, 0.85944, 0.73399, 0.97702, 0.45846, 0.04582, 0.39993, 0.92033, 0.08209, 0.80026, 0.92141, 0.97444, 0.05251, 0.08641, 0.52234, 0.95266, 0.12467, 0.96806, 0.57082, 0.90291, 0.18745, 0.50136, 0.15435, 0.07379, 0.95833, 0.97201, 0.89224, 0.14789, 0.59921, 0.97394, 0.61813, 0.2844, 0.98142, 0.8897, 0.06049, 0.39395, 0.5269, 0.07277, 0.96023, 0.97356, 0.87225, 0.97832, 0.51202, 0.98002, 0.90472, 0.4649, 0.95611, 0.62623, 0.93811, 0.95804, 0.96733, 0.04766, 0.51782, 0.96719, 0.96474, 0.7958, 0.96724, 0.96182, 0.63117, 0.80796, 0.1603, 0.48797, 0.96675, 0.97802, 0.12179, 0.76001, 0.96533, 0.04745, 0.97879, 0.94727, 0.80167, 0.97651, 0.05602, 0.91194, 0.89343, 0.58584, 0.97862, 0.08184, 0.89073, 0.98201, 0.90408, 0.0675, 0.82951, 0.90307, 0.81599, 0.9786, 0.71018, 0.041, 0.05445, 0.4593, 0.24844, 0.24388, 0.67299, 0.72926, 0.92698, 0.80717, 0.88818, 0.93695, 0.28876, 0.04995, 0.97108, 0.58777, 0.08099, 0.18825, 0.2435, 0.12463, 0.94215, 0.36025, 0.96616, 0.0971, 0.9712, 0.89798, 0.51436, 0.49584, 0.97406, 0.95914, 0.10134, 0.84962, 0.98106, 0.94518, 0.97791, 0.86251, 0.37381, 0.96969, 0.88404, 0.73757, 0.86158, 0.91301, 0.26302, 0.96664, 0.54135, 0.96391, 0.90865, 0.94775, 0.82831, 0.21439, 0.5353, 0.37755, 0.94444, 0.89215, 0.94894, 0.77545, 0.66796, 0.93804, 0.12047, 0.92077, 0.94199, 0.27108, 0.17048, 0.13573, 0.73539, 0.96365, 0.61783, 0.41165, 0.19953, 0.97353, 0.23639, 0.97364, 0.1032, 0.36253, 0.18686, 0.97909, 0.78286, 0.95378, 0.87508, 0.92942, 0.97923, 0.92991, 0.96388, 0.93113, 0.97014, 0.96568, 0.94913, 0.932, 0.93961, 0.97192, 0.17536, 0.97003, 0.08081, 0.68672, 0.06778, 0.75292, 0.19933, 0.61505, 0.84735, 0.89352, 0.47444, 0.16239, 0.04483, 0.61663, 0.95495, 0.73441, 0.51377, 0.065, 0.05821, 0.96089, 0.69104, 0.31756, 0.16544, 0.72828, 0.98166, 0.09046, 0.96998, 0.94157, 0.10448, 0.88037, 0.97603, 0.9483, 0.69713, 0.28875, 0.6884, 0.96025, 0.63689, 0.89733, 0.8863, 0.98139, 0.82217, 0.40632, 0.64924, 0.67493, 0.72252, 0.96263, 0.89101, 0.16651, 0.04863, 0.07395, 0.57636, 0.72193, 0.96859, 0.52467, 0.96837, 0.09295, 0.93729, 0.97562, 0.11238, 0.07934, 0.95964, 0.80553, 0.9745, 0.85393, 0.94533, 0.91817, 0.74976, 0.96232, 0.04297, 0.05968, 0.1155, 0.87375, 0.48394, 0.06223, 0.92415, 0.0802, 0.28357, 0.97531, 0.97822, 0.9661, 0.96943, 0.97795, 0.98223, 0.97417, 0.97425, 0.95752, 0.95157, 0.13744, 0.91837, 0.03668, 0.36858, 0.17221, 0.05362, 0.07569, 0.12323, 0.97477, 0.92548, 0.95002, 0.04383, 0.95951, 0.06162, 0.97017, 0.14037, 0.27866, 0.97627, 0.96579, 0.46803, 0.97251, 0.96946, 0.10406, 0.06216, 0.93377, 0.11373, 0.96403, 0.90783, 0.41572, 0.9274, 0.97339, 0.0885, 0.95282, 0.97309, 0.50385, 0.06997, 0.79163, 0.93957, 0.13507, 0.92366, 0.33172, 0.15753, 0.91439, 0.96117, 0.95937, 0.98039, 0.84881, 0.97413, 0.93243, 0.25842, 0.94376, 0.978, 0.97046, 0.24559, 0.63618, 0.96192, 0.91089, 0.9063, 0.10054, 0.88482, 0.04575, 0.16942, 0.51746, 0.66729, 0.27359, 0.91861, 0.28877, 0.96523, 0.25484, 0.96881, 0.06124, 0.7504, 0.8593, 0.89317, 0.07438, 0.89873, 0.97933, 0.02531, 0.98496, 0.54137, 0.98223, 0.9822, 0.27086, 0.7551, 0.12825, 0.69192, 0.83522, 0.97538, 0.92975, 0.85446, 0.22246, 0.92512, 0.97252, 0.97811, 0.95309, 0.94282, 0.05365, 0.97716, 0.08681, 0.12044, 0.12692, 0.0506, 0.49189, 0.93133, 0.94684, 0.7302, 0.30431, 0.8003, 0.96467, 0.96411, 0.15695, 0.89675, 0.93784, 0.09449, 0.97013, 0.11885, 0.97512, 0.70494, 0.59694, 0.96804, 0.86432, 0.91867, 0.41467, 0.05444, 0.88832, 0.70458, 0.24037, 0.06744, 0.13692, 0.9593, 0.06909, 0.97113, 0.97512, 0.23576, 0.88018, 0.8862, 0.88397, 0.95239, 0.35868, 0.13721, 0.89935, 0.84805, 0.90222, 0.37483, 0.10265, 0.07958, 0.56632, 0.11031, 0.91279, 0.97033, 0.96264, 0.56893, 0.81491, 0.45451, 0.97262, 0.34887, 0.97101, 0.37261, 0.24291, 0.97795, 0.96612, 0.96015, 0.2465, 0.95327, 0.45243, 0.89332, 0.08757, 0.97696, 0.58497, 0.66376, 0.3494, 0.13422, 0.97612, 0.72598, 0.52636, 0.9323, 0.92896, 0.93368, 0.07681, 0.4828, 0.8688, 0.77033, 0.97985, 0.05437, 0.05823, 0.94584, 0.80782, 0.09896, 0.97685, 0.16809, 0.79852, 0.4805, 0.96067, 0.46911, 0.95553, 0.73624, 0.0613, 0.95193, 0.15749, 0.76821, 0.12064, 0.89422, 0.80839, 0.97615, 0.97957, 0.9743, 0.96188, 0.51325, 0.86875, 0.05491, 0.05464, 0.64112, 0.96379, 0.96996, 0.97747, 0.33614, 0.0694, 0.05169, 0.96601, 0.98064, 0.91618, 0.14951, 0.13952, 0.91239, 0.41622, 0.08435, 0.97188, 0.05655, 0.1031, 0.51611, 0.97178, 0.12206, 0.86759, 0.0763, 0.37676, 0.39288, 0.97218, 0.51247, 0.95395, 0.97085, 0.96437, 0.05139, 0.97766, 0.89925, 0.50346, 0.8851, 0.08362, 0.58032, 0.9472, 0.75344, 0.58304, 0.03832, 0.8652, 0.9797, 0.1893, 0.87945, 0.96126, 0.083, 0.18889, 0.8328, 0.27301, 0.85767, 0.6712, 0.95306, 0.88145, 0.77276, 0.98332, 0.967, 0.67713, 0.95748, 0.54518, 0.86151, 0.92575, 0.72889, 0.0668, 0.71054, 0.09356, 0.47123, 0.96229, 0.0523, 0.97679, 0.03824, 0.9686, 0.38349, 0.9737, 0.96831, 0.21282, 0.89746, 0.7431, 0.93941, 0.96352, 0.96541, 0.16804, 0.9798, 0.72791, 0.93231, 0.94492, 0.972, 0.94295, 0.89328, 0.10808, 0.56771, 0.98064, 0.06454, 0.97379, 0.04858, 0.64515, 0.05981, 0.05456, 0.96644, 0.97087, 0.15677, 0.6915, 0.57787, 0.93826, 0.7192, 0.31746, 0.57892, 0.85484, 0.10234, 0.44763, 0.8426, 0.52481, 0.96972, 0.11223, 0.9749, 0.83213, 0.2612, 0.11123, 0.88705, 0.94661, 0.62952, 0.94466, 0.96482, 0.81854, 0.60207, 0.0736, 0.97845, 0.96647, 0.95462, 0.27515, 0.96678, 0.9569, 0.92027, 0.45171, 0.71139, 0.47096, 0.96498, 0.72477, 0.95998, 0.93546, 0.93837, 0.26976, 0.09619, 0.03825, 0.15669, 0.42705, 0.79584, 0.97403, 0.97653, 0.41402, 0.05412, 0.10772, 0.96185, 0.96957, 0.95197, 0.6115, 0.87471, 0.21044, 0.84098, 0.93297, 0.21115, 0.67126, 0.97905, 0.75003, 0.78118, 0.36254, 0.84822, 0.03905, 0.07408, 0.19589, 0.06465, 0.95388, 0.83024, 0.13689, 0.49612, 0.55598, 0.9607, 0.17152, 0.92879, 0.60756, 0.17673, 0.89168, 0.98008, 0.95673, 0.96641, 0.93099, 0.96385, 0.55213, 0.04729, 0.71202, 0.69266, 0.1923, 0.91457, 0.76548, 0.89237, 0.95301, 0.31942, 0.931, 0.98065, 0.97045, 0.46096, 0.07567, 0.21145, 0.97148, 0.97303, 0.95937, 0.92117, 0.97395, 0.958, 0.16827, 0.31745, 0.1413, 0.9805, 0.19071, 0.6959, 0.95608, 0.51364, 0.12998, 0.93436, 0.97091, 0.77637, 0.89771, 0.05615, 0.12318, 0.87389, 0.9683, 0.65975, 0.08446, 0.97916, 0.17345, 0.37158, 0.96418, 0.97807, 0.90059, 0.93525, 0.70546, 0.90881, 0.97229, 0.82193, 0.10263, 0.32429, 0.10333, 0.88145, 0.97401, 0.93967, 0.91613, 0.14692, 0.16894, 0.09719, 0.94799, 0.78311, 0.93286, 0.15809, 0.07038, 0.95225, 0.072, 0.31329, 0.98247, 0.96834, 0.58211, 0.06866, 0.96664, 0.25687, 0.5022, 0.05968, 0.05418, 0.91398, 0.17696, 0.11946, 0.0514, 0.96188, 0.45621, 0.13614, 0.90476, 0.31548, 0.04144, 0.90272, 0.92173, 0.33576, 0.9548, 0.97633, 0.18079, 0.20959, 0.96367, 0.97823, 0.90824, 0.93005, 0.6476, 0.94999, 0.95711, 0.97193, 0.05172, 0.93295, 0.80053, 0.16043, 0.90765, 0.97059, 0.04005, 0.84919, 0.14617, 0.13804, 0.19208, 0.98076, 0.95481, 0.97551, 0.96828, 0.96096, 0.59899, 0.92777, 0.98076, 0.95713, 0.42761, 0.97095, 0.06421, 0.7325, 0.68666, 0.0605, 0.37938, 0.91602, 0.0418, 0.13783, 0.80623, 0.20026, 0.98222, 0.05446, 0.9769, 0.95884, 0.08632, 0.9353, 0.97197, 0.04394, 0.91984, 0.76063, 0.96182, 0.13588, 0.28024, 0.50683, 0.97609, 0.30491, 