{"model": "google/muril-base-cased", "dataset": "dravidian_tamil", "train_config": "ce", "seed": 42, "thr_cal": 0.3835292518138885, "metrics_05": {"macro": 0.7447292229689726, "toxf1": 0.6325802615933412, "prec": 0.539553752535497, "rec": 0.764367816091954, "prauc": 0.6263216580107093, "ece": 0.11160988892118136, "covert": 0.727710843373494}, "metrics_cal": {"macro": 0.7324233263527664, "toxf1": 0.6261061946902655, "prec": 0.5089928057553957, "rec": 0.8132183908045977, "prauc": 0.6263216580107093, "ece": 0.11160988892118136, "covert": 0.7297921478060047}, "probs": [0.04754, 0.02023, 0.02339, 0.02542, 0.7927, 0.04243, 0.02312, 0.01833, 0.02193, 0.01926, 0.0356, 0.06072, 0.02004, 0.01873, 0.028, 0.04212, 0.94513, 0.04988, 0.01669, 0.6276, 0.04026, 0.05728, 0.09798, 0.03632, 0.02066, 0.75766, 0.94945, 0.02158, 0.03068, 0.02063, 0.02118, 0.8884, 0.07233, 0.04455, 0.03315, 0.92228, 0.05125, 0.07073, 0.02106, 0.48204, 0.11332, 0.06674, 0.2998, 0.3476, 0.38412, 0.88975, 0.02045, 0.03298, 0.8866, 0.02937, 0.02621, 0.21126, 0.1075, 0.05477, 0.0907, 0.91211, 0.44428, 0.93166, 0.93037, 0.05062, 0.02626, 0.01984, 0.88846, 0.41779, 0.03959, 0.02646, 0.02908, 0.32784, 0.93382, 0.37356, 0.77734, 0.54605, 0.03086, 0.09951, 0.83689, 0.93419, 0.79486, 0.94146, 0.04096, 0.04195, 0.93303, 0.60228, 0.13788, 0.01714, 0.04112, 0.01908, 0.03515, 0.0384, 0.01979, 0.91802, 0.02399, 0.91763, 0.01601, 0.49552, 0.13842, 0.2855, 0.54926, 0.02804, 0.04032, 0.02156, 0.64694, 0.02217, 0.07018, 0.02231, 0.53457, 0.75567, 0.04115, 0.02516, 0.01781, 0.52119, 0.36495, 0.05626, 0.93168, 0.07718, 0.53442, 0.096, 0.03355, 0.18083, 0.03027, 0.01764, 0.0395, 0.02183, 0.02452, 0.03846, 0.4593, 0.02637, 0.93678, 0.06808, 0.02924, 0.03963, 0.04103, 0.05149, 0.93329, 0.08661, 0.83154, 0.82469, 0.04611, 0.02407, 0.02451, 0.93249, 0.91427, 0.02157, 0.86436, 0.94609, 0.73924, 0.36762, 0.01671, 0.17812, 0.51155, 0.10848, 0.81361, 0.05494, 0.80269, 0.06936, 0.51941, 0.08654, 0.01799, 0.43088, 0.02429, 0.93746, 0.0333, 0.94324, 0.04771, 0.95256, 0.01737, 0.05672, 0.11844, 0.09245, 0.56627, 0.44729, 0.92869, 0.56864, 0.91173, 0.52141, 0.22854, 0.02493, 0.3716, 0.62249, 0.02047, 0.37019, 0.03752, 0.66579, 0.08014, 0.94234, 0.02451, 0.02208, 0.557, 0.02044, 0.02052, 0.09558, 0.03672, 0.05955, 0.24826, 0.06848, 0.01788, 0.50163, 0.03148, 0.90379, 0.01854, 0.02754, 0.06936, 0.95173, 0.94302, 0.0211, 0.06416, 0.02481, 0.56691, 0.02321, 0.06926, 0.88882, 0.08552, 0.0613, 0.51403, 0.02116, 0.02069, 0.91268, 0.02107, 0.02271, 0.0395, 0.04355, 0.01889, 0.0204, 0.02288, 0.95295, 0.07566, 0.94372, 0.91341, 0.05783, 0.02052, 0.03295, 0.41613, 0.06196, 0.03027, 0.94766, 0.9025, 0.02627, 0.16758, 0.01805, 0.73496, 0.06465, 0.95014, 0.06734, 0.01895, 0.67452, 0.35365, 0.1342, 0.05397, 0.92844, 0.03738, 0.1262, 0.02164, 0.02515, 0.46686, 0.02194, 0.91093, 0.21938, 0.01904, 0.29329, 0.27735, 0.0197, 0.23086, 0.93476, 0.04091, 0.0631, 0.92036, 0.02534, 0.05945, 0.10002, 0.90607, 0.05461, 0.37854, 0.9485, 0.93576, 0.01867, 0.02867, 0.01606, 0.84697, 0.23376, 0.04062, 0.08657, 0.02512, 0.01968, 0.05698, 0.11155, 0.02455, 0.02253, 0.102, 0.41829, 0.90472, 0.94346, 0.03031, 0.01829, 0.03264, 0.91725, 0.03997, 0.06633, 0.06433, 0.05814, 0.946, 0.1815, 0.01807, 0.02971, 0.27321, 0.89747, 0.85521, 0.16912, 0.05396, 0.03189, 0.08079, 0.02057, 0.04827, 0.94739, 0.35187, 0.53293, 0.50691, 0.43992, 0.83401, 0.05338, 0.03635, 0.0388, 0.02547, 0.80024, 0.88277, 0.2766, 0.04502, 0.88425, 0.94094, 0.49508, 0.0996, 0.01828, 0.03917, 0.91899, 0.02471, 0.40158, 0.02457, 0.02051, 0.10965, 0.93744, 0.14783, 0.40488, 0.01789, 0.0191, 0.19441, 0.5871, 0.08321, 0.08966, 0.09191, 0.02959, 0.1032, 0.03421, 0.91156, 0.35297, 0.46254, 0.82655, 0.33997, 0.46084, 0.21367, 0.19203, 0.02159, 0.04033, 0.9233, 0.65731, 0.03784, 0.19543, 0.08918, 0.88516, 0.0282, 0.93121, 0.01874, 0.95277, 0.01887, 0.73344, 0.2, 0.03919, 0.02787, 0.28785, 0.02766, 0.18596, 0.94574, 0.03158, 0.27323, 0.01732, 0.22165, 0.44239, 0.48656, 0.781, 0.06947, 0.3483, 0.01774, 0.84686, 0.05091, 0.0354, 0.02419, 0.01791, 0.08216, 0.85401, 0.91159, 0.90901, 0.02116, 0.05213, 0.6326, 0.12286, 0.02991, 0.20585, 0.02338, 0.02627, 0.03127, 0.94566, 0.11802, 0.95062, 0.95136, 0.05407, 0.02446, 0.88117, 0.55878, 0.93164, 0.05108, 0.04553, 0.90515, 0.86902, 0.93122, 0.31029, 0.02521, 0.0411, 0.9128, 0.02583, 0.02442, 0.04021, 0.92065, 0.19046, 0.0374, 0.92112, 0.81889, 0.93133, 0.12058, 0.03363, 0.03678, 0.6144, 0.03168, 0.04514, 0.8712, 0.0313, 0.95155, 0.92781, 0.15507, 0.93406, 0.84003, 0.02415, 0.16814, 0.40788, 0.04201, 0.78711, 0.21347, 0.03401, 0.02116, 0.86928, 0.41788, 0.36458, 0.02549, 0.17162, 0.0192, 0.02445, 0.73985, 0.01806, 0.02198, 0.89771, 0.02111, 0.04126, 0.94586, 0.60196, 0.02524, 0.03313, 0.64578, 0.29772, 0.24484, 0.0787, 0.02165, 0.94677, 0.94302, 0.39675, 0.40104, 0.01954, 0.20354, 0.89326, 0.0219, 0.95359, 0.95013, 0.02653, 0.01847, 0.80062, 0.02153, 0.92433, 0.0691, 0.03905, 0.92519, 0.0682, 0.60767, 0.01908, 0.11244, 0.9335, 0.62115, 0.7883, 0.02928, 0.1372, 0.91807, 0.07453, 0.03022, 0.01984, 0.93641, 0.02371, 0.01759, 0.03198, 0.03369, 0.10649, 0.03097, 0.42512, 0.13171, 0.09872, 0.77855, 0.0828, 0.90944, 0.03763, 0.03812, 0.24475, 0.92249, 0.02341, 0.05553, 0.18323, 0.16138, 0.13749, 0.15721, 0.03633, 0.95055, 0.82893, 0.21825, 0.0203, 0.04236, 0.02228, 0.01845, 0.04242, 0.45173, 0.52399, 0.02804, 0.02358, 0.25864, 0.94564, 0.03145, 0.59545, 0.02216, 0.02647, 0.01946, 0.02149, 0.10679, 0.24066, 0.18003, 0.46279, 0.23475, 0.86832, 0.62302, 0.88713, 0.92466, 0.20583, 0.65289, 0.37651, 0.03322, 0.08393, 0.92021, 0.93209, 0.01778, 0.95037, 0.08526, 0.8417, 0.02347, 0.02811, 0.17536, 0.55331, 0.27781, 0.0379, 0.92371, 0.03855, 0.68171, 0.5911, 0.04154, 0.06169, 0.15217, 0.06766, 0.04599, 0.02973, 0.946, 0.94399, 0.02587, 0.94625, 0.92776, 0.78674, 0.0277, 0.01982, 0.02748, 0.04957, 0.02078, 0.10195, 0.02922, 0.94988, 0.89222, 0.63506, 0.02923, 0.27541, 0.08041, 0.10181, 0.53084, 0.54909, 0.07448, 0.89075, 0.7203, 0.05334, 0.32221, 0.03827, 0.18839, 0.05523, 0.16693, 0.90769, 0.0233, 0.03931, 0.92809, 0.03698, 0.636, 0.05819, 0.03196, 0.01747, 0.94778, 0.02995, 0.10542, 0.33824, 0.06406, 0.40602, 0.10087, 0.90763, 0.92038, 0.03673, 0.94018, 0.11124, 0.02592, 0.68185, 0.87429, 0.56341, 0.20472, 0.02015, 0.40062, 0.89447, 0.87854, 0.94257, 0.02811, 0.7197, 0.42122, 0.49099, 0.03917, 0.03491, 0.01789, 0.92037, 0.94561, 0.04607, 0.43514, 0.21844, 0.07405, 0.01766, 0.17084, 0.84133, 0.09283, 0.16664, 0.85576, 0.71158, 0.92212, 0.03244, 0.89701, 0.60619, 0.01855, 0.12506, 0.02007, 0.93059, 0.02842, 0.95529, 0.0785, 0.8898, 0.91433, 0.01988, 0.46384, 0.03825, 0.35447, 0.92524, 0.04099, 0.33736, 0.02598, 0.04554, 0.03795, 0.46774, 0.8002, 0.04096, 0.05661, 0.06036, 0.0369, 0.55064, 0.1896, 0.03055, 0.35965, 0.9467, 0.03433, 0.44116, 0.11581, 0.04944, 0.03615, 0.02693, 0.03162, 0.03669, 0.06872, 0.01903, 0.94747, 0.18118, 0.94783, 0.01891, 0.93994, 0.02149, 0.95074, 0.17238, 0.73993, 0.07453, 0.20624, 0.01942, 0.17532, 0.59361, 0.10213, 0.14975, 0.01739, 0.07331, 0.9363, 0.09165, 0.88904, 0.03761, 0.09851, 0.04619, 0.06067, 0.01879, 0.01862, 0.03304, 0.94755, 0.94658, 0.28572, 0.05186, 0.05047, 0.02191, 0.60668, 0.79007, 0.02551, 0.03223, 0.88116, 0.54255, 0.03963, 0.02132, 0.86102, 0.15239, 0.02539, 0.04638, 0.13328, 0.9136, 0.05439, 0.02516, 0.11862, 0.02139, 0.90693, 0.07727, 0.89832, 0.03214, 0.94699, 0.02064, 0.25671, 0.02629, 0.25319, 0.67113, 0.16447, 0.92566, 0.01916, 0.02404, 0.56618, 0.83377, 0.68464, 0.02246, 0.17795, 0.36024, 0.43703, 0.02042, 0.44319, 0.91678, 0.08816, 0.63961, 0.93942, 0.02068, 0.02493, 0.88099, 0.16723, 0.02446, 0.0629, 0.5539, 0.02163, 0.78578, 0.01923, 0.77282, 0.17093, 0.64366, 0.16369, 0.68442, 0.24962, 0.11453, 0.42209, 0.9432, 0.95167, 0.5441, 0.02177, 0.02256, 0.61941, 0.04171, 0.03148, 0.11894, 0.93812, 0.92404, 0.11127, 0.10348, 0.92162, 0.52887, 0.03287, 0.03834, 0.92479, 0.05358, 0.02074, 0.03736, 0.92606, 0.05577, 0.92618, 