{"model": "google/muril-base-cased", "dataset": "hatexplain", "train_config": "hardneg", "seed": 7, "thr_cal": 0.2095193602144718, "metrics_05": {"macro": 0.7404378763197805, "toxf1": 0.776084407971864, "prec": 0.8348045397225725, "rec": 0.7250821467688937, "prauc": 0.8868260623788445, "ece": 0.1196136713872353, "covert": 0.8896434634974533}, "metrics_cal": {"macro": 0.7447810820521692, "toxf1": 0.8097768331562167, "prec": 0.7863777089783281, "rec": 0.8346111719605696, "prauc": 0.8868260623788445, "ece": 0.1196136713872353, "covert": 0.9083601286173634}, "probs": [0.14382, 0.07557, 0.04335, 0.78806, 0.0886, 0.76107, 0.97253, 0.08477, 0.30416, 0.03772, 0.06027, 0.08778, 0.07065, 0.07858, 0.21835, 0.0982, 0.07275, 0.06381, 0.9817, 0.07249, 0.09615, 0.69027, 0.04635, 0.28293, 0.78898, 0.94888, 0.95819, 0.09373, 0.05592, 0.43754, 0.94446, 0.06712, 0.73657, 0.91956, 0.97841, 0.03733, 0.10884, 0.34769, 0.67246, 0.06319, 0.94369, 0.8875, 0.11809, 0.13605, 0.27288, 0.09807, 0.03938, 0.9654, 0.96681, 0.63258, 0.04718, 0.41568, 0.98112, 0.32841, 0.13033, 0.96266, 0.34577, 0.04882, 0.35682, 0.7744, 0.0536, 0.91395, 0.96335, 0.70279, 0.97285, 0.25891, 0.97393, 0.62477, 0.78413, 0.82206, 0.18795, 0.97474, 0.30652, 0.96253, 0.03928, 0.1273, 0.93979, 0.92791, 0.31298, 0.95899, 0.94412, 0.35465, 0.94567, 0.06816, 0.48082, 0.87813, 0.97888, 0.18573, 0.33431, 0.90917, 0.0341, 0.97202, 0.83186, 0.56327, 0.955, 0.07152, 0.5983, 0.43977, 0.75265, 0.97788, 0.04893, 0.94341, 0.97507, 0.92011, 0.06043, 0.68461, 0.78622, 0.76064, 0.96279, 0.2749, 0.02867, 0.0726, 0.14365, 0.13358, 0.14399, 0.53823, 0.57262, 0.94016, 0.96252, 0.94896, 0.28057, 0.09607, 0.04631, 0.96693, 0.31462, 0.08027, 0.13379, 0.1052, 0.1244, 0.93209, 0.28922, 0.96611, 0.0798, 0.54957, 0.83405, 0.25848, 0.32615, 0.96956, 0.96234, 0.06281, 0.0797, 0.97843, 0.76121, 0.98082, 0.81923, 0.09996, 0.97038, 0.15505, 0.58518, 0.39381, 0.85861, 0.09967, 0.95108, 0.14995, 0.96613, 0.85289, 0.77832, 0.87434, 0.04137, 0.88838, 0.14203, 0.79861, 0.83796, 0.63137, 0.46614, 0.26959, 0.94622, 0.078, 0.94161, 0.76055, 0.12778, 0.26816, 0.08123, 0.40505, 0.94536, 0.16258, 0.08636, 0.13736, 0.97176, 0.08501, 0.97653, 0.08588, 0.04412, 0.3428, 0.97681, 0.07341, 0.97468, 0.34206, 0.92354, 0.98068, 0.58832, 0.97252, 0.96045, 0.97438, 0.95654, 0.9205, 0.9546, 0.8323, 0.96455, 0.04085, 0.95505, 0.06311, 0.07631, 0.05779, 0.32362, 0.20296, 0.10431, 0.50957, 0.39174, 0.07033, 0.04811, 0.03826, 0.89875, 0.94387, 0.77585, 0.1868, 0.03521, 0.06266, 0.97262, 0.28701, 0.40195, 0.19989, 0.49471, 0.9809, 0.03775, 0.97819, 0.93002, 0.10695, 0.55233, 0.921, 0.95876, 0.56013, 0.58763, 0.79999, 0.96891, 0.532, 0.77254, 0.87577, 0.97567, 0.69864, 0.07325, 0.85946, 0.49149, 0.9398, 0.7888, 0.46386, 0.12822, 0.04043, 0.05799, 0.08686, 0.75668, 0.972, 0.18742, 0.95267, 0.09194, 0.9573, 0.94219, 0.15034, 0.0657, 0.9693, 0.68787, 0.97231, 0.14795, 0.88131, 0.68134, 0.16384, 0.92628, 0.03767, 0.07492, 0.12872, 0.6971, 0.11611, 0.03847, 0.74866, 0.06985, 0.10222, 0.94388, 0.97406, 0.93362, 0.97441, 0.97724, 0.97358, 0.94995, 0.97297, 0.95502, 0.48574, 0.34327, 0.1318, 0.02752, 0.05447, 0.05756, 0.07467, 0.05671, 0.08696, 0.96907, 0.05963, 0.71441, 0.03695, 0.96412, 0.05133, 0.9557, 0.0591, 0.35448, 0.98213, 0.94993, 0.19596, 0.7691, 0.88824, 0.03278, 0.06225, 0.91319, 0.10353, 0.95819, 0.41318, 0.18009, 0.34712, 0.96929, 0.04726, 0.95326, 0.9789, 0.46881, 0.04858, 0.94138, 0.96046, 0.05552, 0.94888, 0.0962, 0.06758, 0.83262, 0.95408, 0.90373, 0.97429, 0.87339, 0.96475, 0.96698, 0.05457, 0.93118, 0.98152, 0.96429, 0.04136, 0.83178, 0.95595, 0.3283, 0.48391, 0.14382, 0.88837, 0.03659, 0.31298, 0.35854, 0.54165, 0.06029, 0.9043, 0.1679, 0.9615, 0.62711, 0.97393, 0.0407, 0.93223, 0.95751, 0.94882, 0.06256, 0.91882, 0.97794, 0.02385, 0.97951, 0.12884, 0.98202, 0.97612, 0.68742, 0.47844, 0.09426, 0.72989, 0.91107, 0.96986, 0.87011, 0.89681, 0.07615, 0.85268, 0.93242, 0.97884, 0.96117, 0.94149, 0.04081, 0.98031, 0.05577, 0.11252, 0.05793, 0.03654, 0.72281, 0.97491, 0.95355, 0.22466, 0.17322, 0.22676, 0.96839, 0.97535, 0.11736, 0.66868, 0.95739, 0.16914, 0.57174, 0.05763, 0.90599, 0.31312, 0.29304, 0.91939, 0.90435, 0.88046, 0.12091, 0.02622, 0.77819, 0.07949, 0.20258, 0.05063, 0.23298, 0.9693, 0.05309, 0.96637, 0.97469, 0.27293, 0.85951, 0.3839, 0.79648, 0.64101, 0.13122, 0.089, 0.63188, 0.81139, 0.79207, 0.52144, 0.04574, 0.04972, 0.09831, 0.0685, 0.50893, 0.95558, 0.70699, 0.67865, 0.73586, 0.07189, 0.97598, 0.27998, 0.62125, 0.46189, 0.12121, 0.9769, 0.93496, 0.90746, 0.05354, 0.91665, 0.32074, 0.11163, 0.06081, 0.72776, 0.26423, 0.06411, 0.73499, 0.06607, 0.9738, 0.1095, 0.07673, 0.89268, 0.97399, 0.79653, 0.06378, 0.26841, 0.69889, 0.84421, 0.97605, 0.0871, 0.048, 0.07485, 0.70178, 0.07721, 0.97543, 0.06922, 0.58638, 0.06819, 0.94461, 0.55596, 0.55132, 0.50503, 0.04364, 0.95647, 0.08156, 0.7429, 0.11908, 0.88387, 0.59295, 0.93193, 0.97019, 0.95675, 0.97179, 0.2336, 0.12323, 0.047, 0.0477, 0.72376, 0.88941, 0.8771, 0.97559, 0.05107, 0.05933, 0.03682, 0.95897, 0.9815, 0.92828, 0.10052, 0.10064, 0.93081, 0.09037, 0.21062, 0.96051, 0.05164, 0.09194, 0.56017, 0.96666, 0.12949, 0.80044, 0.07503, 0.07612, 0.55914, 0.97413, 0.82164, 0.56298, 0.95711, 0.97394, 0.05284, 0.94459, 0.5109, 0.30558, 0.11341, 0.03747, 0.08441, 0.96848, 0.58913, 0.32972, 0.04367, 0.68176, 0.97898, 0.05121, 0.32567, 0.96554, 0.08609, 0.39596, 0.20276, 0.68594, 0.7182, 0.83937, 0.87371, 0.45085, 0.26474, 0.98122, 0.97123, 0.04203, 0.94173, 0.92196, 0.87631, 0.9423, 0.04728, 0.04677, 0.16797, 0.07763, 0.91674, 0.94592, 0.04421, 0.95387, 0.02613, 0.96574, 0.84334, 0.97088, 0.97757, 0.70116, 0.94752, 0.45923, 0.94836, 0.84328, 0.71839, 0.35512, 0.98232, 0.10881, 0.18027, 0.94587, 0.96892, 0.87833, 0.79517, 0.04018, 0.42862, 0.97477, 0.04111, 0.96751, 0.04408, 0.18285, 0.05839, 0.06344, 0.96737, 0.96028, 0.07725, 0.44125, 0.6901, 0.91846, 0.6875, 0.09086, 0.6517, 0.69029, 0.07018, 0.10761, 0.30273, 0.20694, 0.96858, 0.06872, 0.95863, 0.42804, 0.08431, 0.04832, 0.77904, 0.87154, 0.73587, 0.88635, 0.93576, 0.90516, 0.40358, 0.07199, 0.96907, 0.94892, 0.1222, 0.15822, 0.97015, 0.66041, 0.80957, 0.09206, 0.45292, 0.15604, 0.73857, 0.83434, 0.77958, 0.9339, 0.96215, 0.04085, 0.04474, 0.03102, 0.18586, 0.07938, 0.68664, 0.9369, 0.97739, 0.43281, 0.03281, 0.12621, 0.97211, 0.97117, 0.95728, 0.31003, 0.96526, 0.12079, 0.19187, 0.92802, 0.03806, 0.10856, 0.97669, 0.13684, 0.94166, 0.09626, 0.94975, 0.03353, 0.0904, 0.40244, 0.07397, 0.85881, 0.49174, 0.08023, 0.45677, 0.17397, 0.95851, 0.05517, 0.41313, 0.71608, 0.38155, 0.84329, 0.97936, 0.95866, 0.97151, 0.85421, 0.95192, 0.41156, 0.03158, 0.82499, 0.57335, 0.1274, 0.96005, 0.57142, 0.86604, 0.71074, 0.12144, 0.77375, 0.94035, 0.95212, 0.05351, 0.05658, 0.08325, 0.97434, 0.96556, 0.3214, 0.83438, 0.95726, 0.81338, 0.08036, 0.05354, 0.15661, 0.97506, 0.4312, 0.34112, 0.93634, 0.05683, 0.0834, 0.96858, 0.97174, 0.04429, 0.88537, 0.04278, 0.15371, 0.68351, 0.97168, 0.12427, 0.0478, 0.93642, 0.0495, 0.10915, 0.86361, 0.97693, 0.57617, 0.96118, 0.68905, 0.47625, 0.97242, 0.96022, 0.03984, 0.14144, 0.10354, 0.86595, 0.96515, 0.32669, 0.96786, 0.05239, 0.04802, 0.5243, 0.96997, 0.2345, 0.95158, 0.10601, 0.07681, 0.82335, 0.04209, 0.11152, 0.97949, 0.90039, 0.05884, 0.08626, 0.9762, 0.08039, 0.06653, 0.10597, 0.13929, 0.22572, 0.11562, 0.07805, 0.04863, 0.9511, 0.20299, 0.04643, 0.90125, 0.05625, 0.04089, 0.53809, 0.8839, 0.08786, 0.87843, 0.97839, 0.07141, 0.1352, 0.97404, 0.93822, 0.28501, 0.90293, 0.29289, 0.95621, 0.96183, 0.9445, 0.04031, 0.27738, 0.30692, 0.07755, 0.96567, 0.89226, 0.03861, 0.62988, 0.03925, 0.37656, 0.2088, 0.96989, 0.96743, 0.97543, 0.97195, 0.97242, 0.14087, 0.97358, 0.97886, 0.94739, 0.08045, 0.97207, 0.07363, 0.78843, 0.61133, 0.03139, 0.47567, 0.33551, 0.03946, 0.08388, 0.18647, 0.17998, 0.97513, 0.06551, 0.9792, 0.81223, 0.06888, 0.96181, 0.96496, 0.0525, 0.89748, 0.67281, 0.86915, 0.38021, 0.06348, 0.83365, 0.9773, 0.18285,