{"model": "google/muril-base-cased", "dataset": "dravidian_kannada", "train_config": "ce", "seed": 7, "thr_cal": 0.1262389071285725, "metrics_05": {"macro": 0.7587755407529376, "toxf1": 0.6451612903225806, "prec": 0.6666666666666666, "rec": 0.625, "prauc": 0.7302577931013581, "ece": 0.09861083132923666, "covert": 0.8301886792452831}, "metrics_cal": {"macro": 0.7516907729009226, "toxf1": 0.6631299734748011, "prec": 0.576036866359447, "rec": 0.78125, "prauc": 0.7302577931013581, "ece": 0.09861083132923666, "covert": 0.8670520231213873}, "probs": [0.02823, 0.16511, 0.69768, 0.07129, 0.13961, 0.07994, 0.22038, 0.02544, 0.03252, 0.02364, 0.03549, 0.05141, 0.02738, 0.07807, 0.08476, 0.02129, 0.04089, 0.79648, 0.01993, 0.73559, 0.04178, 0.02637, 0.43532, 0.19797, 0.97072, 0.10667, 0.96618, 0.59712, 0.05936, 0.25684, 0.9724, 0.13849, 0.04452, 0.27976, 0.87417, 0.02772, 0.03044, 0.02234, 0.43848, 0.03141, 0.06459, 0.0276, 0.95918, 0.10996, 0.02992, 0.0327, 0.03885, 0.0218, 0.02493, 0.14538, 0.78679, 0.0433, 0.02315, 0.72536, 0.03134, 0.10166, 0.02502, 0.05572, 0.07881, 0.64247, 0.07391, 0.05247, 0.03792, 0.49534, 0.02892, 0.02287, 0.02987, 0.05379, 0.62615, 0.96861, 0.14166, 0.02396, 0.52533, 0.20357, 0.19316, 0.88441, 0.02333, 0.04022, 0.05817, 0.85904, 0.03181, 0.87422, 0.04157, 0.0836, 0.07144, 0.02061, 0.95461, 0.02013, 0.91323, 0.03405, 0.0184, 0.03332, 0.02224, 0.10749, 0.02146, 0.06027, 0.03935, 0.02411, 0.03705, 0.02666, 0.03096, 0.93608, 0.03879, 0.52056, 0.06209, 0.02891, 0.83389, 0.04616, 0.02577, 0.10918, 0.74355, 0.13261, 0.02057, 0.04018, 0.02645, 0.02046, 0.04452, 0.05252, 0.62234, 0.96637, 0.07331, 0.03563, 0.08326, 0.04007, 0.29404, 0.06081, 0.03885, 0.92178, 0.02482, 0.48758, 0.88082, 0.03932, 0.02132, 0.68484, 0.95177, 0.0944, 0.02162, 0.96877, 0.02354, 0.6997, 0.02258, 0.06395, 0.51237, 0.91278, 0.96154, 0.22283, 0.35276, 0.67809, 0.08262, 0.0225, 0.01973, 0.06735, 0.90088, 0.24782, 0.07979, 0.64072, 0.0225, 0.0508, 0.07905, 0.42896, 0.09798, 0.17383, 0.02294, 0.07559, 0.08469, 0.02684, 0.0855, 0.02234, 0.02913, 0.30262, 0.04149, 0.95133, 0.02754, 0.02981, 0.87613, 0.0329, 0.03885, 0.03944, 0.06356, 0.48998, 0.02445, 0.0276, 0.03885, 0.88706, 0.23233, 0.02571, 0.80325, 0.0188, 0.0724, 0.02632, 0.94339, 0.96377, 0.04166, 0.03885, 0.80937, 0.95484, 0.04852, 0.09445, 0.03286, 0.04037, 0.06721, 0.02772, 0.02556, 0.47906, 0.0219, 0.89449, 0.89926, 0.0412, 0.96259, 0.0263, 0.95502, 0.7826, 0.04299, 0.02901, 0.02544, 0.02085, 0.15689, 0.03558, 0.02306, 0.02387, 0.01758, 0.07903, 0.02195, 0.34835, 0.67415, 0.06189, 0.02541, 0.04888, 0.01972, 0.20262, 0.02238, 0.04387, 0.02195, 0.15487, 0.02445, 0.71524, 0.97247, 0.04923, 0.02362, 0.02137, 0.04929, 0.03885, 0.20276, 0.97198, 0.96693, 0.02527, 0.0214, 0.11339, 0.05516, 0.52719, 0.03417, 0.05177, 0.0234, 0.08478, 0.02498, 0.02499, 0.0661, 0.52811, 0.18636, 0.03029, 0.85569, 0.06209, 0.58891, 0.78441, 0.04181, 0.02312, 0.03885, 0.02109, 0.02165, 0.02068, 0.02602, 0.02236, 0.04909, 0.53719, 0.07679, 0.04423, 0.92112, 0.02359, 0.94645, 0.9343, 0.02924, 0.8469, 0.96225, 0.04101, 0.05042, 0.12113, 0.02829, 0.62122, 0.04405, 0.03448, 0.89399, 0.02208, 0.05897, 0.06979, 0.03446, 0.03885, 0.85871, 0.21881, 0.03886, 0.02726, 0.02431, 0.02629, 0.03078, 0.87696, 0.01995, 0.0284, 0.03305, 0.03885, 0.04354, 0.03154, 0.04665, 0.05823, 0.02177, 0.03667, 0.8958, 0.19744, 0.02366, 0.22779, 0.82398, 0.0641, 0.54815, 0.04624, 0.02411, 0.03448, 0.96103, 0.02596, 0.84973, 0.03912, 0.74538, 0.95101, 0.01926, 0.30541, 0.12909, 0.02837, 0.02625, 0.02371, 0.02889, 0.03536, 0.02647, 0.03189, 0.02747, 0.02738, 0.04745, 0.27799, 0.55174, 0.02915, 0.9594, 0.77526, 0.03885, 0.12237, 0.02311, 0.03473, 0.6025, 0.93865, 0.16896, 0.86753, 0.92369, 0.14563, 0.02271, 0.02596, 0.18763, 0.03546, 0.05028, 0.09067, 0.04927, 0.03172, 0.89005, 0.0278, 0.02118, 0.10099, 0.97196, 0.04239, 0.02751, 0.03885, 0.02499, 0.16459, 0.03376, 0.8458, 0.92792, 0.03077, 0.88316, 0.02938, 0.03969, 0.92828, 0.20419, 0.43135, 0.01965, 0.02086, 0.0367, 0.95158, 0.06602, 0.03321, 0.0222, 0.03062, 0.09068, 0.02127, 0.3284, 0.02991, 0.04381, 0.93282, 0.05382, 0.0561, 0.07698, 0.76778, 0.02762, 0.0222, 0.09516, 0.97352, 0.03421, 0.02611, 0.05351, 0.02739, 0.2203, 0.03632, 0.10357, 0.07064, 0.0229, 0.03427, 0.03572, 0.03947, 0.03666, 0.12448, 0.94751, 0.02273, 0.57635, 0.87113, 0.22166, 0.96035, 0.97065, 0.024, 0.02195, 0.24772, 0.01979, 0.11049, 0.04651, 0.93969, 0.88385, 0.02393, 0.94525, 0.01995, 0.07294, 0.63048, 0.02633, 0.03414, 0.96592, 0.93218, 0.02133, 0.94387, 0.77639, 0.05815, 0.16384, 0.03923, 0.02006, 0.0188, 0.52257, 0.41319, 0.96902, 0.03122, 0.02106, 0.02749, 0.07085, 0.02291, 0.06335, 0.02337, 0.02637, 0.02833, 0.03091, 0.90155, 0.14124, 0.24888, 0.58382, 0.0316, 0.92891, 0.0394, 0.48452, 0.02128, 0.1616, 0.78192, 0.56543, 0.02439, 0.96918, 0.28107, 0.04869, 0.05669, 0.95187, 0.04816, 0.94547, 0.12658, 0.02468, 0.024, 0.01877, 0.05334, 0.60314, 0.93287, 0.01961, 0.60246, 0.60857, 0.21777, 0.9448, 0.05125, 0.02502, 0.02603, 0.04121, 0.0274, 0.05592, 0.88482, 0.01889, 0.02511, 0.04677, 0.69829, 0.02177, 0.93335, 0.03932, 0.02308, 0.06294, 0.6996, 0.03002, 0.83246, 0.02016, 0.89218, 0.02247, 0.94587, 0.77806, 0.02407, 0.06728, 0.93206, 0.03885, 0.07269, 0.05234, 0.04307, 0.03747, 0.71819, 0.44525, 0.02728, 0.335, 0.03885, 0.80015, 0.05734, 0.12224, 0.20249, 0.16524, 0.7736, 0.03662, 0.9108, 0.02329, 0.02283, 0.10893, 0.89703, 0.5087, 0.26682, 0.96007, 0.02604, 0.05938, 0.02788, 0.01811, 0.96948, 0.01826, 0.14318, 0.14499, 0.04893, 0.02396, 0.03391, 0.04356, 0.84511, 0.89708, 0.81612, 0.88045, 0.02646, 0.59069, 0.08833, 0.95862, 0.19068, 0.82466, 0.85817, 0.02582, 0.02161, 0.03889, 0.03146, 0.03553, 0.03415, 0.41046, 0.02623, 0.41062, 0.82356, 0.02642, 0.7886], "labels": [0, 0, 0, 0, 0, 0, 0, 0, 0, 0, 0, 0, 0, 0, 1, 0, 0, 1, 0, 0, 0, 0, 0, 1, 1, 1, 1, 1, 1, 0, 1, 0, 1, 1, 1, 0, 1, 0, 0, 1, 0, 0, 1, 0, 0, 0, 0, 0, 0, 1, 0, 0, 0, 1, 0, 0, 0, 0, 1, 0, 0, 0, 0, 1, 0, 0, 0, 0, 1, 1, 1, 0, 0, 0, 0, 1, 0, 0, 0, 1, 0, 1, 1, 0, 0, 0, 1, 0, 1, 0, 0, 0, 0, 0, 0, 0, 0, 1, 0, 0, 0, 1, 0, 1, 0, 0, 1, 0, 0, 0, 0, 0, 0, 0, 0, 0, 0, 0, 1, 0, 0, 0, 1, 1, 0, 0, 0, 0, 0, 0, 0, 0, 0, 1, 1, 0, 0, 1, 0, 0, 0, 0, 1, 1, 1, 0, 0, 0, 1, 0, 0, 0, 0, 0, 0, 1, 0, 0, 0, 1, 1, 1, 0, 1, 0, 0, 0, 0, 0, 0, 0, 1, 0, 0, 1, 0, 0, 0, 0, 0, 0, 0, 0, 0, 1, 0, 0, 0, 0, 0, 0, 1, 0, 1, 0, 1, 1, 0, 0, 0, 0, 0, 0, 0, 1, 1, 0, 0, 1, 0, 1, 0, 1, 0, 0, 0, 1, 0, 0, 0, 1, 0, 0, 0, 1, 0, 0, 0, 0, 0, 0, 0, 0, 0, 0, 1, 1, 0, 0, 0, 0, 0, 0, 1, 1, 0, 0, 0, 0, 0, 0, 0, 0, 1, 0, 0, 0, 0, 1, 0, 1, 0, 0, 0, 0, 0, 0, 0, 0, 0, 0, 0, 0, 1, 0, 0, 0, 0, 1, 1, 0, 1, 1, 0, 0, 1, 0, 1, 0, 0, 1, 0, 0, 1, 0, 0, 0, 1, 0, 0, 0, 0, 0, 0, 0, 0, 0, 1, 0, 0, 0, 0, 0, 0, 1, 1, 0, 0, 0, 0, 1, 1, 0, 0, 1, 0, 1, 0, 1, 1, 0, 0, 0, 0, 0, 0, 0, 1, 0, 0, 0, 0, 0, 0, 0, 0, 1, 0, 0, 0, 0, 0, 1, 0, 0, 1, 0, 1, 0, 0, 1, 0, 0, 0, 0, 0, 1, 0, 0, 1, 1, 0, 0, 0, 0, 0, 0, 1, 1, 0, 1, 0, 0, 1, 1, 1, 0, 0, 1, 1, 0, 0, 0, 0, 0, 0, 0, 0, 0, 1, 1, 1, 0, 1, 0, 0, 0, 1, 0, 0, 0, 0, 0, 0, 0, 0, 0, 1, 0, 1, 0, 0, 1, 0, 0, 0, 1, 1, 1, 0, 0, 0, 0, 0, 0, 1, 1, 0, 1, 0, 0, 0, 0, 0, 1, 1, 0, 1, 0, 1, 0, 0, 0, 0, 0, 0, 0, 0, 0, 0, 0, 0, 0, 0, 0, 0, 0, 1, 0, 1, 0, 0, 1, 1, 1, 0, 0, 1, 0, 0, 1, 1, 0, 0, 1, 0, 1, 1, 0, 0, 0, 0, 1, 1, 0, 1, 0, 0, 1, 0, 0, 0, 0, 0, 0, 0, 0, 0, 0, 1, 0, 1, 0, 0, 0, 1, 0, 1, 0, 0, 0, 1, 0, 0, 0, 0, 0, 0, 0, 0, 0, 0, 0, 0, 1, 0, 0, 1, 1, 1, 0, 0, 0, 1, 0, 0, 0, 1, 0, 1, 1, 0, 0, 0, 0, 1, 0, 0, 0, 0, 0, 0, 0, 1, 1, 1, 1, 0, 0, 0, 1, 1, 0, 0, 0, 0, 0, 0, 0, 0, 0, 0, 0, 1, 0, 1], "n": {"train": 3400, "val": 600, "test": 586, "toxic_frac": 0.23911764705882352}}