{"model": "google/muril-base-cased", "dataset": "dravidian_tamil", "train_config": "ce", "seed": 123, "thr_cal": 0.16806687116622923, "metrics_05": {"macro": 0.7331546089784166, "toxf1": 0.600265604249668, "prec": 0.5580246913580247, "rec": 0.6494252873563219, "prauc": 0.6125783027565694, "ece": 0.09591412060459456, "covert": 0.6770833333333334}, "metrics_cal": {"macro": 0.7084988603060892, "toxf1": 0.5967567567567568, "prec": 0.4783362218370884, "rec": 0.7931034482758621, "prauc": 0.6125783027565694, "ece": 0.09591412060459456, "covert": 0.6944444444444444}, "probs": [0.08226, 0.03347, 0.0281, 0.01968, 0.66284, 0.02824, 0.01901, 0.01873, 0.02404, 0.02596, 0.05706, 0.02829, 0.01922, 0.0225, 0.03332, 0.03535, 0.80728, 0.04253, 0.01918, 0.20546, 0.03854, 0.04266, 0.02668, 0.04119, 0.02281, 0.27341, 0.91074, 0.02136, 0.02678, 0.01989, 0.0194, 0.17884, 0.03286, 0.03771, 0.01923, 0.80594, 0.05042, 0.05542, 0.02391, 0.04559, 0.04715, 0.02123, 0.5493, 0.22102, 0.05303, 0.88277, 0.0267, 0.03206, 0.19966, 0.02544, 0.02463, 0.04792, 0.09212, 0.08387, 0.02793, 0.63753, 0.03428, 0.5435, 0.58687, 0.17704, 0.02561, 0.0207, 0.15839, 0.07213, 0.02815, 0.03187, 0.03441, 0.12355, 0.85753, 0.26903, 0.85318, 0.30053, 0.02554, 0.02207, 0.5618, 0.65473, 0.83889, 0.90345, 0.02833, 0.02915, 0.84221, 0.42327, 0.1828, 0.01973, 0.02354, 0.02, 0.36295, 0.02599, 0.01964, 0.88189, 0.0224, 0.37018, 0.02016, 0.16093, 0.10475, 0.09102, 0.11248, 0.02431, 0.02649, 0.02371, 0.73815, 0.02199, 0.0189, 0.03186, 0.12373, 0.54797, 0.0271, 0.02794, 0.01922, 0.67978, 0.15348, 0.03752, 0.14643, 0.21037, 0.12493, 0.02423, 0.05678, 0.0693, 0.02743, 0.02061, 0.02146, 0.02153, 0.03463, 0.02802, 0.50091, 0.02152, 0.87063, 0.16521, 0.02297, 0.02187, 0.02277, 0.43113, 0.21399, 0.0926, 0.8012, 0.06658, 0.07388, 0.01963, 0.04455, 0.90305, 0.62383, 0.02053, 0.65523, 0.91286, 0.04062, 0.04827, 0.02099, 0.02365, 0.63918, 0.08441, 0.89745, 0.02699, 0.70868, 0.0315, 0.84397, 0.03239, 0.01976, 0.26839, 0.0206, 0.88661, 0.04392, 0.46865, 0.05902, 0.919, 0.01687, 0.04165, 0.73626, 0.0334, 0.78373, 0.41388, 0.82014, 0.61191, 0.13485, 0.08217, 0.02645, 0.02156, 0.36021, 0.07693, 0.0291, 0.0798, 0.0231, 0.58325, 0.19776, 0.89045, 0.02151, 0.02041, 0.85502, 0.01943, 0.0206, 0.36547, 0.03435, 0.02503, 0.35466, 0.02766, 0.01932, 0.56779, 0.01828, 0.84116, 0.0194, 0.02436, 0.27214, 0.91793, 0.81369, 0.02415, 0.04887, 0.0219, 0.79478, 0.02045, 0.0948, 0.69058, 0.05614, 0.04749, 0.33316, 0.01961, 0.02366, 0.45616, 0.0221, 0.02986, 0.03547, 0.02661, 0.02096, 0.01988, 0.02072, 0.86322, 0.02759, 0.91785, 0.84908, 0.17111, 0.02232, 0.03611, 0.12646, 0.03877, 0.02125, 0.83457, 0.72608, 0.03494, 0.74434, 0.02011, 0.78368, 0.03648, 0.91782, 0.05069, 0.01878, 0.24747, 0.72371, 0.17782, 0.04257, 0.24975, 0.03361, 0.09638, 0.02299, 0.02451, 0.04126, 0.02409, 0.84152, 0.04504, 0.01856, 0.65689, 0.0473, 0.01886, 0.07263, 0.8878, 0.03195, 0.02589, 0.62965, 0.02275, 0.12842, 0.11575, 0.6145, 0.03421, 0.4043, 0.90593, 0.90158, 0.01977, 0.02541, 0.01729, 0.89782, 0.61032, 0.02296, 0.4613, 0.02353, 0.02205, 0.02241, 0.02677, 0.02594, 0.01985, 0.05798, 0.09865, 0.06296, 0.86799, 0.02128, 0.02729, 0.02377, 0.89519, 0.04703, 0.17471, 0.02634, 0.43501, 0.91779, 0.27561, 0.02125, 0.02191, 0.01978, 0.85347, 0.8237, 0.26993, 0.05419, 0.09675, 0.03342, 0.02142, 0.024, 0.89053, 0.02991, 0.08538, 0.0335, 0.08606, 0.89123, 0.03108, 0.0327, 0.04654, 0.02032, 0.40396, 0.86181, 0.18166, 0.02361, 0.89455, 0.87813, 0.04551, 0.02767, 0.02012, 0.02956, 0.498, 0.04211, 0.64713, 0.02248, 0.01654, 0.12429, 0.82478, 0.02421, 0.02351, 0.02021, 0.02094, 0.06036, 0.54806, 0.06511, 0.10348, 0.04685, 0.08635, 0.02478, 0.02266, 0.80455, 0.26544, 0.76987, 0.82405, 0.17018, 0.21518, 0.23506, 0.30947, 0.02015, 0.04954, 0.22964, 0.07713, 0.04053, 0.06918, 0.0945, 0.16882, 0.01904, 0.88586, 0.02173, 0.91518, 0.02288, 0.76371, 0.21034, 0.03237, 0.03364, 0.25337, 0.01687, 0.23477, 0.90396, 0.03883, 0.13179, 0.0208, 0.14618, 0.82659, 0.0697, 0.09429, 0.04233, 0.34865, 0.01855, 0.44258, 0.11111, 0.01998, 0.01915, 0.02249, 0.06992, 0.85553, 0.84275, 0.87764, 0.01993, 0.04969, 0.24208, 0.09507, 0.02515, 0.09965, 0.02897, 0.02617, 0.03631, 0.85325, 0.07537, 0.911, 0.91789, 0.02408, 0.03564, 0.32757, 0.81765, 0.78026, 0.11314, 0.03086, 0.80131, 0.84506, 0.53452, 0.36633, 0.02352, 0.07125, 0.50976, 0.02058, 0.02903, 0.03714, 0.84949, 0.45251, 0.04342, 0.87178, 0.46714, 0.84313, 0.19057, 0.02743, 0.02552, 0.43065, 0.03308, 0.02669, 0.87731, 0.02213, 0.91874, 0.54959, 0.05144, 0.86695, 0.3795, 0.02527, 0.32924, 0.14296, 0.02628, 0.85494, 0.0254, 0.02527, 0.03258, 0.86693, 0.46464, 0.36021, 0.03934, 0.06826, 0.01938, 0.02065, 0.14869, 0.01931, 0.01902, 0.88644, 0.03117, 0.05058, 0.8953, 0.08442, 0.02355, 0.03336, 0.39684, 0.03857, 0.34772, 0.0529, 0.01929, 0.86137, 0.86751, 0.18008, 0.14432, 0.01978, 0.03771, 0.79256, 0.02312, 0.92116, 0.90205, 0.01985, 0.01945, 0.34438, 0.03744, 0.86283, 0.04592, 0.02497, 0.86578, 0.06569, 0.0648, 0.01817, 0.06071, 0.8566, 0.33805, 0.30919, 0.02243, 0.25528, 0.82604, 0.02234, 0.02985, 0.0188, 0.8613, 0.02242, 0.02099, 0.0513, 0.0215, 0.04617, 0.02413, 0.81863, 0.3862, 0.09782, 0.8166, 0.87224, 0.87641, 0.03418, 0.02317, 0.26925, 0.79334, 0.02561, 0.03543, 0.03283, 0.04024, 0.02791, 0.1571, 0.02351, 0.89432, 0.64802, 0.02941, 0.02339, 0.04396, 0.02098, 0.02069, 0.04955, 0.8339, 0.1337, 0.02133, 0.02185, 0.03441, 0.89829, 0.02825, 0.0907, 0.02083, 0.02044, 0.01903, 0.02175, 0.10534, 0.0452, 0.05859, 0.04708, 0.04381, 0.77865, 0.0789, 0.84373, 0.8791, 0.36531, 0.50069, 0.67162, 0.0264, 0.07605, 0.73409, 0.87938, 0.02095, 0.91076, 0.05868, 0.51687, 0.02981, 0.02237, 0.19421, 0.65361, 0.02995, 0.02331, 0.44083, 0.03144, 0.09148, 0.09587, 0.02615, 0.52382, 0.36785, 0.5948, 0.10641, 0.02431, 0.87581, 0.90814, 0.02508, 0.9028, 0.16656, 0.88637, 0.02115, 0.02004, 0.02495, 0.02919, 0.01959, 0.06265, 0.02006, 0.8803, 0.85782, 0.02439, 0.02584, 0.24761, 0.02221, 0.24147, 0.56243, 0.64554, 0.18073, 0.66117, 0.06678, 0.04393, 0.13309, 0.06139, 0.09968, 0.12121, 0.18525, 0.83065, 0.02462, 0.03042, 0.85534, 0.07406, 0.59529, 0.02403, 0.02452, 0.01816, 0.89565, 0.04621, 0.03388, 0.40131, 0.02489, 0.62623, 0.02636, 0.11775, 0.90029, 0.02375, 0.83962, 0.63746, 0.03966, 0.0532, 0.80176, 0.43088, 0.07367, 0.02126, 0.47828, 0.82494, 0.64363, 0.90503, 0.03718, 0.81097, 0.24438, 0.02949, 0.02009, 0.0287, 0.01987, 0.89189, 0.86358, 0.53753, 0.7461, 0.25116, 0.02133, 0.02091, 0.19216, 0.0375, 0.04975, 0.0558, 0.31293, 0.03281, 0.88444, 0.02637, 0.28608, 0.51815, 0.02021, 0.02078, 0.0209, 0.15196, 0.01893, 0.92176, 0.11857, 0.02671, 0.87172, 0.02314, 0.09881, 0.02843, 0.04362, 0.89022, 0.02652, 0.7836, 0.0226, 0.0194, 0.02062, 0.23034, 0.61415, 0.03969, 0.03409, 0.02595, 0.0238, 0.50573, 0.08674, 0.02606, 0.7616, 0.87844, 0.02801, 0.09862, 0.0346, 0.20232, 0.02792, 0.05196, 0.02713, 0.02129, 0.02417, 0.02002, 0.89131, 0.7387, 0.84178, 0.02025, 0.91094, 0.01801, 0.90361, 0.27801, 0.03784, 0.05133, 0.07467, 0.02015, 0.08077, 0.05852, 0.10492, 0.20365, 0.01892, 0.2183, 0.81244, 0.0584, 0.81352, 0.03464, 0.07907, 0.01996, 0.14878, 0.02032, 0.01964, 0.0509, 0.91563, 0.84141, 0.11658, 0.39231, 0.05394, 0.02197, 0.18759, 0.88594, 0.02603, 0.02202, 0.86983, 0.3691, 0.02171, 0.0196, 0.72193, 0.0516, 0.02453, 0.02187, 0.11583, 0.86143, 0.02426, 0.0225, 0.13788, 0.02155, 0.88044, 0.09061, 0.81758, 0.02363, 0.86324, 0.02127, 0.064, 0.04568, 0.40199, 0.83028, 0.21663, 0.83252, 0.02, 0.01898, 0.62904, 0.7019, 0.57271, 0.02254, 0.08349, 0.10038, 0.183, 0.02808, 0.45931, 0.89879, 0.07787, 0.68192, 0.85725, 0.02183, 0.01976, 0.8803, 0.13045, 0.02002, 0.0498, 0.05544, 0.02085, 0.04663, 0.01995, 0.65632, 0.0562, 0.50366, 0.0472, 0.58926, 0.24393, 0.24419, 0.04097, 0.87099, 0.86378, 0.0505, 0.02071, 0.03036, 0.06072, 0.08858, 0.03438, 0.16197, 0.9074, 0.88766, 0.1332, 0.13396, 0.87579, 0.46458, 0.02659, 0.08996, 0.84614, 0.43405, 0.02571, 0.02807, 0.81721, 0.03855, 0.80131, 0.119, 0.04553,