{"model": "google/muril-base-cased", "dataset": "hatexplain", "train_config": "supcon", "seed": 2024, "thr_cal": 0.24650083184242247, "metrics_05": {"macro": 0.7487253778945713, "toxf1": 0.8050108932461874, "prec": 0.800650054171181, "rec": 0.8094194961664841, "prauc": 0.8862410112435267, "ece": 0.11234589429696401, "covert": 0.8984565393988627}, "metrics_cal": {"macro": 0.7347085051522401, "toxf1": 0.8155339805825242, "prec": 0.764367816091954, "rec": 0.8740416210295728, "prauc": 0.8862410112435267, "ece": 0.11234589429696401, "covert": 0.9047619047619048}, "probs": [0.12279, 0.08097, 0.05497, 0.84191, 0.06591, 0.93661, 0.97843, 0.09692, 0.28692, 0.04839, 0.18881, 0.10106, 0.07851, 0.13448, 0.54572, 0.05232, 0.10781, 0.05662, 0.9799, 0.09557, 0.07321, 0.78599, 0.04829, 0.41332, 0.65131, 0.95361, 0.96395, 0.17663, 0.05287, 0.45285, 0.95179, 0.23139, 0.93558, 0.89699, 0.97222, 0.04062, 0.40411, 0.49532, 0.95612, 0.08944, 0.97241, 0.90163, 0.64477, 0.11845, 0.22797, 0.1396, 0.06286, 0.94593, 0.96996, 0.51609, 0.08072, 0.37417, 0.97827, 0.37559, 0.21421, 0.97697, 0.27064, 0.11208, 0.92814, 0.91611, 0.0623, 0.94364, 0.97208, 0.92087, 0.97566, 0.15442, 0.9747, 0.79242, 0.92587, 0.95506, 0.08557, 0.96259, 0.84203, 0.97708, 0.0487, 0.74522, 0.94245, 0.95426, 0.39682, 0.97246, 0.96625, 0.38904, 0.92951, 0.12276, 0.19775, 0.94415, 0.97712, 0.11745, 0.79272, 0.91543, 0.05239, 0.97594, 0.93049, 0.95289, 0.96315, 0.08434, 0.93361, 0.29992, 0.16909, 0.98156, 0.0601, 0.91844, 0.98107, 0.89198, 0.08531, 0.94186, 0.14135, 0.87351, 0.97984, 0.61127, 0.04656, 0.06082, 0.31032, 0.25404, 0.64524, 0.46907, 0.91304, 0.83164, 0.81368, 0.76023, 0.91297, 0.11498, 0.06146, 0.97108, 0.84823, 0.0917, 0.27155, 0.19343, 0.14609, 0.97298, 0.07874, 0.93443, 0.08738, 0.71437, 0.96687, 0.77486, 0.69053, 0.95934, 0.95369, 0.08715, 0.82728, 0.97435, 0.91919, 0.97518, 0.78008, 0.15137, 0.96796, 0.3665, 0.7501, 0.19896, 0.73224, 0.74866, 0.9697, 0.41721, 0.9546, 0.78497, 0.9651, 0.93268, 0.12889, 0.9556, 0.21445, 0.95387, 0.96151, 0.93867, 0.94155, 0.82876, 0.88124, 0.08854, 0.95343, 0.79251, 0.27224, 0.31979, 0.21514, 0.66235, 0.95858, 0.28338, 0.63636, 0.4784, 0.97113, 0.21676, 0.97701, 0.24537, 0.26743, 0.09967, 0.97385, 0.89204, 0.97187, 0.63249, 0.90249, 0.98027, 0.52315, 0.972, 0.92034, 0.9715, 0.95098, 0.86372, 0.94704, 0.95775, 0.96314, 0.1823, 0.95568, 0.07676, 0.13294, 0.15322, 0.88801, 0.27631, 0.29583, 0.84259, 0.85878, 0.60022, 0.12736, 0.05543, 0.85788, 0.96076, 0.79371, 0.23962, 0.07551, 0.07369, 0.9615, 0.72876, 0.91213, 0.13869, 0.8362, 0.98055, 0.04485, 0.97638, 0.93603, 0.35974, 0.67255, 0.96685, 0.96773, 0.88267, 0.9368, 0.953, 0.97719, 0.822, 0.97195, 0.89296, 0.95683, 0.70604, 0.39087, 0.80495, 0.49205, 0.95285, 0.93893, 0.28502, 0.18062, 0.0612, 0.06626, 0.10567, 0.91227, 0.9701, 0.35376, 0.96368, 0.0849, 0.9519, 0.96269, 0.1122, 0.07073, 0.93878, 0.15377, 0.97578, 0.52941, 0.90776, 0.92433, 0.40609, 0.95767, 0.04288, 0.07149, 0.13658, 0.90783, 0.27471, 0.06908, 0.93358, 0.08431, 0.21524, 0.95701, 0.97648, 0.96971, 0.95551, 0.97832, 0.977, 0.93237, 0.95468, 0.95591, 0.94115, 0.39302, 0.94986, 0.04387, 0.15433, 0.10794, 0.13024, 0.05127, 0.32186, 0.9755, 0.70766, 0.93708, 0.04166, 0.9466, 0.06609, 0.92638, 0.11871, 0.78521, 0.9786, 0.977, 0.45848, 0.97161, 0.96863, 0.11974, 0.07783, 0.9455, 0.84569, 0.92774, 0.91884, 0.26246, 0.91044, 0.97261, 0.09459, 0.95901, 0.9766, 0.14899, 0.0619, 0.94761, 0.8926, 0.06954, 0.96509, 0.13454, 0.3752, 0.9427, 0.96318, 0.93695, 0.97785, 0.54741, 0.94577, 0.97086, 0.09111, 0.89797, 0.97767, 0.93138, 0.25356, 0.93656, 0.97551, 0.7149, 0.90089, 0.07116, 0.96425, 0.05341, 0.16478, 0.20696, 0.90867, 0.18764, 0.93336, 0.21666, 0.93179, 0.23512, 0.98073, 0.07161, 0.8532, 0.82633, 0.95333, 0.06128, 0.83283, 0.98184, 0.03012, 0.98219, 0.15181, 0.97909, 0.97827, 0.86569, 0.79948, 0.09437, 0.67309, 0.94047, 0.97221, 0.93681, 0.87957, 0.11654, 0.96551, 0.95978, 0.97716, 0.96162, 0.97195, 0.13492, 0.97838, 0.08305, 0.10997, 0.07988, 0.04081, 0.91169, 0.96038, 0.95758, 0.73957, 0.2323, 0.64553, 0.9597, 0.97331, 0.22299, 0.93617, 0.96405, 0.31918, 0.91515, 0.17879, 0.94345, 0.43271, 0.3362, 0.85064, 0.87252, 0.96073, 0.23444, 0.03764, 0.93105, 0.15629, 0.17086, 0.06459, 0.11046, 0.9295, 0.0746, 0.80972, 0.96879, 0.30865, 0.96712, 0.66715, 0.63408, 0.58286, 0.11268, 0.0879, 0.38369, 0.96015, 0.86006, 0.71123, 0.08348, 0.05146, 0.39025, 0.0811, 0.94022, 0.97339, 0.95686, 0.72939, 0.72819, 0.16644, 0.9822, 0.18155, 0.97384, 0.20866, 0.37966, 0.9776, 0.96718, 0.80043, 0.12528, 0.95342, 0.22759, 0.68334, 0.08241, 0.94141, 0.6344, 0.12549, 0.62051, 0.07777, 0.97462, 0.34052, 0.14162, 0.94643, 0.90924, 0.96657, 0.08534, 0.21651, 0.61967, 0.86553, 0.97141, 0.08848, 0.05182, 0.88026, 0.54517, 0.11414, 0.97205, 0.13231, 0.79917, 0.16252, 0.95373, 0.23877, 0.9655, 0.73887, 0.05807, 0.97673, 0.07843, 0.37704, 0.13386, 0.73493, 0.42842, 0.97229, 0.96944, 0.97699, 0.95743, 0.70033, 0.79262, 0.05533, 0.08495, 0.5643, 0.96021, 0.93441, 0.97592, 0.07969, 0.07086, 0.04713, 0.96443, 0.98068, 0.9582, 0.15439, 0.10517, 0.95877, 0.18328, 0.06334, 0.96563, 0.05568, 0.13586, 0.23767, 0.96242, 0.19613, 0.86472, 0.69577, 0.07462, 0.85073, 0.97044, 0.66071, 0.93508, 0.96646, 0.968, 0.06074, 0.95628, 0.86765, 0.92389, 0.92647, 0.04783, 0.51663, 0.96059, 0.7433, 0.754, 0.0505, 0.91286, 0.97427, 0.13114, 0.93911, 0.96723, 0.16614, 0.08234, 0.46133, 0.37161, 0.93349, 0.68591, 0.71214, 0.90883, 0.52571, 0.9816, 0.97368, 0.22481, 0.97425, 0.87323, 0.96849, 0.81994, 0.85944, 0.08049, 0.37696, 0.23847, 0.63748, 0.96352, 0.04614, 0.97721, 0.04084, 0.9677, 0.94978, 0.97088, 0.97678, 0.68196, 0.93981, 0.17091, 0.94972, 0.90512, 0.90404, 0.45181, 0.97975, 0.65136, 0.92605, 0.96732, 0.95127, 0.96495, 0.95055, 0.10873, 0.79316, 0.9774, 0.05094, 0.96725, 0.05577, 0.66281, 0.09332, 0.07961, 0.96515, 0.96029, 0.08135, 0.94723, 0.69886, 0.94579, 0.17846, 0.24825, 0.2886, 0.84432, 0.16863, 0.17395, 0.82593, 0.41626, 0.96961, 0.09196, 0.97461, 0.59067, 0.51834, 0.069, 0.78342, 0.87246, 0.88268, 0.9414, 0.96493, 0.66855, 0.9332, 0.11147, 0.97475, 0.97055, 0.10641, 0.53624, 0.97187, 0.86856, 0.93561, 0.67954, 0.64149, 0.21216, 0.93011, 0.91188, 0.96599, 0.96174, 0.96407, 0.77498, 0.0979, 0.04011, 0.23598, 0.13953, 0.84156, 0.96262, 0.9772, 0.45069, 0.09224, 0.07622, 0.97119, 0.96737, 0.96268, 0.57165, 0.93684, 0.2022, 0.90461, 0.92724, 0.08363, 0.23024, 0.96941, 0.83313, 0.86695, 0.15829, 0.77332, 0.03828, 0.5321, 0.07964, 0.0893, 0.80551, 0.47697, 0.11605, 0.92524, 0.3967, 0.97553, 0.07119, 0.90805, 0.58812, 0.1316, 0.94263, 0.98028, 0.96317, 0.97248, 0.9243, 0.96477, 0.76141, 0.04214, 0.92718, 0.77712, 0.13044, 0.97626, 0.55922, 0.91359, 0.92764, 0.55503, 0.86702, 0.97929, 0.96322, 0.74944, 0.08106, 0.08584, 0.97345, 0.96053, 0.94614, 0.93568, 0.94309, 0.93352, 0.10839, 0.31327, 0.15194, 0.97402, 0.10115, 0.30622, 0.96657, 0.0912, 0.05051, 0.97098, 0.96707, 0.07317, 0.78994, 0.04913, 0.79325, 0.90868, 0.9701, 0.26968, 0.06375, 0.97245, 0.10214, 0.17595, 0.95644, 0.97703, 0.52727, 0.9623, 0.78923, 0.88374, 0.97466, 0.97395, 0.05583, 0.196, 0.24772, 0.94696, 0.97044, 0.41405, 0.88315, 0.06119, 0.68053, 0.28615, 0.96211, 0.42494, 0.92562, 0.13616, 0.08759, 0.93595, 0.05372, 0.13238, 0.97892, 0.97365, 0.18686, 0.11671, 0.98025, 0.0838, 0.33146, 0.13204, 0.05071, 0.87127, 0.19043, 0.08304, 0.05849, 0.89288, 0.81757, 0.06531, 0.91512, 0.05003, 0.04107, 0.6655, 0.92177, 0.35982, 0.95526, 0.97299, 0.10542, 0.15458, 0.97558, 0.97104, 0.94113, 0.95344, 0.93583, 0.95918, 0.97048, 0.9515, 0.04546, 0.56781, 0.8881, 0.12539, 0.95276, 0.96597, 0.04421, 0.77769, 0.07997, 0.58135, 0.17688, 0.97849, 0.95239, 0.97752, 0.96561, 0.97652, 0.59428, 0.97003, 0.9809, 0.915, 0.1989, 0.97448, 0.07774, 0.94168, 0.79673, 0.05818, 0.71391, 0.90018, 0.04632, 0.12731, 0.86664, 0.22152, 0.97054, 0.06571, 0.97478, 0.96832, 0.07875, 0.93932, 0.97044, 0.05622, 0.92854, 0.92679, 0.96616, 0.0618, 0.15385, 0.92507, 0.9724, 