{"model": "google/muril-base-cased", "dataset": "dravidian_kannada", "train_config": "hardneg", "seed": 7, "thr_cal": 0.17573659494519234, "metrics_05": {"macro": 0.7215051457074244, "toxf1": 0.5670498084291188, "prec": 0.7326732673267327, "rec": 0.4625, "prauc": 0.7100136399958635, "ece": 0.11214590321832141, "covert": 0.7862068965517242}, "metrics_cal": {"macro": 0.7600088549449333, "toxf1": 0.6498422712933754, "prec": 0.6560509554140127, "rec": 0.64375, "prauc": 0.7100136399958635, "ece": 0.11214590321832141, "covert": 0.8641975308641975}, "probs": [0.03168, 0.08014, 0.11724, 0.05141, 0.06501, 0.03467, 0.12994, 0.01985, 0.02994, 0.01729, 0.02604, 0.02816, 0.01957, 0.03615, 0.03162, 0.01655, 0.05299, 0.46811, 0.01718, 0.38053, 0.0307, 0.02525, 0.59014, 0.14042, 0.97874, 0.15321, 0.97631, 0.57699, 0.06145, 0.06426, 0.97949, 0.0538, 0.04235, 0.61233, 0.38919, 0.01967, 0.01969, 0.02389, 0.04684, 0.0198, 0.03362, 0.01722, 0.89942, 0.09822, 0.03634, 0.03806, 0.04622, 0.02088, 0.0285, 0.12406, 0.36996, 0.02926, 0.02002, 0.60045, 0.02405, 0.05521, 0.01673, 0.02405, 0.04338, 0.26657, 0.03252, 0.02526, 0.03707, 0.11145, 0.01806, 0.02331, 0.02216, 0.16551, 0.37314, 0.97485, 0.03255, 0.02127, 0.28074, 0.02973, 0.0747, 0.89986, 0.01866, 0.02153, 0.05474, 0.28608, 0.02033, 0.95631, 0.03303, 0.026, 0.04147, 0.0137, 0.75439, 0.01385, 0.12917, 0.01969, 0.01595, 0.02193, 0.0232, 0.05132, 0.01992, 0.05932, 0.06262, 0.02236, 0.04972, 0.02724, 0.02178, 0.7954, 0.03115, 0.59604, 0.03344, 0.02528, 0.36784, 0.02427, 0.01975, 0.03416, 0.31471, 0.07535, 0.01743, 0.02461, 0.01876, 0.01528, 0.04235, 0.0351, 0.11497, 0.93664, 0.04407, 0.02678, 0.08649, 0.37882, 0.22707, 0.02812, 0.04622, 0.91555, 0.02015, 0.49699, 0.91263, 0.03421, 0.01917, 0.56825, 0.69115, 0.02726, 0.0137, 0.96331, 0.02472, 0.27595, 0.01904, 0.04146, 0.22537, 0.68122, 0.96379, 0.04951, 0.12155, 0.65333, 0.05953, 0.02948, 0.01547, 0.0493, 0.73494, 0.09536, 0.03341, 0.21392, 0.01757, 0.03557, 0.08302, 0.31219, 0.03314, 0.43003, 0.01663, 0.0316, 0.05965, 0.02147, 0.07912, 0.01645, 0.02155, 0.13092, 0.02684, 0.92336, 0.02156, 0.02815, 0.87669, 0.01603, 0.04622, 0.03292, 0.03759, 0.46867, 0.02058, 0.01986, 0.04622, 0.30921, 0.14804, 0.03475, 0.82556, 0.01907, 0.02939, 0.02639, 0.0696, 0.78977, 0.01988, 0.04622, 0.54432, 0.9734, 0.02811, 0.04047, 0.0331, 0.02917, 0.05231, 0.02112, 0.0278, 0.12845, 0.02331, 0.06968, 0.92427, 0.02084, 0.96914, 0.02342, 0.92106, 0.93084, 0.04143, 0.03132, 0.02596, 0.02204, 0.06366, 0.03819, 0.0198, 0.0181, 0.01526, 0.04109, 0.01755, 0.2937, 0.7389, 0.03208, 0.02467, 0.03788, 0.02409, 0.08449, 0.02207, 0.03284, 0.02391, 0.04558, 0.03384, 0.15741, 0.97932, 0.02857, 0.02163, 0.01516, 0.02268, 0.04622, 0.16226, 0.97704, 0.97341, 0.0358, 0.01826, 0.31239, 0.04079, 0.06725, 0.04752, 0.02659, 0.01729, 0.42675, 0.01667, 0.03454, 0.04589, 0.95037, 0.14699, 0.0311, 0.50124, 0.03344, 0.31068, 0.76686, 0.03907, 0.01423, 0.04622, 0.01547, 0.01658, 0.0188, 0.01905, 0.01931, 0.03941, 0.23941, 0.05711, 0.09645, 0.83773, 0.01473, 0.64207, 0.67578, 0.02435, 0.08936, 0.97509, 0.0298, 0.03341, 0.06111, 0.03221, 0.08432, 0.02199, 0.02581, 0.4203, 0.02174, 0.05917, 0.03283, 0.02951, 0.04622, 0.15406, 0.05751, 0.02792, 0.02613, 0.01797, 0.02161, 0.02796, 0.82454, 0.02053, 0.02117, 0.02909, 0.04622, 0.03322, 0.02121, 0.03193, 0.06089, 0.01996, 0.03732, 0.31943, 0.2569, 0.01588, 0.07825, 0.33825, 0.03912, 0.2862, 0.03925, 0.0252, 0.067, 0.97701, 0.01729, 0.5128, 0.03328, 0.13652, 0.96974, 0.0209, 0.67724, 0.07305, 0.02794, 0.02998, 0.02535, 0.02909, 0.02865, 0.02853, 0.02043, 0.02157, 0.02028, 0.03597, 0.47509, 0.06375, 0.0217, 0.68157, 0.53846, 0.04622, 0.03898, 0.01658, 0.0306, 0.20054, 0.83316, 0.04706, 0.45269, 0.23946, 0.25618, 0.01815, 0.0218, 0.4746, 0.02929, 0.03109, 0.03248, 0.02582, 0.02192, 0.53348, 0.01727, 0.01464, 0.37267, 0.97867, 0.02215, 0.0165, 0.04622, 0.02461, 0.10164, 0.01729, 0.76088, 0.9032, 0.02136, 0.68701, 0.03015, 0.0291, 0.95946, 0.07638, 0.15542, 0.01648, 0.02232, 0.03061, 0.67261, 0.09652, 0.02667, 0.01757, 0.01807, 0.04323, 0.01981, 0.38975, 0.02417, 0.04668, 0.56727, 0.03554, 0.04292, 0.06542, 0.54653, 0.01951, 0.02249, 0.09564, 0.9827, 0.02255, 0.09245, 0.0435, 0.02179, 0.05512, 0.03118, 0.03632, 0.06436, 0.02291, 0.03166, 0.02938, 0.02704, 0.02182, 0.08458, 0.94788, 0.01782, 0.22724, 0.13951, 0.15211, 0.95826, 0.97313, 0.0164, 0.01533, 0.03286, 0.02467, 0.18918, 0.04238, 0.96846, 0.44861, 0.02154, 0.90759, 0.01838, 0.05619, 0.38977, 0.01806, 0.03516, 0.96253, 0.97125, 0.01612, 0.55774, 0.65363, 0.06444, 0.08065, 0.03753, 0.02117, 0.02102, 0.29391, 0.30927, 0.96223, 0.02041, 0.02327, 0.03037, 0.0411, 0.0213, 0.04706, 0.02216, 0.01806, 0.01899, 0.0208, 0.94276, 0.03865, 0.14759, 0.80208, 0.03729, 0.54766, 0.03834, 0.11364, 0.01537, 0.04697, 0.91795, 0.95643, 0.01673, 0.92753, 0.13643, 0.02223, 0.02852, 0.96512, 0.04359, 0.95912, 0.1527, 0.0322, 0.01997, 0.021, 0.03777, 0.24099, 0.56005, 0.02428, 0.35572, 0.23349, 0.11281, 0.93179, 0.04912, 0.01799, 0.02399, 0.0306, 0.02246, 0.036, 0.26337, 0.0191, 0.02923, 0.02887, 0.70174, 0.01595, 0.92776, 0.02712, 0.02019, 0.03129, 0.40619, 0.03337, 0.24848, 0.01718, 0.81075, 0.01528, 0.63467, 0.28963, 0.01744, 0.03597, 0.89107, 0.04622, 0.16162, 0.05005, 0.03075, 0.03565, 0.42431, 0.61499, 0.02258, 0.19144, 0.04622, 0.12601, 0.05462, 0.03813, 0.17542, 0.12449, 0.69097, 0.04799, 0.94827, 0.02398, 0.03489, 0.03654, 0.04251, 0.16064, 0.04927, 0.83314, 0.01965, 0.05486, 0.02616, 0.01694, 0.97166, 0.01799, 0.04397, 0.07217, 0.0368, 0.0164, 0.0328, 0.03232, 0.80684, 0.56421, 0.84311, 0.9236, 0.02164, 0.13185, 0.07931, 0.97207, 0.32659, 0.34555, 0.75726, 0.03744, 0.02269, 0.03491, 0.0193, 0.02448, 0.03231, 0.70542, 0.02005, 0.07996, 0.28215, 0.01683, 0.86692], "labels": [0, 0, 0, 0, 0, 0, 0, 0, 0, 0, 0, 0, 0, 0, 1, 0, 0, 1, 0, 0, 0, 0, 0, 1, 1, 1, 1, 1, 1, 0, 1, 0, 1, 1, 1, 0, 1, 0, 0, 1, 0, 0, 1, 0, 0, 0, 0, 0, 0, 1, 0, 0, 0, 1, 0, 0, 0, 0, 1, 0, 0, 0, 0, 1, 0, 0, 0, 0, 1, 1, 1, 0, 0, 0, 0, 1, 0, 0, 0, 1, 0, 1, 1, 0, 0, 0, 1, 0, 1, 0, 0, 0, 0, 0, 0, 0, 0, 1, 0, 0, 0, 1, 0, 1, 0, 0, 1, 0, 0, 0, 0, 0, 0, 0, 0, 0, 0, 0, 1, 0, 0, 0, 1, 1, 0, 0, 0, 0, 0, 0, 0, 0, 0, 1, 1, 0, 0, 1, 0, 0, 0, 0, 1, 1, 1, 0, 0, 0, 1, 0, 0, 0, 0, 0, 0, 1, 0, 0, 0, 1, 1, 1, 0, 1, 0, 0, 0, 0, 0, 0, 0, 1, 0, 0, 1, 0, 0, 0, 0, 0, 0, 0, 0, 0, 1, 0, 0, 0, 0, 0, 0, 1, 0, 1, 0, 1, 1, 0, 0, 0, 0, 0, 0, 0, 1, 1, 0, 0, 1, 0, 1, 0, 1, 0, 0, 0, 1, 0, 0, 0, 1, 0, 0, 0, 1, 0, 0, 0, 0, 0, 0, 0, 0, 0, 0, 1, 1, 0, 0, 0, 0, 0, 0, 1, 1, 0, 0, 0, 0, 0, 0, 0, 0, 1, 0, 0, 0, 0, 1, 0, 1, 0, 0, 0, 0, 0, 0, 0, 0, 0, 0, 0, 0, 1, 0, 0, 0, 0, 1, 1, 0, 1, 1, 0, 0, 1, 0, 1, 0, 0, 1, 0, 0, 1, 0, 0, 0, 1, 0, 0, 0, 0, 0, 0, 0, 0, 0, 1, 0, 0, 0, 0, 0, 0, 1, 1, 0, 0, 0, 0, 1, 1, 0, 0, 1, 0, 1, 0, 1, 1, 0, 0, 0, 0, 0, 0, 0, 1, 0, 0, 0, 0, 0, 0, 0, 0, 1, 0, 0, 0, 0, 0, 1, 0, 0, 1, 0, 1, 0, 0, 1, 0, 0, 0, 0, 0, 1, 0, 0, 1, 1, 0, 0, 0, 0, 0, 0, 1, 1, 0, 1, 0, 0, 1, 1, 1, 0, 0, 1, 1, 0, 0, 0, 0, 0, 0, 0, 0, 0, 1, 1, 1, 0, 1, 0, 0, 0, 1, 0, 0, 0, 0, 0, 0, 0, 0, 0, 1, 0, 1, 0, 0, 1, 0, 0, 0, 1, 1, 1, 0, 0, 0, 0, 0, 0, 1, 1, 0, 1, 0, 0, 0, 0, 0, 1, 1, 0, 1, 0, 1, 0, 0, 0, 0, 0, 0, 0, 0, 0, 0, 0, 0, 0, 0, 0, 0, 0, 1, 0, 1, 0, 0, 1, 1, 1, 0, 0, 1, 0, 0, 1, 1, 0, 0, 1, 0, 1, 1, 0, 0, 0, 0, 1, 1, 0, 1, 0, 0, 1, 0, 0, 0, 0, 0, 0, 0, 0, 0, 0, 1, 0, 1, 0, 0, 0, 1, 0, 1, 0, 0, 0, 1, 0, 0, 0, 0, 0, 0, 0, 0, 0, 0, 0, 0, 1, 0, 0, 1, 1, 1, 0, 0, 0, 1, 0, 0, 0, 1, 0, 1, 1, 0, 0, 0, 0, 1, 0, 0, 0, 0, 0, 0, 0, 1, 1, 1, 1, 0, 0, 0, 1, 1, 0, 0, 0, 0, 0, 0, 0, 0, 0, 0, 0, 1, 0, 1], "n": {"train": 3400, "val": 600, "test": 586, "toxic_frac": 0.23911764705882352}}