{"model": "google/muril-base-cased", "dataset": "dravidian_tamil", "train_config": "supcon", "seed": 7, "thr_cal": 0.26099938303232195, "metrics_05": {"macro": 0.7325438034872735, "toxf1": 0.5861561119293078, "prec": 0.6012084592145015, "rec": 0.5718390804597702, "prauc": 0.6071308105783727, "ece": 0.07304065253337225, "covert": 0.6721763085399449}, "metrics_cal": {"macro": 0.7454203767104042, "toxf1": 0.628992628992629, "prec": 0.5493562231759657, "rec": 0.735632183908046, "prauc": 0.6071308105783727, "ece": 0.07304065253337225, "covert": 0.7209876543209877}, "probs": [0.13142, 0.01924, 0.02166, 0.02387, 0.53561, 0.02566, 0.01202, 0.01518, 0.01897, 0.01503, 0.03675, 0.0725, 0.02328, 0.01752, 0.04301, 0.08887, 0.92332, 0.0249, 0.01486, 0.40322, 0.11143, 0.07997, 0.1131, 0.02503, 0.015, 0.70073, 0.96248, 0.01905, 0.02798, 0.01276, 0.01963, 0.77996, 0.03558, 0.02115, 0.03717, 0.89973, 0.02073, 0.02174, 0.02374, 0.05488, 0.07692, 0.07562, 0.26526, 0.1502, 0.33316, 0.7535, 0.02365, 0.02922, 0.27842, 0.05884, 0.01487, 0.18517, 0.10783, 0.11314, 0.09233, 0.54248, 0.22407, 0.4717, 0.85476, 0.0525, 0.0144, 0.01756, 0.84149, 0.11344, 0.05317, 0.02258, 0.03753, 0.22911, 0.93057, 0.25507, 0.72336, 0.14582, 0.03947, 0.03154, 0.61227, 0.70795, 0.49174, 0.83303, 0.04156, 0.02227, 0.89775, 0.33666, 0.09236, 0.01565, 0.01736, 0.01456, 0.05124, 0.09615, 0.02119, 0.84685, 0.01881, 0.73492, 0.01373, 0.0578, 0.36799, 0.03266, 0.08324, 0.02131, 0.01834, 0.03915, 0.54338, 0.01673, 0.09397, 0.01467, 0.07331, 0.46127, 0.0428, 0.01979, 0.01476, 0.1677, 0.0308, 0.05989, 0.70907, 0.06902, 0.11365, 0.11046, 0.0515, 0.07161, 0.01528, 0.01826, 0.0396, 0.01671, 0.01598, 0.02141, 0.44148, 0.0185, 0.63098, 0.05518, 0.01993, 0.0653, 0.03939, 0.10333, 0.69356, 0.10188, 0.45325, 0.56003, 0.03911, 0.01219, 0.0774, 0.76015, 0.74632, 0.03247, 0.79116, 0.92216, 0.03246, 0.12271, 0.02108, 0.22873, 0.18838, 0.02645, 0.8509, 0.03652, 0.3616, 0.03219, 0.74807, 0.03519, 0.01397, 0.25622, 0.01621, 0.83475, 0.02594, 0.8997, 0.08411, 0.96036, 0.01401, 0.09839, 0.11872, 0.16654, 0.65676, 0.1261, 0.52933, 0.57082, 0.25461, 0.42881, 0.09591, 0.01615, 0.53282, 0.13972, 0.02601, 0.2371, 0.02205, 0.18057, 0.05308, 0.89521, 0.02263, 0.01662, 0.4577, 0.0257, 0.0219, 0.1619, 0.01725, 0.03257, 0.28177, 0.02815, 0.01677, 0.46543, 0.03077, 0.8128, 0.01188, 0.01971, 0.06414, 0.95806, 0.76773, 0.02153, 0.07791, 0.0237, 0.44161, 0.014, 0.0628, 0.75873, 0.05564, 0.05211, 0.29987, 0.01884, 0.01735, 0.51975, 0.01255, 0.01683, 0.03661, 0.02874, 0.01609, 0.01319, 0.01583, 0.94955, 0.02879, 0.95437, 0.87379, 0.10042, 0.02093, 0.0365, 0.16559, 0.05923, 0.07067, 0.95733, 0.18475, 0.02994, 0.06045, 0.01605, 0.55636, 0.05371, 0.94924, 0.0302, 0.01891, 0.20445, 0.19858, 0.27324, 0.10725, 0.56544, 0.02238, 0.07982, 0.01766, 0.0355, 0.16878, 0.01973, 0.68339, 0.02369, 0.0148, 0.05395, 0.07178, 0.01488, 0.31165, 0.94489, 0.03649, 0.06223, 0.33159, 0.01982, 0.18545, 0.07137, 0.26396, 0.05761, 0.36234, 0.94944, 0.87761, 0.01726, 0.01896, 0.01203, 0.72586, 0.06398, 0.03262, 0.07021, 0.01593, 0.01394, 0.03842, 0.04688, 0.02031, 0.02378, 0.11849, 0.1207, 0.32812, 0.86575, 0.02743, 0.01727, 0.01892, 0.92033, 0.03123, 0.03577, 0.04066, 0.09733, 0.90797, 0.05201, 0.01556, 0.02083, 0.04135, 0.78183, 0.79227, 0.14856, 0.05381, 0.02861, 0.1172, 0.01266, 0.03339, 0.95562, 0.09799, 0.15644, 0.15128, 0.32673, 0.63429, 0.03367, 0.08247, 0.03168, 0.01948, 0.37708, 0.90238, 0.1491, 0.08161, 0.8929, 0.87926, 0.21428, 0.13968, 0.02743, 0.02242, 0.5871, 0.02385, 0.19497, 0.01866, 0.01314, 0.13025, 0.92485, 0.13333, 0.03555, 0.01297, 0.02163, 0.15157, 0.22962, 0.07695, 0.09938, 0.05701, 0.05934, 0.04241, 0.01855, 0.7768, 0.26263, 0.19283, 0.39853, 0.13731, 0.49722, 0.18996, 0.21022, 0.01736, 0.03693, 0.29532, 0.88226, 0.0185, 0.10121, 0.06433, 0.78468, 0.02083, 0.94775, 0.0192, 0.95827, 0.01466, 0.41527, 0.03041, 0.0163, 0.02437, 0.14095, 0.02586, 0.05476, 0.93762, 0.03672, 0.14685, 0.01642, 0.20201, 0.36995, 0.16445, 0.40802, 0.0585, 0.0407, 0.01813, 0.30456, 0.04012, 0.0523, 0.02347, 0.02378, 0.10608, 0.80574, 0.5409, 0.84929, 0.01523, 0.0585, 0.23695, 0.06107, 0.0184, 0.09202, 0.02504, 0.01587, 0.01479, 0.93912, 0.02534, 0.94652, 0.95992, 0.08507, 0.01887, 0.20091, 0.34066, 0.92105, 0.0426, 0.06578, 0.34383, 0.43734, 0.7347, 0.12399, 0.01183, 0.03453, 0.79822, 0.01941, 0.02209, 0.02135, 0.77812, 0.13986, 0.07705, 0.80393, 0.35226, 0.91526, 0.16256, 0.02336, 0.06011, 0.1229, 0.02066, 0.01804, 0.49599, 0.03777, 0.9604, 0.81513, 0.08409, 0.82398, 0.6272, 0.02608, 0.49611, 0.29845, 0.03616, 0.75617, 0.04067, 0.01569, 0.01396, 0.76058, 0.23993, 0.04741, 0.01356, 0.1129, 0.01983, 0.01798, 0.32064, 0.01732, 0.01921, 0.79773, 0.01566, 0.03059, 0.95054, 0.20931, 0.04785, 0.02627, 0.0322, 0.06418, 0.20361, 0.03939, 0.01575, 0.92859, 0.93571, 0.08954, 0.16605, 0.01465, 0.07776, 0.28132, 0.01466, 0.96293, 0.95384, 0.02701, 0.02076, 0.10948, 0.01244, 0.68673, 0.09201, 0.02839, 0.61791, 0.03082, 0.39281, 0.01381, 0.11574, 0.78692, 0.25122, 0.75178, 0.03052, 0.02323, 0.36911, 0.08803, 0.03783, 0.01727, 0.93659, 0.02444, 0.0147, 0.03123, 0.02781, 0.11262, 0.03611, 0.26093, 0.07233, 0.08395, 0.38682, 0.10787, 0.68986, 0.03368, 0.13375, 0.45104, 0.86421, 0.02037, 0.07726, 0.10136, 0.26789, 0.10072, 0.04669, 0.02792, 0.9571, 0.66313, 0.17956, 0.01373, 0.1336, 0.02014, 0.01615, 0.01533, 0.29641, 0.23583, 0.0436, 0.03242, 0.02488, 0.90911, 0.04624, 0.31388, 0.02187, 0.02094, 0.01302, 0.01519, 0.06898, 0.12489, 0.03637, 0.20988, 0.0235, 0.32239, 0.18574, 0.40946, 0.08727, 0.16375, 0.28532, 0.22989, 0.02572, 0.02143, 0.90552, 0.84411, 0.02257, 0.93224, 0.08864, 0.29212, 0.02854, 0.07104, 0.04068, 0.06438, 0.31982, 0.02763, 0.60176, 0.01373, 0.78899, 0.17391, 0.04435, 0.26501, 0.06895, 0.02006, 0.17211, 0.02113, 0.94995, 0.94431, 0.02271, 0.93469, 0.90891, 0.68483, 0.01673, 0.01515, 0.02821, 0.03554, 0.01471, 0.11136, 0.02096, 0.92839, 0.92744, 0.10569, 0.0252, 0.13049, 0.04375, 0.019, 0.42491, 0.26452, 0.23809, 0.40507, 0.02723, 0.0658, 0.09383, 0.03315, 0.05472, 0.03891, 0.16192, 0.85684, 0.02059, 0.03216, 0.87413, 0.02379, 0.1279, 0.02084, 0.0292, 0.01475, 0.86221, 0.0162, 0.02386, 0.39053, 0.04918, 0.52483, 0.09481, 0.5082, 0.76027, 0.02173, 0.8265, 0.0191, 0.01534, 0.12667, 0.69001, 0.34075, 0.03863, 0.01636, 0.05592, 0.67526, 0.74545, 0.91659, 0.02571, 0.46995, 0.5639, 0.02881, 0.02384, 0.02246, 0.01831, 0.92411, 0.94353, 0.04051, 0.4032, 0.18399, 0.03498, 0.01629, 0.25502, 0.32843, 0.0396, 0.05944, 0.33556, 0.11486, 0.93919, 0.05571, 0.72393, 0.04522, 0.01981, 0.10711, 0.02028, 0.05799, 0.02911, 0.96348, 0.15476, 0.07845, 0.76989, 0.0322, 0.26922, 0.052, 0.0488, 0.83017, 0.02455, 0.15924, 0.02739, 0.05179, 0.02374, 0.06167, 0.34076, 0.01468, 0.03009, 0.11825, 0.02837, 0.35846, 0.25842, 0.02444, 0.28943, 0.93345, 0.02995, 0.0897, 0.01995, 0.07824, 0.04881, 0.04137, 0.01905, 0.03618, 0.07047, 0.02023, 0.93623, 0.18413, 0.74636, 0.01384, 0.92511, 0.0272, 0.94876, 0.10397, 0.11012, 0.04422, 0.06927, 0.01567, 0.09079, 0.07974, 0.17488, 0.07394, 0.01633, 0.06002, 0.87482, 0.05268, 0.90708, 0.02527, 0.21586, 0.04338, 0.0485, 0.01709, 0.01815, 0.05462, 0.96229, 0.90429, 0.17596, 0.02796, 0.05515, 0.03133, 0.27954, 0.70623, 0.01938, 0.02152, 0.87937, 0.30959, 0.01625, 0.01833, 0.61933, 0.0798, 0.01935, 0.01948, 0.04527, 0.8131, 0.04541, 0.01675, 0.15506, 0.01398, 0.85054, 0.08373, 0.5868, 0.04116, 0.93402, 0.0149, 0.26195, 0.04245, 0.16523, 0.36742, 0.1745, 0.8828, 0.01253, 0.01728, 0.45009, 0.63489, 0.0941, 0.02021, 0.15541, 0.12775, 0.33801, 0.01205, 0.55749, 0.91115, 0.10723, 0.45809, 0.8653, 0.01589, 0.01478, 0.82666, 0.06076, 0.02823, 0.05155, 0.07801, 0.01425, 0.0899, 0.01489, 0.10472, 0.07175, 0.4163, 0.03048, 0.28833, 0.08789, 0.11993, 0.14762, 0.60406, 0.95759, 0.11884, 0.01551, 0.01634, 0.07985, 0.04057, 0.02784, 0.30093, 0.90173, 0.71564, 0.09461, 0.05113, 0.88601, 0.35797, 0.01315, 0.02215, 0.88641, 0.04451, 0.01626, 0.04921, 0.64049, 0.02821, 0.32347, 