{"model": "google/muril-base-cased", "dataset": "hatexplain", "train_config": "hardneg", "seed": 2024, "thr_cal": 0.28264592587947845, "metrics_05": {"macro": 0.7527694284958943, "toxf1": 0.8099621007038441, "prec": 0.8008565310492506, "rec": 0.8192771084337349, "prauc": 0.8843289659795861, "ece": 0.10600956336657208, "covert": 0.9021827000808408}, "metrics_cal": {"macro": 0.7274725274725274, "toxf1": 0.8092307692307692, "prec": 0.7608486017357763, "rec": 0.864184008762322, "prauc": 0.8843289659795861, "ece": 0.10600956336657208, "covert": 0.90199203187251}, "probs": [0.1858, 0.0939, 0.05928, 0.77921, 0.07475, 0.91906, 0.97743, 0.09957, 0.45073, 0.05729, 0.22506, 0.11466, 0.09134, 0.12307, 0.42447, 0.05737, 0.1157, 0.0711, 0.97859, 0.10608, 0.07438, 0.8212, 0.0553, 0.44089, 0.6305, 0.94761, 0.96562, 0.18165, 0.05463, 0.51836, 0.94365, 0.32735, 0.9434, 0.89723, 0.96524, 0.04521, 0.39306, 0.75781, 0.948, 0.08107, 0.97362, 0.92671, 0.64771, 0.17337, 0.1339, 0.14585, 0.07503, 0.93394, 0.96932, 0.79815, 0.09356, 0.44895, 0.9767, 0.35249, 0.28221, 0.97616, 0.30744, 0.14391, 0.93751, 0.84245, 0.07204, 0.94931, 0.97214, 0.85014, 0.97261, 0.24286, 0.96895, 0.67409, 0.89121, 0.9548, 0.08311, 0.95928, 0.89373, 0.97437, 0.06857, 0.72238, 0.94664, 0.9533, 0.5428, 0.96788, 0.95961, 0.30152, 0.92935, 0.12935, 0.18176, 0.9148, 0.97587, 0.11716, 0.78968, 0.92396, 0.0635, 0.97472, 0.89478, 0.91517, 0.95186, 0.08116, 0.93909, 0.18976, 0.10797, 0.97841, 0.06787, 0.90565, 0.97877, 0.9094, 0.10226, 0.92922, 0.24503, 0.88165, 0.97689, 0.59101, 0.05273, 0.07961, 0.33862, 0.30191, 0.59023, 0.45401, 0.91928, 0.88266, 0.86216, 0.74391, 0.91011, 0.13361, 0.07262, 0.96354, 0.88217, 0.12377, 0.388, 0.19621, 0.19363, 0.97169, 0.09941, 0.92464, 0.09487, 0.6731, 0.96026, 0.79046, 0.74951, 0.95027, 0.95544, 0.08957, 0.65326, 0.97786, 0.92675, 0.97108, 0.88032, 0.15096, 0.96584, 0.65125, 0.75422, 0.20709, 0.73828, 0.74235, 0.97047, 0.62, 0.95487, 0.8787, 0.95742, 0.90756, 0.11618, 0.94712, 0.21001, 0.93964, 0.95131, 0.94454, 0.93288, 0.85141, 0.92331, 0.10146, 0.94134, 0.75071, 0.39178, 0.40336, 0.18478, 0.67107, 0.95501, 0.34242, 0.85954, 0.28488, 0.97071, 0.19215, 0.97278, 0.30621, 0.24408, 0.10799, 0.96986, 0.91699, 0.9703, 0.56181, 0.93115, 0.97512, 0.28236, 0.9731, 0.94062, 0.96822, 0.94256, 0.8756, 0.93398, 0.96035, 0.96283, 0.12592, 0.95879, 0.09739, 0.10771, 0.11727, 0.87082, 0.29127, 0.33288, 0.69089, 0.79207, 0.5881, 0.13382, 0.06316, 0.90671, 0.95753, 0.7228, 0.2318, 0.1062, 0.10575, 0.95331, 0.63626, 0.88635, 0.15019, 0.8801, 0.9793, 0.05625, 0.97408, 0.89956, 0.48446, 0.32054, 0.9615, 0.96597, 0.90207, 0.91547, 0.95267, 0.97402, 0.73432, 0.96535, 0.87187, 0.95103, 0.74576, 0.48851, 0.83864, 0.56848, 0.94667, 0.93988, 0.36374, 0.198, 0.066, 0.07228, 0.11945, 0.86776, 0.96639, 0.23726, 0.96323, 0.09259, 0.95111, 0.96045, 0.13463, 0.07709, 0.93196, 0.16636, 0.97354, 0.40505, 0.88952, 0.91664, 0.33537, 0.95352, 0.04759, 0.08509, 0.14863, 0.94478, 0.31311, 0.07616, 0.92772, 0.0983, 0.224, 0.95512, 0.97638, 0.9686, 0.95828, 0.97505, 0.97404, 0.93343, 0.96503, 0.95428, 0.9561, 0.45999, 0.93559, 0.05463, 0.20751, 0.11133, 0.19501, 0.06168, 0.37111, 0.97251, 0.68483, 0.93187, 0.05217, 0.95114, 0.07588, 0.91743, 0.12615, 0.79774, 0.97606, 0.9749, 0.54742, 0.96264, 0.96392, 0.11172, 0.09596, 0.9308, 0.85774, 0.92325, 0.89772, 0.31079, 0.89035, 0.9659, 0.09526, 0.95266, 0.9745, 0.14413, 0.06256, 0.93808, 0.8879, 0.07547, 0.96749, 0.19128, 0.22389, 0.88351, 0.95643, 0.91091, 0.973, 0.4329, 0.93113, 0.96851, 0.09835, 0.91444, 0.97356, 0.92685, 0.24412, 0.90528, 0.97199, 0.68219, 0.88859, 0.08006, 0.95676, 0.05772, 0.14425, 0.2649, 0.86796, 0.1975, 0.91847, 0.218, 0.90566, 0.30543, 0.9778, 0.0819, 0.83393, 0.87891, 0.95025, 0.06211, 0.87075, 0.97972, 0.03591, 0.98007, 0.2336, 0.97889, 0.97506, 0.79838, 0.67406, 0.10062, 0.74267, 0.94224, 0.95853, 0.93217, 0.8824, 0.10975, 0.95916, 0.96118, 0.97571, 0.95625, 0.96905, 0.19497, 0.97652, 0.12645, 0.11955, 0.0898, 0.04843, 0.8559, 0.95293, 0.95347, 0.78789, 0.26791, 0.74553, 0.95373, 0.96169, 0.18375, 0.94377, 0.95988, 0.29555, 0.90405, 0.3312, 0.92191, 0.40471, 0.40829, 0.89611, 0.89444, 0.95302, 0.30607, 0.04428, 0.93387, 0.12226, 0.18456, 0.07586, 0.11834, 0.94008, 0.08035, 0.87278, 0.96379, 0.41923, 0.96368, 0.64868, 0.64055, 0.62178, 0.09762, 0.11369, 0.42608, 0.95464, 0.80357, 0.63821, 0.09795, 0.05792, 0.23111, 0.08124, 0.94548, 0.97015, 0.94136, 0.79923, 0.81241, 0.18014, 0.97896, 0.21295, 0.96812, 0.23382, 0.41527, 0.97745, 0.96233, 0.8789, 0.12543, 0.95303, 0.2375, 0.77775, 0.09313, 0.94324, 0.55131, 0.12832, 0.67681, 0.09252, 0.97067, 0.2197, 0.11869, 0.94769, 0.89355, 0.95426, 0.10907, 0.26572, 0.63942, 0.88786, 0.96681, 0.08024, 0.0612, 0.83629, 0.64339, 0.12168, 0.97022, 0.17437, 0.84639, 0.16062, 0.94661, 0.2608, 0.96022, 0.66296, 0.06337, 0.97378, 0.09318, 0.50173, 0.15165, 0.82231, 0.60489, 0.97453, 0.96405, 0.97673, 0.95516, 0.67474, 0.70349, 0.06547, 0.08227, 0.42435, 0.9256, 0.92048, 0.97533, 0.09013, 0.07838, 0.05064, 0.96538, 0.97707, 0.95842, 0.17644, 0.12316, 0.95461, 0.20145, 0.0708, 0.96733, 0.06747, 0.13227, 0.25703, 0.95593, 0.18779, 0.81082, 0.65513, 0.09039, 0.86919, 0.96683, 0.59056, 0.95201, 0.96442, 0.9624, 0.06871, 0.96238, 0.87898, 0.90936, 0.94684, 0.04822, 0.46406, 0.96113, 0.7244, 0.7383, 0.05701, 0.77198, 0.9741, 0.21533, 0.95009, 0.95963, 0.19315, 0.09178, 0.42676, 0.65459, 0.91373, 0.71632, 0.76234, 0.91068, 0.79236, 0.97797, 0.97458, 0.34348, 0.97022, 0.90995, 0.95188, 0.82436, 0.8152, 0.1288, 0.52073, 0.30682, 0.58919, 0.95952, 0.05079, 0.97367, 0.04518, 0.96157, 0.93387, 0.97331, 0.97473, 0.5473, 0.94697, 0.24324, 0.94748, 0.85774, 0.88176, 0.55578, 0.97725, 0.49753, 0.94024, 0.96849, 0.95079, 0.96149, 0.94148, 0.13567, 0.79546, 0.97489, 0.0604, 0.96366, 0.05619, 0.50837, 0.11791, 0.0867, 0.95445, 0.96657, 0.10925, 0.9424, 0.65936, 0.93735, 0.20805, 0.24221, 0.3101, 0.86389, 0.09927, 0.16938, 0.79475, 0.35086, 0.97014, 0.09213, 0.97368, 0.57849, 0.66603, 0.08489, 0.81073, 0.8399, 0.90994, 0.93396, 0.96317, 0.72624, 0.91436, 0.12239, 0.97173, 0.96523, 0.08814, 0.62576, 0.97437, 0.91729, 0.92346, 0.61773, 0.62642, 0.22629, 0.93313, 0.88655, 0.96663, 0.95272, 0.96275, 0.57954, 0.08828, 0.04329, 0.60623, 0.15264, 0.67967, 0.95573, 0.97594, 0.59139, 0.17561, 0.08626, 0.9606, 0.96397, 0.95855, 0.44731, 0.9447, 0.13375, 0.79878, 0.92675, 0.13475, 0.20964, 0.96382, 0.86274, 0.8317, 0.13074, 0.86187, 0.04083, 0.48183, 0.1286, 0.09804, 0.7964, 0.43197, 0.1231, 0.93925, 0.23733, 0.97326, 0.1129, 0.89954, 0.65436, 0.23356, 0.93691, 0.97849, 0.9603, 0.97394, 0.92447, 0.96076, 0.84393, 0.04782, 0.93423, 0.6478, 0.13844, 0.97355, 0.61139, 0.92469, 0.93047, 0.67007, 0.84876, 0.97688, 0.9481, 0.74747, 0.10646, 0.09958, 0.97548, 0.96295, 0.93264, 0.93005, 0.94223, 0.89495, 0.12309, 0.23945, 0.14354, 0.97515, 0.10741, 0.20044, 0.96303, 0.0913, 0.0574, 0.96981, 0.96, 0.08976, 0.8058, 0.06316, 0.76708, 0.93484, 0.96481, 0.33849, 0.0726, 0.96553, 0.1041, 0.14287, 0.95486, 0.97767, 0.67256, 0.95148, 0.76724, 0.89726, 0.96978, 0.96958, 0.06614, 0.18629, 0.26965, 0.93621, 0.96113, 0.44434, 0.87885, 0.06761, 0.52256, 0.2856, 0.95511, 0.50254, 0.93332, 0.15412, 0.0958, 0.94103, 0.064, 0.16718, 0.97579, 0.9689, 0.24965, 0.1337, 0.976, 0.09384, 0.41586, 0.15394, 0.05633, 0.86756, 0.21218, 0.09115, 0.06357, 0.82851, 0.68658, 0.08123, 0.89419, 0.05386, 0.04616, 0.76322, 0.89758, 0.39944, 0.94638, 0.96974, 0.14736, 0.17855, 0.97093, 0.9725, 0.90276, 0.94681, 0.86322, 0.95175, 0.96713, 0.94996, 0.05216, 0.51217, 0.88623, 0.13806, 0.93617, 0.96665, 0.05397, 0.86806, 0.07344, 0.61644, 0.39609, 0.97279, 0.95584, 0.97482, 0.96127, 0.975, 0.41771, 0.96813, 0.97805, 0.91837, 0.18017, 0.97133, 0.0992, 0.87933, 0.83596, 0.05406, 0.71613, 0.91224, 0.05204, 0.12261, 0.85843, 0.23525, 0.96948, 0.07736, 0.97258, 0.96285, 0.09042, 0.94038, 0.96895, 0.0622, 0.95387, 0.91433, 0.96556, 0.08265, 0.13976, 0.94324, 0.96821, 0.1909, 0.32812, 