{"model": "google/muril-base-cased", "dataset": "dravidian_tamil", "train_config": "hardneg", "seed": 123, "thr_cal": 0.3632887691259384, "metrics_05": {"macro": 0.7416637112144739, "toxf1": 0.599406528189911, "prec": 0.6196319018404908, "rec": 0.5804597701149425, "prauc": 0.6372563438648303, "ece": 0.0772832140425841, "covert": 0.6887052341597796}, "metrics_cal": {"macro": 0.7540208136234626, "toxf1": 0.6285714285714286, "prec": 0.5968992248062015, "rec": 0.6637931034482759, "prauc": 0.6372563438648303, "ece": 0.0772832140425841, "covert": 0.7183462532299741}, "probs": [0.02792, 0.01881, 0.01947, 0.01595, 0.70929, 0.01647, 0.01088, 0.01054, 0.01443, 0.01738, 0.03938, 0.02497, 0.01648, 0.01428, 0.01794, 0.05348, 0.94203, 0.02083, 0.011, 0.06629, 0.0169, 0.01805, 0.01636, 0.03482, 0.01465, 0.54647, 0.94744, 0.01182, 0.01962, 0.011, 0.01486, 0.09339, 0.02721, 0.02533, 0.01881, 0.92504, 0.03473, 0.05404, 0.01699, 0.21039, 0.07453, 0.01831, 0.306, 0.05597, 0.07052, 0.93697, 0.019, 0.02305, 0.18202, 0.02523, 0.01565, 0.02925, 0.05835, 0.03417, 0.02204, 0.56692, 0.04551, 0.12149, 0.78151, 0.03405, 0.02811, 0.01315, 0.07743, 0.13388, 0.02165, 0.02161, 0.02004, 0.21301, 0.81707, 0.20329, 0.84337, 0.67997, 0.01972, 0.02714, 0.62496, 0.75147, 0.61868, 0.9366, 0.0294, 0.03007, 0.79931, 0.49499, 0.07428, 0.01288, 0.01684, 0.01152, 0.02026, 0.02181, 0.0127, 0.88719, 0.01282, 0.81629, 0.01077, 0.13959, 0.04203, 0.02831, 0.155, 0.01446, 0.01749, 0.01117, 0.33972, 0.0139, 0.01243, 0.01841, 0.22148, 0.74149, 0.02812, 0.01511, 0.01127, 0.43068, 0.04878, 0.03457, 0.43902, 0.11203, 0.23262, 0.02208, 0.04554, 0.05141, 0.02396, 0.01397, 0.01933, 0.01097, 0.02058, 0.04541, 0.2931, 0.01342, 0.86568, 0.10088, 0.01915, 0.01328, 0.01717, 0.09832, 0.18923, 0.04573, 0.8401, 0.07316, 0.0462, 0.01254, 0.04555, 0.93725, 0.23772, 0.01375, 0.47304, 0.94143, 0.13451, 0.02277, 0.01111, 0.03955, 0.43548, 0.08151, 0.90713, 0.02395, 0.56899, 0.02399, 0.59437, 0.02618, 0.01309, 0.11346, 0.01378, 0.88183, 0.02365, 0.10448, 0.03844, 0.9417, 0.00944, 0.03604, 0.15379, 0.01869, 0.46682, 0.449, 0.93082, 0.19933, 0.40876, 0.14573, 0.03122, 0.01115, 0.12616, 0.07578, 0.01463, 0.04919, 0.02057, 0.71517, 0.03513, 0.91083, 0.02337, 0.01445, 0.47482, 0.01306, 0.01366, 0.35393, 0.03892, 0.0193, 0.24269, 0.02201, 0.0119, 0.52384, 0.01224, 0.80392, 0.01019, 0.01627, 0.19961, 0.9504, 0.86608, 0.01402, 0.03648, 0.02217, 0.24857, 0.0131, 0.02122, 0.11682, 0.03534, 0.03219, 0.23537, 0.0127, 0.01512, 0.84474, 0.01168, 0.01564, 0.03239, 0.02413, 0.01287, 0.01265, 0.01354, 0.95278, 0.02391, 0.95376, 0.72759, 0.07252, 0.01528, 0.02664, 0.07543, 0.04064, 0.01459, 0.93734, 0.74933, 0.02323, 0.11444, 0.01342, 0.43556, 0.0247, 0.94646, 0.06402, 0.01014, 0.29388, 0.45319, 0.34896, 0.04471, 0.79744, 0.04355, 0.04184, 0.01846, 0.01308, 0.03023, 0.01618, 0.19201, 0.0314, 0.01269, 0.43832, 0.03086, 0.01292, 0.03908, 0.92133, 0.02656, 0.01643, 0.19348, 0.01841, 0.03842, 0.05452, 0.48055, 0.01401, 0.15648, 0.95075, 0.82213, 0.01336, 0.02029, 0.00859, 0.89091, 0.67431, 0.01999, 0.05596, 0.01512, 0.01255, 0.02018, 0.02114, 0.01605, 0.01318, 0.07781, 0.16214, 0.04583, 0.84638, 0.01713, 0.01563, 0.01894, 0.92795, 0.171, 0.06795, 0.01931, 0.23822, 0.95681, 0.40572, 0.01183, 0.01662, 0.01464, 0.65793, 0.778, 0.21706, 0.0686, 0.03263, 0.03845, 0.01265, 0.01816, 0.90615, 0.02967, 0.06514, 0.07937, 0.05585, 0.89834, 0.03696, 0.04262, 0.055, 0.01522, 0.44905, 0.89721, 0.14818, 0.01835, 0.93933, 0.91497, 0.11366, 0.01923, 0.01084, 0.01963, 0.20048, 0.02935, 0.21081, 0.01728, 0.00918, 0.10548, 0.86032, 0.02043, 0.03331, 0.01018, 0.01391, 0.04058, 0.47427, 0.057, 0.04103, 0.04287, 0.03363, 0.02893, 0.01384, 0.66652, 0.57223, 0.44619, 0.70328, 0.09011, 0.14947, 0.13688, 0.14645, 0.01291, 0.02245, 0.16888, 0.10494, 0.02298, 0.03656, 0.05197, 0.71292, 0.01236, 0.90166, 0.01371, 0.95102, 0.01201, 0.50663, 0.07779, 0.01375, 0.02616, 0.22759, 0.01014, 0.15028, 0.94177, 0.01917, 0.77192, 0.01173, 0.20277, 0.60697, 0.12284, 0.26332, 0.03348, 0.31633, 0.01045, 0.22099, 0.12898, 0.04847, 0.01481, 0.01632, 0.05707, 0.77616, 0.69477, 0.88639, 0.01111, 0.03631, 0.41377, 0.07296, 0.01245, 0.04706, 0.02164, 0.02014, 0.02286, 0.9095, 0.04254, 0.94999, 0.95441, 0.02403, 0.0191, 0.11661, 0.72423, 0.92282, 0.04351, 0.01901, 0.09273, 0.80026, 0.30066, 0.34851, 0.01392, 0.02399, 0.81034, 0.01561, 0.01491, 0.0243, 0.83765, 0.22618, 0.0486, 0.33053, 0.42133, 0.87635, 0.1029, 0.02169, 0.01692, 0.31581, 0.02438, 0.03968, 0.88513, 0.01693, 0.95837, 0.20545, 0.03943, 0.92299, 0.45551, 0.01524, 0.35158, 0.15958, 0.04337, 0.8356, 0.02163, 0.02006, 0.01652, 0.85705, 0.23753, 0.24221, 0.01535, 0.08796, 0.01263, 0.01482, 0.09811, 0.01336, 0.015, 0.91615, 0.01417, 0.05405, 0.85468, 0.03256, 0.01505, 0.02994, 0.2, 0.03142, 0.21725, 0.04858, 0.01359, 0.89337, 0.90519, 0.3659, 0.18134, 0.01182, 0.03039, 0.86034, 0.01302, 0.95158, 0.94049, 0.01079, 0.01363, 0.2034, 0.01717, 0.91644, 0.0985, 0.01952, 0.49418, 0.03642, 0.04751, 0.01045, 0.03677, 0.90697, 0.07886, 0.06342, 0.01517, 0.18149, 0.56667, 0.01866, 0.02206, 0.01193, 0.9036, 0.0218, 0.01351, 0.01938, 0.01522, 0.04732, 0.01729, 0.61395, 0.3125, 0.05249, 0.08739, 0.34228, 0.92013, 0.09992, 0.01441, 0.1303, 0.7754, 0.01684, 0.02911, 0.03584, 0.07958, 0.03591, 0.13547, 0.03129, 0.91499, 0.41229, 0.04149, 0.01536, 0.03027, 0.01331, 0.01293, 0.04702, 0.77538, 0.03931, 0.01539, 0.01477, 0.09641, 0.91311, 0.02823, 0.03595, 0.0134, 0.01292, 0.00981, 0.01184, 0.06857, 0.04214, 0.07274, 0.06051, 0.03959, 0.17114, 0.05697, 0.84272, 0.72358, 0.20859, 0.36538, 0.27051, 0.02992, 0.03964, 0.30839, 0.8213, 0.01532, 0.93368, 0.05337, 0.39499, 0.02123, 0.01651, 0.07327, 0.22147, 0.05644, 0.0191, 0.0853, 0.01571, 0.04925, 0.32917, 0.02755, 0.28541, 0.18204, 0.20627, 0.15924, 0.02466, 0.90211, 0.95053, 0.01871, 0.93675, 0.06281, 0.93064, 0.01263, 0.01089, 0.02035, 0.029, 0.01023, 0.13054, 0.01616, 0.85936, 0.34478, 0.03255, 0.03037, 0.25263, 0.01969, 0.13585, 0.11067, 0.69191, 0.12526, 0.84964, 0.03766, 0.01924, 0.05468, 0.08814, 0.08938, 0.05859, 0.19835, 0.53403, 0.01503, 0.0292, 0.91154, 0.11745, 0.8417, 0.02971, 0.01701, 0.01125, 0.91333, 0.01574, 0.0302, 0.13613, 0.0338, 0.06311, 0.02806, 0.28002, 0.84683, 0.01656, 0.90955, 0.31105, 0.01862, 0.03176, 0.31039, 0.11388, 0.0612, 0.01439, 0.19218, 0.36798, 0.05303, 0.94405, 0.02279, 0.60227, 0.05007, 0.03625, 0.01636, 0.02326, 0.01216, 0.90711, 0.74951, 0.22447, 0.74018, 0.10208, 0.01935, 0.01295, 0.16362, 0.035, 0.03519, 0.04545, 0.21396, 0.0212, 0.85966, 0.02073, 0.69246, 0.77059, 0.01506, 0.02465, 0.01762, 0.07764, 0.0112, 0.95331, 0.05475, 0.04578, 0.8312, 0.01198, 0.04812, 0.03121, 0.03975, 0.87707, 0.03168, 0.46216, 0.0336, 0.01544, 0.03205, 0.3706, 0.6746, 0.02175, 0.03318, 0.03216, 0.0209, 0.13895, 0.11783, 0.01973, 0.46007, 0.90763, 0.02256, 0.13926, 0.03691, 0.03341, 0.02591, 0.03637, 0.01817, 0.01264, 0.01918, 0.01244, 0.92922, 0.43727, 0.89999, 0.01367, 0.86422, 0.01132, 0.93856, 0.05527, 0.02933, 0.03631, 0.03993, 0.01264, 0.08603, 0.12718, 0.04296, 0.05159, 0.0131, 0.08951, 0.92475, 0.0854, 0.67922, 0.03179, 0.02282, 0.01453, 0.07862, 0.01117, 0.01036, 0.03428, 0.94243, 0.61181, 0.04028, 0.11031, 0.03855, 0.01654, 0.03694, 0.74794, 0.01837, 0.01982, 0.85983, 0.17096, 0.01443, 0.01502, 0.75647, 0.08156, 0.02068, 0.0143, 0.11497, 0.73573, 0.02253, 0.01272, 0.10836, 0.01142, 0.81805, 0.0432, 0.47936, 0.01819, 0.88902, 0.01304, 0.32067, 0.02211, 0.36611, 0.92081, 0.04029, 0.79614, 0.01082, 0.01212, 0.45154, 0.74416, 0.25324, 0.01233, 0.04671, 0.08086, 0.23039, 0.01464, 0.07796, 0.90606, 0.03533, 0.44162, 0.77969, 0.01787, 0.01154, 0.90051, 0.18334, 0.01437, 0.02016, 0.11936, 0.01306, 0.03733, 0.01219, 0.8371, 0.20118, 0.34114, 0.20347, 0.17051, 0.03019, 0.2606, 0.07518, 0.90175, 0.87374, 0.04826, 0.01623, 0.01783, 0.11232, 0.04279, 0.03437, 0.05884, 0.91961, 0.88931, 0.03326, 0.17247, 0.89275, 0.32528, 0.01557, 0.08955, 0.82275, 0.17535, 0.0161, 0.02187, 0.30399, 0.03288, 