{"model": "google/muril-base-cased", "dataset": "dravidian_malayalam", "train_config": "ce", "seed": 42, "thr_cal": 0.7276851832866669, "metrics_05": {"macro": 0.5821428571428572, "toxf1": 0.22, "prec": 0.1437908496732026, "rec": 0.46808510638297873, "prauc": 0.189798071902967, "ece": 0.2305322425365448, "covert": 0.3076923076923077}, "metrics_cal": {"macro": 0.609375, "toxf1": 0.25, "prec": 0.2054794520547945, "rec": 0.3191489361702128, "prauc": 0.189798071902967, "ece": 0.2305322425365448, "covert": 0.3225806451612903}, "probs": [0.22232, 0.12217, 0.1442, 0.36521, 0.21053, 0.33751, 0.18517, 0.29424, 0.7402, 0.13649, 0.21492, 0.23033, 0.45197, 0.21904, 0.29097, 0.25401, 0.26456, 0.14603, 0.16982, 0.11321, 0.27522, 0.18739, 0.43359, 0.14051, 0.23031, 0.14814, 0.26014, 0.12996, 0.21599, 0.33915, 0.39802, 0.11378, 0.227, 0.19587, 0.80395, 0.13569, 0.1565, 0.27621, 0.20514, 0.14436, 0.22559, 0.17838, 0.30016, 0.28552, 0.85275, 0.15608, 0.25592, 0.27249, 0.12403, 0.21893, 0.17524, 0.27508, 0.10831, 0.40679, 0.21789, 0.17934, 0.14865, 0.18966, 0.17662, 0.10028, 0.13827, 0.2108, 0.13872, 0.18324, 0.76179, 0.11769, 0.26041, 0.10488, 0.17709, 0.41613, 0.40932, 0.22255, 0.16978, 0.23058, 0.51149, 0.21538, 0.20404, 0.64107, 0.13515, 0.29983, 0.78869, 0.18276, 0.16798, 0.17327, 0.19557, 0.20043, 0.12617, 0.23709, 0.17923, 0.32893, 0.18942, 0.1448, 0.27122, 0.38536, 0.12495, 0.23785, 0.26875, 0.19081, 0.10306, 0.23278, 0.12991, 0.15889, 0.21518, 0.18444, 0.2124, 0.14372, 0.17153, 0.12329, 0.7159, 0.23661, 0.11801, 0.27121, 0.21109, 0.13403, 0.1418, 0.27033, 0.32901, 0.21472, 0.20686, 0.11116, 0.62523, 0.24475, 0.32654, 0.27062, 0.36512, 0.27365, 0.28907, 0.10969, 0.30034, 0.19174, 0.25524, 0.12071, 0.21814, 0.31928, 0.13679, 0.56704, 0.23581, 0.20751, 0.2562, 0.13186, 0.33048, 0.21995, 0.20526, 0.21865, 0.25346, 0.24562, 0.12009, 0.18983, 0.17854, 0.2439, 0.54452, 0.16899, 0.12843, 0.2083, 0.44397, 0.78263, 0.20819, 0.23508, 0.32795, 0.10382, 0.23795, 0.20959, 0.13475, 0.5778, 0.25537, 0.10327, 0.25266, 0.19584, 0.63139, 0.19194, 0.16487, 0.16397, 0.15091, 0.76118, 0.22829, 0.33932, 0.68658, 0.43105, 0.25919, 0.27573, 0.09578, 0.15016, 0.38998, 0.12714, 0.70577, 0.16014, 0.2763, 0.11125, 0.16756, 0.23688, 0.68675, 0.23766, 0.84212, 0.15979, 0.11476, 0.4276, 0.22055, 0.69012, 0.50263, 0.12982, 0.10095, 0.13806, 0.13897, 0.57862, 0.12864, 0.30147, 0.09352, 0.12559, 0.17292, 0.11445, 0.14689, 0.22784, 0.22389, 0.29173, 0.22736, 0.10359, 0.65284, 0.27887, 0.16197, 0.12774, 0.12503, 0.32833, 0.26452, 0.27594, 0.22528, 0.17734, 0.50911, 0.129, 0.10374, 0.78837, 0.54542, 0.11093, 0.35598, 0.15608, 0.41686, 0.80978, 0.19396, 0.24114, 0.15794, 0.1199, 0.12586, 0.16904, 0.15236, 0.51001, 0.26014, 0.21507, 0.84641, 0.22561, 0.25195, 0.15242, 0.23621, 0.47633, 0.25143, 0.21965, 0.25116, 0.251, 0.21679, 0.12851, 0.12373, 0.18437, 0.10659, 0.29407, 0.16349, 0.64007, 0.63442, 0.20739, 0.16842, 0.35441, 0.81398, 0.29497, 0.39103, 0.25281, 0.1967, 0.69108, 0.15679, 0.1992, 0.25423, 0.19555, 0.2843, 0.22145, 0.10304, 0.14705, 0.12454, 0.10425, 0.20287, 0.25178, 0.2852, 0.11194, 0.15161, 0.12476, 0.29145, 0.52182, 0.31056, 0.10677, 0.12448, 0.77706, 0.27684, 0.76743, 0.11475, 0.22989, 0.24036, 0.21641, 0.1167, 0.23769, 0.27057, 0.25024, 0.25098, 0.27819, 0.18456, 0.33726, 0.28651, 0.22114, 0.28486, 0.73572, 0.5865, 0.18151, 0.22647, 0.61889, 0.12691, 0.22605, 0.18904, 0.26655, 0.23836, 0.17359, 0.19705, 0.20196, 0.18276, 0.25561, 0.18341, 0.27382, 0.31909, 0.76619, 0.11388, 0.23405, 0.21414, 0.19715, 0.13576, 0.29207, 0.1854, 0.23768, 0.30603, 0.09758, 0.60774, 0.3293, 0.2051, 0.2414, 0.1246, 0.21894, 0.18348, 0.21338, 0.11156, 0.12993, 0.32577, 0.28061, 0.11288, 0.28426, 0.47353, 0.20017, 0.26078, 0.61632, 0.28575, 0.11832, 0.16301, 0.77736, 0.13864, 0.17266, 0.12359, 0.09345, 0.1417, 0.14372, 0.15231, 0.11401, 0.81556, 0.2179, 0.15214, 0.31909, 0.27787, 0.21078, 0.09809, 0.27313, 0.10133, 0.22753, 0.22154, 0.10526, 0.13022, 0.1661, 0.26891, 0.33196, 0.17011, 0.16951, 0.15893, 0.1982, 0.12123, 0.11991, 0.50693, 0.31914, 0.39304, 0.19457, 0.19585, 0.75522, 0.11127, 0.17797, 0.84065, 0.23595, 0.21997, 0.21284, 0.13841, 0.81369, 0.12288, 0.15731, 0.13585, 0.11224, 0.38864, 0.18322, 0.14547, 0.11018, 0.18051, 0.19172, 0.26454, 0.73361, 0.36529, 0.23207, 0.24643, 0.13628, 0.11381, 0.25302, 0.16215, 0.2448, 0.15624, 0.10219, 0.20975, 0.1081, 0.14729, 0.18657, 0.10447, 0.20573, 0.26352, 0.24256, 0.24416, 0.17699, 0.12605, 0.12239, 0.26235, 0.10102, 0.28565, 0.12779, 0.2523, 0.25668, 0.20434, 0.2042, 0.82264, 0.1215, 0.19651, 0.11655, 0.19476, 0.3308, 0.21472, 0.14017, 0.53805, 0.84069, 0.16195, 0.11827, 0.24549, 0.1929, 0.18542, 0.14091, 0.19802, 0.20051, 0.11096, 0.13061, 0.80978, 0.13105, 0.77427, 0.27485, 0.49777, 0.14817, 0.22105, 0.24631, 0.76774, 0.1273, 0.12626, 0.68808, 0.39705, 0.1474, 0.36976, 0.2101, 0.18683, 0.16755, 0.22611, 0.83002, 0.32026, 0.42536, 0.11116, 0.16904, 0.41065, 0.23588, 0.12029, 0.18698, 0.52268, 0.28437, 0.43557, 0.11117, 0.11077, 0.65212, 0.10542, 0.19278, 0.20197, 0.15355, 0.10374, 0.24335, 0.11357, 0.15232, 0.22432, 0.24218, 0.18403, 0.16827, 0.21323, 0.53261, 0.27684, 0.11763, 0.15832, 0.12436, 0.21044, 0.14037, 0.1088, 0.22874, 0.60457, 0.11724, 0.11249, 0.23815, 0.19984, 0.26273, 0.25839, 0.43511, 0.16307, 0.09726, 0.16046, 0.21605, 0.11544, 0.24603, 0.15343, 0.71608, 0.14238, 0.16504, 0.60568, 0.15852, 0.18632, 0.53682, 0.23624, 0.17092, 0.17149, 0.4894, 0.20424, 0.23737, 0.75266, 0.09964, 0.58989, 0.21875, 0.24538, 0.28085, 0.44375, 0.23128, 0.46992, 0.14306, 0.25546, 0.10557, 0.16103, 0.10152, 0.75592, 0.30583, 0.26917, 0.13133, 0.21564, 0.28264, 0.20947, 0.28496, 0.16658, 0.14946, 0.13292, 0.29593, 0.35774, 0.17521, 0.17912, 0.38188, 0.11382, 0.75895, 0.19003, 0.18089, 0.64863, 0.1783, 0.1304, 0.13072, 0.23588, 0.2844, 0.18763, 0.214, 0.27864, 0.15789, 0.14551, 0.29407, 0.26301, 0.20699, 0.71217, 0.11924, 0.17649, 0.79703, 0.26705, 0.76706, 0.16677, 0.15522, 0.12905, 0.10779, 0.13814, 0.1569, 0.15325, 0.35088, 0.12827, 0.23902, 0.25909, 0.1439, 0.23031, 0.27229, 0.42483, 0.61739, 0.11147, 0.18045, 0.43349, 0.23641, 0.1543, 0.10558, 0.2211, 0.33613, 0.23663, 0.72543, 0.26358, 0.33561, 0.2753, 0.13023, 0.19285, 0.183, 0.30134, 0.24362, 0.19916, 0.24778, 0.1079, 0.63096, 0.61666, 0.21823, 0.46105, 0.14486, 0.13427, 0.29054, 0.19835, 0.84203, 0.75541, 0.10178, 0.75867, 0.38191, 0.2432, 0.18991, 0.81847, 0.61401, 0.14741, 0.15357, 0.19815, 0.26443, 0.25826, 0.44083, 0.30048, 0.26101, 0.15869, 0.22507, 0.37566, 0.34242, 0.24643, 0.84106, 0.64544, 0.33692, 0.18434, 0.23544, 0.24098, 0.17827, 0.20619, 0.32461, 0.14422, 0.15327, 0.24121, 0.23109, 0.37308, 0.43009, 0.17271, 0.16534, 0.60694, 0.22446, 0.17982, 0.30948, 0.20486, 0.75559, 0.2874, 0.81953, 0.76049, 0.19767, 0.51784, 0.42925, 0.11075, 0.22733, 0.72385, 0.1353, 0.32784, 0.26893, 0.30614, 0.18937, 0.28583, 0.15093, 0.13289, 0.25426, 0.1934, 0.1414, 0.19989, 0.23637, 0.12483, 0.13807, 0.48769, 0.21502, 0.15596, 0.31709, 0.10723, 0.19454, 0.28804, 0.21414, 0.13741, 0.26484, 0.25305, 0.76946, 0.22378, 0.18709, 0.30098, 0.12821, 0.15802, 0.13102, 0.11936, 0.27175, 0.51966, 0.23462, 0.47664, 0.65715, 0.12394, 0.31387, 0.29045, 0.0981, 0.18047, 0.19721, 0.19033, 0.24539, 0.20049, 0.19712, 0.24975, 0.33158, 0.41939, 0.19084, 0.18157, 0.27223, 0.24825, 0.75457, 0.09345, 0.21755, 0.19128, 0.42104, 0.17271, 0.18413, 0.32476, 0.16494, 0.29995, 0.17627, 0.28415, 0.67273, 0.26767, 0.20461, 0.70384, 0.42097, 0.14915, 0.23836, 0.26461, 0.75165, 0.25675, 0.09823, 0.18434, 0.22736, 0.13864, 0.14154, 0.57383, 0.36834, 0.82695, 0.17467, 0.11264, 0.73744, 0.14732, 0.13667, 0.2372, 0.13821, 0.20401, 0.1957, 0.30338, 0.53342, 0.29592, 0.10561, 0.27662, 0.31644, 0.30773, 0.15089, 0.12772, 0.34602, 0.10958, 0.26245, 0.23641, 0.44933, 0.11901, 0.1437, 0.13937, 0.22161, 0.63846, 0.27156, 0.2331, 0.30791, 0.22522, 0.25534, 0.26613, 0.24323, 0.18491, 0.20382, 0.1088, 0.14965, 0.27753, 0.12539, 0.13749, 0.23428, 0.2147, 