{"model": "google/muril-base-cased", "dataset": "dravidian_malayalam", "train_config": "ce", "seed": 2024, "thr_cal": 0.48187861144542693, "metrics_05": {"macro": 0.5773489939362125, "toxf1": 0.1797752808988764, "prec": 0.19047619047619047, "rec": 0.1702127659574468, "prauc": 0.1402818054339423, "ece": 0.3373443392316501, "covert": 0.2978723404255319}, "metrics_cal": {"macro": 0.5930509949201538, "toxf1": 0.21621621621621623, "prec": 0.1875, "rec": 0.2553191489361702, "prauc": 0.1402818054339423, "ece": 0.3373443392316501, "covert": 0.25}, "probs": [0.32831, 0.30422, 0.30329, 0.40714, 0.35602, 0.40813, 0.34141, 0.37848, 0.45342, 0.25627, 0.34527, 0.38586, 0.44666, 0.31662, 0.3839, 0.39187, 0.31787, 0.39868, 0.33392, 0.29976, 0.39114, 0.30129, 0.44328, 0.26895, 0.3455, 0.26693, 0.36576, 0.29077, 0.35175, 0.4502, 0.40081, 0.36602, 0.33497, 0.30718, 0.50101, 0.32598, 0.3857, 0.39013, 0.33428, 0.29163, 0.3521, 0.27592, 0.40036, 0.40822, 0.9236, 0.26743, 0.38861, 0.41313, 0.30867, 0.43412, 0.34022, 0.35565, 0.29756, 0.44657, 0.36201, 0.304, 0.35677, 0.30107, 0.31966, 0.33968, 0.31613, 0.32754, 0.40633, 0.40007, 0.41378, 0.41161, 0.43156, 0.27432, 0.33877, 0.36705, 0.45263, 0.32808, 0.29593, 0.35346, 0.39455, 0.34514, 0.32828, 0.53208, 0.34387, 0.40653, 0.44596, 0.30935, 0.28923, 0.27955, 0.28994, 0.30447, 0.31376, 0.35982, 0.31536, 0.37192, 0.35208, 0.38805, 0.38008, 0.42179, 0.31821, 0.36101, 0.40603, 0.27766, 0.51936, 0.35058, 0.2967, 0.30065, 0.38726, 0.33911, 0.32049, 0.28497, 0.28459, 0.31538, 0.43033, 0.3611, 0.2975, 0.35551, 0.31285, 0.32153, 0.32686, 0.33172, 0.39973, 0.32731, 0.32162, 0.36291, 0.41661, 0.56953, 0.35631, 0.36712, 0.44833, 0.39213, 0.44279, 0.35321, 0.41628, 0.32925, 0.41575, 0.34575, 0.39133, 0.39527, 0.38697, 0.33551, 0.39449, 0.32692, 0.44912, 0.35608, 0.51449, 0.35313, 0.34357, 0.36405, 0.37903, 0.37899, 0.29803, 0.31374, 0.2967, 0.35013, 0.46068, 0.30797, 0.28496, 0.28506, 0.40851, 0.49629, 0.38821, 0.41577, 0.41044, 0.39595, 0.37252, 0.43965, 0.38668, 0.43396, 0.39236, 0.30132, 0.36597, 0.28804, 0.38582, 0.29021, 0.36666, 0.29899, 0.34474, 0.41392, 0.33081, 0.4323, 0.45494, 0.38581, 0.36275, 0.39155, 0.34477, 0.3656, 0.45594, 0.46628, 0.49417, 0.30983, 0.38515, 0.29154, 0.37254, 0.36905, 0.39409, 0.334, 0.92187, 0.34211, 0.32243, 0.42676, 0.34271, 0.44051, 0.4626, 0.29581, 0.36112, 0.33979, 0.35097, 0.43968, 0.33111, 0.40555, 0.2594, 0.33279, 0.45022, 0.30057, 0.2941, 0.33728, 0.32946, 0.39916, 0.37246, 0.30087, 0.5008, 0.39044, 0.28568, 0.28322, 0.30149, 0.42233, 0.37298, 0.41396, 0.34414, 0.32264, 0.46408, 0.32185, 0.34182, 0.48753, 0.42234, 0.29582, 0.43779, 0.26743, 0.42122, 0.49822, 0.35749, 0.32171, 0.3798, 0.38115, 0.34463, 0.33132, 0.28799, 0.45835, 0.34443, 0.35107, 0.4914, 0.3916, 0.39424, 0.25591, 0.3392, 0.44286, 0.37079, 0.31592, 0.5509, 0.41173, 0.33746, 0.34353, 0.28709, 0.28137, 0.27269, 0.4193, 0.32544, 0.44429, 0.46674, 0.34089, 0.28381, 0.44417, 0.44626, 0.39588, 0.42467, 0.35604, 0.34664, 0.44038, 0.31057, 0.39641, 0.40259, 0.34171, 0.41649, 0.33225, 0.43832, 0.29535, 0.27492, 0.36449, 0.32073, 0.40328, 0.44571, 0.32241, 0.31124, 0.28173, 0.39885, 0.45523, 0.42076, 0.30119, 0.34052, 0.46752, 0.42614, 0.46374, 0.3212, 0.32001, 0.34133, 0.3548, 0.36527, 0.35993, 0.38688, 0.38712, 0.41302, 0.40947, 0.28482, 0.35466, 0.38224, 0.35973, 0.37404, 0.40658, 0.49836, 0.41688, 0.4341, 0.41403, 0.27926, 0.31699, 0.31098, 0.42152, 0.35464, 0.37324, 0.30277, 0.46008, 0.30935, 0.39171, 0.36785, 0.34927, 0.41677, 0.5345, 0.45366, 0.36754, 0.31575, 0.32092, 0.32978, 0.41596, 0.3213, 0.45183, 0.38222, 0.30351, 0.46597, 0.50873, 0.31628, 0.36476, 0.34204, 0.32009, 0.31713, 0.35303, 0.37483, 0.32798, 0.40305, 0.38431, 0.32671, 0.44804, 0.41663, 0.3257, 0.40421, 0.47298, 0.3913, 0.33091, 0.25556, 0.47672, 0.48678, 0.31783, 0.41262, 0.31964, 0.36484, 0.28497, 0.32902, 0.32671, 0.467, 0.36623, 0.33954, 0.41677, 0.41266, 0.35022, 0.27592, 0.37426, 0.28794, 0.3758, 0.35291, 0.34959, 0.29916, 0.52779, 0.36266, 0.39153, 0.39382, 0.41915, 0.39448, 0.32002, 0.32932, 0.3063, 0.5337, 0.40415, 0.39196, 0.32636, 0.29909, 0.44993, 0.31946, 0.34153, 0.8327, 0.3536, 0.36957, 0.36755, 0.2623, 0.56839, 0.39598, 0.32096, 0.31208, 0.25046, 0.43333, 0.42098, 0.30921, 0.27278, 0.29689, 0.35738, 0.39721, 0.46459, 0.42254, 0.37072, 0.36466, 0.36715, 0.2802, 0.36623, 0.30953, 0.38051, 0.28686, 0.30203, 0.3371, 0.31684, 0.29002, 0.29152, 0.3154, 0.32103, 0.40865, 0.36816, 0.38855, 0.29443, 0.31797, 0.3419, 0.39371, 0.30347, 0.41409, 0.29088, 0.39038, 0.40802, 0.33584, 0.34169, 0.41373, 0.37855, 0.32005, 0.29295, 0.3236, 0.44782, 0.32731, 0.29602, 0.37869, 0.51094, 0.27621, 0.3051, 0.37037, 0.30142, 0.31978, 0.38618, 0.2614, 0.29099, 0.31518, 0.30207, 0.49822, 0.27333, 0.41705, 0.42352, 0.37378, 0.33592, 0.37249, 0.35576, 0.47966, 0.45596, 0.30198, 0.50592, 0.44823, 0.39758, 0.433, 0.3168, 0.32059, 0.3837, 0.35455, 0.46881, 0.41247, 0.45534, 0.36291, 0.33132, 0.41837, 0.36878, 0.33312, 0.29537, 0.46595, 0.37761, 0.43607, 0.25544, 0.27537, 0.47848, 0.32308, 0.30163, 0.36355, 0.29828, 0.27183, 0.37289, 0.29855, 0.32235, 0.34563, 0.37203, 0.33619, 0.38404, 0.31946, 0.40268, 0.43695, 0.28989, 0.3074, 0.35903, 0.33751, 0.29019, 0.29519, 0.45468, 0.44709, 0.41869, 0.26712, 0.33203, 0.35839, 0.393, 0.40642, 0.4566, 0.31305, 0.33318, 0.37521, 0.37176, 0.28306, 0.35142, 0.27288, 0.50742, 0.36279, 0.29231, 0.40999, 0.42051, 0.39495, 0.40854, 0.3583, 0.28545, 0.30213, 0.43836, 0.3235, 0.39727, 0.58182, 0.29977, 0.4698, 0.34334, 0.38459, 0.3834, 0.45518, 0.37537, 0.4362, 0.38708, 0.41404, 0.28439, 0.41147, 0.30494, 0.36745, 0.42659, 0.35966, 0.32992, 0.3322, 0.38939, 0.43559, 0.41643, 0.31493, 0.33189, 0.30828, 0.40205, 0.47052, 0.33305, 0.37172, 0.44822, 0.34233, 0.43433, 0.29152, 0.31265, 0.45118, 0.45288, 0.35713, 0.36751, 0.55757, 0.42505, 0.40512, 0.34039, 0.41045, 0.30688, 0.29965, 0.4193, 0.41935, 0.3403, 0.50631, 0.39801, 0.37683, 0.48923, 0.46417, 0.4636, 0.30323, 0.3306, 0.35739, 0.31682, 0.37283, 0.31001, 0.34673, 0.44573, 0.36588, 0.38831, 0.44524, 0.30775, 0.3455, 0.35983, 0.46857, 0.42825, 0.40134, 0.3966, 0.43554, 0.35841, 0.27228, 0.26754, 0.34942, 0.43226, 0.35807, 0.44506, 0.3736, 0.46933, 0.38991, 0.37618, 0.32808, 0.31719, 0.37117, 0.33453, 0.35752, 0.40746, 0.3884, 0.45137, 0.35756, 0.36816, 0.45284, 0.3325, 0.32408, 0.41718, 0.36565, 0.48507, 0.51251, 0.28416, 0.49399, 0.40686, 0.39448, 0.35113, 0.45406, 0.39823, 0.31011, 0.3418, 0.33156, 0.35698, 0.3979, 0.44928, 0.40846, 0.37749, 0.29421, 0.33008, 0.40914, 0.42025, 0.36466, 0.53818, 0.40469, 0.38049, 0.29888, 0.38651, 0.35763, 0.30708, 0.33109, 0.37799, 0.32501, 0.30492, 0.3769, 0.51358, 0.4341, 0.44664, 0.33367, 0.36583, 0.56431, 0.39389, 0.30372, 0.44473, 0.32689, 0.44323, 0.41561, 0.67317, 0.44222, 0.31081, 0.412, 0.43394, 0.32127, 0.36959, 0.45651, 0.26656, 0.40326, 0.41229, 0.48092, 0.30551, 0.37913, 0.33865, 0.28458, 0.40235, 0.31857, 0.51854, 0.35152, 0.3267, 0.35881, 0.3143, 0.50263, 0.32134, 0.35223, 0.36209, 0.28328, 0.35927, 0.37292, 0.31855, 0.28043, 0.34961, 0.37256, 0.47861, 0.34109, 0.29143, 0.43249, 0.33031, 0.38867, 0.3344, 0.33848, 0.40076, 0.46564, 0.40752, 0.42976, 0.59925, 0.32778, 0.39392, 0.3594, 0.28011, 0.31378, 0.37691, 0.32334, 0.39499, 0.31325, 0.34117, 0.37557, 0.41174, 0.50575, 0.35028, 0.30839, 0.37025, 0.38556, 0.36757, 0.31964, 0.30919, 0.37819, 0.33885, 0.33367, 0.32533, 0.38391, 0.34293, 0.42449, 0.31953, 0.38937, 0.45351, 0.35385, 0.31004, 0.52225, 0.43836, 0.31697, 0.35464, 0.39477, 0.48347, 0.37383, 0.28061, 0.29888, 0.37246, 0.30271, 0.33981, 0.45058, 0.41165, 0.48634, 0.34788, 0.28123, 0.45493, 0.26706, 0.33929, 0.35114, 0.41714, 0.34627, 0.33435, 0.37651, 0.45165, 0.42229, 0.27845, 0.38405, 0.41931, 0.43292, 0.31426, 0.32462, 0.4395, 0.30704, 0.39542, 0.35841, 0.43681, 0.2911, 0.44042, 0.35188, 0.39465, 0.38374, 0.39392, 0.36978, 0.37217, 0.32193, 0.35223, 0.37262, 0.40927, 0.36013, 0.29162, 0.25028, 0.3661, 0.36297, 0.33356, 0.34469, 0.34829, 