{"model": "xlm-roberta-base", "dataset": "dravidian_malayalam", "train_config": "hardneg", "seed": 123, "thr_cal": 0.771261891722679, "metrics_05": {"macro": 0.13906419008459825, "toxf1": 0.06559766763848396, "prec": 0.033962264150943396, "rec": 0.9574468085106383, "prauc": 0.08369570354184593, "ece": 0.5758486310044924, "covert": 0.16606498194945848}, "metrics_cal": {"macro": 0.5508595924829015, "toxf1": 0.13675213675213677, "prec": 0.11428571428571428, "rec": 0.1702127659574468, "prauc": 0.08369570354184593, "ece": 0.5758486310044924, "covert": 0.11764705882352941}, "probs": [0.67992, 0.5836, 0.56313, 0.61058, 0.55909, 0.65677, 0.52202, 0.58512, 0.72767, 0.53509, 0.60374, 0.67332, 0.75021, 0.57661, 0.67478, 0.65163, 0.62517, 0.58111, 0.57081, 0.52692, 0.69922, 0.5869, 0.76574, 0.56843, 0.59922, 0.34416, 0.61446, 0.56789, 0.57459, 0.7518, 0.73564, 0.53697, 0.6561, 0.53532, 0.74778, 0.52176, 0.56888, 0.57836, 0.44548, 0.4627, 0.57231, 0.46176, 0.55891, 0.65906, 0.67939, 0.4059, 0.70717, 0.72746, 0.54986, 0.66631, 0.5135, 0.63597, 0.61052, 0.78012, 0.50287, 0.48323, 0.50149, 0.59706, 0.57945, 0.4719, 0.60674, 0.57031, 0.55254, 0.60259, 0.56857, 0.53615, 0.54196, 0.56374, 0.5725, 0.62204, 0.63961, 0.56678, 0.5306, 0.59532, 0.71687, 0.60145, 0.44979, 0.58978, 0.53743, 0.70206, 0.68982, 0.5045, 0.53426, 0.54782, 0.4894, 0.65608, 0.58843, 0.64307, 0.57178, 0.66241, 0.54307, 0.63435, 0.66802, 0.77564, 0.618, 0.72569, 0.51276, 0.45727, 0.56069, 0.6347, 0.56016, 0.47172, 0.69278, 0.55367, 0.60143, 0.51226, 0.47053, 0.5192, 0.78495, 0.66099, 0.51374, 0.57748, 0.49027, 0.60168, 0.65633, 0.58708, 0.75467, 0.49998, 0.61805, 0.58178, 0.72099, 0.59234, 0.72117, 0.47746, 0.76137, 0.70484, 0.74316, 0.57947, 0.75272, 0.6673, 0.76378, 0.56463, 0.57929, 0.65895, 0.5735, 0.61638, 0.5676, 0.59008, 0.67217, 0.55011, 0.51886, 0.61952, 0.60464, 0.60839, 0.72607, 0.57557, 0.58609, 0.57403, 0.42529, 0.72248, 0.76466, 0.38396, 0.45262, 0.51934, 0.77881, 0.7974, 0.58576, 0.6858, 0.63409, 0.49823, 0.60416, 0.60179, 0.50368, 0.76435, 0.6016, 0.52826, 0.51175, 0.54538, 0.62951, 0.48209, 0.53759, 0.57699, 0.62491, 0.66664, 0.57154, 0.67114, 0.77151, 0.74892, 0.57161, 0.73437, 0.51418, 0.54571, 0.79942, 0.54778, 0.78907, 0.62607, 0.60393, 0.50956, 0.57562, 0.78316, 0.64713, 0.64587, 0.81593, 0.50022, 0.49321, 0.6735, 0.69166, 0.75196, 0.8004, 0.55643, 0.54661, 0.62349, 0.54749, 0.72028, 0.51792, 0.66595, 0.50302, 0.55628, 0.58571, 0.50658, 0.57486, 0.5852, 0.58871, 0.74289, 0.5646, 0.55739, 0.7434, 0.67539, 0.50686, 0.46134, 0.46385, 0.70527, 0.59248, 0.63675, 0.49206, 0.50658, 0.80283, 0.45063, 0.5341, 0.63398, 0.6893, 0.55077, 0.69543, 0.4059, 0.74998, 0.70336, 0.62713, 0.66079, 0.53436, 0.45753, 0.60685, 0.45123, 0.52568, 0.77959, 0.69083, 0.73381, 0.83309, 0.46652, 0.71237, 0.50675, 0.60878, 0.72231, 0.67142, 0.49556, 0.59292, 0.52668, 0.67863, 0.59351, 0.53219, 0.46085, 0.40334, 0.69993, 0.60947, 0.61171, 0.64602, 0.60115, 0.4661, 0.62035, 0.66151, 0.65064, 0.76092, 0.60535, 0.5337, 0.75941, 0.62174, 0.51649, 0.672, 0.53732, 0.51737, 0.54227, 0.51641, 0.5868, 0.57556, 0.48912, 0.45531, 0.56895, 0.66598, 0.58202, 0.5876, 0.5794, 0.76957, 0.78183, 0.66591, 0.5589, 0.54896, 0.78532, 0.7729, 0.75413, 0.55662, 0.72066, 0.67822, 0.56532, 0.50255, 0.65933, 0.70433, 0.70177, 0.64086, 0.72172, 0.5549, 0.71672, 0.73755, 0.61601, 0.65346, 0.69607, 0.69987, 0.59218, 0.54983, 0.77682, 0.43173, 0.65822, 0.64592, 0.72373, 0.54714, 0.62504, 0.567, 0.59001, 0.5045, 0.65266, 0.58706, 0.67309, 0.75486, 0.61338, 0.58734, 0.69803, 0.51069, 0.51581, 0.56931, 0.76865, 0.53168, 0.58175, 0.66299, 0.53401, 0.79211, 0.65168, 0.48614, 0.62799, 0.56492, 0.47429, 0.67514, 0.56908, 0.59189, 0.53247, 0.73279, 0.66061, 0.5582, 0.72326, 0.76687, 0.56965, 0.60139, 0.75717, 0.76229, 0.61745, 0.42737, 0.78225, 0.50445, 0.64832, 0.61127, 0.50874, 0.63431, 0.51226, 0.61859, 0.49101, 0.81318, 0.6291, 0.51566, 0.75486, 0.68923, 0.42097, 0.54828, 0.73456, 0.52628, 0.60915, 0.6315, 0.54218, 0.5357, 0.58354, 0.56013, 0.71946, 0.56263, 0.59248, 0.58839, 0.49393, 0.58119, 0.58189, 0.72125, 0.73147, 0.63769, 0.51472, 0.50245, 0.75185, 0.57527, 0.61062, 0.7933, 0.6031, 0.75857, 0.59107, 0.5798, 0.65345, 0.5226, 0.39103, 0.49222, 0.44937, 0.76303, 0.60707, 0.59244, 0.51859, 0.54719, 0.68306, 0.63343, 0.79961, 0.78275, 0.73737, 0.58219, 0.60505, 0.53976, 0.73039, 0.51671, 0.65763, 0.60922, 0.55969, 0.61864, 0.59529, 0.47202, 0.54736, 0.59034, 0.67908, 0.65705, 0.73232, 0.63491, 0.56, 0.55743, 0.48041, 0.53239, 0.46218, 0.70071, 0.45863, 0.67814, 0.64957, 0.58064, 0.51804, 0.63361, 0.58684, 0.51197, 0.57963, 0.63007, 0.71167, 0.49998, 0.53926, 0.68898, 0.7389, 0.43349, 0.53039, 0.58658, 0.57113, 0.51249, 0.61818, 0.58521, 0.52596, 0.51579, 0.63251, 0.70336, 0.62933, 0.68989, 0.61145, 0.63497, 0.61222, 0.70987, 0.59976, 0.79593, 0.58081, 0.56911, 0.64128, 0.70308, 0.59396, 0.79171, 0.47782, 0.60215, 0.64235, 0.65539, 0.80501, 0.7479, 0.79294, 0.58178, 0.45123, 0.68848, 0.59582, 0.47996, 0.66579, 0.64528, 0.67359, 0.78741, 0.53215, 0.44903, 0.78684, 0.46942, 0.39841, 0.66362, 0.53843, 0.61141, 0.62446, 0.55382, 0.59093, 0.66206, 0.67431, 0.50517, 0.56694, 0.68271, 0.64917, 0.72714, 0.56469, 0.4411, 0.56785, 0.48466, 0.50923, 0.47832, 0.57462, 0.7677, 0.56302, 0.47824, 0.64937, 0.54794, 0.72231, 0.69953, 0.61543, 0.67444, 0.655, 0.56388, 0.54866, 0.45131, 0.61561, 0.38898, 0.78636, 0.6067, 0.48319, 0.64537, 0.56472, 0.51694, 0.73899, 0.52879, 0.47711, 0.53793, 0.59882, 0.49853, 0.6727, 0.69533, 0.47322, 0.66261, 0.59641, 0.66204, 0.71415, 0.75446, 0.65578, 0.61186, 0.55114, 0.70779, 0.57246, 0.57599, 0.4706, 0.68127, 0.78581, 0.5711, 0.51302, 0.47894, 0.76008, 0.57475, 0.74869, 0.43562, 0.58176, 0.61955, 0.75261, 0.72882, 0.42424, 0.63379, 0.73696, 0.55209, 0.6175, 0.45404, 0.60323, 0.6772, 0.60662, 0.618, 0.62282, 0.62752, 0.66128, 0.59596, 0.54677, 0.65006, 0.56872, 0.52713, 0.69993, 0.64472, 0.67961, 0.78407, 0.61446, 0.62908, 0.75952, 0.75082, 0.61299, 0.63551, 0.63749, 0.57207, 0.51494, 0.58375, 0.6584, 0.61889, 0.73635, 0.60566, 0.70626, 0.61103, 0.65759, 0.59922, 0.72494, 0.77314, 0.63775, 0.64002, 0.5857, 0.79757, 0.58134, 0.45707, 0.49789, 0.61976, 0.75143, 0.48999, 0.79899, 0.70451, 0.62588, 0.69937, 0.6195, 0.58091, 0.52819, 0.65293, 0.62409, 0.60399, 0.52579, 0.58896, 0.79142, 0.6435, 0.62956, 0.75661, 0.61333, 0.51916, 0.75655, 0.62252, 0.79074, 0.57411, 0.55787, 0.8119, 0.68979, 0.5675, 0.5833, 0.71608, 0.72572, 0.53486, 0.48977, 0.59225, 0.72776, 0.67471, 0.72046, 0.76453, 0.65795, 0.45356, 0.51414, 0.72688, 0.68948, 0.58219, 0.78423, 0.76984, 0.68759, 0.48159, 0.74948, 0.55164, 0.58345, 0.60029, 0.71506, 0.60837, 0.59857, 0.62531, 0.61062, 0.6278, 0.66989, 0.69749, 0.6698, 0.65258, 0.60558, 0.48318, 0.62945, 0.6115, 0.79055, 0.76076, 0.683, 0.67002, 0.45818, 0.63411, 0.74128, 0.45857, 0.66777, 0.61764, 0.66375, 0.74696, 0.65173, 0.66875, 0.45433, 0.55226, 0.49343, 0.58364, 0.58392, 0.47197, 0.61043, 0.59874, 0.64008, 0.5267, 0.54054, 0.67917, 0.62615, 0.57019, 0.59621, 0.51817, 0.6501, 0.71162, 0.61906, 0.5348, 0.62629, 0.6794, 0.66095, 0.61391, 0.55989, 0.75243, 0.47104, 0.59789, 0.56507, 0.61855, 0.74667, 0.71561, 0.5965, 0.7272, 0.68591, 0.59452, 0.76421, 0.66729, 0.54162, 0.53504, 0.65161, 0.57516, 0.65894, 0.50298, 0.60256, 0.62032, 0.69164, 0.6139, 0.48044, 0.51896, 0.57113, 0.6055, 0.6834, 0.50874, 0.60591, 0.65048, 0.64681, 0.69749, 0.51321, 0.76129, 0.65089, 0.70781, 0.59268, 0.74797, 0.79291, 0.67975, 0.42752, 0.70548, 0.78593, 0.58007, 0.54714, 0.74506, 0.60334, 0.57114, 0.58462, 0.48159, 0.5646, 0.55773, 0.60786, 0.73969, 0.67806, 0.65849, 0.48323, 0.49324, 0.76645, 0.39163, 0.51713, 0.53337, 0.56529, 0.53975, 0.61608, 0.61195, 0.77686, 0.6115, 0.59701, 0.75868, 0.61413, 0.75246, 0.60447, 0.51247, 0.64771, 0.48957, 0.62125, 0.58134, 0.73699, 0.4788, 0.64326, 0.54972, 0.5685, 0.65815, 0.71852, 0.73929, 0.63237, 0.56106, 0.57024, 0.65443, 0.64508, 0.67118, 0.55445, 0.49591, 0.58314, 0.49939, 0.53141, 