{"model": "xlm-roberta-base", "dataset": "dravidian_tamil", "train_config": "ce", "seed": 7, "thr_cal": 0.3261027351021765, "metrics_05": {"macro": 0.7227890127182024, "toxf1": 0.6059907834101382, "prec": 0.5057692307692307, "rec": 0.7557471264367817, "prauc": 0.5848929329419366, "ece": 0.12260820986330509, "covert": 0.7315914489311164}, "metrics_cal": {"macro": 0.700854118292127, "toxf1": 0.5973496432212029, "prec": 0.4628751974723539, "rec": 0.8419540229885057, "prauc": 0.5848929329419366, "ece": 0.12260820986330509, "covert": 0.7450110864745011}, "probs": [0.01526, 0.00631, 0.0502, 0.0175, 0.70447, 0.04484, 0.03436, 0.00581, 0.00207, 0.01085, 0.03231, 0.7272, 0.03181, 0.00819, 0.10722, 0.0199, 0.92127, 0.03439, 0.00043, 0.72718, 0.40759, 0.10664, 0.18663, 0.10927, 0.01125, 0.46683, 0.9699, 0.02726, 0.05592, 0.0153, 0.04665, 0.76254, 0.02578, 0.24916, 0.09148, 0.93552, 0.23935, 0.38513, 0.01059, 0.40865, 0.77014, 0.01653, 0.38279, 0.63208, 0.7622, 0.87964, 0.00125, 0.07437, 0.2763, 0.01285, 0.00538, 0.66226, 0.22954, 0.07503, 0.09612, 0.85183, 0.51092, 0.82894, 0.91464, 0.10778, 0.03111, 0.01709, 0.30684, 0.25541, 0.0154, 0.01175, 0.27583, 0.37397, 0.91934, 0.46374, 0.46069, 0.29295, 0.02994, 0.02645, 0.79409, 0.77868, 0.91563, 0.84697, 0.0106, 0.04775, 0.40831, 0.59258, 0.14946, 0.00565, 0.26859, 0.00623, 0.57657, 0.08196, 0.03112, 0.7276, 0.00549, 0.89346, 0.29125, 0.922, 0.52765, 0.14778, 0.03361, 0.01681, 0.03061, 0.03185, 0.55722, 0.00561, 0.05444, 0.04149, 0.43566, 0.60638, 0.12409, 0.2119, 0.00446, 0.7559, 0.62989, 0.18116, 0.88385, 0.11685, 0.55741, 0.15254, 0.04835, 0.0983, 0.01094, 0.01181, 0.13227, 0.01006, 0.04709, 0.0559, 0.60533, 0.03821, 0.7115, 0.14121, 0.04155, 0.09249, 0.07823, 0.10611, 0.25642, 0.218, 0.84404, 0.82323, 0.1744, 0.01239, 0.00736, 0.84809, 0.76225, 0.01811, 0.82453, 0.97352, 0.1021, 0.7888, 0.00071, 0.14049, 0.15358, 0.14634, 0.61793, 0.01346, 0.63766, 0.28603, 0.86421, 0.01541, 0.00975, 0.50717, 0.00985, 0.56371, 0.03816, 0.87558, 0.13426, 0.97107, 0.00375, 0.07836, 0.56766, 0.71878, 0.37539, 0.23295, 0.93809, 0.86996, 0.20546, 0.20058, 0.16871, 0.12413, 0.51008, 0.04256, 0.00622, 0.60554, 0.16134, 0.44473, 0.59531, 0.92587, 0.0074, 0.00781, 0.7141, 0.14308, 0.00827, 0.09565, 0.02832, 0.0691, 0.32772, 0.12733, 0.00704, 0.2852, 0.042, 0.90974, 0.01077, 0.00115, 0.07329, 0.93985, 0.86134, 0.02055, 0.13174, 0.00907, 0.75156, 0.0172, 0.18095, 0.73843, 0.08388, 0.03738, 0.23603, 0.03486, 0.00462, 0.81555, 0.0295, 0.00956, 0.06684, 0.00728, 0.02554, 0.00388, 0.01916, 0.94521, 0.06024, 0.94626, 0.93471, 0.30379, 0.00979, 0.3384, 0.30573, 0.24206, 0.04756, 0.97139, 0.77047, 0.0473, 0.57648, 0.00494, 0.53202, 0.13268, 0.97143, 0.14237, 0.02291, 0.83502, 0.34347, 0.66276, 0.33441, 0.8012, 0.25699, 0.16739, 0.01207, 0.05323, 0.12758, 0.03607, 0.90042, 0.12939, 0.00817, 0.90366, 0.15554, 0.04319, 0.73885, 0.90892, 0.09095, 0.49769, 0.43391, 0.01711, 0.53154, 0.07935, 0.77644, 0.15781, 0.2402, 0.92538, 0.95694, 0.00769, 0.16277, 0.00051, 0.74424, 0.15188, 0.04715, 0.08463, 0.02821, 0.0189, 0.02055, 0.09415, 0.00684, 0.04238, 0.14128, 0.10735, 0.68364, 0.7761, 0.07959, 0.00378, 0.00335, 0.91617, 0.63423, 0.11614, 0.14315, 0.75211, 0.92673, 0.04024, 0.00112, 0.06158, 0.14311, 0.95162, 0.27904, 0.20462, 0.15406, 0.08625, 0.53075, 0.08737, 0.07417, 0.96948, 0.173, 0.15198, 0.14814, 0.89559, 0.57898, 0.18737, 0.22717, 0.09613, 0.00306, 0.57361, 0.84284, 0.34783, 0.25942, 0.84673, 0.93283, 0.73165, 0.31091, 0.00132, 0.36084, 0.90902, 0.08007, 0.84106, 0.00611, 0.01974, 0.14036, 0.6615, 0.02587, 0.03322, 0.00187, 0.00824, 0.1263, 0.30303, 0.09916, 0.29555, 0.67981, 0.01078, 0.08013, 0.55603, 0.81784, 0.36312, 0.8546, 0.86184, 0.50223, 0.53682, 0.12453, 0.80168, 0.0359, 0.2405, 0.52591, 0.51912, 0.00587, 0.07695, 0.71847, 0.7168, 0.01249, 0.94755, 0.00691, 0.84097, 0.00532, 0.30423, 0.93354, 0.46146, 0.02294, 0.16259, 0.03512, 0.83013, 0.95253, 0.03838, 0.44472, 0.01057, 0.24165, 0.35843, 0.71105, 0.32003, 0.7066, 0.54653, 0.00194, 0.34005, 0.21516, 0.12572, 0.00401, 0.10831, 0.0151, 0.7715, 0.8223, 0.77112, 0.03367, 0.03368, 0.49159, 0.0894, 0.02689, 0.22035, 0.01221, 0.00099, 0.03064, 0.92359, 0.01589, 0.96183, 0.94765, 0.342, 0.03711, 0.84777, 0.41325, 0.88263, 0.10834, 0.46872, 0.90149, 0.81563, 0.87971, 0.19532, 0.03894, 0.79318, 0.87227, 0.0083, 0.06732, 0.0078, 0.85413, 0.22111, 0.02225, 0.73826, 0.56969, 0.8822, 0.22685, 0.03705, 0.02677, 0.35507, 0.06017, 0.01416, 0.9091, 0.06098, 0.97783, 0.82156, 0.34333, 0.75333, 0.68225, 0.01447, 0.92673, 0.33276, 0.03425, 0.60623, 0.07277, 0.01684, 0.01897, 0.72042, 0.22798, 0.85408, 0.03769, 0.19719, 0.01034, 0.00237, 0.07739, 0.01791, 0.01741, 0.90153, 0.02861, 0.11334, 0.88309, 0.11339, 0.1067, 0.04297, 0.25962, 0.0845, 0.3015, 0.13564, 0.01486, 0.93561, 0.86836, 0.70585, 0.31897, 0.0691, 0.23349, 0.71059, 0.03583, 0.9534, 0.91623, 0.08358, 0.00781, 0.46269, 0.03871, 0.95162, 0.12814, 0.0913, 0.96763, 0.51405, 0.13249, 0.00897, 0.18658, 0.83545, 0.22644, 0.8312, 0.74127, 0.08994, 0.5532, 0.14559, 0.05035, 0.00751, 0.93321, 0.01337, 0.00382, 0.03704, 0.06238, 0.21088, 0.00936, 0.50005, 0.28685, 0.14911, 0.56189, 0.2916, 0.86021, 0.19819, 0.04677, 0.35427, 0.8011, 0.13206, 0.1081, 0.30121, 0.64799, 0.58788, 0.08602, 0.01813, 0.93033, 0.92038, 0.31594, 0.00719, 0.08695, 0.0017, 0.00469, 0.6178, 0.3744, 0.27712, 0.01384, 0.09031, 0.88933, 0.8763, 0.07414, 0.87129, 0.00804, 0.00853, 0.01709, 0.02913, 0.11405, 0.73564, 0.24167, 0.53548, 0.90598, 0.91264, 0.7956, 0.88065, 0.8925, 0.37849, 0.35576, 0.22902, 0.04426, 0.45477, 0.95125, 0.95972, 0.00909, 0.87892, 0.08894, 0.23967, 0.01074, 0.00939, 0.63667, 0.5553, 0.27101, 0.33826, 0.73097, 0.00785, 0.81679, 0.22585, 0.03165, 0.79334, 0.02504, 0.02209, 0.1248, 0.0945, 0.96456, 0.87849, 0.01716, 0.94045, 0.86146, 0.88396, 0.0403, 0.00939, 0.02227, 0.01048, 0.02933, 0.74601, 0.01364, 0.83066, 0.91817, 0.16754, 0.01537, 0.22506, 0.14088, 0.29395, 0.84343, 0.4601, 0.34945, 0.87008, 0.36915, 0.08377, 0.15239, 0.0677, 0.42488, 0.03162, 0.13698, 0.85692, 0.03824, 0.02156, 0.94636, 0.10417, 0.53164, 0.19716, 0.00217, 0.00969, 0.86769, 0.25958, 0.0829, 0.56773, 0.07733, 0.71477, 0.4857, 0.66423, 0.65981, 0.01518, 0.91863, 0.00623, 0.01098, 0.15959, 0.91071, 0.74353, 0.06809, 0.01214, 0.51306, 0.85288, 0.79928, 0.90681, 0.0578, 0.60848, 0.85335, 0.47226, 0.29723, 0.02623, 0.00459, 0.72409, 0.94232, 0.63898, 0.51057, 0.06322, 0.10465, 0.0049, 0.2679, 0.23016, 0.16483, 0.0278, 0.63942, 0.11086, 0.87188, 0.01401, 0.61616, 0.26734, 0.0104, 0.09092, 0.04181, 0.21986, 0.06447, 0.96443, 0.30347, 0.81991, 0.84786, 0.01537, 0.41004, 0.04249, 0.03426, 0.95469, 0.02701, 0.30874, 0.01775, 0.05263, 0.05916, 0.05103, 0.79629, 0.06508, 0.02666, 0.11324, 0.03296, 0.76066, 0.22499, 0.04403, 0.38836, 0.85481, 0.06339, 0.63473, 0.15626, 0.70138, 0.02766, 0.01416, 0.1764, 0.00122, 0.24728, 0.00625, 0.8314, 0.54417, 0.91567, 0.00764, 0.96689, 0.02762, 0.94942, 0.72818, 0.51918, 0.08533, 0.20092, 0.00944, 0.11176, 0.07458, 0.44489, 0.40689, 0.00687, 0.09891, 0.11653, 0.10882, 0.87911, 0.00816, 0.48187, 0.03601, 0.12575, 0.01484, 0.00257, 0.00703, 0.96634, 0.87712, 0.13256, 0.08739, 0.00622, 0.10001, 0.65984, 0.81086, 0.3936, 0.00468, 0.52003, 0.09597, 0.25753, 0.00747, 0.45832, 0.4789, 0.01121, 0.18421, 0.05044, 0.74725, 0.04452, 0.00819, 0.1715, 0.05755, 0.92752, 0.54665, 0.89432, 0.06967, 0.87919, 0.00852, 0.16338, 0.16402, 0.21441, 0.15575, 0.20962, 0.78459, 0.00887, 0.00858, 0.78371, 0.47086, 0.76387, 0.49671, 0.16373, 0.0489, 0.26862, 0.01581, 0.43952, 0.78898, 0.03622, 0.45626, 0.91815, 0.00477, 0.007, 0.86999, 0.41307, 0.02147, 0.16527, 0.8604, 0.03217, 0.20281, 0.00835, 0.21936, 0.50071, 0.81828, 0.09555, 0.7961, 0.73862, 0.1614, 0.21058, 0.58767, 0.89743, 0.69984, 0.01753, 0.04042, 0.11776, 0.05211, 0.01511, 0.8918, 0.89166, 0.96665, 0.67112, 0.20771, 0.95444, 0.28933, 0.02147, 0.02225, 0.95897, 0.09625, 0.02405, 0.05871, 0.75899, 0.27537, 0.77268, 0.05453, 0.43041,