{"model": "xlm-roberta-base", "dataset": "dravidian_malayalam", "train_config": "supcon", "seed": 99, "thr_cal": 0.5668036937713621, "metrics_05": {"macro": 0.49403245369141, "toxf1": 0.11320754716981132, "prec": 0.06481481481481481, "rec": 0.44680851063829785, "prauc": 0.0787064242571854, "ece": 0.32919194418191916, "covert": 0.21153846153846154}, "metrics_cal": {"macro": 0.5111356445252604, "toxf1": 0.12297734627831715, "prec": 0.07251908396946564, "rec": 0.40425531914893614, "prauc": 0.0787064242571854, "ece": 0.32919194418191916, "covert": 0.1875}, "probs": [0.3667, 0.5418, 0.20664, 0.31442, 0.2661, 0.33798, 0.18223, 0.29005, 0.59458, 0.17007, 0.30604, 0.37867, 0.81727, 0.12941, 0.27211, 0.36385, 0.24073, 0.28659, 0.1684, 0.22361, 0.67292, 0.29256, 0.82158, 0.21945, 0.19052, 0.09243, 0.37295, 0.2017, 0.20614, 0.59039, 0.6232, 0.19716, 0.3967, 0.19, 0.72566, 0.39719, 0.33976, 0.21661, 0.09632, 0.17333, 0.20736, 0.09623, 0.22856, 0.34091, 0.34076, 0.10655, 0.37378, 0.47915, 0.26562, 0.36285, 0.1528, 0.46503, 0.32817, 0.81602, 0.31828, 0.14349, 0.16657, 0.40878, 0.2129, 0.25107, 0.42195, 0.1736, 0.31791, 0.2798, 0.2849, 0.25202, 0.28401, 0.18653, 0.17556, 0.24401, 0.35929, 0.27112, 0.17164, 0.25802, 0.56378, 0.23112, 0.14325, 0.25066, 0.17068, 0.65603, 0.42753, 0.15618, 0.25413, 0.10493, 0.16416, 0.19139, 0.22399, 0.25578, 0.22121, 0.2926, 0.15451, 0.29101, 0.29413, 0.6182, 0.20747, 0.33661, 0.2533, 0.14642, 0.51248, 0.48082, 0.26093, 0.23798, 0.46702, 0.24338, 0.36686, 0.16853, 0.11343, 0.17984, 0.88176, 0.46743, 0.24174, 0.17359, 0.17677, 0.3004, 0.39656, 0.32533, 0.7268, 0.12006, 0.27843, 0.24722, 0.59765, 0.51482, 0.7044, 0.46351, 0.7357, 0.53589, 0.81003, 0.3771, 0.73752, 0.45804, 0.70489, 0.20755, 0.43464, 0.69219, 0.29838, 0.40622, 0.24366, 0.32153, 0.49845, 0.28895, 0.20855, 0.63528, 0.25194, 0.23453, 0.24426, 0.11693, 0.16186, 0.26889, 0.09338, 0.29133, 0.73439, 0.08644, 0.18817, 0.18049, 0.85788, 0.95212, 0.12189, 0.58166, 0.21371, 0.18949, 0.43885, 0.31339, 0.21192, 0.72594, 0.33782, 0.18611, 0.21458, 0.20356, 0.222, 0.17899, 0.2567, 0.19248, 0.3498, 0.32242, 0.18111, 0.3104, 0.84877, 0.83379, 0.2884, 0.66176, 0.17329, 0.15693, 0.91611, 0.23485, 0.94166, 0.28691, 0.36575, 0.30446, 0.4284, 0.70889, 0.3619, 0.72962, 0.95075, 0.19846, 0.19318, 0.32369, 0.31574, 0.59463, 0.91691, 0.2368, 0.41078, 0.27664, 0.27788, 0.63208, 0.29768, 0.57951, 0.19298, 0.2697, 0.27069, 0.15, 0.33008, 0.27421, 0.28583, 0.8094, 0.1718, 0.18891, 0.74849, 0.57155, 0.15853, 0.21114, 0.13191, 0.6731, 0.22462, 0.48515, 0.18421, 0.22178, 0.91242, 0.18874, 0.1902, 0.39058, 0.46694, 0.24036, 0.51687, 0.10655, 0.62342, 0.51379, 0.53875, 0.27542, 0.20656, 0.31686, 0.23747, 0.11413, 0.15837, 0.77684, 0.27624, 0.83577, 0.92011, 0.20299, 0.45774, 0.13186, 0.17934, 0.75017, 0.38688, 0.12846, 0.2205, 0.36525, 0.35685, 0.22532, 0.18399, 0.16786, 0.2653, 0.60398, 0.24429, 0.28119, 0.30985, 0.27196, 0.14619, 0.4897, 0.32281, 0.37999, 0.73369, 0.2231, 0.29187, 0.52021, 0.26492, 0.16116, 0.29588, 0.1628, 0.20171, 0.11558, 0.22429, 0.15922, 0.30013, 0.21172, 0.16144, 0.42623, 0.64149, 0.26126, 0.22098, 0.17959, 0.78453, 0.92756, 0.55549, 0.36104, 0.31444, 0.87526, 0.67972, 0.71946, 0.35581, 0.57117, 0.67596, 0.31371, 0.36112, 0.25974, 0.64576, 0.60765, 0.43318, 0.66089, 0.19951, 0.76684, 0.85772, 0.47064, 0.64422, 0.50461, 0.51639, 0.33392, 0.31758, 0.7158, 0.13226, 0.27634, 0.18868, 0.59498, 0.15785, 0.24483, 0.17093, 0.26651, 0.15618, 0.63942, 0.21014, 0.64628, 0.72723, 0.29932, 0.28378, 0.43802, 0.16601, 0.13625, 0.18712, 0.80982, 0.15893, 0.43006, 0.34166, 0.15628, 0.92389, 0.48123, 0.15126, 0.4839, 0.23699, 0.17474, 0.3614, 0.21333, 0.23711, 0.21149, 0.33863, 0.30104, 0.30282, 0.73297, 0.77725, 0.30636, 0.35858, 0.75919, 0.73255, 0.26314, 0.12531, 0.90165, 0.18789, 0.44625, 0.30264, 0.20439, 0.30686, 0.16853, 0.26391, 0.1482, 0.76653, 0.32297, 0.15141, 0.72723, 0.43249, 0.10574, 0.16815, 0.85745, 0.21568, 0.43205, 0.45204, 0.22616, 0.19686, 0.33547, 0.22959, 0.36569, 0.22393, 0.25189, 0.22352, 0.1246, 0.21882, 0.25353, 0.76698, 0.784, 0.31377, 0.22637, 0.16392, 0.72312, 0.40916, 0.21624, 0.92982, 0.24569, 0.671, 0.49867, 0.26089, 0.45039, 0.4834, 0.11855, 0.1744, 0.14786, 0.71301, 0.27361, 0.24362, 0.23404, 0.15264, 0.59591, 0.51937, 0.87795, 0.86438, 0.51762, 0.36268, 0.19911, 0.22282, 0.75995, 0.18854, 0.32792, 0.26837, 0.4066, 0.31132, 0.30086, 0.19312, 0.15855, 0.35248, 0.41796, 0.58331, 0.55722, 0.23901, 0.15391, 0.24767, 0.17522, 0.21207, 0.10201, 0.74021, 0.16732, 0.37197, 0.53603, 0.35546, 0.13593, 0.34184, 0.20655, 0.19758, 0.28327, 0.28489, 0.64826, 0.12006, 0.29143, 0.57241, 0.68727, 0.10144, 0.25415, 0.20991, 0.19424, 0.16917, 0.47046, 0.2201, 0.20565, 0.15779, 0.22794, 0.51379, 0.37149, 0.42761, 0.38876, 0.3154, 0.34846, 0.55492, 0.23165, 0.93177, 0.26634, 0.39496, 0.30169, 0.57879, 0.41982, 0.85834, 0.13224, 0.21807, 0.22313, 0.18286, 0.90151, 0.90653, 0.93558, 0.24722, 0.11413, 0.6605, 0.2561, 0.13758, 0.54113, 0.34254, 0.21755, 0.72587, 0.19257, 0.12999, 0.93765, 0.22244, 0.12212, 0.36867, 0.15726, 0.24013, 0.62194, 0.22971, 0.17282, 0.55602, 0.74934, 0.22428, 0.26983, 0.46288, 0.31123, 0.82173, 0.14267, 0.08319, 0.16495, 0.19172, 0.21527, 0.2007, 0.37501, 0.88815, 0.17132, 0.13602, 0.51541, 0.23378, 0.65593, 0.72087, 0.27877, 0.32276, 0.45919, 0.19258, 0.23729, 0.16635, 0.31016, 0.12052, 0.90504, 0.22709, 0.17155, 0.34553, 0.21308, 0.44166, 0.55132, 0.23876, 0.16616, 0.16065, 0.36222, 0.17499, 0.25449, 0.67996, 0.18128, 0.42211, 0.31435, 0.28303, 0.47136, 0.69558, 0.32402, 0.26298, 0.25448, 0.4552, 0.15637, 0.27078, 0.24463, 0.38472, 0.84747, 0.27355, 0.34265, 0.14508, 0.48541, 0.30941, 0.69983, 0.16155, 0.16762, 0.20867, 0.64684, 0.5635, 0.14872, 0.20591, 0.84032, 0.16628, 0.2868, 0.09536, 0.14804, 0.34426, 0.40027, 0.31924, 0.30035, 0.41999, 0.37788, 0.27051, 0.13552, 0.61196, 0.23861, 0.19035, 0.60398, 0.55578, 0.48372, 0.92665, 0.33232, 0.25295, 0.89428, 0.90378, 0.38508, 0.23443, 0.22475, 0.35185, 0.23594, 0.22193, 0.24434, 0.30617, 0.70374, 0.28303, 0.48532, 0.31932, 0.33229, 0.19052, 0.68645, 0.91011, 0.26574, 0.29383, 0.32224, 0.89268, 0.26514, 0.16334, 0.15828, 0.2844, 0.85486, 0.19425, 0.92173, 0.55538, 0.2946, 0.75123, 0.279, 0.32903, 0.18575, 0.44415, 0.33019, 0.41255, 0.32099, 0.3096, 0.92548, 0.32602, 0.35709, 0.8749, 0.29382, 0.19936, 0.66752, 0.42057, 0.91246, 0.4608, 0.29907, 0.93701, 0.34796, 0.29854, 0.3934, 0.51814, 0.41364, 0.17931, 0.11955, 0.13922, 0.51291, 0.67124, 0.7282, 0.71853, 0.33452, 0.16803, 0.16442, 0.66843, 0.5443, 0.36268, 0.93441, 0.68346, 0.53883, 0.11486, 0.68654, 0.23482, 0.21968, 0.18769, 0.83898, 0.2666, 0.25289, 0.38904, 0.2878, 0.31024, 0.40224, 0.39979, 0.31951, 0.34862, 0.47492, 0.14147, 0.34016, 0.35928, 0.82512, 0.83348, 0.43775, 0.53889, 0.16893, 0.29941, 0.60544, 0.19534, 0.31178, 0.32597, 0.49647, 0.73432, 0.20654, 0.7783, 0.1456, 0.14628, 0.37095, 0.28099, 0.35125, 0.13839, 0.28941, 0.46503, 0.30192, 0.14987, 0.30747, 0.48265, 0.19259, 0.24664, 0.26298, 0.28838, 0.28988, 0.56306, 0.28021, 0.29853, 0.42653, 0.36261, 0.29387, 0.30102, 0.25073, 0.63365, 0.26308, 0.28601, 0.17943, 0.2489, 0.83508, 0.6538, 0.29495, 0.72321, 0.46625, 0.2402, 0.74553, 0.50979, 0.20298, 0.20049, 0.30929, 0.19205, 0.33438, 0.1334, 0.2998, 0.2165, 0.70793, 0.46559, 0.15868, 0.47642, 0.23774, 0.27601, 0.30201, 0.20439, 0.51173, 0.37923, 0.38884, 0.39979, 0.18418, 0.78134, 0.31563, 0.62808, 0.14465, 0.84462, 0.91646, 0.49798, 0.19083, 0.5207, 0.90141, 0.37033, 0.15785, 0.64981, 0.27588, 0.3671, 0.18408, 0.11486, 0.1718, 0.15772, 0.32703, 0.5999, 0.46742, 0.32696, 0.32302, 0.19075, 0.77273, 0.0886, 0.2058, 0.21087, 0.19631, 0.16056, 0.14717, 0.24155, 0.92639, 0.5097, 0.19832, 0.70347, 0.28263, 0.86776, 0.50484, 0.13922, 0.27183, 0.14674, 0.30707, 0.26514, 0.79263, 0.16142, 0.35617, 0.23121, 0.19359, 0.45914, 0.41932, 0.73125, 0.23479, 0.24127, 0.15747, 0.2661, 0.48356, 0.36455, 0.32821, 0.25459, 0.36473, 0.14966, 0.16149, 0.3168, 0.3522, 