{"model": "xlm-roberta-base", "dataset": "dravidian_malayalam", "train_config": "supcon", "seed": 42, "thr_cal": 0.4234346970915793, "metrics_05": {"macro": 0.5102150572056009, "toxf1": 0.03773584905660377, "prec": 0.16666666666666666, "rec": 0.02127659574468085, "prauc": 0.07173094518013616, "ece": 0.35434220925966897, "covert": 0.0}, "metrics_cal": {"macro": 0.552639427378467, "toxf1": 0.14285714285714285, "prec": 0.11392405063291139, "rec": 0.19148936170212766, "prauc": 0.07173094518013616, "ece": 0.35434220925966897, "covert": 0.10909090909090909}, "probs": [0.38426, 0.36597, 0.37891, 0.38158, 0.38488, 0.38742, 0.36601, 0.3852, 0.40037, 0.36288, 0.37813, 0.38824, 0.40553, 0.37174, 0.39291, 0.38552, 0.38813, 0.36158, 0.3804, 0.36621, 0.39774, 0.38179, 0.41103, 0.37451, 0.3847, 0.35046, 0.39308, 0.373, 0.38452, 0.40172, 0.40801, 0.36129, 0.38702, 0.37654, 0.39901, 0.36239, 0.37112, 0.3757, 0.36118, 0.37104, 0.37996, 0.36193, 0.38062, 0.38542, 0.43081, 0.35411, 0.39223, 0.42062, 0.35848, 0.38731, 0.37085, 0.39511, 0.38276, 0.42306, 0.37225, 0.36904, 0.36576, 0.37903, 0.38794, 0.36043, 0.36942, 0.37653, 0.37148, 0.38698, 0.37905, 0.36114, 0.3771, 0.36309, 0.37731, 0.39363, 0.3941, 0.38354, 0.3767, 0.37865, 0.41346, 0.3818, 0.36285, 0.36475, 0.36274, 0.39127, 0.41234, 0.37452, 0.37765, 0.36779, 0.37546, 0.39208, 0.36546, 0.38701, 0.37832, 0.38569, 0.37881, 0.38601, 0.38343, 0.41909, 0.37423, 0.39799, 0.3681, 0.36951, 0.37404, 0.39052, 0.3606, 0.35633, 0.38626, 0.37929, 0.38865, 0.36525, 0.36835, 0.3709, 0.42195, 0.40221, 0.36111, 0.37847, 0.3708, 0.36782, 0.39038, 0.39085, 0.39827, 0.36746, 0.38818, 0.37807, 0.39807, 0.38721, 0.40911, 0.36725, 0.42168, 0.39968, 0.4217, 0.36658, 0.40448, 0.3737, 0.42338, 0.35611, 0.38484, 0.39156, 0.37488, 0.38082, 0.37747, 0.38421, 0.38564, 0.36787, 0.36252, 0.37856, 0.37476, 0.3847, 0.38968, 0.37723, 0.37457, 0.379, 0.36085, 0.41926, 0.39716, 0.353, 0.35927, 0.37387, 0.4486, 0.58766, 0.37541, 0.40202, 0.38388, 0.35706, 0.37984, 0.39026, 0.37375, 0.41571, 0.38129, 0.35827, 0.37633, 0.37871, 0.38048, 0.3806, 0.36539, 0.38477, 0.38399, 0.40638, 0.3799, 0.38622, 0.41477, 0.42984, 0.37751, 0.41297, 0.36544, 0.37557, 0.44053, 0.38017, 0.44486, 0.36837, 0.38259, 0.36125, 0.38694, 0.42585, 0.40052, 0.39306, 0.54929, 0.37062, 0.35358, 0.40382, 0.38837, 0.41253, 0.44191, 0.36361, 0.36385, 0.3704, 0.37653, 0.40945, 0.35988, 0.39596, 0.35832, 0.37385, 0.38209, 0.37086, 0.38553, 0.38086, 0.38634, 0.39923, 0.37618, 0.37364, 0.39417, 0.39377, 0.37162, 0.37605, 0.36301, 0.40217, 0.37347, 0.38947, 0.3702, 0.37195, 0.46344, 0.37371, 0.35836, 0.40006, 0.40025, 0.37712, 0.39164, 0.35411, 0.40235, 0.41386, 0.39461, 0.39262, 0.37296, 0.36469, 0.3872, 0.36778, 0.3725, 0.41574, 0.39368, 0.3981, 0.52798, 0.35844, 0.41264, 0.36569, 0.37351, 0.41143, 0.39073, 0.36643, 0.39383, 0.37943, 0.39728, 0.38077, 0.37914, 0.36156, 0.36037, 0.39695, 0.37809, 0.37851, 0.39207, 0.37547, 0.37745, 0.37328, 0.41125, 0.38762, 0.40157, 0.38443, 0.3728, 0.41093, 0.38099, 0.36405, 0.39639, 0.37562, 0.36976, 0.37135, 0.3607, 0.37118, 0.37327, 0.36199, 0.3682, 0.38169, 0.39158, 0.37005, 0.38313, 0.36034, 0.4249, 0.43404, 0.39382, 0.36393, 0.36653, 0.46744, 0.42587, 0.42799, 0.36633, 0.40055, 0.39027, 0.37214, 0.36082, 0.38072, 0.41619, 0.39752, 0.38989, 0.40816, 0.37939, 0.39796, 0.39737, 0.38764, 0.39448, 0.4125, 0.38829, 0.3838, 0.38193, 0.3991, 0.35726, 0.40189, 0.38352, 0.39534, 0.37571, 0.3965, 0.37775, 0.37267, 0.37452, 0.38666, 0.38199, 0.39398, 0.42292, 0.3925, 0.36767, 0.40228, 0.3666, 0.36856, 0.37144, 0.40357, 0.37924, 0.37994, 0.38575, 0.36135, 0.47302, 0.38822, 0.36995, 0.37993, 0.37484, 0.37097, 0.38099, 0.37127, 0.36468, 0.36666, 0.39628, 0.38596, 0.37489, 0.4057, 0.40027, 0.38046, 0.38822, 0.42292, 0.40153, 0.38108, 0.36535, 0.42605, 0.36781, 0.39092, 0.39521, 0.36759, 0.37882, 0.36525, 0.3923, 0.36404, 0.44255, 0.38891, 0.3537, 0.42292, 0.39457, 0.35993, 0.37259, 0.40927, 0.3619, 0.38525, 0.38971, 0.38106, 0.36434, 0.39338, 0.37961, 0.40088, 0.37642, 0.36881, 0.37441, 0.36685, 0.3718, 0.38392, 0.38856, 0.40433, 0.40221, 0.36765, 0.36885, 0.41365, 0.37965, 0.37926, 0.42591, 0.38915, 0.41879, 0.38384, 0.37104, 0.41862, 0.36837, 0.36068, 0.36439, 0.35805, 0.41702, 0.37527, 0.38061, 0.36051, 0.37423, 0.40375, 0.39317, 0.48965, 0.42614, 0.39996, 0.38887, 0.38336, 0.366, 0.4008, 0.37031, 0.385, 0.3762, 0.35404, 0.38375, 0.36483, 0.36081, 0.37331, 0.38397, 0.3967, 0.39919, 0.39104, 0.38623, 0.37241, 0.37388, 0.35951, 0.3737, 0.36132, 0.39137, 0.37305, 0.39182, 0.3927, 0.3786, 0.37156, 0.4035, 0.37371, 0.37001, 0.36493, 0.38649, 0.40136, 0.36746, 0.36323, 0.39506, 0.44518, 0.35894, 0.36941, 0.3834, 0.37928, 0.3744, 0.36709, 0.38094, 0.37985, 0.36102, 0.38873, 0.41386, 0.38762, 0.42769, 0.38625, 0.38333, 0.39581, 0.40009, 0.3837, 0.46702, 0.3739, 0.36989, 0.40112, 0.40266, 0.37842, 0.48415, 0.36497, 0.38132, 0.39322, 0.38353, 0.44868, 0.40292, 0.44653, 0.37807, 0.36778, 0.38791, 0.38099, 0.36227, 0.38284, 0.39435, 0.4064, 0.43041, 0.36369, 0.35545, 0.46954, 0.36688, 0.36595, 0.41436, 0.37306, 0.37179, 0.39066, 0.36353, 0.3841, 0.38351, 0.39432, 0.37288, 0.37359, 0.38495, 0.40326, 0.39824, 0.3653, 0.3572, 0.37815, 0.37286, 0.36529, 0.35823, 0.38012, 0.45696, 0.36667, 0.36939, 0.39414, 0.36228, 0.40212, 0.40619, 0.38626, 0.38145, 0.37655, 0.37155, 0.38047, 0.3605, 0.38421, 0.36044, 0.48319, 0.38798, 0.37327, 0.40255, 0.37953, 0.35692, 0.39548, 0.3851, 0.36527, 0.37883, 0.37897, 0.37482, 0.3873, 0.39069, 0.35136, 0.39643, 0.38241, 0.39073, 0.3972, 0.39935, 0.39484, 0.40974, 0.37918, 0.41879, 0.37475, 0.37518, 0.35974, 0.42135, 0.43781, 0.38614, 0.3591, 0.3684, 0.40023, 0.38399, 0.40893, 0.36446, 0.38084, 0.38872, 0.41144, 0.40268, 0.36391, 0.3722, 0.39819, 0.36002, 0.4034, 0.35613, 0.37237, 0.39571, 0.3796, 0.37746, 0.37624, 0.38021, 0.38989, 0.38115, 0.36791, 0.4001, 0.38412, 0.36311, 0.39695, 0.38619, 0.39192, 0.424, 0.37586, 0.39336, 0.41465, 0.45164, 0.38324, 0.37177, 0.39015, 0.37112, 0.35857, 0.37092, 0.38672, 0.38713, 0.39898, 0.36523, 0.39301, 0.38994, 0.38152, 0.3847, 0.40563, 0.42567, 0.39743, 0.37583, 0.37554, 0.46293, 0.38024, 0.36225, 0.36473, 0.37947, 0.40706, 0.37274, 0.47573, 0.40202, 0.38081, 0.3959, 0.37152, 0.36863, 0.37729, 0.38925, 0.38566, 0.38035, 0.37905, 0.37101, 0.47119, 0.38418, 0.39174, 0.43169, 0.37056, 0.36552, 0.40037, 0.38799, 0.43833, 0.37617, 0.36421, 0.59577, 0.40295, 0.38134, 0.38551, 0.41524, 0.38977, 0.3745, 0.36712, 0.37208, 0.39741, 0.38714, 0.407, 0.40505, 0.39243, 0.37061, 0.37716, 0.43462, 0.40101, 0.38887, 0.44246, 0.43241, 0.39312, 0.36837, 0.39973, 0.37449, 0.37345, 0.37472, 0.39479, 0.38637, 0.3653, 0.36644, 0.39927, 0.39883, 0.39243, 0.39013, 0.40101, 0.40869, 0.38796, 0.37575, 0.40955, 0.384, 0.44771, 0.41352, 0.40732, 0.38392, 0.36989, 0.40181, 0.39793, 0.35126, 0.38938, 0.3816, 0.39633, 0.41861, 0.39541, 0.39408, 0.36327, 0.37468, 0.36748, 0.37567, 0.38608, 0.36766, 0.38071, 0.37762, 0.38829, 0.37847, 0.37011, 0.41916, 0.38677, 0.37766, 0.38455, 0.36478, 0.40591, 0.39071, 0.37419, 0.36147, 0.39218, 0.38393, 0.40581, 0.3871, 0.37678, 0.40403, 0.36625, 0.38487, 0.37507, 0.38539, 0.4088, 0.40221, 0.38471, 0.39986, 0.4125, 0.37984, 0.39788, 0.3929, 0.35915, 0.36764, 0.39742, 0.37852, 0.39094, 0.36568, 0.38004, 0.38436, 0.40077, 0.38705, 0.37221, 0.36035, 0.38577, 0.37872, 0.3989, 0.36759, 0.38364, 0.40466, 0.3924, 0.39013, 0.36806, 0.41071, 0.38751, 0.3926, 0.37539, 0.39965, 0.48354, 0.3957, 0.36583, 0.41552, 0.44364, 0.37775, 0.37571, 0.39825, 0.36997, 0.38797, 0.37392, 0.36837, 0.37618, 0.36715, 0.3689, 0.40536, 0.397, 0.41534, 0.36758, 0.36015, 0.45422, 0.35161, 0.36443, 0.37093, 0.36879, 0.38346, 0.37073, 0.38445, 0.4442, 0.38887, 0.37024, 0.4189, 0.38264, 0.40766, 0.37901, 0.37234, 0.39125, 0.36343, 0.38549, 0.38024, 0.4165, 0.36319, 0.38741, 0.35802, 0.37663, 0.41745, 0.41486, 0.40198, 0.38338, 0.38331, 0.37341, 0.38116, 0.3947, 0.39166, 0.37212, 0.34952, 0.36732, 0.3731, 0.37581, 0.36303, 0.38433, 