{"model": "xlm-roberta-base", "dataset": "dravidian_tamil", "train_config": "ce", "seed": 99, "thr_cal": 0.55389661192894, "metrics_05": {"macro": 0.7163654712591712, "toxf1": 0.5993189557321226, "prec": 0.49530956848030017, "rec": 0.7586206896551724, "prauc": 0.5927133962019692, "ece": 0.12969610983133315, "covert": 0.7294117647058823}, "metrics_cal": {"macro": 0.7199100426623823, "toxf1": 0.5983510011778563, "prec": 0.5069860279441117, "rec": 0.7298850574712644, "prauc": 0.5927133962019692, "ece": 0.12969610983133315, "covert": 0.7159904534606205}, "probs": [0.18144, 0.00013, 0.0154, 0.00297, 0.90489, 0.03476, 0.00476, 0.0003, 0.01102, 0.00485, 0.12505, 0.38183, 0.00123, 0.00227, 0.00574, 0.0123, 0.91648, 0.14633, 7e-05, 0.31731, 0.28422, 0.08497, 0.05792, 0.48098, 0.02424, 0.18813, 0.883, 0.03211, 0.01611, 0.00418, 0.06747, 0.36902, 0.0089, 0.02323, 0.09898, 0.90981, 0.1082, 0.11055, 0.00025, 0.28746, 0.82893, 0.10537, 0.54861, 0.63335, 0.87129, 0.93926, 0.00134, 0.07013, 0.16503, 0.00529, 0.00135, 0.14356, 0.30639, 0.07146, 0.05369, 0.84494, 0.47498, 0.60942, 0.90059, 0.29314, 0.01637, 0.00976, 0.27489, 0.02426, 0.47843, 0.00979, 0.28396, 0.18364, 0.9122, 0.69103, 0.86878, 0.11368, 0.01416, 0.07503, 0.786, 0.84735, 0.74356, 0.90931, 0.00824, 0.09176, 0.48394, 0.92315, 0.42513, 0.00016, 0.17704, 0.00496, 0.52438, 0.08542, 0.01273, 0.78009, 0.00025, 0.83333, 0.15474, 0.90614, 0.19563, 0.56498, 0.06402, 0.00064, 0.01753, 0.02945, 0.84348, 0.00021, 0.02585, 0.16028, 0.8549, 0.8596, 0.09847, 0.0027, 0.0007, 0.16794, 0.80462, 0.16034, 0.89039, 0.098, 0.86757, 0.03428, 0.02703, 0.16579, 0.01384, 0.00133, 0.17113, 0.00163, 0.01877, 0.05663, 0.81511, 0.04816, 0.78386, 0.05956, 0.0337, 0.01438, 0.00568, 0.42589, 0.1945, 0.19529, 0.94498, 0.90482, 0.07384, 0.00638, 0.00512, 0.94152, 0.65857, 0.09745, 0.83688, 0.93992, 0.07111, 0.55604, 0.0031, 0.23666, 0.61021, 0.09643, 0.64462, 0.01338, 0.73841, 0.43078, 0.81518, 0.01984, 0.00156, 0.14895, 0.00235, 0.34322, 0.01582, 0.88529, 0.04292, 0.95564, 0.00081, 0.19696, 0.33105, 0.80039, 0.8333, 0.33747, 0.90267, 0.84662, 0.28426, 0.23225, 0.30771, 0.04148, 0.58247, 0.08172, 0.00787, 0.82589, 0.31738, 0.79409, 0.26543, 0.8819, 0.00074, 0.00046, 0.53485, 0.02321, 0.00105, 0.01498, 0.04226, 0.0114, 0.84397, 0.01447, 0.00038, 0.47905, 0.04071, 0.95845, 0.01448, 0.00125, 0.07331, 0.9461, 0.64251, 0.00136, 0.22404, 0.11639, 0.65054, 0.00708, 0.09628, 0.71084, 0.64783, 0.01935, 0.29663, 0.00517, 0.00227, 0.81303, 0.01125, 0.00778, 0.11823, 0.00059, 0.0035, 0.00691, 0.02572, 0.86891, 0.32379, 0.94897, 0.85134, 0.65586, 0.0125, 0.61014, 0.12932, 0.0741, 0.00162, 0.93546, 0.84563, 0.05217, 0.39269, 0.00014, 0.15851, 0.0986, 0.95289, 0.34096, 5e-05, 0.78655, 0.71782, 0.87628, 0.24389, 0.70488, 0.39321, 0.21745, 0.02668, 0.1365, 0.47543, 0.04746, 0.45772, 0.56535, 0.00099, 0.90446, 0.04644, 0.00271, 0.4189, 0.86441, 0.01784, 0.13588, 0.0616, 0.04558, 0.51908, 0.10415, 0.49831, 0.23649, 0.4403, 0.88692, 0.92791, 0.00229, 0.03067, 1e-05, 0.81891, 0.30009, 0.05057, 0.00695, 0.05255, 0.00457, 0.00966, 0.03068, 0.03301, 0.03839, 0.65402, 0.73274, 0.8743, 0.75563, 0.10203, 2e-05, 0.00281, 0.94513, 0.44464, 0.02416, 0.53999, 0.8593, 0.9574, 0.03518, 0.00216, 0.03405, 0.04087, 0.87223, 0.86155, 0.13305, 0.4429, 0.26477, 0.4909, 0.00579, 0.15398, 0.91553, 0.13982, 0.25005, 0.15288, 0.82355, 0.84158, 0.03405, 0.10006, 0.38613, 0.00886, 0.72658, 0.9141, 0.66089, 0.20714, 0.9081, 0.93821, 0.43269, 0.17014, 0.00088, 0.10958, 0.72512, 0.04971, 0.6037, 0.01828, 0.00056, 0.05307, 0.76326, 0.00683, 0.0069, 0.00014, 0.00017, 0.00589, 0.6385, 0.09173, 0.08424, 0.80647, 0.02102, 0.14423, 0.14536, 0.81117, 0.60433, 0.12511, 0.59078, 0.84089, 0.34613, 0.04512, 0.39635, 0.02259, 0.03044, 0.57008, 0.45437, 0.00807, 0.1447, 0.72841, 0.73489, 0.00188, 0.95379, 0.0003, 0.82866, 0.00116, 0.55947, 0.6718, 0.03616, 0.0041, 0.05673, 0.03072, 0.49984, 0.91714, 0.09824, 0.53118, 0.0123, 0.24425, 0.68343, 0.7209, 0.17867, 0.89939, 0.4652, 0.0021, 0.31055, 0.24369, 0.50015, 0.00199, 0.07187, 0.03685, 0.75018, 0.64574, 0.84466, 0.12939, 0.01345, 0.22583, 0.19166, 0.01672, 0.01329, 0.00925, 4e-05, 0.14199, 0.82246, 0.02456, 0.92572, 0.96239, 0.08524, 0.07919, 0.75219, 0.40509, 0.81332, 0.1389, 0.29104, 0.86741, 0.92931, 0.80165, 0.24045, 0.10216, 0.04131, 0.9064, 0.00066, 0.04185, 0.01403, 0.79538, 0.35879, 0.0101, 0.63477, 0.51013, 0.84395, 0.67142, 0.01796, 0.01989, 0.15355, 0.07153, 0.00955, 0.82142, 0.03956, 0.96586, 0.85831, 0.72079, 0.39081, 0.81301, 0.00267, 0.78172, 0.12112, 0.04309, 0.65968, 0.54009, 0.01747, 0.04102, 0.87385, 0.04114, 0.80616, 0.01125, 0.027, 0.00013, 0.00086, 0.849, 0.00331, 0.00533, 0.89565, 0.00202, 0.03486, 0.91252, 0.05745, 0.07088, 0.03356, 0.09278, 0.17983, 0.29925, 0.08285, 0.06603, 0.82253, 0.8522, 0.79061, 0.47763, 0.00637, 0.23787, 0.8776, 0.03783, 0.8946, 0.93679, 0.10968, 0.00063, 0.36767, 0.01868, 0.9365, 0.56813, 0.00928, 0.92733, 0.31767, 0.50791, 0.00244, 0.07521, 0.76729, 0.25754, 0.52149, 0.74073, 0.66683, 0.86197, 0.083, 0.1835, 0.00862, 0.7954, 0.08817, 0.00013, 0.34052, 0.01581, 0.02992, 0.00725, 0.84428, 0.71613, 0.32073, 0.32402, 0.71074, 0.86202, 0.70262, 0.02345, 0.55448, 0.63527, 0.29573, 0.06936, 0.73861, 0.44931, 0.79857, 0.01924, 0.01687, 0.92107, 0.93312, 0.62513, 0.00379, 0.04809, 0.00392, 0.00051, 0.49388, 0.49979, 0.65845, 0.02265, 0.0218, 0.30555, 0.95155, 0.04211, 0.70929, 0.0049, 0.01576, 0.02472, 0.01216, 0.13179, 0.65115, 0.16504, 0.60905, 0.71957, 0.45755, 0.58837, 0.88051, 0.74642, 0.51278, 0.68714, 0.63491, 0.02569, 0.26187, 0.82628, 0.92028, 0.0017, 0.95189, 0.04886, 0.44292, 0.03632, 0.00234, 0.66797, 0.48073, 0.45213, 0.08478, 0.33672, 0.00969, 0.83511, 0.63504, 0.01693, 0.73979, 0.13094, 0.03428, 0.097, 0.03348, 0.92381, 0.89195, 0.00058, 0.8717, 0.56194, 0.88794, 0.0391, 0.0073, 0.01223, 0.01278, 0.05206, 0.5869, 0.04109, 0.73888, 0.8961, 0.03858, 0.00723, 0.44427, 0.29936, 0.73131, 0.4264, 0.71158, 0.33637, 0.49821, 0.49825, 0.5668, 0.61119, 0.0523, 0.7091, 0.00744, 0.23999, 0.59325, 0.01505, 0.00845, 0.83626, 0.40481, 0.72736, 0.12093, 0.01201, 0.0003, 0.89121, 0.09473, 0.23641, 0.08621, 0.09601, 0.85627, 0.06193, 0.26618, 0.70103, 0.00278, 0.87603, 0.02508, 0.01872, 0.23889, 0.93373, 0.20486, 0.01728, 0.00895, 0.11117, 0.82291, 0.81957, 0.94586, 0.02675, 0.47467, 0.83122, 0.01556, 0.7751, 0.02958, 0.00024, 0.7514, 0.63821, 0.20331, 0.79428, 0.19926, 0.23251, 0.00017, 0.27226, 0.67592, 0.03183, 0.04016, 0.74483, 0.03301, 0.44278, 0.00754, 0.8458, 0.07835, 0.0044, 0.11449, 0.01007, 0.30341, 0.09716, 0.94471, 0.04091, 0.37657, 0.87212, 0.04173, 0.03904, 0.01863, 0.05761, 0.92938, 0.0652, 0.5514, 0.08437, 0.01054, 0.28322, 0.08115, 0.74224, 0.12836, 0.00725, 0.52801, 0.05458, 0.16214, 0.08992, 0.03533, 0.73802, 0.81418, 0.06611, 0.2873, 0.23418, 0.39806, 0.00839, 0.03299, 0.04413, 0.0332, 0.02962, 0.00079, 0.67857, 0.84789, 0.95144, 0.00579, 0.89848, 0.00913, 0.91582, 0.43705, 0.08317, 0.34925, 0.02306, 0.00224, 0.17123, 0.16308, 0.47069, 0.05013, 0.00025, 0.10622, 0.60205, 0.04343, 0.79902, 0.00645, 0.01692, 0.01191, 0.09644, 0.01076, 0.00031, 0.06585, 0.87922, 0.8702, 0.06238, 0.04735, 0.02485, 0.02252, 0.79448, 0.89602, 0.55606, 0.00625, 0.90533, 0.02498, 0.23149, 0.00105, 0.15278, 0.12765, 0.00982, 0.03344, 0.08735, 0.90828, 0.04162, 0.00997, 0.14849, 0.03443, 0.79981, 0.29529, 0.8295, 0.11508, 0.55329, 0.00127, 0.03595, 0.18792, 0.17899, 0.44742, 0.06898, 0.86006, 0.00151, 0.00378, 0.69711, 0.78897, 0.44635, 0.06561, 0.19892, 0.0207, 0.18325, 0.00156, 0.40689, 0.92817, 0.06239, 0.69041, 0.92049, 0.00828, 0.00119, 0.9018, 0.61752, 0.05165, 0.05145, 0.77357, 0.0028, 0.23619, 0.00556, 0.57766, 0.37458, 0.83583, 0.15491, 0.87992, 0.5458, 0.32421, 0.58736, 0.26265, 0.68494, 0.39338, 0.02656, 0.02824, 0.00649, 0.03002, 0.05449, 0.17923, 0.88219, 0.82429, 0.52003, 0.05536, 0.8937, 0.10117, 0.01069, 0.027, 0.90676, 0.32137, 0.05958, 0.09241, 0.80881, 0.67537, 0.88153, 0.08688, 0.66065, 