{"model": "xlm-roberta-base", "dataset": "hatexplain", "train_config": "ce", "seed": 7, "thr_cal": 0.2910506725311277, "metrics_05": {"macro": 0.7313508766122915, "toxf1": 0.7691408533021625, "prec": 0.8245614035087719, "rec": 0.7207009857612268, "prauc": 0.8851485586647474, "ece": 0.12312835466365021, "covert": 0.8774302620456467}, "metrics_cal": {"macro": 0.7483311622575921, "toxf1": 0.8083961248654468, "prec": 0.7947089947089947, "rec": 0.8225629791894852, "prauc": 0.8851485586647474, "ece": 0.12312835466365021, "covert": 0.8999186330349878}, "probs": [0.22985, 0.12358, 0.11434, 0.57116, 0.2496, 0.77598, 0.9985, 0.06949, 0.22233, 0.0114, 0.28038, 0.03545, 0.04644, 0.06129, 0.1652, 0.05654, 0.09452, 0.07431, 0.99852, 0.15745, 0.03138, 0.96931, 0.02452, 0.66466, 0.13311, 0.93899, 0.99868, 0.14445, 0.07921, 0.3856, 0.93413, 0.68027, 0.47959, 0.61367, 0.99361, 0.02991, 0.78316, 0.13847, 0.99549, 0.04506, 0.99937, 0.52024, 0.32253, 0.21954, 0.32428, 0.01595, 0.02111, 0.97191, 0.98904, 0.64227, 0.02249, 0.19088, 0.9928, 0.25109, 0.28356, 0.97881, 0.19557, 0.05576, 0.68341, 0.54476, 0.07515, 0.96931, 0.99841, 0.61072, 0.99923, 0.50083, 0.99005, 0.36699, 0.89667, 0.99166, 0.04469, 0.99781, 0.73854, 0.96782, 0.09336, 0.13541, 0.98992, 0.46001, 0.87707, 0.95467, 0.99029, 0.13511, 0.89917, 0.03858, 0.89367, 0.96335, 0.9942, 0.19934, 0.44834, 0.94663, 0.03994, 0.99876, 0.89118, 0.75594, 0.97094, 0.06135, 0.70434, 0.19355, 0.51898, 0.99734, 0.03968, 0.67012, 0.97702, 0.5249, 0.03592, 0.89038, 0.93355, 0.91457, 0.99718, 0.13665, 0.01457, 0.14902, 0.11007, 0.13111, 0.33465, 0.74206, 0.82487, 0.58058, 0.90985, 0.99292, 0.9367, 0.08312, 0.03294, 0.99741, 0.30807, 0.09277, 0.14118, 0.09084, 0.19025, 0.98841, 0.12019, 0.99417, 0.09637, 0.09072, 0.58761, 0.95531, 0.3393, 0.97782, 0.98775, 0.12281, 0.26441, 0.9807, 0.73414, 0.99373, 0.93054, 0.20773, 0.99503, 0.34757, 0.97933, 0.14417, 0.34052, 0.78194, 0.99433, 0.28357, 0.99567, 0.95912, 0.98494, 0.15675, 0.0362, 0.89954, 0.65845, 0.96464, 0.75064, 0.77617, 0.80722, 0.86156, 0.8957, 0.09724, 0.9377, 0.63089, 0.14619, 0.186, 0.04539, 0.47977, 0.91747, 0.48317, 0.54774, 0.22586, 0.98596, 0.13017, 0.99872, 0.2321, 0.07566, 0.10474, 0.99514, 0.60482, 0.99432, 0.56553, 0.58216, 0.99435, 0.18007, 0.98017, 0.98018, 0.99294, 0.92783, 0.95809, 0.45723, 0.2197, 0.98926, 0.17251, 0.97455, 0.06949, 0.19365, 0.05245, 0.38496, 0.24029, 0.46561, 0.26533, 0.15582, 0.07345, 0.09538, 0.06721, 0.9528, 0.98898, 0.80177, 0.28793, 0.03151, 0.06583, 0.92409, 0.74103, 0.37615, 0.1347, 0.98238, 0.99779, 0.0309, 0.99449, 0.99419, 0.92497, 0.03434, 0.97259, 0.99322, 0.96352, 0.95336, 0.97598, 0.96619, 0.22482, 0.99405, 0.43614, 0.96994, 0.69213, 0.07322, 0.90532, 0.374, 0.36467, 0.98403, 0.65392, 0.24883, 0.11217, 0.03994, 0.18228, 0.88084, 0.99737, 0.21462, 0.71937, 0.37871, 0.97249, 0.98278, 0.11224, 0.0509, 0.86071, 0.12955, 0.9921, 0.50612, 0.71128, 0.9919, 0.41382, 0.96959, 0.01962, 0.05353, 0.13286, 0.86616, 0.63929, 0.05375, 0.84671, 0.10959, 0.09843, 0.99106, 0.99847, 0.9628, 0.95547, 0.99849, 0.9927, 0.94889, 0.99921, 0.96983, 0.94526, 0.61282, 0.04532, 0.0158, 0.09663, 0.09775, 0.18845, 0.04622, 0.23222, 0.98937, 0.17429, 0.24371, 0.05832, 0.57384, 0.08332, 0.31535, 0.16734, 0.36816, 0.99895, 0.99815, 0.11145, 0.95022, 0.98406, 0.01658, 0.04926, 0.79653, 0.73483, 0.98707, 0.47495, 0.15531, 0.26605, 0.98748, 0.1174, 0.95866, 0.9948, 0.51348, 0.01849, 0.91101, 0.83734, 0.05839, 0.99746, 0.17615, 0.05212, 0.98118, 0.99265, 0.99176, 0.99084, 0.13648, 0.69538, 0.98632, 0.08193, 0.32905, 0.98838, 0.99272, 0.02902, 0.90839, 0.99716, 0.914, 0.6596, 0.1275, 0.75052, 0.01269, 0.08821, 0.06615, 0.37304, 0.08177, 0.84766, 0.34705, 0.98342, 0.77167, 0.99945, 0.01935, 0.51008, 0.963, 0.35818, 0.06514, 0.35354, 0.99112, 0.00133, 0.99857, 0.11619, 0.99963, 0.99751, 0.55554, 0.10478, 0.0702, 0.54836, 0.96592, 0.98969, 0.60887, 0.45133, 0.41765, 0.96254, 0.97414, 0.98895, 0.97615, 0.86163, 0.06461, 0.9982, 0.07369, 0.06573, 0.04025, 0.03951, 0.26453, 0.83738, 0.9793, 0.06952, 0.31449, 0.13113, 0.99527, 0.98204, 0.14139, 0.61655, 0.90297, 0.89669, 0.93898, 0.10457, 0.43253, 0.61418, 0.27988, 0.9107, 0.28841, 0.98518, 0.11486, 0.01526, 0.83739, 0.12548, 0.12463, 0.09062, 0.0725, 0.86706, 0.0235, 0.97232, 0.99767, 0.46408, 0.56377, 0.55108, 0.80502, 0.90233, 0.20601, 0.06276, 0.35051, 0.97927, 0.90896, 0.82893, 0.05112, 0.02545, 0.62096, 0.11356, 0.94176, 0.99523, 0.98053, 0.96757, 0.94753, 0.48483, 0.99204, 0.3249, 0.80573, 0.22299, 0.09479, 0.99843, 0.99026, 0.40799, 0.09628, 0.94491, 0.28961, 0.72183, 0.06223, 0.9162, 0.81917, 0.10746, 0.39326, 0.18279, 0.99626, 0.06072, 0.11836, 0.97986, 0.99393, 0.74946, 0.08138, 0.32977, 0.65322, 0.70175, 0.99799, 0.6822, 0.06344, 0.36105, 0.34051, 0.04679, 0.9948, 0.04565, 0.77157, 0.32428, 0.70394, 0.53809, 0.88482, 0.10085, 0.04051, 0.9982, 0.08644, 0.18176, 0.13579, 0.89211, 0.62223, 0.98951, 0.99794, 0.99674, 0.96564, 0.27063, 0.46482, 0.03905, 0.04021, 0.6924, 0.77781, 0.9758, 0.99783, 0.13121, 0.07058, 0.03436, 0.996, 0.99874, 0.90782, 0.12756, 0.14411, 0.94217, 0.15547, 0.15871, 0.98978, 0.05804, 0.07932, 0.28015, 0.99852, 0.16613, 0.4296, 0.88657, 0.1628, 0.24046, 0.97135, 0.11379, 0.97688, 0.80241, 0.99539, 0.03622, 0.63993, 0.97686, 0.98911, 0.53727, 0.03939, 0.11617, 0.95034, 0.81254, 0.33781, 0.02559, 0.2228, 0.99748, 0.1044, 0.88552, 0.98355, 0.50269, 0.29816, 0.36073, 0.25, 0.90649, 0.42145, 0.80547, 0.88692, 0.18104, 0.99628, 0.98591, 0.0471, 0.99203, 0.21929, 0.36172, 0.61921, 0.02214, 0.01051, 0.38263, 0.45929, 0.29428, 0.99025, 0.02531, 0.99271, 0.00415, 0.91582, 0.64935, 0.96709, 0.99715, 0.93487, 0.49076, 0.70965, 0.9594, 0.91531, 0.49243, 0.4991, 0.99816, 0.0978, 0.87006, 0.74533, 0.95551, 0.89727, 0.51239, 0.02445, 0.40633, 0.99461, 0.0349, 0.93294, 0.04702, 0.2395, 0.09563, 0.04976, 0.93912, 0.99534, 0.09423, 0.48149, 0.7545, 0.98726, 0.20506, 0.54291, 0.11831, 0.67335, 0.04402, 0.27218, 0.49836, 0.27279, 0.99054, 0.04846, 0.99004, 0.71339, 0.12353, 0.07813, 0.87207, 0.97961, 0.80764, 0.94897, 0.98156, 0.81168, 0.49203, 0.14799, 0.86132, 0.78132, 0.07882, 0.84965, 0.99801, 0.90654, 0.97801, 0.82291, 0.10894, 0.17698, 0.983, 0.93298, 0.98095, 0.8018, 0.83529, 0.0351, 0.08822, 0.0139, 0.07474, 0.19612, 0.36889, 0.94607, 0.99774, 0.29633, 0.01417, 0.08322, 0.98634, 0.79967, 0.99558, 0.23297, 0.98483, 0.27792, 0.2882, 0.31428, 0.02519, 0.12777, 0.99512, 0.29312, 0.84126, 0.06974, 0.85768, 0.01683, 0.71452, 0.21235, 0.03518, 0.92982, 0.96114, 0.07348, 0.88954, 0.70317, 0.92224, 0.09297, 0.22587, 0.57998, 0.25265, 0.6486, 0.99881, 0.99096, 0.9996, 0.9084, 0.99346, 0.68945, 0.00519, 0.82556, 0.95771, 0.0675, 0.98794, 0.94552, 0.86083, 0.80208, 0.29826, 0.35734, 0.9969, 0.94668, 0.08446, 0.15506, 0.04632, 0.9939, 0.37126, 0.93885, 0.782, 0.97452, 0.92847, 0.0843, 0.17997, 0.16307, 0.99936, 0.51036, 0.13842, 0.98632, 0.33084, 0.08319, 0.9715, 0.95723, 0.11203, 0.63701, 0.01557, 0.91273, 0.93203, 0.99515, 0.13687, 0.03355, 0.9963, 0.01301, 0.06456, 0.84565, 0.99696, 0.87673, 0.97198, 0.49517, 0.8074, 0.99775, 0.99397, 0.02156, 0.19631, 0.07603, 0.81649, 0.98832, 0.75735, 0.6713, 0.27297, 0.01065, 0.20131, 0.92777, 0.55635, 0.87395, 0.18447, 0.10153, 0.98056, 0.04936, 0.1748, 0.99296, 0.99026, 0.15158, 0.08407, 0.98387, 0.14173, 0.16089, 0.04363, 0.08591, 0.24447, 0.14926, 0.08315, 0.02987, 0.38962, 0.26603, 0.54447, 0.68133, 0.05954, 0.04174, 0.78926, 0.94558, 0.18898, 0.72919, 0.99749, 0.33517, 0.1459, 0.99223, 0.98353, 0.91401, 0.96715, 0.09623, 0.99533, 0.84327, 0.69159, 0.03622, 0.84936, 0.19282, 0.10208, 0.33164, 0.88647, 0.03637, 0.70581, 0.03658, 0.14552, 0.14997, 0.98065, 0.92597, 0.99158, 0.98011, 0.99665, 0.69981, 0.98364, 0.99611, 0.42203, 0.20868, 0.99831, 0.2989, 0.26167, 0.41149, 0.01718, 0.85182, 0.30177, 0.01868, 0.09874, 0.12767, 0.4645, 0.99132, 0.12896, 0.99596, 0.49963, 0.20597, 0.95568, 0.99797, 0.05462, 0.90507, 0.61448, 0.91152, 0.06445, 0.12248, 0.69572, 0.99504, 0.2527, 