{"model": "xlm-roberta-base", "dataset": "dravidian_kannada", "train_config": "hardneg", "seed": 7, "thr_cal": 0.10098872072994701, "metrics_05": {"macro": 0.7592723004694836, "toxf1": 0.65, "prec": 0.65, "rec": 0.65, "prauc": 0.7261343183205733, "ece": 0.0979991825265689, "covert": 0.8263473053892215}, "metrics_cal": {"macro": 0.6859044674910251, "toxf1": 0.6055045871559633, "prec": 0.4782608695652174, "rec": 0.825, "prauc": 0.7261343183205733, "ece": 0.0979991825265689, "covert": 0.8235294117647058}, "probs": [0.0902, 0.5987, 0.44045, 0.01832, 0.43417, 0.42043, 0.0187, 0.07026, 0.0028, 0.034, 0.23479, 0.02685, 0.00262, 0.22305, 0.03562, 0.0014, 0.02041, 0.75566, 0.01042, 0.01065, 0.10467, 0.00689, 0.34573, 0.52592, 0.97878, 0.39293, 0.89861, 0.27456, 0.50413, 0.59678, 0.98445, 0.79618, 0.01469, 0.40871, 0.78465, 0.04819, 0.0161, 0.00834, 0.2345, 0.06073, 0.39102, 0.00084, 0.82582, 0.00089, 0.51762, 0.02235, 0.08482, 0.03914, 0.00476, 0.06365, 0.87983, 0.36437, 0.00061, 0.84102, 0.00233, 0.17489, 0.00225, 0.48354, 0.28677, 0.80619, 0.02616, 0.14488, 0.39216, 0.25839, 0.02091, 0.02167, 0.00912, 0.03576, 0.91771, 0.96921, 0.04544, 0.00145, 0.35631, 0.06465, 0.28153, 0.60157, 0.00429, 0.19459, 0.51062, 0.48332, 0.0547, 0.93861, 0.00583, 0.10255, 0.08339, 8e-05, 0.62807, 0.00293, 0.68942, 0.00429, 0.00148, 0.36157, 0.00879, 0.03875, 0.06109, 0.0398, 0.00523, 0.0065, 0.00284, 0.04421, 0.0017, 0.88987, 0.00471, 0.95255, 0.71138, 0.09683, 0.49018, 0.00073, 0.03258, 0.45885, 0.59147, 0.05091, 0.00092, 0.00119, 0.00254, 0.0023, 0.01469, 0.0243, 0.5812, 0.90139, 0.01121, 0.00249, 0.87083, 0.72025, 0.00996, 0.00338, 0.08482, 0.80747, 0.00172, 0.26951, 0.83634, 0.00173, 0.00348, 0.8925, 0.93689, 0.40375, 0.00123, 0.95629, 0.01189, 0.85264, 0.00215, 0.01541, 0.16516, 0.94351, 0.86117, 0.76322, 0.01313, 0.82762, 0.33086, 0.03693, 0.00031, 0.00424, 0.86565, 0.55642, 0.02021, 0.33727, 0.00167, 0.75769, 0.24094, 0.5888, 0.74785, 0.03285, 0.00498, 0.00506, 0.29563, 0.00347, 0.02126, 0.0231, 0.08897, 0.59228, 0.0536, 0.92522, 0.02926, 0.06787, 0.89565, 0.00059, 0.08482, 0.32387, 0.00585, 0.74747, 0.29966, 0.0024, 0.08482, 0.85712, 0.79866, 0.00645, 0.67912, 0.00746, 0.00128, 0.01021, 0.39993, 0.82802, 0.20016, 0.08482, 0.49874, 0.92565, 0.00348, 0.16869, 0.16258, 0.38532, 0.04356, 0.00713, 0.00105, 0.20474, 0.01862, 0.20225, 0.29341, 0.02045, 0.92323, 0.00118, 0.89586, 0.09811, 0.12268, 0.01777, 0.00515, 0.00408, 0.73899, 0.00138, 0.00057, 0.02372, 0.00014, 0.08072, 0.00293, 0.21244, 0.74248, 0.02357, 0.00063, 0.03763, 0.01734, 0.04275, 0.00213, 0.13236, 0.00119, 0.17177, 0.28189, 0.41352, 0.98557, 0.01249, 0.00825, 0.00166, 0.05472, 0.08482, 0.84388, 0.97388, 0.96217, 0.02576, 0.0004, 0.02003, 0.02673, 0.87999, 0.17506, 0.06813, 0.05946, 0.00919, 0.00846, 0.00155, 0.20999, 0.00193, 0.00204, 0.00132, 0.67439, 0.71138, 0.38121, 0.88596, 0.15479, 0.00315, 0.08482, 0.00069, 0.00315, 0.00584, 0.06092, 0.03358, 0.66291, 0.56569, 0.00811, 0.18021, 0.27339, 0.00249, 0.94268, 0.91124, 0.00049, 0.87104, 0.9399, 0.13384, 0.33701, 0.41314, 0.00333, 0.03923, 0.02556, 0.00089, 0.00687, 0.01111, 0.01042, 0.81044, 0.0152, 0.08482, 0.74185, 0.79785, 0.01399, 0.00945, 0.00276, 0.17972, 0.00955, 0.70616, 0.01203, 0.00332, 0.26331, 0.08482, 0.05475, 0.01539, 0.29467, 0.00318, 0.00795, 0.00217, 0.78674, 0.13964, 0.00096, 0.09218, 0.66416, 0.38712, 0.17081, 0.16286, 0.00212, 0.00069, 0.94233, 0.00632, 0.76761, 0.00074, 0.07, 0.92368, 0.00265, 0.14787, 0.08344, 0.0169, 0.00141, 0.03453, 0.13167, 0.18656, 0.00401, 0.00531, 0.10774, 0.00596, 0.55954, 0.34026, 0.54876, 0.03747, 0.97211, 0.79349, 0.08482, 0.59048, 0.0033, 0.00791, 0.76846, 0.31755, 0.30828, 0.71429, 0.18772, 0.74243, 0.00123, 0.00191, 0.88664, 0.00186, 0.77807, 0.63588, 0.00332, 0.01016, 0.74281, 0.00473, 0.00134, 0.01531, 0.98802, 0.01468, 0.00593, 0.08482, 0.01708, 0.03757, 0.00818, 0.76379, 0.88975, 0.07058, 0.68363, 0.04167, 0.00131, 0.93436, 0.685, 0.10388, 0.00445, 0.02305, 0.67879, 0.53303, 0.1386, 0.01555, 0.00587, 0.02793, 0.00919, 0.00047, 0.03922, 0.04658, 0.06417, 0.84773, 0.11883, 0.06511, 0.32403, 0.87615, 0.02368, 0.03646, 0.01711, 0.98693, 0.02088, 0.01387, 0.13052, 0.02006, 0.35041, 0.00268, 0.09536, 0.31648, 0.00754, 0.04287, 0.00381, 0.05532, 0.00643, 0.85213, 0.94751, 0.00172, 0.14023, 0.78462, 0.41037, 0.91789, 0.90825, 0.00075, 0.03491, 0.21508, 0.00347, 0.46835, 0.25761, 0.88579, 0.83196, 0.3849, 0.93463, 0.00247, 0.10382, 0.06515, 0.00499, 0.0186, 0.97061, 0.05032, 0.00181, 0.9379, 0.60806, 0.59167, 0.20615, 0.00949, 0.00122, 0.00329, 0.47744, 0.26808, 0.61769, 0.01644, 0.01026, 0.00166, 0.26681, 0.00311, 0.02027, 0.00059, 0.49507, 0.14079, 0.00308, 0.91892, 0.74319, 0.9195, 0.62953, 0.71556, 0.6785, 0.01258, 0.30485, 0.00055, 0.00606, 0.92342, 0.04065, 0.00166, 0.86982, 0.64039, 0.00138, 0.02894, 0.5743, 0.39885, 0.92595, 0.36061, 0.00233, 0.0012, 0.00082, 0.03995, 0.6972, 0.93655, 0.00542, 0.08853, 0.78436, 0.80805, 0.91978, 0.19418, 0.00253, 0.01087, 0.39574, 0.00258, 0.00091, 0.5816, 0.0072, 0.0031, 0.2284, 0.77234, 0.00052, 0.97198, 0.00226, 0.00194, 0.02048, 0.50114, 0.7846, 0.23206, 0.00794, 0.06844, 0.00419, 0.86866, 0.75197, 0.00251, 0.82749, 0.87186, 0.08482, 0.56971, 0.35738, 0.00479, 0.00415, 0.85148, 0.27983, 0.00332, 0.84124, 0.08482, 0.08792, 0.24975, 0.32918, 0.74211, 0.20429, 0.92011, 0.49243, 0.87645, 0.00198, 0.12143, 0.40669, 0.69551, 0.36552, 0.14584, 0.94827, 0.00386, 0.06656, 0.00308, 0.00064, 0.9547, 0.001, 0.21505, 0.08055, 0.00308, 0.00135, 0.06661, 0.01983, 0.84653, 0.93322, 0.60876, 0.03337, 0.03502, 0.58034, 0.06583, 0.90203, 0.74296, 0.21345, 0.86539, 0.0029, 0.01917, 0.06983, 0.00462, 0.00133, 0.35247, 0.69663, 0.00565, 0.04984, 0.7816, 0.00282, 0.40019], "labels": [0, 0, 0, 0, 0, 0, 0, 0, 0, 0, 0, 0, 0, 0, 1, 0, 0, 1, 0, 0, 0, 0, 0, 1, 1, 1, 1, 1, 1, 0, 1, 0, 1, 1, 1, 0, 1, 0, 0, 1, 0, 0, 1, 0, 0, 0, 0, 0, 0, 1, 0, 0, 0, 1, 0, 0, 0, 0, 1, 0, 0, 0, 0, 1, 0, 0, 0, 0, 1, 1, 1, 0, 0, 0, 0, 1, 0, 0, 0, 1, 0, 1, 1, 0, 0, 0, 1, 0, 1, 0, 0, 0, 0, 0, 0, 0, 0, 1, 0, 0, 0, 1, 0, 1, 0, 0, 1, 0, 0, 0, 0, 0, 0, 0, 0, 0, 0, 0, 1, 0, 0, 0, 1, 1, 0, 0, 0, 0, 0, 0, 0, 0, 0, 1, 1, 0, 0, 1, 0, 0, 0, 0, 1, 1, 1, 0, 0, 0, 1, 0, 0, 0, 0, 0, 0, 1, 0, 0, 0, 1, 1, 1, 0, 1, 0, 0, 0, 0, 0, 0, 0, 1, 0, 0, 1, 0, 0, 0, 0, 0, 0, 0, 0, 0, 1, 0, 0, 0, 0, 0, 0, 1, 0, 1, 0, 1, 1, 0, 0, 0, 0, 0, 0, 0, 1, 1, 0, 0, 1, 0, 1, 0, 1, 0, 0, 0, 1, 0, 0, 0, 1, 0, 0, 0, 1, 0, 0, 0, 0, 0, 0, 0, 0, 0, 0, 1, 1, 0, 0, 0, 0, 0, 0, 1, 1, 0, 0, 0, 0, 0, 0, 0, 0, 1, 0, 0, 0, 0, 1, 0, 1, 0, 0, 0, 0, 0, 0, 0, 0, 0, 0, 0, 0, 1, 0, 0, 0, 0, 1, 1, 0, 1, 1, 0, 0, 1, 0, 1, 0, 0, 1, 0, 0, 1, 0, 0, 0, 1, 0, 0, 0, 0, 0, 0, 0, 0, 0, 1, 0, 0, 0, 0, 0, 0, 1, 1, 0, 0, 0, 0, 1, 1, 0, 0, 1, 0, 1, 0, 1, 1, 0, 0, 0, 0, 0, 0, 0, 1, 0, 0, 0, 0, 0, 0, 0, 0, 1, 0, 0, 0, 0, 0, 1, 0, 0, 1, 0, 1, 0, 0, 1, 0, 0, 0, 0, 0, 1, 0, 0, 1, 1, 0, 0, 0, 0, 0, 0, 1, 1, 0, 1, 0, 0, 1, 1, 1, 0, 0, 1, 1, 0, 0, 0, 0, 0, 0, 0, 0, 0, 1, 1, 1, 0, 1, 0, 0, 0, 1, 0, 0, 0, 0, 0, 0, 0, 0, 0, 1, 0, 1, 0, 0, 1, 0, 0, 0, 1, 1, 1, 0, 0, 0, 0, 0, 0, 1, 1, 0, 1, 0, 0, 0, 0, 0, 1, 1, 0, 1, 0, 1, 0, 0, 0, 0, 0, 0, 0, 0, 0, 0, 0, 0, 0, 0, 0, 0, 0, 1, 0, 1, 0, 0, 1, 1, 1, 0, 0, 1, 0, 0, 1, 1, 0, 0, 1, 0, 1, 1, 0, 0, 0, 0, 1, 1, 0, 1, 0, 0, 1, 0, 0, 0, 0, 0, 0, 0, 0, 0, 0, 1, 0, 1, 0, 0, 0, 1, 0, 1, 0, 0, 0, 1, 0, 0, 0, 0, 0, 0, 0, 0, 0, 0, 0, 0, 1, 0, 0, 1, 1, 1, 0, 0, 0, 1, 0, 0, 0, 1, 0, 1, 1, 0, 0, 0, 0, 1, 0, 0, 0, 0, 0, 0, 0, 1, 1, 1, 1, 0, 0, 0, 1, 1, 0, 0, 0, 0, 0, 0, 0, 0, 0, 0, 0, 1, 0, 1], "n": {"train": 3400, "val": 600, "test": 586, "toxic_frac": 0.23911764705882352}}