{"model": "xlm-roberta-base", "dataset": "dravidian_tamil", "train_config": "hardneg", "seed": 7, "thr_cal": 0.5545224040746682, "metrics_05": {"macro": 0.6850589581571223, "toxf1": 0.5821782178217821, "prec": 0.44410876132930516, "rec": 0.8448275862068966, "prauc": 0.5854949004789751, "ece": 0.2038265778000156, "covert": 0.7361419068736141}, "metrics_cal": {"macro": 0.6930047425474255, "toxf1": 0.5873983739837398, "prec": 0.45440251572327045, "rec": 0.8304597701149425, "prauc": 0.5854949004789751, "ece": 0.2038265778000156, "covert": 0.7309417040358744}, "probs": [0.10577, 0.00611, 0.03155, 0.02495, 0.91757, 0.02513, 0.04721, 0.01074, 0.01943, 0.03469, 0.01648, 0.82595, 0.00907, 0.00826, 0.32518, 0.22906, 0.94691, 0.566, 0.00293, 0.84815, 0.7949, 0.28183, 0.11636, 0.16115, 0.04326, 0.61787, 0.9535, 0.01637, 0.05638, 0.06282, 0.03464, 0.71147, 0.03809, 0.41553, 0.1069, 0.93034, 0.17087, 0.8223, 0.01302, 0.87488, 0.89969, 0.03618, 0.49827, 0.83877, 0.66441, 0.92602, 0.01157, 0.17919, 0.45509, 0.01776, 0.01531, 0.79062, 0.10346, 0.0869, 0.09132, 0.89554, 0.81502, 0.89435, 0.90722, 0.16281, 0.03075, 0.02503, 0.6514, 0.27142, 0.02852, 0.02256, 0.12733, 0.23262, 0.93361, 0.75346, 0.88205, 0.46685, 0.02289, 0.05727, 0.85262, 0.87517, 0.91073, 0.88427, 0.02748, 0.047, 0.86079, 0.69573, 0.44583, 0.00619, 0.13034, 0.00544, 0.74863, 0.20812, 0.03108, 0.84862, 0.00495, 0.89675, 0.30521, 0.92203, 0.75195, 0.48225, 0.08086, 0.02642, 0.07624, 0.02829, 0.75377, 0.0112, 0.05862, 0.04214, 0.80304, 0.59839, 0.205, 0.44743, 0.00972, 0.75906, 0.74878, 0.17677, 0.87769, 0.20499, 0.72326, 0.17874, 0.05079, 0.21152, 0.02342, 0.01148, 0.16273, 0.01177, 0.03398, 0.15378, 0.86559, 0.04573, 0.85102, 0.16819, 0.01224, 0.07864, 0.23289, 0.3286, 0.52985, 0.4749, 0.86723, 0.88919, 0.10383, 0.0168, 0.01407, 0.89735, 0.88057, 0.04203, 0.85576, 0.96799, 0.24579, 0.87316, 0.01047, 0.48329, 0.48498, 0.16887, 0.83014, 0.11208, 0.65914, 0.41969, 0.89258, 0.03322, 0.01384, 0.75582, 0.01679, 0.435, 0.0625, 0.9284, 0.2921, 0.9629, 0.01289, 0.22073, 0.8185, 0.9031, 0.8, 0.21417, 0.90966, 0.88985, 0.56036, 0.68387, 0.35084, 0.21049, 0.82331, 0.23302, 0.02438, 0.68788, 0.49061, 0.71304, 0.80526, 0.93981, 0.01281, 0.01557, 0.88343, 0.08154, 0.01303, 0.06039, 0.04635, 0.16889, 0.82846, 0.11408, 0.01167, 0.37373, 0.04711, 0.8966, 0.01939, 0.00365, 0.22916, 0.96044, 0.92867, 0.02952, 0.05689, 0.0215, 0.82108, 0.04135, 0.24608, 0.85995, 0.69924, 0.05141, 0.59226, 0.04752, 0.00988, 0.89844, 0.02973, 0.01985, 0.06143, 0.02359, 0.03205, 0.01414, 0.01607, 0.95559, 0.04062, 0.94148, 0.9609, 0.47843, 0.01792, 0.46595, 0.61382, 0.14012, 0.08417, 0.97544, 0.83311, 0.04075, 0.53657, 0.00556, 0.80903, 0.37392, 0.9702, 0.28099, 0.03529, 0.78181, 0.50751, 0.81533, 0.45186, 0.91166, 0.35998, 0.61975, 0.07339, 0.08162, 0.34382, 0.06781, 0.9229, 0.51467, 0.01308, 0.92918, 0.20205, 0.05563, 0.89492, 0.94057, 0.10853, 0.42624, 0.86614, 0.06618, 0.52235, 0.18187, 0.80969, 0.21928, 0.23413, 0.94265, 0.96331, 0.02109, 0.15387, 0.00327, 0.88153, 0.55968, 0.07169, 0.10248, 0.08657, 0.01114, 0.02328, 0.04724, 0.01844, 0.04627, 0.16438, 0.38492, 0.88748, 0.80062, 0.15125, 0.00579, 0.07894, 0.95625, 0.67129, 0.15942, 0.46499, 0.83432, 0.93697, 0.0427, 0.01259, 0.16359, 0.45879, 0.95269, 0.82452, 0.17577, 0.43838, 0.36721, 0.65202, 0.07975, 0.16873, 0.97682, 0.65429, 0.4522, 0.31562, 0.94948, 0.6873, 0.21791, 0.19829, 0.08711, 0.01998, 0.56096, 0.9308, 0.43882, 0.354, 0.93159, 0.96005, 0.72164, 0.27205, 0.00672, 0.45068, 0.88165, 0.10919, 0.86254, 0.00984, 0.02902, 0.17716, 0.79978, 0.09201, 0.10291, 0.00622, 0.00776, 0.12883, 0.30874, 0.11997, 0.28589, 0.74494, 0.11469, 0.11301, 0.74277, 0.89293, 0.81605, 0.88035, 0.90995, 0.75354, 0.84715, 0.15195, 0.7925, 0.03764, 0.78595, 0.65255, 0.67874, 0.02358, 0.0985, 0.79527, 0.89495, 0.02216, 0.9535, 0.00813, 0.93393, 0.01352, 0.40159, 0.90031, 0.64393, 0.03292, 0.16422, 0.05889, 0.9211, 0.94257, 0.07307, 0.59777, 0.02699, 0.29046, 0.64996, 0.80095, 0.72713, 0.82938, 0.74175, 0.01336, 0.48939, 0.3466, 0.07716, 0.00735, 0.13281, 0.02857, 0.91329, 0.86584, 0.90239, 0.13353, 0.02534, 0.68811, 0.17003, 0.08347, 0.28598, 0.00731, 0.00567, 0.16905, 0.94377, 0.02573, 0.96476, 0.97082, 0.39313, 0.02034, 0.8537, 0.73071, 0.89903, 0.10215, 0.68345, 0.86461, 0.92326, 0.89786, 0.15646, 0.04781, 0.7918, 0.88591, 0.0188, 0.04893, 0.01695, 0.92655, 0.2654, 0.04339, 0.85453, 0.88365, 0.887, 0.32954, 0.03716, 0.15948, 0.52889, 0.1037, 0.05698, 0.94942, 0.04503, 0.97378, 0.93587, 0.3106, 0.88374, 0.61488, 0.02809, 0.91796, 0.31141, 0.04265, 0.76263, 0.23961, 0.02636, 0.03221, 0.85143, 0.6286, 0.8567, 0.04961, 0.25997, 0.01127, 0.01879, 0.04038, 0.01737, 0.01536, 0.94786, 0.02341, 0.2712, 0.943, 0.13895, 0.10102, 0.02103, 0.46719, 0.2722, 0.37952, 0.2602, 0.04493, 0.91968, 0.91233, 0.84381, 0.42342, 0.22833, 0.42812, 0.87218, 0.04389, 0.96037, 0.96491, 0.24451, 0.01187, 0.78664, 0.08448, 0.94846, 0.20827, 0.03541, 0.97812, 0.49868, 0.54265, 0.01219, 0.2571, 0.94361, 0.3879, 0.92664, 0.85006, 0.24406, 0.70104, 0.1602, 0.05148, 0.01217, 0.92417, 0.13047, 0.00804, 0.11403, 0.0832, 0.15771, 0.04011, 0.91368, 0.63176, 0.19094, 0.83792, 0.86911, 0.93957, 0.41909, 0.0506, 0.69111, 0.88158, 0.25505, 0.10981, 0.77482, 0.63366, 0.83946, 0.11445, 0.12182, 0.9451, 0.91254, 0.73971, 0.01588, 0.16277, 0.00847, 0.00583, 0.68024, 0.5443, 0.22717, 0.12515, 0.07342, 0.8305, 0.9314, 0.03255, 0.9109, 0.00924, 0.01649, 0.04009, 0.01969, 0.20105, 0.85599, 0.73552, 0.72793, 0.915, 0.93436, 0.87617, 0.92378, 0.9125, 0.24423, 0.62889, 0.54251, 0.03628, 0.84706, 0.96747, 0.95649, 0.01017, 0.93496, 0.06384, 0.13753, 0.01277, 0.01268, 0.80556, 0.64073, 0.42773, 0.65557, 0.81773, 0.04902, 0.90651, 0.63237, 0.08829, 0.90428, 0.02844, 0.05508, 0.19108, 0.33114, 0.96539, 0.93245, 0.01862, 0.91242, 0.90161, 0.9364, 0.06366, 0.0098, 0.03641, 0.03234, 0.03802, 0.73978, 0.05771, 0.92628, 0.95249, 0.14669, 0.01111, 0.42607, 0.3334, 0.38628, 0.90367, 0.77621, 0.64923, 0.88452, 0.60201, 0.11841, 0.72383, 0.08714, 0.67816, 0.03747, 0.30897, 0.93034, 0.02599, 0.02567, 0.95765, 0.28656, 0.51933, 0.13734, 0.00813, 0.01096, 0.91244, 0.3798, 0.13914, 0.56253, 0.13821, 0.80729, 0.59781, 0.85853, 0.84664, 0.00562, 0.86258, 0.01771, 0.02261, 0.32744, 0.94718, 0.83011, 0.18177, 0.01495, 0.65668, 0.89747, 0.84523, 0.9406, 0.04198, 0.69481, 0.91921, 0.61054, 0.58897, 0.02782, 0.0074, 0.90149, 0.95136, 0.54022, 0.78132, 0.07673, 0.30422, 0.00751, 0.56839, 0.40961, 0.37545, 0.05816, 0.75894, 0.12805, 0.91568, 0.05145, 0.57249, 0.27013, 0.05206, 0.15716, 0.08099, 0.74418, 0.30725, 0.96147, 0.29824, 0.81455, 0.91031, 0.08856, 0.50368, 0.03569, 0.04913, 0.94489, 0.04566, 0.53551, 0.06802, 0.12182, 0.55029, 0.17435, 0.90942, 0.25329, 0.07756, 0.39091, 0.03028, 0.77768, 0.35341, 0.06254, 0.71005, 0.93128, 0.05143, 0.6664, 0.27491, 0.78104, 0.04698, 0.01754, 0.19546, 0.02658, 0.35997, 0.01096, 0.92278, 0.79153, 0.90093, 0.01513, 0.9644, 0.01644, 0.96261, 0.80966, 0.33259, 0.24752, 0.25625, 0.01649, 0.14623, 0.73061, 0.61487, 0.78424, 0.00574, 0.13885, 0.70403, 0.25205, 0.93868, 0.02167, 0.54625, 0.04114, 0.25539, 0.01057, 0.01649, 0.00881, 0.97647, 0.88742, 0.28923, 0.24991, 0.01513, 0.11583, 0.69174, 0.89536, 0.45858, 0.01337, 0.83393, 0.04497, 0.55764, 0.00979, 0.64159, 0.33326, 0.01779, 0.10012, 0.18086, 0.85054, 0.06257, 0.029, 0.15751, 0.07327, 0.94336, 0.24553, 0.95505, 0.35866, 0.92788, 0.01819, 0.05746, 0.15678, 0.29716, 0.6084, 0.20081, 0.88039, 0.02593, 0.00819, 0.85886, 0.63091, 0.83427, 0.63668, 0.21968, 0.12017, 0.16406, 0.03, 0.68832, 0.95418, 0.15045, 0.76314, 0.93898, 0.0101, 0.01855, 0.90641, 0.64861, 0.07838, 0.22552, 0.91594, 0.01966, 0.72191, 0.01262, 0.60958, 0.77282, 0.75372, 0.22374, 0.84837, 0.87215, 0.20515, 0.72141, 0.72999, 0.93138, 0.54471, 0.03529, 0.04104, 0.10542, 0.08269, 0.01972, 0.90178, 0.93575, 0.95954, 0.77081, 0.42042, 0.94616, 0.61497, 0.08185, 0.03951, 0.95518, 0.17617, 0.09823, 0.07685, 0.87551, 0.65574, 0.88892, 