{"model": "xlm-roberta-base", "dataset": "dravidian_tamil", "train_config": "supcon", "seed": 2024, "thr_cal": 0.5856653749942773, "metrics_05": {"macro": 0.6052449328223832, "toxf1": 0.5289256198347108, "prec": 0.37122969837587005, "rec": 0.9195402298850575, "prauc": 0.5863256574898503, "ece": 0.3032240713040034, "covert": 0.7193347193347194}, "metrics_cal": {"macro": 0.6726524504302283, "toxf1": 0.5757575757575758, "prec": 0.4293785310734463, "rec": 0.8735632183908046, "prauc": 0.5863256574898503, "ece": 0.3032240713040034, "covert": 0.73568281938326}, "probs": [0.45601, 0.04641, 0.23422, 0.19946, 0.8105, 0.4576, 0.39836, 0.21385, 0.20133, 0.22948, 0.19785, 0.6183, 0.08833, 0.18427, 0.45994, 0.21587, 0.87478, 0.67584, 0.1174, 0.60628, 0.62516, 0.41534, 0.41865, 0.48997, 0.18633, 0.71559, 0.86238, 0.35205, 0.46652, 0.31405, 0.19727, 0.50958, 0.33331, 0.381, 0.61827, 0.81012, 0.62322, 0.70745, 0.06016, 0.74684, 0.77401, 0.35842, 0.6332, 0.67955, 0.70313, 0.8584, 0.1704, 0.50586, 0.49004, 0.2437, 0.2437, 0.76383, 0.54579, 0.36731, 0.33742, 0.81942, 0.66504, 0.87314, 0.82104, 0.55983, 0.33461, 0.17081, 0.68424, 0.64156, 0.40074, 0.18032, 0.48776, 0.54852, 0.83362, 0.70849, 0.81972, 0.60303, 0.1937, 0.25547, 0.81682, 0.73294, 0.86367, 0.80696, 0.22334, 0.30794, 0.77522, 0.71557, 0.63738, 0.08455, 0.63305, 0.09464, 0.60272, 0.38432, 0.21368, 0.79173, 0.1222, 0.78925, 0.32196, 0.76562, 0.57177, 0.51078, 0.46731, 0.20836, 0.43999, 0.26264, 0.77937, 0.0565, 0.2606, 0.40971, 0.73568, 0.74857, 0.50744, 0.43956, 0.13679, 0.7458, 0.7385, 0.55618, 0.76283, 0.53155, 0.74229, 0.46488, 0.30451, 0.61035, 0.28871, 0.0867, 0.48489, 0.16717, 0.17984, 0.4367, 0.74954, 0.46445, 0.86096, 0.43549, 0.38746, 0.22714, 0.5493, 0.6206, 0.78369, 0.44388, 0.86796, 0.80294, 0.432, 0.19017, 0.32875, 0.82506, 0.82569, 0.30609, 0.67494, 0.88178, 0.49648, 0.72093, 0.07107, 0.46205, 0.72064, 0.71889, 0.72617, 0.28502, 0.79406, 0.58438, 0.75489, 0.23698, 0.11284, 0.71506, 0.28398, 0.65819, 0.21396, 0.86669, 0.59469, 0.89736, 0.23227, 0.24564, 0.63907, 0.78538, 0.74548, 0.54186, 0.84783, 0.81492, 0.6213, 0.53388, 0.45858, 0.30835, 0.67638, 0.4977, 0.12391, 0.7435, 0.58435, 0.74728, 0.71103, 0.86975, 0.14621, 0.18835, 0.75012, 0.47101, 0.06223, 0.27008, 0.22951, 0.48227, 0.67245, 0.45359, 0.06994, 0.58889, 0.26543, 0.86601, 0.26626, 0.09202, 0.55007, 0.91065, 0.83382, 0.2405, 0.41977, 0.33212, 0.75809, 0.34268, 0.5284, 0.79951, 0.72233, 0.21512, 0.5739, 0.31903, 0.1331, 0.86441, 0.22994, 0.15351, 0.50917, 0.13827, 0.3658, 0.18885, 0.33938, 0.88237, 0.53071, 0.88325, 0.842, 0.61835, 0.10437, 0.45217, 0.55237, 0.24532, 0.41636, 0.87447, 0.79788, 0.29362, 0.66114, 0.05118, 0.79744, 0.46623, 0.89341, 0.47744, 0.24866, 0.69801, 0.68518, 0.71414, 0.62274, 0.80292, 0.59711, 0.64214, 0.35794, 0.34778, 0.52284, 0.4386, 0.8639, 0.6272, 0.08922, 0.83289, 0.62504, 0.27877, 0.833, 0.85547, 0.27503, 0.56126, 0.7919, 0.65909, 0.59828, 0.6082, 0.81384, 0.45128, 0.64961, 0.88985, 0.82624, 0.15164, 0.51182, 0.18491, 0.77402, 0.61407, 0.49279, 0.40556, 0.16293, 0.22748, 0.3391, 0.3918, 0.14141, 0.22228, 0.50108, 0.77767, 0.77439, 0.80435, 0.41343, 0.02354, 0.16839, 0.86843, 0.55989, 0.43062, 0.4664, 0.73849, 0.8744, 0.50613, 0.0634, 0.3199, 0.48012, 0.85776, 0.7744, 0.50467, 0.62254, 0.54115, 0.64022, 0.46703, 0.30044, 0.89193, 0.59922, 0.62976, 0.36584, 0.858, 0.72761, 0.52629, 0.54953, 0.42488, 0.24768, 0.5474, 0.81981, 0.53638, 0.46178, 0.82637, 0.8681, 0.75952, 0.54983, 0.08763, 0.49051, 0.84338, 0.34361, 0.79515, 0.19315, 0.26125, 0.39903, 0.66336, 0.22631, 0.53108, 0.13163, 0.04325, 0.49398, 0.67606, 0.5093, 0.58217, 0.84136, 0.31578, 0.53713, 0.6175, 0.83655, 0.71827, 0.52074, 0.82158, 0.77402, 0.69993, 0.42997, 0.73559, 0.38216, 0.65948, 0.63996, 0.73434, 0.25664, 0.50691, 0.69695, 0.69967, 0.1957, 0.89901, 0.05788, 0.82059, 0.30571, 0.73448, 0.83678, 0.51432, 0.31719, 0.42626, 0.5111, 0.79876, 0.88153, 0.48098, 0.58828, 0.32163, 0.34127, 0.69546, 0.69739, 0.61899, 0.77635, 0.73208, 0.17196, 0.59158, 0.53109, 0.26635, 0.29068, 0.39756, 0.19211, 0.80096, 0.74576, 0.75113, 0.42035, 0.20637, 0.76789, 0.58375, 0.20492, 0.56912, 0.08584, 0.22973, 0.49506, 0.83585, 0.17471, 0.90541, 0.89188, 0.26061, 0.21015, 0.83106, 0.66126, 0.80418, 0.43503, 0.59626, 0.84014, 0.80424, 0.8519, 0.46094, 0.38446, 0.68962, 0.80442, 0.11042, 0.3073, 0.38365, 0.79527, 0.53417, 0.26661, 0.71759, 0.78207, 0.82148, 0.41222, 0.26657, 0.52364, 0.72345, 0.57214, 0.28678, 0.82867, 0.40274, 0.89132, 0.86408, 0.40424, 0.81046, 0.75517, 0.19784, 0.7826, 0.62985, 0.30414, 0.67288, 0.35176, 0.4431, 0.33114, 0.75175, 0.68296, 0.82746, 0.46412, 0.56071, 0.06255, 0.11724, 0.60427, 0.10686, 0.07668, 0.85768, 0.15719, 0.49683, 0.83621, 0.42147, 0.19309, 0.35787, 0.60899, 0.57016, 0.5713, 0.51818, 0.22007, 0.79552, 0.85214, 0.79495, 0.65695, 0.42121, 0.65036, 0.8018, 0.40081, 0.87994, 0.88008, 0.32387, 0.10224, 0.62865, 0.40279, 0.88156, 0.59614, 0.36222, 0.87081, 0.76712, 0.67931, 0.1066, 0.35763, 0.83671, 0.63958, 0.86634, 0.75484, 0.65465, 0.77415, 0.46346, 0.50584, 0.13679, 0.80203, 0.31723, 0.05805, 0.45467, 0.4927, 0.58202, 0.24625, 0.79661, 0.71537, 0.56192, 0.78354, 0.69277, 0.84074, 0.51718, 0.3455, 0.63758, 0.82716, 0.52306, 0.39136, 0.60067, 0.47398, 0.75696, 0.42992, 0.36536, 0.85802, 0.85815, 0.7317, 0.23613, 0.47124, 0.12613, 0.05681, 0.70612, 0.63746, 0.6356, 0.30184, 0.31659, 0.76713, 0.87074, 0.17856, 0.74404, 0.2352, 0.31798, 0.2441, 0.37519, 0.47991, 0.55451, 0.48414, 0.7456, 0.84117, 0.88844, 0.76343, 0.7904, 0.76124, 0.62108, 0.7394, 0.56101, 0.20423, 0.7516, 0.86864, 0.88674, 0.21478, 0.88677, 0.12897, 0.70171, 0.15886, 0.14672, 0.77428, 0.70723, 0.5944, 0.60044, 0.80363, 0.26133, 0.76689, 0.48776, 0.19694, 0.64573, 0.38977, 0.44952, 0.54284, 0.3863, 0.87624, 0.78956, 0.08744, 0.88478, 0.85781, 0.83069, 0.39228, 0.20192, 0.09621, 0.46855, 0.19048, 0.66922, 0.30679, 0.78557, 0.87264, 0.27744, 0.17113, 0.6858, 0.47964, 0.54096, 0.68239, 0.75909, 0.66979, 0.76893, 0.75035, 0.52189, 0.76278, 0.4289, 0.76291, 0.2209, 0.45814, 0.83453, 0.27899, 0.26604, 0.86653, 0.49229, 0.76909, 0.40031, 0.10798, 0.06326, 0.74358, 0.59372, 0.58453, 0.61329, 0.46549, 0.80839, 0.39177, 0.75054, 0.81937, 0.07412, 0.85793, 0.40576, 0.21297, 0.62597, 0.8299, 0.75038, 0.45898, 0.37559, 0.5707, 0.81166, 0.8408, 0.88668, 0.12892, 0.67979, 0.81906, 0.62475, 0.71646, 0.31007, 0.05726, 0.81965, 0.83917, 0.63283, 0.71571, 0.37178, 0.53085, 0.03849, 0.6946, 0.59729, 0.59134, 0.46125, 0.68537, 0.36596, 0.82196, 0.28179, 0.6781, 0.60025, 0.20488, 0.52065, 0.40717, 0.67577, 0.52319, 0.87427, 0.67583, 0.82948, 0.82853, 0.22717, 0.68105, 0.35408, 0.36368, 0.78677, 0.4481, 0.71117, 0.23066, 0.50081, 0.75175, 0.57536, 0.8052, 0.42052, 0.18751, 0.46272, 0.31623, 0.71134, 0.54, 0.18101, 0.72902, 0.80336, 0.39709, 0.64809, 0.62009, 0.75853, 0.19582, 0.15354, 0.41557, 0.26864, 0.568, 0.08247, 0.854, 0.73988, 0.8749, 0.10189, 0.88385, 0.25617, 0.86488, 0.72217, 0.60016, 0.36435, 0.56965, 0.12059, 0.3913, 0.45751, 0.57443, 0.6031, 0.03411, 0.46398, 0.63322, 0.35337, 0.85189, 0.16641, 0.62674, 0.27426, 0.56373, 0.20217, 0.1445, 0.11535, 0.87184, 0.84404, 0.58847, 0.62424, 0.16927, 0.25936, 0.76206, 0.82535, 0.69902, 0.1735, 0.79948, 0.39325, 0.49039, 0.09159, 0.67787, 0.46058, 0.09219, 0.44568, 0.54699, 0.73413, 0.29367, 0.38467, 0.54919, 0.32758, 0.85452, 0.51266, 0.88705, 0.42835, 0.72273, 0.09207, 0.20834, 0.48282, 0.47208, 0.60114, 0.57851, 0.77728, 0.46268, 0.1373, 0.77941, 0.70684, 0.79907, 0.70825, 0.55747, 0.53716, 0.61017, 0.23433, 0.50487, 0.76874, 0.35036, 0.72742, 0.87414, 0.07709, 0.31071, 0.82657, 0.74293, 0.32442, 0.37235, 0.79881, 0.26189, 0.64337, 0.2556, 0.75935, 0.61018, 0.76417, 0.57208, 0.82404, 0.72807, 0.54851, 0.49338, 0.45365, 0.76386, 0.65323, 0.25163, 0.20763, 0.34021, 0.33557, 0.16173, 0.73637, 0.80166, 0.88196, 0.70873, 0.58513, 0.83835, 0.61796, 0.26573, 0.42334, 0.85914, 0.50181, 0.34841, 0.44074, 0.75263, 0.7358, 0.84347, 0.42188, 