{"model": "xlm-roberta-base", "dataset": "dravidian_malayalam", "train_config": "ce", "seed": 7, "thr_cal": 0.6656348645687101, "metrics_05": {"macro": 0.5123263713718764, "toxf1": 0.12121212121212122, "prec": 0.072, "rec": 0.3829787234042553, "prauc": 0.07388947790262906, "ece": 0.36424163530270254, "covert": 0.14634146341463414}, "metrics_cal": {"macro": 0.5240105845359824, "toxf1": 0.09022556390977443, "prec": 0.06976744186046512, "rec": 0.1276595744680851, "prauc": 0.07388947790262906, "ece": 0.36424163530270254, "covert": 0.03571428571428571}, "probs": [0.34385, 0.30059, 0.39508, 0.4917, 0.30576, 0.36809, 0.26158, 0.39699, 0.43172, 0.27611, 0.29686, 0.31413, 0.54549, 0.26848, 0.30293, 0.30546, 0.46658, 0.356, 0.30662, 0.33002, 0.61997, 0.27298, 0.62365, 0.27167, 0.27807, 0.24667, 0.32841, 0.30562, 0.27072, 0.53474, 0.54384, 0.33481, 0.33605, 0.25809, 0.46646, 0.37037, 0.40521, 0.29686, 0.25812, 0.26093, 0.29907, 0.28269, 0.28524, 0.32235, 0.65787, 0.25553, 0.34233, 0.4466, 0.34762, 0.35602, 0.27743, 0.37754, 0.41421, 0.80933, 0.27006, 0.2845, 0.2571, 0.30067, 0.31235, 0.38824, 0.40368, 0.3041, 0.43225, 0.41074, 0.42008, 0.30538, 0.28174, 0.41199, 0.28042, 0.45294, 0.50669, 0.30286, 0.28534, 0.27709, 0.61635, 0.29949, 0.25832, 0.38246, 0.29166, 0.36443, 0.59075, 0.26186, 0.266, 0.26929, 0.27459, 0.363, 0.37795, 0.30091, 0.36387, 0.30863, 0.2798, 0.47576, 0.28582, 0.55376, 0.40747, 0.36347, 0.27542, 0.26285, 0.39717, 0.38974, 0.35613, 0.25667, 0.38332, 0.29397, 0.33145, 0.35702, 0.26567, 0.37299, 0.76557, 0.34589, 0.34342, 0.39769, 0.2703, 0.34486, 0.52759, 0.41099, 0.51283, 0.25809, 0.28572, 0.36732, 0.76697, 0.33461, 0.43858, 0.26763, 0.53986, 0.42827, 0.72544, 0.4084, 0.54724, 0.28398, 0.53041, 0.38968, 0.30525, 0.39807, 0.40696, 0.4363, 0.26561, 0.28291, 0.41671, 0.40408, 0.36415, 0.32565, 0.31435, 0.30653, 0.31916, 0.27226, 0.34444, 0.26378, 0.25901, 0.53098, 0.39079, 0.25264, 0.31836, 0.26516, 0.7505, 0.92579, 0.27804, 0.40255, 0.31486, 0.32369, 0.28232, 0.44582, 0.33925, 0.67705, 0.29628, 0.31553, 0.27265, 0.2916, 0.45307, 0.27163, 0.35878, 0.31013, 0.45666, 0.57475, 0.2788, 0.31631, 0.65442, 0.54426, 0.29929, 0.5618, 0.34243, 0.32725, 0.9145, 0.39573, 0.86283, 0.41099, 0.28081, 0.29618, 0.50358, 0.56001, 0.56824, 0.41385, 0.35117, 0.28047, 0.32708, 0.58896, 0.38119, 0.66589, 0.71214, 0.38647, 0.2739, 0.38756, 0.44291, 0.47729, 0.31295, 0.35122, 0.28022, 0.37658, 0.40415, 0.27874, 0.4276, 0.29763, 0.30195, 0.44432, 0.31847, 0.33059, 0.6102, 0.35653, 0.23873, 0.3021, 0.28328, 0.37863, 0.27776, 0.30586, 0.27164, 0.27854, 0.84097, 0.31933, 0.37535, 0.54387, 0.39702, 0.39332, 0.40354, 0.25553, 0.36031, 0.54142, 0.35683, 0.40502, 0.39227, 0.31195, 0.45697, 0.26714, 0.29619, 0.52956, 0.28038, 0.91548, 0.88667, 0.26116, 0.56903, 0.26372, 0.28387, 0.41655, 0.44659, 0.27124, 0.3027, 0.25576, 0.32084, 0.37083, 0.38961, 0.26748, 0.27509, 0.40348, 0.41714, 0.58067, 0.54218, 0.29644, 0.29294, 0.42821, 0.58737, 0.36274, 0.50052, 0.62565, 0.26628, 0.45527, 0.46155, 0.34699, 0.42061, 0.27078, 0.30858, 0.27164, 0.33341, 0.40486, 0.40579, 0.31621, 0.2632, 0.2765, 0.37943, 0.38747, 0.3133, 0.3415, 0.63672, 0.69017, 0.29297, 0.35805, 0.3909, 0.84393, 0.69193, 0.66822, 0.33093, 0.56465, 0.35865, 0.28721, 0.30582, 0.44306, 0.49358, 0.32868, 0.3062, 0.44307, 0.28117, 0.4428, 0.37883, 0.30331, 0.42959, 0.70568, 0.66876, 0.33967, 0.28206, 0.66135, 0.28346, 0.59823, 0.45291, 0.3642, 0.28545, 0.52377, 0.27194, 0.35785, 0.26186, 0.30273, 0.46792, 0.54419, 0.64647, 0.52484, 0.37209, 0.48821, 0.27718, 0.26812, 0.41066, 0.58219, 0.32226, 0.41777, 0.30019, 0.28578, 0.9051, 0.58643, 0.28087, 0.2785, 0.37147, 0.27163, 0.29275, 0.27327, 0.34401, 0.34426, 0.38351, 0.29055, 0.39565, 0.55785, 0.40694, 0.29125, 0.34504, 0.58105, 0.40748, 0.40473, 0.25864, 0.72394, 0.3665, 0.34303, 0.47541, 0.29327, 0.39386, 0.35702, 0.50903, 0.27299, 0.86338, 0.28912, 0.31473, 0.64647, 0.31612, 0.25593, 0.34439, 0.59105, 0.30016, 0.29082, 0.29735, 0.4123, 0.37468, 0.48211, 0.25217, 0.48425, 0.39094, 0.4214, 0.3889, 0.25675, 0.37006, 0.46868, 0.39593, 0.38194, 0.57672, 0.27276, 0.26871, 0.45493, 0.46158, 0.31603, 0.65337, 0.31225, 0.46465, 0.30544, 0.39666, 0.63158, 0.35916, 0.25953, 0.30043, 0.27448, 0.54771, 0.42988, 0.41697, 0.3342, 0.28212, 0.4536, 0.32319, 0.85384, 0.70923, 0.37781, 0.32402, 0.43205, 0.37512, 0.78673, 0.27189, 0.31421, 0.31611, 0.37482, 0.33711, 0.4061, 0.31588, 0.27984, 0.43374, 0.56682, 0.42507, 0.56036, 0.26775, 0.2712, 0.36454, 0.35137, 0.29044, 0.26852, 0.36088, 0.30981, 0.34907, 0.34475, 0.29645, 0.26078, 0.47778, 0.37134, 0.25939, 0.36953, 0.47526, 0.36489, 0.25809, 0.36191, 0.54979, 0.71773, 0.26836, 0.37492, 0.25389, 0.2927, 0.26356, 0.38799, 0.29351, 0.30647, 0.33497, 0.46978, 0.54142, 0.47613, 0.57069, 0.30171, 0.4883, 0.48732, 0.38563, 0.43678, 0.89139, 0.37322, 0.38124, 0.58662, 0.36734, 0.42282, 0.85148, 0.27855, 0.46261, 0.58747, 0.28006, 0.82325, 0.4435, 0.93019, 0.36732, 0.26714, 0.33491, 0.288, 0.31023, 0.29303, 0.47496, 0.46698, 0.60108, 0.26993, 0.26357, 0.9344, 0.28967, 0.25973, 0.6081, 0.26943, 0.38733, 0.32473, 0.3391, 0.42437, 0.36327, 0.38824, 0.27556, 0.42245, 0.2951, 0.62078, 0.39726, 0.35269, 0.25632, 0.44172, 0.28614, 0.26951, 0.27438, 0.42162, 0.82973, 0.39374, 0.26286, 0.32612, 0.30874, 0.47544, 0.37494, 0.52875, 0.4016, 0.46444, 0.37597, 0.29594, 0.31403, 0.30396, 0.26663, 0.87529, 0.50327, 0.27757, 0.56427, 0.43181, 0.29177, 0.72765, 0.27873, 0.26705, 0.30493, 0.39898, 0.27771, 0.32421, 0.70879, 0.27716, 0.53265, 0.30703, 0.29812, 0.37888, 0.64585, 0.37146, 0.57595, 0.41421, 0.62871, 0.39128, 0.38357, 0.28733, 0.57938, 0.66546, 0.31536, 0.3798, 0.25865, 0.34799, 0.32076, 0.40212, 0.25568, 0.3865, 0.50764, 0.46084, 0.52873, 0.26101, 0.44553, 0.5047, 0.33282, 0.49449, 0.2719, 0.4382, 0.56318, 0.38168, 0.39775, 0.33485, 0.44152, 0.33011, 0.47644, 0.25566, 0.40806, 0.44037, 0.35623, 0.40348, 0.41472, 0.30947, 0.40298, 0.40657, 0.48339, 0.47987, 0.78133, 0.599, 0.45416, 0.53147, 0.33112, 0.35598, 0.37871, 0.46915, 0.42533, 0.43601, 0.39913, 0.36478, 0.32515, 0.43067, 0.27807, 0.43497, 0.71773, 0.597, 0.43563, 0.35282, 0.84452, 0.28375, 0.24924, 0.33792, 0.32361, 0.64049, 0.25242, 0.85385, 0.42191, 0.45347, 0.35108, 0.40699, 0.27114, 0.28958, 0.35516, 0.31422, 0.44144, 0.26241, 0.32797, 0.88673, 0.5038, 0.30436, 0.8454, 0.42145, 0.38154, 0.35757, 0.35254, 0.79803, 0.3835, 0.38943, 0.90036, 0.52882, 0.3005, 0.30898, 0.64617, 0.54801, 0.26285, 0.27732, 0.26616, 0.40845, 0.35457, 0.46626, 0.46848, 0.31515, 0.27747, 0.27962, 0.6273, 0.35927, 0.32402, 0.4625, 0.67847, 0.4086, 0.2624, 0.34587, 0.27665, 0.29208, 0.26995, 0.48909, 0.43212, 0.37831, 0.35941, 0.53139, 0.49295, 0.35582, 0.33912, 0.4889, 0.59372, 0.3126, 0.28303, 0.43832, 0.36536, 0.82313, 0.39896, 0.62115, 0.48154, 0.27539, 0.5839, 0.38986, 0.32119, 0.3412, 0.39952, 0.37301, 0.66717, 0.4195, 0.41898, 0.25624, 0.26921, 0.39185, 0.40131, 0.6402, 0.27832, 0.4051, 0.3035, 0.2787, 0.43731, 0.26785, 0.60939, 0.28123, 0.44093, 0.42152, 0.34521, 0.53706, 0.39869, 0.31509, 0.32571, 0.39198, 0.30298, 0.59434, 0.31706, 0.28301, 0.37233, 0.38236, 0.42315, 0.39936, 0.42805, 0.68551, 0.39432, 0.3037, 0.40333, 0.63632, 0.39218, 0.3644, 0.3558, 0.28214, 0.27012, 0.34764, 0.28986, 0.3328, 0.27636, 0.29099, 0.35097, 0.39836, 0.2817, 0.2884, 0.36154, 0.35292, 0.28018, 0.58138, 0.29327, 0.25897, 0.54757, 0.53353, 0.33912, 0.26468, 0.61372, 0.56757, 0.40119, 0.26741, 0.43565, 0.90438, 0.31283, 0.2604, 0.58285, 0.73157, 0.45026, 0.28545, 0.39052, 0.45225, 0.3194, 0.4145, 0.2624, 0.31847, 0.34909, 0.34797, 0.52593, 0.45578, 0.63605, 0.32345, 0.27525, 0.82985, 0.24997, 0.34855, 0.26855, 0.29703, 0.40281, 0.27438, 0.29421, 0.86197, 0.32258, 0.44282, 0.64634, 0.49306, 0.6176, 0.42142, 0.29029, 0.33429, 0.31824, 0.30633, 0.28375, 0.66697, 0.30772, 0.46256, 0.3637, 0.27876, 0.58886, 0.4784, 0.32776, 0.27763, 0.29041, 0.26163, 0.28103, 0.34718, 0.33735, 0.36403, 0.28885, 0.39558, 0.2875, 0.29673, 0.34619, 0.30124, 