{"model": "xlm-roberta-base", "dataset": "dravidian_malayalam", "train_config": "supcon", "seed": 2024, "thr_cal": 0.6535525023937226, "metrics_05": {"macro": 0.5436063397228446, "toxf1": 0.18122977346278318, "prec": 0.10687022900763359, "rec": 0.5957446808510638, "prauc": 0.20343770167241734, "ece": 0.20962043354908627, "covert": 0.2831858407079646}, "metrics_cal": {"macro": 0.5905994352091763, "toxf1": 0.23469387755102042, "prec": 0.15436241610738255, "rec": 0.48936170212765956, "prauc": 0.20343770167241734, "ece": 0.20962043354908627, "covert": 0.3181818181818182}, "probs": [0.07985, 0.13744, 0.00737, 0.49683, 0.19249, 0.10793, 0.02553, 0.06391, 0.31647, 0.1194, 0.01392, 0.18874, 0.56292, 0.00474, 0.06194, 0.34303, 0.11898, 0.05951, 0.00778, 0.16925, 0.55587, 0.19979, 0.8308, 0.14733, 0.00396, 0.0001, 0.17728, 0.06267, 0.00214, 0.41438, 0.29465, 0.15345, 0.50996, 0.02932, 0.50588, 0.04998, 0.38012, 0.05948, 0.00091, 0.0029, 0.03189, 0.0031, 0.08167, 0.03577, 0.92262, 0.00072, 0.03879, 0.03678, 0.17975, 0.17006, 0.04424, 0.07014, 0.0471, 0.77088, 0.05977, 0.02524, 0.0195, 0.10174, 0.14284, 0.04675, 0.10859, 0.0032, 0.14059, 0.18774, 0.29116, 0.15801, 0.08343, 0.20575, 0.00606, 0.05442, 0.79505, 0.15831, 0.06397, 0.01063, 0.87837, 0.05487, 0.00733, 0.04456, 0.00875, 0.24392, 0.56284, 0.00198, 0.10821, 0.00563, 0.00264, 0.03189, 0.01436, 0.18227, 0.04084, 0.02183, 0.04016, 0.16934, 0.11267, 0.52733, 0.15956, 0.18992, 0.35395, 0.00164, 0.10957, 0.21995, 0.21609, 0.17602, 0.43157, 0.17919, 0.15114, 0.11713, 0.00062, 0.07545, 0.7337, 0.40968, 0.07164, 0.20084, 0.17054, 0.03581, 0.33191, 0.11342, 0.75901, 0.00131, 0.03119, 0.11526, 0.77185, 0.30598, 0.359, 0.1127, 0.59384, 0.17236, 0.48626, 0.11214, 0.48196, 0.11514, 0.46882, 0.31107, 0.65401, 0.62625, 0.16236, 0.27303, 0.03972, 0.40842, 0.21705, 0.13125, 0.23608, 0.13412, 0.08733, 0.04438, 0.0237, 0.0244, 0.01732, 0.0305, 0.00044, 0.27746, 0.23878, 0.00027, 0.06265, 0.06493, 0.58982, 0.85467, 0.00416, 0.61474, 0.05267, 0.08114, 0.15035, 0.18203, 0.06957, 0.32499, 0.25329, 0.04443, 0.01346, 0.02777, 0.16684, 0.0244, 0.71352, 0.01036, 0.11109, 0.53922, 0.09092, 0.07899, 0.78322, 0.68979, 0.2114, 0.45285, 0.12921, 0.00086, 0.84384, 0.55543, 0.81453, 0.23196, 0.06563, 0.01808, 0.47048, 0.3419, 0.22003, 0.37202, 0.97743, 0.03164, 0.02124, 0.20826, 0.14771, 0.40525, 0.69783, 0.0734, 0.22173, 0.11516, 0.09623, 0.30523, 0.11292, 0.34622, 0.00877, 0.05351, 0.44879, 0.00918, 0.5818, 0.19138, 0.15924, 0.39923, 0.03987, 0.04733, 0.9263, 0.55641, 0.03446, 0.03473, 0.00222, 0.52065, 0.0531, 0.39887, 0.00747, 0.02062, 0.44653, 0.12302, 0.04332, 0.5435, 0.3304, 0.01802, 0.37687, 0.00072, 0.17972, 0.93495, 0.32285, 0.1587, 0.08133, 0.04267, 0.05561, 0.00321, 0.00799, 0.36745, 0.07057, 0.73826, 0.93993, 0.03052, 0.16138, 0.00018, 0.01202, 0.51774, 0.12335, 0.00193, 0.23989, 0.16746, 0.12577, 0.07111, 0.03675, 0.00482, 0.00725, 0.30604, 0.72297, 0.33382, 0.67787, 0.01314, 0.02369, 0.10195, 0.3437, 0.0369, 0.61188, 0.06892, 0.02701, 0.10513, 0.81273, 0.0339, 0.42355, 0.00358, 0.20793, 0.0019, 0.16991, 0.02272, 0.02548, 0.17843, 0.00632, 0.03595, 0.55549, 0.08004, 0.0235, 0.02785, 0.64085, 0.2593, 0.41985, 0.04643, 0.09676, 0.72636, 0.35042, 0.24152, 0.0163, 0.13473, 0.45502, 0.13114, 0.01847, 0.20906, 0.51101, 0.43325, 0.56038, 0.45688, 0.00682, 0.85578, 0.66137, 0.06337, 0.22857, 0.84609, 0.90655, 0.2413, 0.55586, 0.42286, 0.00099, 0.11592, 0.09461, 0.46782, 0.01032, 0.15291, 0.00541, 0.77664, 0.00198, 0.42316, 0.34336, 0.45404, 0.48968, 0.46274, 0.07992, 0.08432, 0.00275, 0.00107, 0.47257, 0.73846, 0.0229, 0.30893, 0.1613, 0.02394, 0.87724, 0.3927, 0.00267, 0.36403, 0.12978, 0.07005, 0.03699, 0.45522, 0.4671, 0.0637, 0.04657, 0.01406, 0.09639, 0.45083, 0.42107, 0.18411, 0.29734, 0.67089, 0.07344, 0.04529, 0.0019, 0.5538, 0.0404, 0.16457, 0.33805, 0.0161, 0.04641, 0.11713, 0.01665, 0.00237, 0.42329, 0.10126, 0.04425, 0.48968, 0.24626, 0.00112, 0.01265, 0.52897, 0.02335, 0.05036, 0.05264, 0.11929, 0.01071, 0.21226, 0.01537, 0.11418, 0.03119, 0.35941, 0.38539, 0.00871, 0.04516, 0.18291, 0.97418, 0.70798, 0.1002, 0.05819, 0.00816, 0.24265, 0.52264, 0.01006, 0.84819, 0.1563, 0.20097, 0.60524, 0.0164, 0.75467, 0.28437, 0.00221, 0.01073, 0.00059, 0.66119, 0.11401, 0.16189, 0.02005, 0.01466, 0.70928, 0.45383, 0.75073, 0.69148, 0.18064, 0.31642, 0.06794, 0.12565, 0.41504, 0.07569, 0.1609, 0.03828, 0.08637, 0.37525, 0.11811, 0.01391, 0.06085, 0.31572, 0.70877, 0.41001, 0.41344, 0.07017, 0.02016, 0.15567, 0.04755, 0.03607, 0.00339, 0.49927, 0.01247, 0.31074, 0.33206, 0.33001, 0.06085, 0.74685, 0.09517, 0.05124, 0.135, 0.19169, 0.31897, 0.00131, 0.05036, 0.90867, 0.91462, 0.00036, 0.02957, 0.04045, 0.06132, 0.17408, 0.48708, 0.02684, 0.08592, 0.09717, 0.10414, 0.93495, 0.21603, 0.64071, 0.34899, 0.21854, 0.85282, 0.2615, 0.10962, 0.89175, 0.0903, 0.11784, 0.42155, 0.21606, 0.12194, 0.87195, 0.0009, 0.02869, 0.23285, 0.01248, 0.78399, 0.66125, 0.7882, 0.11526, 0.00321, 0.37743, 0.22479, 0.02553, 0.43589, 0.892, 0.02707, 0.52018, 0.34465, 0.01691, 0.78631, 0.0289, 0.00496, 0.54978, 0.00113, 0.04295, 0.83923, 0.02712, 0.53924, 0.56644, 0.30416, 0.10489, 0.15588, 0.56389, 0.78034, 0.49118, 0.00925, 0.00055, 0.06552, 0.08628, 0.01153, 0.00922, 0.44422, 0.51871, 0.61126, 0.00676, 0.33026, 0.25754, 0.48693, 0.47963, 0.21434, 0.04215, 0.03041, 0.09245, 0.08164, 0.03441, 0.06432, 0.00032, 0.79831, 0.20435, 0.02123, 0.62819, 0.10148, 0.06929, 0.58092, 0.19864, 0.0355, 0.00396, 0.6282, 0.04199, 0.06348, 0.86363, 0.0122, 0.47195, 0.07737, 0.06782, 0.2386, 0.44738, 0.042, 0.20318, 0.12368, 0.57358, 0.08382, 0.07231, 0.00495, 0.26005, 0.75249, 0.16642, 0.03854, 0.00361, 0.22065, 0.34295, 0.31597, 0.00237, 0.45797, 0.03518, 0.52743, 0.37215, 0.00206, 0.0743, 0.52905, 0.01715, 0.75813, 0.00185, 0.06299, 0.503, 0.82227, 0.72549, 0.64483, 0.19678, 0.04656, 0.27118, 0.00147, 0.55399, 0.17977, 0.05349, 0.30604, 0.5547, 0.09801, 0.95196, 0.53365, 0.05212, 0.66164, 0.80463, 0.64351, 0.33159, 0.51251, 0.07893, 0.014, 0.22304, 0.21861, 0.32052, 0.4344, 0.09762, 0.38989, 0.30559, 0.12049, 0.00396, 0.82143, 0.65364, 0.40268, 0.07324, 0.03933, 0.79121, 0.00761, 0.00587, 0.04515, 0.14909, 0.86128, 0.00234, 0.82377, 0.37941, 0.08013, 0.67558, 0.23725, 0.42407, 0.11644, 0.76421, 0.10611, 0.37137, 0.11089, 0.48383, 0.89647, 0.15646, 0.05905, 0.44782, 0.27158, 0.00633, 0.37077, 0.60054, 0.89951, 0.40272, 0.0371, 0.89655, 0.12424, 0.48336, 0.25429, 0.9565, 0.12574, 0.0011, 0.00181, 0.0174, 0.24523, 0.66173, 0.37733, 0.53486, 0.09032, 0.12886, 0.10382, 0.15894, 0.18152, 0.31642, 0.9465, 0.66376, 0.52728, 0.00471, 0.42895, 0.17024, 0.12895, 0.03059, 0.70356, 0.3243, 0.17578, 0.04718, 0.35184, 0.25872, 0.26168, 0.46156, 0.27327, 0.36508, 0.45795, 0.03697, 0.45676, 0.20833, 0.76696, 0.82075, 0.68427, 0.94849, 0.01848, 0.44068, 0.30284, 0.00298, 0.02227, 0.625, 0.2343, 0.39279, 0.05106, 0.42462, 0.02377, 0.00245, 0.08283, 0.07525, 0.53771, 0.00253, 0.84587, 0.41301, 0.07826, 0.0025, 0.03932, 0.87761, 0.02982, 0.08621, 0.57393, 0.01703, 0.14563, 0.04768, 0.018, 0.02341, 0.36594, 0.28265, 0.34234, 0.17842, 0.04747, 0.34002, 0.02202, 0.06538, 0.70172, 0.03359, 0.6225, 0.38391, 0.19699, 0.53288, 0.66346, 0.10833, 0.26074, 0.14861, 0.0263, 0.24252, 0.05147, 0.01975, 0.14505, 0.01135, 0.0667, 0.04644, 0.52428, 0.50855, 0.02895, 0.08021, 0.21441, 0.26916, 0.70551, 0.0161, 0.53251, 0.19338, 0.52761, 0.46156, 0.01128, 0.55006, 0.66766, 0.49807, 0.04107, 0.77418, 0.84487, 0.10481, 0.00566, 0.83555, 0.75511, 0.33393, 0.01032, 0.24346, 0.08836, 0.34005, 0.01746, 0.00471, 0.03987, 0.05596, 0.12312, 0.3293, 0.47512, 0.77869, 0.04568, 0.01409, 0.58952, 0.0001, 0.03366, 0.04964, 0.39255, 0.02064, 0.05832, 0.01355, 0.63567, 0.35061, 0.05969, 0.6742, 0.05652, 0.89095, 0.03166, 0.01958, 0.21209, 0.04945, 0.11559, 0.00761, 0.44977, 0.01311, 0.10837, 0.01988, 0.08895, 0.72456, 0.19033, 0.64733, 0.02797, 0.18726, 0.01993, 0.21597, 0.28582, 0.50396, 0.04845, 0.00175, 0.09587, 0.10078, 