{"model": "xlm-roberta-base", "dataset": "dravidian_kannada", "train_config": "hardneg", "seed": 42, "thr_cal": 0.5708134233951565, "metrics_05": {"macro": 0.7489527798933739, "toxf1": 0.6538461538461539, "prec": 0.5833333333333334, "rec": 0.74375, "prauc": 0.7367320162726858, "ece": 0.10414159916493877, "covert": 0.8390804597701149}, "metrics_cal": {"macro": 0.7523150816522575, "toxf1": 0.6512968299711815, "prec": 0.6042780748663101, "rec": 0.70625, "prauc": 0.7367320162726858, "ece": 0.10414159916493877, "covert": 0.8352941176470589}, "probs": [0.12229, 0.706, 0.77759, 0.06191, 0.21506, 0.37663, 0.11025, 0.04062, 0.05366, 0.05546, 0.09729, 0.03326, 0.03409, 0.11465, 0.73638, 0.0626, 0.02836, 0.86487, 0.09563, 0.11105, 0.18054, 0.04343, 0.76783, 0.8248, 0.9968, 0.81745, 0.98601, 0.66811, 0.5255, 0.7254, 0.99726, 0.86085, 0.13609, 0.35735, 0.9294, 0.03327, 0.2842, 0.11696, 0.31206, 0.11084, 0.2351, 0.02311, 0.94284, 0.02824, 0.18745, 0.37918, 0.13355, 0.14029, 0.01848, 0.31933, 0.95265, 0.25707, 0.02618, 0.89131, 0.10052, 0.79591, 0.0187, 0.6117, 0.12298, 0.895, 0.14173, 0.17778, 0.7731, 0.72291, 0.03733, 0.11293, 0.02898, 0.18718, 0.86021, 0.98787, 0.18279, 0.0675, 0.3695, 0.41558, 0.64875, 0.55868, 0.0919, 0.29038, 0.54057, 0.83909, 0.08774, 0.9324, 0.05765, 0.20909, 0.31949, 0.01711, 0.54282, 0.05355, 0.84576, 0.04817, 0.04355, 0.2361, 0.06402, 0.67027, 0.06215, 0.12182, 0.01787, 0.03376, 0.06561, 0.05775, 0.03197, 0.85597, 0.19988, 0.9707, 0.67557, 0.24516, 0.79374, 0.05289, 0.03752, 0.26242, 0.46038, 0.14782, 0.02266, 0.04535, 0.05692, 0.05439, 0.13609, 0.10108, 0.64484, 0.94995, 0.04832, 0.05601, 0.92969, 0.78618, 0.18383, 0.08746, 0.13355, 0.68091, 0.02993, 0.29043, 0.89764, 0.03232, 0.03762, 0.83291, 0.97484, 0.3405, 0.0276, 0.97636, 0.16079, 0.48011, 0.04122, 0.02932, 0.49156, 0.94154, 0.87688, 0.88988, 0.29255, 0.89532, 0.63296, 0.04537, 0.01799, 0.06711, 0.81044, 0.54627, 0.10529, 0.24974, 0.0879, 0.71214, 0.59374, 0.55754, 0.77538, 0.2274, 0.01379, 0.05086, 0.47687, 0.02508, 0.34462, 0.11645, 0.16605, 0.77226, 0.07542, 0.93967, 0.34107, 0.08843, 0.9145, 0.01743, 0.13355, 0.19757, 0.04727, 0.8843, 0.76601, 0.04665, 0.13355, 0.818, 0.21658, 0.08049, 0.82741, 0.04872, 0.06518, 0.14192, 0.41066, 0.98092, 0.15222, 0.13355, 0.56474, 0.95517, 0.07867, 0.36803, 0.78294, 0.4531, 0.26679, 0.04604, 0.01786, 0.53579, 0.21996, 0.11568, 0.82469, 0.17157, 0.95326, 0.01968, 0.87251, 0.38578, 0.17088, 0.05296, 0.04525, 0.0146, 0.872, 0.05692, 0.0163, 0.21497, 0.03529, 0.05136, 0.02396, 0.73528, 0.80223, 0.23326, 0.05707, 0.15078, 0.14156, 0.07591, 0.02776, 0.33935, 0.0188, 0.55267, 0.30566, 0.51901, 0.99712, 0.30958, 0.01823, 0.03296, 0.37155, 0.13355, 0.6846, 0.99039, 0.94032, 0.06421, 0.04201, 0.21799, 0.32279, 0.90539, 0.81503, 0.06245, 0.16576, 0.24554, 0.05297, 0.11948, 0.67986, 0.13852, 0.09472, 0.03842, 0.81671, 0.67557, 0.79762, 0.81476, 0.28102, 0.01704, 0.13355, 0.04695, 0.03163, 0.0427, 0.05394, 0.10842, 0.43391, 0.13974, 0.05315, 0.14447, 0.25096, 0.02503, 0.97048, 0.96211, 0.0187, 0.95363, 0.92945, 0.31024, 0.37932, 0.76688, 0.09261, 0.41012, 0.0696, 0.08674, 0.26862, 0.06559, 0.03923, 0.88246, 0.09957, 0.13355, 0.86456, 0.89999, 0.09371, 0.05071, 0.01422, 0.1548, 0.04292, 0.8429, 0.03887, 0.02172, 0.30253, 0.13355, 0.0636, 0.05239, 0.17211, 0.02924, 0.02361, 0.02804, 0.6796, 0.17353, 0.01267, 0.16302, 0.50638, 0.31468, 0.51694, 0.46058, 0.02539, 0.03382, 0.86252, 0.08437, 0.88884, 0.0476, 0.36264, 0.97037, 0.06736, 0.44718, 0.09886, 0.06476, 0.02233, 0.06357, 0.01519, 0.3436, 0.05318, 0.04424, 0.71895, 0.07257, 0.82744, 0.64579, 0.66369, 0.09589, 0.9958, 0.96527, 0.13355, 0.50111, 0.07286, 0.03651, 0.88803, 0.38897, 0.27829, 0.84624, 0.82161, 0.84297, 0.04375, 0.01974, 0.89916, 0.03766, 0.85023, 0.16169, 0.0391, 0.02476, 0.95193, 0.03733, 0.01547, 0.3786, 0.99572, 0.06018, 0.05557, 0.13355, 0.10881, 0.07798, 0.13188, 0.78045, 0.86807, 0.27007, 0.72846, 0.22515, 0.04905, 0.93462, 0.7171, 0.16241, 0.0222, 0.04076, 0.71552, 0.86753, 0.21728, 0.08594, 0.03607, 0.06208, 0.03014, 0.0115, 0.21106, 0.59832, 0.23204, 0.90504, 0.13989, 0.75657, 0.47868, 0.85583, 0.04691, 0.10442, 0.11175, 0.99516, 0.17796, 0.16322, 0.12092, 0.06693, 0.59518, 0.04058, 0.42689, 0.37906, 0.02637, 0.23646, 0.03795, 0.08136, 0.04541, 0.95138, 0.89635, 0.017, 0.46072, 0.73392, 0.4345, 0.92283, 0.99045, 0.0146, 0.06151, 0.42217, 0.0719, 0.81947, 0.11222, 0.95094, 0.88642, 0.25648, 0.96802, 0.0291, 0.13976, 0.73396, 0.07757, 0.05804, 0.98249, 0.74047, 0.02913, 0.94245, 0.82812, 0.76477, 0.12202, 0.44451, 0.07791, 0.03733, 0.24362, 0.39388, 0.1579, 0.17094, 0.10667, 0.04848, 0.1574, 0.01533, 0.05727, 0.01342, 0.55473, 0.05909, 0.05979, 0.88763, 0.55129, 0.91878, 0.71541, 0.55049, 0.77106, 0.05481, 0.34696, 0.0089, 0.09892, 0.93553, 0.20884, 0.04836, 0.97351, 0.94527, 0.04754, 0.10256, 0.81984, 0.70526, 0.91971, 0.57698, 0.1196, 0.05088, 0.04499, 0.1854, 0.85686, 0.97151, 0.06277, 0.16298, 0.84787, 0.81182, 0.97866, 0.62811, 0.04868, 0.04038, 0.30055, 0.02622, 0.02383, 0.8209, 0.05042, 0.10884, 0.40031, 0.92686, 0.04945, 0.95784, 0.05242, 0.03614, 0.07087, 0.77313, 0.93845, 0.75643, 0.17012, 0.40475, 0.0594, 0.62045, 0.76719, 0.03674, 0.78335, 0.85841, 0.13355, 0.6712, 0.62366, 0.09118, 0.05433, 0.80714, 0.64696, 0.02771, 0.76216, 0.13355, 0.63782, 0.14796, 0.75322, 0.78092, 0.7152, 0.85938, 0.85477, 0.87989, 0.04215, 0.7491, 0.6626, 0.88254, 0.13867, 0.102, 0.97953, 0.01895, 0.08007, 0.0426, 0.0354, 0.98918, 0.02756, 0.32975, 0.1751, 0.03389, 0.02533, 0.39464, 0.04596, 0.91038, 0.86535, 0.84199, 0.70265, 0.07668, 0.73223, 0.56143, 0.92325, 0.83602, 0.36404, 0.90969, 0.05161, 0.05194, 0.43946, 0.05929, 0.03985, 0.35313, 0.12912, 0.02137, 0.15691, 0.91954, 0.01238, 0.78523], "labels": [0, 0, 0, 0, 0, 0, 0, 0, 0, 0, 0, 0, 0, 0, 1, 0, 0, 1, 0, 0, 0, 0, 0, 1, 1, 1, 1, 1, 1, 0, 1, 0, 1, 1, 1, 0, 1, 0, 0, 1, 0, 0, 1, 0, 0, 0, 0, 0, 0, 1, 0, 0, 0, 1, 0, 0, 0, 0, 1, 0, 0, 0, 0, 1, 0, 0, 0, 0, 1, 1, 1, 0, 0, 0, 0, 1, 0, 0, 0, 1, 0, 1, 1, 0, 0, 0, 1, 0, 1, 0, 0, 0, 0, 0, 0, 0, 0, 1, 0, 0, 0, 1, 0, 1, 0, 0, 1, 0, 0, 0, 0, 0, 0, 0, 0, 0, 0, 0, 1, 0, 0, 0, 1, 1, 0, 0, 0, 0, 0, 0, 0, 0, 0, 1, 1, 0, 0, 1, 0, 0, 0, 0, 1, 1, 1, 0, 0, 0, 1, 0, 0, 0, 0, 0, 0, 1, 0, 0, 0, 1, 1, 1, 0, 1, 0, 0, 0, 0, 0, 0, 0, 1, 0, 0, 1, 0, 0, 0, 0, 0, 0, 0, 0, 0, 1, 0, 0, 0, 0, 0, 0, 1, 0, 1, 0, 1, 1, 0, 0, 0, 0, 0, 0, 0, 1, 1, 0, 0, 1, 0, 1, 0, 1, 0, 0, 0, 1, 0, 0, 0, 1, 0, 0, 0, 1, 0, 0, 0, 0, 0, 0, 0, 0, 0, 0, 1, 1, 0, 0, 0, 0, 0, 0, 1, 1, 0, 0, 0, 0, 0, 0, 0, 0, 1, 0, 0, 0, 0, 1, 0, 1, 0, 0, 0, 0, 0, 0, 0, 0, 0, 0, 0, 0, 1, 0, 0, 0, 0, 1, 1, 0, 1, 1, 0, 0, 1, 0, 1, 0, 0, 1, 0, 0, 1, 0, 0, 0, 1, 0, 0, 0, 0, 0, 0, 0, 0, 0, 1, 0, 0, 0, 0, 0, 0, 1, 1, 0, 0, 0, 0, 1, 1, 0, 0, 1, 0, 1, 0, 1, 1, 0, 0, 0, 0, 0, 0, 0, 1, 0, 0, 0, 0, 0, 0, 0, 0, 1, 0, 0, 0, 0, 0, 1, 0, 0, 1, 0, 1, 0, 0, 1, 0, 0, 0, 0, 0, 1, 0, 0, 1, 1, 0, 0, 0, 0, 0, 0, 1, 1, 0, 1, 0, 0, 1, 1, 1, 0, 0, 1, 1, 0, 0, 0, 0, 0, 0, 0, 0, 0, 1, 1, 1, 0, 1, 0, 0, 0, 1, 0, 0, 0, 0, 0, 0, 0, 0, 0, 1, 0, 1, 0, 0, 1, 0, 0, 0, 1, 1, 1, 0, 0, 0, 0, 0, 0, 1, 1, 0, 1, 0, 0, 0, 0, 0, 1, 1, 0, 1, 0, 1, 0, 0, 0, 0, 0, 0, 0, 0, 0, 0, 0, 0, 0, 0, 0, 0, 0, 1, 0, 1, 0, 0, 1, 1, 1, 0, 0, 1, 0, 0, 1, 1, 0, 0, 1, 0, 1, 1, 0, 0, 0, 0, 1, 1, 0, 1, 0, 0, 1, 0, 0, 0, 0, 0, 0, 0, 0, 0, 0, 1, 0, 1, 0, 0, 0, 1, 0, 1, 0, 0, 0, 1, 0, 0, 0, 0, 0, 0, 0, 0, 0, 0, 0, 0, 1, 0, 0, 1, 1, 1, 0, 0, 0, 1, 0, 0, 0, 1, 0, 1, 1, 0, 0, 0, 0, 1, 0, 0, 0, 0, 0, 0, 0, 1, 1, 1, 1, 0, 0, 0, 1, 1, 0, 0, 0, 0, 0, 0, 0, 0, 0, 0, 0, 1, 0, 1], "n": {"train": 3400, "val": 600, "test": 586, "toxic_frac": 0.23911764705882352}}