{"model": "xlm-roberta-base", "dataset": "dravidian_tamil", "train_config": "hardneg", "seed": 42, "thr_cal": 0.441827167570591, "metrics_05": {"macro": 0.7416041375387092, "toxf1": 0.6194690265486725, "prec": 0.5530474040632054, "rec": 0.7040229885057471, "prauc": 0.5989914203728021, "ece": 0.09117666148145993, "covert": 0.7263681592039801}, "metrics_cal": {"macro": 0.7369694790557453, "toxf1": 0.6203592814371257, "prec": 0.5318275154004107, "rec": 0.7442528735632183, "prauc": 0.5989914203728021, "ece": 0.09117666148145993, "covert": 0.7330097087378641}, "probs": [0.07601, 0.01042, 0.09174, 0.01635, 0.77738, 0.08143, 0.08233, 0.02912, 0.05811, 0.05137, 0.05057, 0.24451, 0.02477, 0.0255, 0.04732, 0.04834, 0.737, 0.2786, 0.01554, 0.20909, 0.09332, 0.09054, 0.23165, 0.11017, 0.10668, 0.363, 0.86095, 0.04249, 0.11123, 0.04766, 0.07055, 0.41977, 0.05254, 0.06972, 0.14063, 0.83311, 0.19168, 0.14043, 0.02908, 0.64886, 0.60448, 0.06163, 0.4446, 0.56202, 0.40459, 0.83665, 0.0373, 0.10606, 0.24102, 0.02658, 0.06087, 0.44955, 0.2177, 0.0961, 0.06667, 0.55295, 0.26953, 0.65665, 0.5177, 0.1006, 0.08749, 0.05373, 0.22619, 0.40084, 0.17146, 0.09802, 0.11253, 0.23177, 0.81757, 0.63273, 0.70827, 0.15169, 0.04967, 0.05323, 0.51555, 0.61713, 0.63675, 0.81516, 0.04887, 0.09444, 0.27955, 0.32005, 0.54609, 0.00755, 0.23561, 0.02025, 0.33804, 0.07464, 0.04517, 0.61192, 0.01535, 0.69531, 0.08817, 0.54111, 0.31106, 0.18423, 0.08516, 0.03435, 0.10144, 0.07979, 0.59675, 0.02042, 0.08957, 0.09641, 0.69631, 0.57801, 0.17831, 0.06829, 0.02085, 0.57125, 0.68493, 0.31179, 0.69843, 0.18599, 0.57047, 0.10303, 0.10515, 0.27161, 0.07299, 0.02125, 0.14328, 0.03101, 0.08028, 0.14284, 0.66055, 0.05932, 0.66282, 0.2782, 0.04343, 0.07092, 0.06347, 0.28428, 0.22532, 0.16558, 0.7642, 0.65617, 0.10336, 0.03687, 0.04582, 0.73742, 0.54194, 0.10531, 0.28146, 0.87526, 0.04028, 0.62549, 0.0419, 0.12141, 0.44692, 0.29779, 0.59744, 0.08466, 0.46943, 0.1396, 0.66607, 0.0586, 0.03307, 0.39401, 0.04788, 0.29359, 0.13792, 0.69453, 0.26508, 0.83461, 0.01602, 0.12226, 0.42488, 0.58134, 0.56232, 0.35595, 0.77728, 0.77046, 0.38944, 0.31977, 0.13488, 0.08812, 0.39084, 0.21379, 0.07177, 0.5727, 0.17188, 0.70682, 0.43978, 0.84783, 0.04152, 0.01204, 0.39975, 0.07488, 0.0228, 0.2582, 0.03953, 0.1555, 0.52347, 0.10976, 0.02078, 0.34459, 0.05994, 0.72201, 0.0612, 0.03588, 0.17937, 0.78786, 0.72055, 0.05144, 0.16386, 0.06852, 0.56848, 0.07069, 0.2516, 0.54694, 0.10604, 0.08648, 0.34293, 0.03751, 0.02821, 0.74521, 0.05139, 0.04946, 0.18405, 0.04479, 0.05981, 0.03649, 0.04116, 0.81586, 0.13193, 0.8741, 0.73724, 0.61483, 0.06045, 0.46315, 0.27699, 0.04733, 0.09084, 0.9131, 0.53741, 0.08438, 0.43743, 0.01214, 0.68316, 0.1114, 0.88241, 0.22966, 0.06237, 0.71556, 0.39646, 0.41743, 0.19301, 0.71115, 0.34168, 0.36632, 0.0586, 0.09758, 0.06609, 0.08692, 0.6131, 0.55866, 0.02651, 0.81552, 0.12138, 0.0349, 0.4756, 0.8418, 0.10859, 0.37013, 0.33956, 0.07214, 0.28166, 0.2, 0.44145, 0.12605, 0.22785, 0.73529, 0.88018, 0.02484, 0.12214, 0.00853, 0.71623, 0.42738, 0.15162, 0.06504, 0.2164, 0.05462, 0.04838, 0.08701, 0.04183, 0.03303, 0.09672, 0.20015, 0.70992, 0.67439, 0.15698, 0.00945, 0.04246, 0.86686, 0.44781, 0.1952, 0.26042, 0.48175, 0.84068, 0.20245, 0.04372, 0.04439, 0.15917, 0.83661, 0.67489, 0.19481, 0.49158, 0.26582, 0.24453, 0.14662, 0.08535, 0.86865, 0.14402, 0.2652, 0.15754, 0.78518, 0.60556, 0.13701, 0.1438, 0.17272, 0.05257, 0.21912, 0.75941, 0.36668, 0.11166, 0.76259, 0.87348, 0.67344, 0.25934, 0.03486, 0.15219, 0.61047, 0.11218, 0.55814, 0.05236, 0.04162, 0.09654, 0.72171, 0.08361, 0.15102, 0.0185, 0.02057, 0.17653, 0.31316, 0.13114, 0.30051, 0.52369, 0.11393, 0.11177, 0.18162, 0.67202, 0.41704, 0.36234, 0.56729, 0.49816, 0.18113, 0.33509, 0.48773, 0.08305, 0.15859, 0.35325, 0.20426, 0.06022, 0.08805, 0.63806, 0.65323, 0.04331, 0.80953, 0.01065, 0.83363, 0.02691, 0.34523, 0.72628, 0.17738, 0.07928, 0.15246, 0.08058, 0.39364, 0.79664, 0.09885, 0.26751, 0.07521, 0.28659, 0.46787, 0.30806, 0.3815, 0.63724, 0.57182, 0.03999, 0.47532, 0.30496, 0.08756, 0.04523, 0.06896, 0.04718, 0.69414, 0.61739, 0.79654, 0.0843, 0.05563, 0.55005, 0.08077, 0.12518, 0.41257, 0.0561, 0.04459, 0.06887, 0.74444, 0.04618, 0.86421, 0.88666, 0.07377, 0.03204, 0.67551, 0.53136, 0.81218, 0.22818, 0.51645, 0.73533, 0.78839, 0.75704, 0.15344, 0.12037, 0.74416, 0.75437, 0.04981, 0.08251, 0.03529, 0.7636, 0.39713, 0.06287, 0.51476, 0.56014, 0.62911, 0.17167, 0.15, 0.10889, 0.34735, 0.14538, 0.08137, 0.76966, 0.07055, 0.90595, 0.72955, 0.21116, 0.62936, 0.50667, 0.02489, 0.86505, 0.42714, 0.08298, 0.6046, 0.07109, 0.07411, 0.06308, 0.70385, 0.21186, 0.70086, 0.05129, 0.25597, 0.02103, 0.01587, 0.24703, 0.03121, 0.03858, 0.78978, 0.04983, 0.15552, 0.80792, 0.18024, 0.06444, 0.09047, 0.16329, 0.1027, 0.42612, 0.27927, 0.11163, 0.85794, 0.57453, 0.52788, 0.52574, 0.07274, 0.16717, 0.67759, 0.10573, 0.83676, 0.82913, 0.1026, 0.0184, 0.49817, 0.07223, 0.88493, 0.17335, 0.0931, 0.8679, 0.5331, 0.09185, 0.0272, 0.14332, 0.60102, 0.24466, 0.59957, 0.25585, 0.2958, 0.48819, 0.14494, 0.20772, 0.03128, 0.76352, 0.04143, 0.01753, 0.28117, 0.06978, 0.51687, 0.0695, 0.70664, 0.43522, 0.21766, 0.36666, 0.24422, 0.49489, 0.36708, 0.09463, 0.57248, 0.53007, 0.11943, 0.08466, 0.13675, 0.57069, 0.43374, 0.10168, 0.07029, 0.82236, 0.77157, 0.2718, 0.0811, 0.10252, 0.03701, 0.01435, 0.68539, 0.4201, 0.17292, 0.04942, 0.06179, 0.26871, 0.71771, 0.12628, 0.64676, 0.0598, 0.08232, 0.0566, 0.0737, 0.15599, 0.45944, 0.19042, 0.60061, 0.61361, 0.76648, 0.59899, 0.71587, 0.79064, 0.35394, 0.63011, 0.39189, 0.11486, 0.64326, 0.737, 0.80653, 0.04088, 0.67733, 0.12878, 0.49881, 0.03767, 0.01244, 0.38367, 0.47228, 0.244, 0.15526, 0.67181, 0.06546, 0.75998, 0.30736, 0.02807, 0.39073, 0.04902, 0.11746, 0.47398, 0.05529, 0.89234, 0.62745, 0.02811, 0.78306, 0.73925, 0.82491, 0.04879, 0.04813, 0.09836, 0.05792, 0.04592, 0.29112, 0.08157, 0.7374, 0.82752, 0.09428, 0.04988, 0.396, 0.36576, 0.16216, 0.56398, 0.50408, 0.1757, 0.2763, 0.22972, 0.13156, 0.57324, 0.17266, 0.33224, 0.07, 0.18593, 0.71278, 0.04172, 0.06415, 0.83544, 0.25498, 0.43143, 0.19125, 0.04901, 0.01279, 0.77626, 0.28866, 0.19241, 0.33828, 0.07892, 0.69703, 0.20782, 0.33673, 0.68398, 0.02675, 0.77139, 0.11826, 0.04741, 0.12849, 0.71086, 0.42673, 0.06823, 0.04755, 0.375, 0.79061, 0.645, 0.7747, 0.08074, 0.45165, 0.55535, 0.12319, 0.21541, 0.03471, 0.0161, 0.66717, 0.82265, 0.68175, 0.62473, 0.121, 0.16896, 0.01472, 0.24451, 0.13002, 0.24012, 0.09387, 0.4576, 0.07337, 0.68942, 0.0871, 0.17039, 0.19474, 0.05765, 0.04183, 0.07479, 0.24702, 0.07106, 0.90805, 0.20154, 0.40063, 0.78167, 0.0844, 0.27054, 0.05274, 0.07071, 0.8284, 0.09125, 0.43678, 0.08098, 0.13847, 0.18295, 0.16042, 0.69434, 0.15467, 0.02497, 0.13533, 0.10596, 0.43073, 0.20411, 0.11287, 0.43539, 0.75925, 0.06894, 0.34342, 0.27428, 0.41492, 0.08061, 0.10022, 0.07677, 0.07919, 0.12281, 0.01845, 0.72691, 0.67519, 0.65245, 0.09516, 0.83402, 0.03496, 0.84977, 0.20993, 0.23739, 0.14028, 0.29705, 0.0372, 0.13686, 0.19616, 0.2333, 0.35275, 0.0134, 0.10139, 0.49131, 0.19869, 0.80719, 0.07189, 0.25583, 0.04425, 0.19513, 0.07515, 0.02199, 0.07105, 0.86842, 0.79684, 0.14895, 0.20192, 0.0484, 0.03295, 0.33151, 0.81507, 0.52449, 0.06551, 0.74019, 0.134, 0.08748, 0.02195, 0.33569, 0.30145, 0.04904, 0.17944, 0.15893, 0.69704, 0.02395, 0.05724, 0.27046, 0.11699, 0.75258, 0.0738, 0.76009, 0.14333, 0.70761, 0.03573, 0.04475, 0.15657, 0.33495, 0.12498, 0.11522, 0.75105, 0.04156, 0.01431, 0.71179, 0.49321, 0.72963, 0.43375, 0.18413, 0.19657, 0.26457, 0.05487, 0.13235, 0.78118, 0.12271, 0.49753, 0.81549, 0.04246, 0.04801, 0.8, 0.44549, 0.06405, 0.09429, 0.71723, 0.04073, 0.26442, 0.03391, 0.46652, 0.20606, 0.7413, 0.18358, 0.76071, 0.60067, 0.27026, 0.17798, 0.24715, 0.44096, 0.39409, 0.06864, 0.1004, 0.07676, 0.10241, 0.05979, 0.631, 0.83846, 0.87463, 0.66947, 0.28338, 0.87999, 0.23948, 0.05662, 0.07391, 0.84618, 0.30023, 0.06256, 0.14987, 0.19045, 0.30225, 0.60616, 0.11459, 