{"model": "xlm-roberta-base", "dataset": "dravidian_tamil", "train_config": "ce", "seed": 2024, "thr_cal": 0.6893096536397935, "metrics_05": {"macro": 0.6685334023625676, "toxf1": 0.5719661335841957, "prec": 0.4251748251748252, "rec": 0.8735632183908046, "prauc": 0.59927751345159, "ece": 0.23504895393302047, "covert": 0.720173535791757}, "metrics_cal": {"macro": 0.7281541176240778, "toxf1": 0.6125290023201856, "prec": 0.5136186770428015, "rec": 0.7586206896551724, "prauc": 0.59927751345159, "ece": 0.23504895393302047, "covert": 0.7259615384615384}, "probs": [0.65573, 0.00703, 0.07895, 0.06873, 0.85579, 0.30887, 0.13027, 0.03879, 0.07171, 0.09494, 0.15464, 0.52681, 0.02664, 0.02955, 0.11122, 0.18149, 0.90891, 0.56199, 0.01528, 0.57305, 0.43511, 0.1992, 0.35173, 0.42417, 0.0932, 0.51402, 0.91523, 0.14165, 0.10621, 0.10641, 0.10615, 0.39481, 0.16326, 0.12536, 0.36552, 0.90712, 0.39683, 0.55897, 0.01166, 0.64367, 0.82488, 0.23645, 0.66006, 0.76777, 0.71894, 0.87835, 0.088, 0.17069, 0.52878, 0.10187, 0.08064, 0.56783, 0.41444, 0.08799, 0.12714, 0.81403, 0.65557, 0.80716, 0.82631, 0.36887, 0.17663, 0.03568, 0.71318, 0.48249, 0.1435, 0.10858, 0.44191, 0.50313, 0.88166, 0.75558, 0.84022, 0.23739, 0.06753, 0.1693, 0.78049, 0.80607, 0.87983, 0.85002, 0.14636, 0.22737, 0.75168, 0.73734, 0.60127, 0.0099, 0.3242, 0.0415, 0.52771, 0.33465, 0.09532, 0.74447, 0.02759, 0.88096, 0.23918, 0.74198, 0.50958, 0.73531, 0.24121, 0.04598, 0.26478, 0.10714, 0.7348, 0.00848, 0.13794, 0.19768, 0.75582, 0.75684, 0.22954, 0.20517, 0.02375, 0.76007, 0.78466, 0.41065, 0.82091, 0.48185, 0.78669, 0.18737, 0.26537, 0.46577, 0.06599, 0.01947, 0.44008, 0.0406, 0.06971, 0.57648, 0.77671, 0.32163, 0.88276, 0.35134, 0.58463, 0.10824, 0.18115, 0.63975, 0.58789, 0.28269, 0.86001, 0.82694, 0.64566, 0.10042, 0.17162, 0.76805, 0.71861, 0.09855, 0.48652, 0.92124, 0.46724, 0.72134, 0.02807, 0.26711, 0.76815, 0.4335, 0.72466, 0.14136, 0.75613, 0.5156, 0.73947, 0.13667, 0.0216, 0.51839, 0.06547, 0.59626, 0.0894, 0.88956, 0.2909, 0.91434, 0.02713, 0.15494, 0.40222, 0.83877, 0.73649, 0.4183, 0.89948, 0.85673, 0.68007, 0.55417, 0.33617, 0.06878, 0.54622, 0.43647, 0.02756, 0.72977, 0.27046, 0.72285, 0.4369, 0.89305, 0.05449, 0.02327, 0.72086, 0.38239, 0.01061, 0.29512, 0.06264, 0.49529, 0.66962, 0.22862, 0.0121, 0.42613, 0.12876, 0.86757, 0.1089, 0.01611, 0.39168, 0.93374, 0.85605, 0.1318, 0.17528, 0.21885, 0.7676, 0.11443, 0.26974, 0.70437, 0.75297, 0.10731, 0.52173, 0.14028, 0.04427, 0.86465, 0.06225, 0.03964, 0.17253, 0.0862, 0.15693, 0.06363, 0.12792, 0.90127, 0.39565, 0.92166, 0.84168, 0.44768, 0.01942, 0.25068, 0.45284, 0.15708, 0.17586, 0.9336, 0.80896, 0.17309, 0.69708, 0.006, 0.6618, 0.22749, 0.90912, 0.4399, 0.04598, 0.83949, 0.67134, 0.85137, 0.52576, 0.7885, 0.63021, 0.54958, 0.14669, 0.18624, 0.25377, 0.2018, 0.7404, 0.29762, 0.01669, 0.86391, 0.39911, 0.08396, 0.75557, 0.89689, 0.1625, 0.53686, 0.59508, 0.39005, 0.59748, 0.39357, 0.83543, 0.40491, 0.48967, 0.90053, 0.92283, 0.02212, 0.28535, 0.01536, 0.79601, 0.67119, 0.32062, 0.11932, 0.07127, 0.05906, 0.07193, 0.2256, 0.03321, 0.05665, 0.3443, 0.62552, 0.7809, 0.83094, 0.26093, 0.00285, 0.09286, 0.89429, 0.43344, 0.31596, 0.5622, 0.68869, 0.90428, 0.29494, 0.00953, 0.13749, 0.33419, 0.90911, 0.81844, 0.46036, 0.63984, 0.43923, 0.52566, 0.16654, 0.09224, 0.93127, 0.32911, 0.52689, 0.20891, 0.79865, 0.71677, 0.38711, 0.31508, 0.50833, 0.2068, 0.67853, 0.83177, 0.56771, 0.23016, 0.85898, 0.92917, 0.80318, 0.58501, 0.02054, 0.38714, 0.81231, 0.33974, 0.78178, 0.08715, 0.07228, 0.21524, 0.52584, 0.16279, 0.53501, 0.03046, 0.01268, 0.31193, 0.65116, 0.4826, 0.45993, 0.79336, 0.22534, 0.55146, 0.58048, 0.8751, 0.68736, 0.4207, 0.85155, 0.75003, 0.72834, 0.44958, 0.83575, 0.17665, 0.41551, 0.69229, 0.64144, 0.178, 0.28559, 0.73936, 0.7644, 0.05733, 0.9267, 0.01002, 0.91258, 0.0749, 0.60763, 0.89426, 0.44825, 0.09352, 0.46189, 0.27139, 0.85749, 0.91758, 0.38243, 0.51964, 0.16561, 0.37607, 0.67595, 0.62034, 0.63054, 0.7968, 0.72362, 0.05374, 0.39851, 0.47221, 0.48811, 0.10055, 0.17552, 0.06406, 0.85865, 0.7835, 0.79252, 0.22487, 0.06364, 0.86276, 0.24945, 0.08812, 0.47703, 0.02503, 0.05364, 0.312, 0.88209, 0.12154, 0.94142, 0.89003, 0.13716, 0.06063, 0.88839, 0.72474, 0.84909, 0.41547, 0.65592, 0.83218, 0.83842, 0.82492, 0.47051, 0.18663, 0.48644, 0.87614, 0.02244, 0.17585, 0.25865, 0.77925, 0.49577, 0.02895, 0.69028, 0.73594, 0.81927, 0.41744, 0.23064, 0.22743, 0.66771, 0.55242, 0.1504, 0.88928, 0.2061, 0.9469, 0.88556, 0.30887, 0.76467, 0.64418, 0.03946, 0.87898, 0.50538, 0.1583, 0.7192, 0.43589, 0.20772, 0.19796, 0.78002, 0.35938, 0.88611, 0.19567, 0.44057, 0.01574, 0.00956, 0.79113, 0.01853, 0.03643, 0.87609, 0.05377, 0.21724, 0.85302, 0.34493, 0.07632, 0.06838, 0.41703, 0.53936, 0.55835, 0.41819, 0.10184, 0.89362, 0.85762, 0.90445, 0.57935, 0.14014, 0.40459, 0.81184, 0.14907, 0.92836, 0.91716, 0.37519, 0.02263, 0.56878, 0.24828, 0.93843, 0.65536, 0.10483, 0.9089, 0.81304, 0.72141, 0.04321, 0.26292, 0.85912, 0.58105, 0.80278, 0.70822, 0.7189, 0.78925, 0.33999, 0.26381, 0.04771, 0.87798, 0.19453, 0.00622, 0.22293, 0.37774, 0.50447, 0.15446, 0.83097, 0.75112, 0.45104, 0.70911, 0.79701, 0.88646, 0.46552, 0.13643, 0.64971, 0.7559, 0.30937, 0.18855, 0.59058, 0.66303, 0.77579, 0.25345, 0.09244, 0.93045, 0.86961, 0.75832, 0.0573, 0.33168, 0.05534, 0.00372, 0.72642, 0.60161, 0.56972, 0.18539, 0.15659, 0.77249, 0.88585, 0.14771, 0.81614, 0.05575, 0.13265, 0.08599, 0.15396, 0.49327, 0.64047, 0.35213, 0.69674, 0.85246, 0.88112, 0.84226, 0.87128, 0.71373, 0.62017, 0.72264, 0.61335, 0.15641, 0.80207, 0.88716, 0.8588, 0.06232, 0.86261, 0.1693, 0.73612, 0.09098, 0.05217, 0.72676, 0.6564, 0.50989, 0.52006, 0.71274, 0.15272, 0.81159, 0.39953, 0.12291, 0.65118, 0.25096, 0.22174, 0.42548, 0.26556, 0.93011, 0.91086, 0.04637, 0.9087, 0.83462, 0.86361, 0.17608, 0.05933, 0.08518, 0.23386, 0.08226, 0.7186, 0.1313, 0.77371, 0.91954, 0.08788, 0.07334, 0.67513, 0.15719, 0.61853, 0.82103, 0.77332, 0.46644, 0.77499, 0.61421, 0.4541, 0.74138, 0.34187, 0.67664, 0.13139, 0.34695, 0.83342, 0.11829, 0.08833, 0.90535, 0.41174, 0.81851, 0.57765, 0.03599, 0.00996, 0.89118, 0.48714, 0.52023, 0.53908, 0.38465, 0.82003, 0.15711, 0.4634, 0.82251, 0.02111, 0.88463, 0.26656, 0.06436, 0.32348, 0.87764, 0.47749, 0.27347, 0.1065, 0.59378, 0.83302, 0.74039, 0.89684, 0.03968, 0.70015, 0.83314, 0.50007, 0.71866, 0.06524, 0.00632, 0.84075, 0.91592, 0.76614, 0.73182, 0.30337, 0.14248, 0.00941, 0.54607, 0.50201, 0.42838, 0.3147, 0.76418, 0.12191, 0.80968, 0.1415, 0.80651, 0.43904, 0.03413, 0.32358, 0.1778, 0.78928, 0.49092, 0.94432, 0.51156, 0.78548, 0.85159, 0.12047, 0.68805, 0.11677, 0.14081, 0.83323, 0.12719, 0.72062, 0.1261, 0.2969, 0.71161, 0.40894, 0.83597, 0.25492, 0.03084, 0.2498, 0.18441, 0.75075, 0.2782, 0.16714, 0.7034, 0.83439, 0.18812, 0.48295, 0.64985, 0.64592, 0.10263, 0.02635, 0.24671, 0.03328, 0.27582, 0.01161, 0.89157, 0.77747, 0.87128, 0.08408, 0.91202, 0.09481, 0.92074, 0.59337, 0.16263, 0.45315, 0.43472, 0.05063, 0.4714, 0.40934, 0.53796, 0.54471, 0.00518, 0.20396, 0.82543, 0.19729, 0.82151, 0.04646, 0.52393, 0.12384, 0.42508, 0.07448, 0.01531, 0.0611, 0.91802, 0.86252, 0.30894, 0.50234, 0.02253, 0.11791, 0.76956, 0.8106, 0.60843, 0.07976, 0.82882, 0.48662, 0.48848, 0.0108, 0.73975, 0.1744, 0.04053, 0.31892, 0.56372, 0.82388, 0.12221, 0.12291, 0.38977, 0.18961, 0.91028, 0.28413, 0.8954, 0.26382, 0.83707, 0.01699, 0.2925, 0.38003, 0.47311, 0.72646, 0.50321, 0.89481, 0.10327, 0.04097, 0.91501, 0.77893, 0.87869, 0.59737, 0.3229, 0.38985, 0.59331, 0.11052, 0.47563, 0.84092, 0.19386, 0.75291, 0.8737, 0.02937, 0.08989, 0.87162, 0.72868, 0.18263, 0.11972, 0.90601, 0.11712, 0.47341, 0.08994, 0.70298, 0.70769, 0.85072, 0.54275, 0.83807, 0.66736, 0.5055, 0.51275, 0.23414, 0.78514, 0.69449, 0.12761, 0.13015, 0.10567, 0.26778, 0.10833, 0.73139, 0.87435, 0.91031, 0.70501, 0.36805, 0.91999, 0.55927, 0.21931, 0.27303, 0.88798, 0.44142, 0.1617, 0.23209, 0.81646, 0.65003, 0.76868, 