{"model": "xlm-roberta-base", "dataset": "dravidian_kannada", "train_config": "supcon", "seed": 123, "thr_cal": 0.5679205358028411, "metrics_05": {"macro": 0.7395941342023404, "toxf1": 0.6511627906976745, "prec": 0.5550660792951542, "rec": 0.7875, "prauc": 0.7273240982532745, "ece": 0.1292383083660448, "covert": 0.8379888268156425}, "metrics_cal": {"macro": 0.7538075834013616, "toxf1": 0.6592797783933518, "prec": 0.5920398009950248, "rec": 0.74375, "prauc": 0.7273240982532745, "ece": 0.1292383083660448, "covert": 0.8275862068965517}, "probs": [0.26811, 0.63481, 0.71941, 0.11849, 0.40413, 0.63317, 0.15198, 0.26761, 0.03541, 0.15577, 0.38832, 0.19304, 0.02968, 0.28171, 0.58931, 0.19057, 0.14153, 0.59632, 0.09686, 0.28805, 0.43301, 0.12005, 0.42116, 0.54983, 0.99544, 0.58822, 0.97114, 0.52509, 0.54986, 0.59109, 0.99784, 0.72168, 0.32146, 0.35206, 0.78563, 0.07326, 0.05769, 0.06282, 0.54512, 0.09953, 0.76324, 0.07011, 0.81117, 0.18294, 0.23889, 0.52669, 0.18794, 0.30588, 0.03766, 0.39635, 0.87075, 0.55387, 0.02673, 0.76467, 0.1073, 0.4933, 0.01501, 0.62102, 0.34875, 0.94022, 0.4246, 0.25291, 0.6924, 0.55054, 0.0459, 0.12868, 0.07927, 0.15199, 0.78253, 0.9894, 0.11748, 0.09074, 0.38345, 0.46692, 0.48326, 0.7318, 0.12819, 0.47752, 0.6496, 0.72714, 0.10599, 0.85263, 0.12299, 0.5042, 0.50191, 0.0127, 0.78512, 0.03191, 0.70461, 0.11975, 0.05686, 0.39674, 0.05506, 0.3141, 0.14282, 0.29346, 0.10748, 0.03338, 0.0374, 0.09713, 0.04828, 0.75423, 0.12077, 0.94305, 0.73821, 0.27271, 0.54771, 0.1596, 0.10149, 0.47702, 0.80285, 0.11429, 0.02451, 0.08566, 0.15576, 0.06301, 0.32146, 0.11551, 0.75878, 0.86779, 0.18185, 0.03396, 0.77765, 0.71097, 0.27554, 0.04466, 0.18794, 0.76085, 0.04722, 0.33506, 0.8373, 0.0684, 0.32339, 0.734, 0.86245, 0.52458, 0.05996, 0.95927, 0.10249, 0.86527, 0.04466, 0.34767, 0.57926, 0.94581, 0.75358, 0.77609, 0.26708, 0.63371, 0.78064, 0.1327, 0.03065, 0.09484, 0.75566, 0.72954, 0.24196, 0.50581, 0.14343, 0.71151, 0.34267, 0.686, 0.8324, 0.03075, 0.04441, 0.30915, 0.15471, 0.03817, 0.25268, 0.30041, 0.23382, 0.65558, 0.05924, 0.89287, 0.4193, 0.18879, 0.93917, 0.01882, 0.18794, 0.40891, 0.09761, 0.7286, 0.48244, 0.1299, 0.18794, 0.90843, 0.79433, 0.12127, 0.73077, 0.1357, 0.19131, 0.28546, 0.39841, 0.87872, 0.17938, 0.18794, 0.82773, 0.9003, 0.22827, 0.39611, 0.43248, 0.56766, 0.46182, 0.05285, 0.02988, 0.4804, 0.27912, 0.25903, 0.63627, 0.23616, 0.87945, 0.05869, 0.79335, 0.49497, 0.25408, 0.0548, 0.07899, 0.04447, 0.84406, 0.06347, 0.02908, 0.24731, 0.02324, 0.17338, 0.04937, 0.51041, 0.78373, 0.34065, 0.03213, 0.61778, 0.07614, 0.10877, 0.02642, 0.47645, 0.01471, 0.50446, 0.32521, 0.67521, 0.99784, 0.4021, 0.0365, 0.06057, 0.57955, 0.18794, 0.44676, 0.99142, 0.97404, 0.12787, 0.08877, 0.25487, 0.22957, 0.82769, 0.53108, 0.15113, 0.1901, 0.1603, 0.17727, 0.10539, 0.61851, 0.34279, 0.30727, 0.05365, 0.83203, 0.73821, 0.50185, 0.63544, 0.15623, 0.05705, 0.18794, 0.03015, 0.10537, 0.0368, 0.12808, 0.0808, 0.74058, 0.49172, 0.04668, 0.69461, 0.36837, 0.04608, 0.94813, 0.9092, 0.01032, 0.79722, 0.8486, 0.42435, 0.5975, 0.70189, 0.0873, 0.43625, 0.08009, 0.09427, 0.61269, 0.05914, 0.1697, 0.79142, 0.11321, 0.18794, 0.63258, 0.72831, 0.16449, 0.0886, 0.03965, 0.32387, 0.03345, 0.62885, 0.21359, 0.04158, 0.28453, 0.18794, 0.4393, 0.19807, 0.25137, 0.04799, 0.04152, 0.08466, 0.6496, 0.24068, 0.06378, 0.24448, 0.51327, 0.43579, 0.74964, 0.57435, 0.03041, 0.06297, 0.92157, 0.1036, 0.79734, 0.03424, 0.38282, 0.90289, 0.02062, 0.32267, 0.1478, 0.22564, 0.04936, 0.18631, 0.33926, 0.37732, 0.08136, 0.03635, 0.64832, 0.07632, 0.59357, 0.5729, 0.65535, 0.58261, 0.99044, 0.81489, 0.18794, 0.71145, 0.07059, 0.13751, 0.74985, 0.62432, 0.37857, 0.77186, 0.66771, 0.93465, 0.0666, 0.06483, 0.79732, 0.06259, 0.83762, 0.56129, 0.10499, 0.05079, 0.86444, 0.17086, 0.03505, 0.76639, 0.99798, 0.21211, 0.06266, 0.18794, 0.16758, 0.54024, 0.38666, 0.65725, 0.85805, 0.39275, 0.54924, 0.10845, 0.03316, 0.84154, 0.70386, 0.49444, 0.03644, 0.0912, 0.75763, 0.75781, 0.31926, 0.10358, 0.13747, 0.13007, 0.2751, 0.02007, 0.48269, 0.50718, 0.36959, 0.85404, 0.45203, 0.804, 0.38294, 0.80784, 0.20927, 0.15188, 0.11512, 0.99705, 0.16174, 0.18704, 0.12, 0.12855, 0.57064, 0.05639, 0.49112, 0.44801, 0.12302, 0.79631, 0.05896, 0.60017, 0.27391, 0.87719, 0.77684, 0.03957, 0.50446, 0.68292, 0.43429, 0.94739, 0.96067, 0.06518, 0.12219, 0.61672, 0.0306, 0.82549, 0.42596, 0.84136, 0.68917, 0.60192, 0.94941, 0.0441, 0.14457, 0.4958, 0.07055, 0.0616, 0.99308, 0.8224, 0.01231, 0.94904, 0.67421, 0.67381, 0.44087, 0.39479, 0.04215, 0.1131, 0.63015, 0.22894, 0.62715, 0.0821, 0.11539, 0.07872, 0.50317, 0.05938, 0.17281, 0.02637, 0.64564, 0.78493, 0.13922, 0.91893, 0.89653, 0.8653, 0.68596, 0.75296, 0.66575, 0.22318, 0.62, 0.0295, 0.24109, 0.9724, 0.35295, 0.10591, 0.91454, 0.78602, 0.01855, 0.13986, 0.64325, 0.4076, 0.86205, 0.69582, 0.30235, 0.09541, 0.03815, 0.37263, 0.79818, 0.96532, 0.05345, 0.25686, 0.71956, 0.77303, 0.90278, 0.61575, 0.05331, 0.03184, 0.51126, 0.04453, 0.0241, 0.67148, 0.06545, 0.16915, 0.64122, 0.82611, 0.03609, 0.97487, 0.07965, 0.18423, 0.13611, 0.78095, 0.90827, 0.63734, 0.19481, 0.46674, 0.14716, 0.85562, 0.89476, 0.0782, 0.79741, 0.82497, 0.18794, 0.61665, 0.53584, 0.17451, 0.15878, 0.84465, 0.75032, 0.13918, 0.93142, 0.18794, 0.28238, 0.32104, 0.46874, 0.76583, 0.33722, 0.86026, 0.57896, 0.74679, 0.11382, 0.29856, 0.70744, 0.75646, 0.31831, 0.80021, 0.95904, 0.03558, 0.16287, 0.14198, 0.01809, 0.97058, 0.01655, 0.38499, 0.35819, 0.04468, 0.06039, 0.31129, 0.27082, 0.83777, 0.83044, 0.71361, 0.27261, 0.0596, 0.79202, 0.32342, 0.84785, 0.97546, 0.58205, 0.83897, 0.07663, 0.09844, 0.49656, 0.13709, 0.13989, 0.37235, 0.64587, 0.09496, 0.35545, 0.79633, 0.03588, 0.32646], "labels": [0, 0, 0, 0, 0, 0, 0, 0, 0, 0, 0, 0, 0, 0, 1, 0, 0, 1, 0, 0, 0, 0, 0, 1, 1, 1, 1, 1, 1, 0, 1, 0, 1, 1, 1, 0, 1, 0, 0, 1, 0, 0, 1, 0, 0, 0, 0, 0, 0, 1, 0, 0, 0, 1, 0, 0, 0, 0, 1, 0, 0, 0, 0, 1, 0, 0, 0, 0, 1, 1, 1, 0, 0, 0, 0, 1, 0, 0, 0, 1, 0, 1, 1, 0, 0, 0, 1, 0, 1, 0, 0, 0, 0, 0, 0, 0, 0, 1, 0, 0, 0, 1, 0, 1, 0, 0, 1, 0, 0, 0, 0, 0, 0, 0, 0, 0, 0, 0, 1, 0, 0, 0, 1, 1, 0, 0, 0, 0, 0, 0, 0, 0, 0, 1, 1, 0, 0, 1, 0, 0, 0, 0, 1, 1, 1, 0, 0, 0, 1, 0, 0, 0, 0, 0, 0, 1, 0, 0, 0, 1, 1, 1, 0, 1, 0, 0, 0, 0, 0, 0, 0, 1, 0, 0, 1, 0, 0, 0, 0, 0, 0, 0, 0, 0, 1, 0, 0, 0, 0, 0, 0, 1, 0, 1, 0, 1, 1, 0, 0, 0, 0, 0, 0, 0, 1, 1, 0, 0, 1, 0, 1, 0, 1, 0, 0, 0, 1, 0, 0, 0, 1, 0, 0, 0, 1, 0, 0, 0, 0, 0, 0, 0, 0, 0, 0, 1, 1, 0, 0, 0, 0, 0, 0, 1, 1, 0, 0, 0, 0, 0, 0, 0, 0, 1, 0, 0, 0, 0, 1, 0, 1, 0, 0, 0, 0, 0, 0, 0, 0, 0, 0, 0, 0, 1, 0, 0, 0, 0, 1, 1, 0, 1, 1, 0, 0, 1, 0, 1, 0, 0, 1, 0, 0, 1, 0, 0, 0, 1, 0, 0, 0, 0, 0, 0, 0, 0, 0, 1, 0, 0, 0, 0, 0, 0, 1, 1, 0, 0, 0, 0, 1, 1, 0, 0, 1, 0, 1, 0, 1, 1, 0, 0, 0, 0, 0, 0, 0, 1, 0, 0, 0, 0, 0, 0, 0, 0, 1, 0, 0, 0, 0, 0, 1, 0, 0, 1, 0, 1, 0, 0, 1, 0, 0, 0, 0, 0, 1, 0, 0, 1, 1, 0, 0, 0, 0, 0, 0, 1, 1, 0, 1, 0, 0, 1, 1, 1, 0, 0, 1, 1, 0, 0, 0, 0, 0, 0, 0, 0, 0, 1, 1, 1, 0, 1, 0, 0, 0, 1, 0, 0, 0, 0, 0, 0, 0, 0, 0, 1, 0, 1, 0, 0, 1, 0, 0, 0, 1, 1, 1, 0, 0, 0, 0, 0, 0, 1, 1, 0, 1, 0, 0, 0, 0, 0, 1, 1, 0, 1, 0, 1, 0, 0, 0, 0, 0, 0, 0, 0, 0, 0, 0, 0, 0, 0, 0, 0, 0, 1, 0, 1, 0, 0, 1, 1, 1, 0, 0, 1, 0, 0, 1, 1, 0, 0, 1, 0, 1, 1, 0, 0, 0, 0, 1, 1, 0, 1, 0, 0, 1, 0, 0, 0, 0, 0, 0, 0, 0, 0, 0, 1, 0, 1, 0, 0, 0, 1, 0, 1, 0, 0, 0, 1, 0, 0, 0, 0, 0, 0, 0, 0, 0, 0, 0, 0, 1, 0, 0, 1, 1, 1, 0, 0, 0, 1, 0, 0, 0, 1, 0, 1, 1, 0, 0, 0, 0, 1, 0, 0, 0, 0, 0, 0, 0, 1, 1, 1, 1, 0, 0, 0, 1, 1, 0, 0, 0, 0, 0, 0, 0, 0, 0, 0, 0, 1, 0, 1], "n": {"train": 3400, "val": 600, "test": 586, "toxic_frac": 0.23911764705882352}}