{"model": "xlm-roberta-base", "dataset": "dravidian_malayalam", "train_config": "ce", "seed": 123, "thr_cal": 0.6968748271465298, "metrics_05": {"macro": 0.5565973966375819, "toxf1": 0.16374269005847952, "prec": 0.11290322580645161, "rec": 0.2978723404255319, "prauc": 0.12806019702090385, "ece": 0.1481781784395377, "covert": 0.1728395061728395}, "metrics_cal": {"macro": 0.5794812950672178, "toxf1": 0.18867924528301888, "prec": 0.1694915254237288, "rec": 0.2127659574468085, "prauc": 0.12806019702090385, "ece": 0.1481781784395377, "covert": 0.20408163265306123}, "probs": [0.06647, 0.12165, 0.06287, 0.25942, 0.06216, 0.09137, 0.07658, 0.14763, 0.21556, 0.02646, 0.0784, 0.10043, 0.22577, 0.0451, 0.13347, 0.05817, 0.25028, 0.04245, 0.04003, 0.16365, 0.20538, 0.08734, 0.4719, 0.0331, 0.04685, 0.03059, 0.07429, 0.0564, 0.04224, 0.29791, 0.17191, 0.05132, 0.08126, 0.07649, 0.1366, 0.04509, 0.26789, 0.04278, 0.04089, 0.02887, 0.05664, 0.03767, 0.05216, 0.08224, 0.78825, 0.05078, 0.06049, 0.21436, 0.0534, 0.05805, 0.08192, 0.11552, 0.11244, 0.28554, 0.0841, 0.03025, 0.1096, 0.0506, 0.16059, 0.07029, 0.21915, 0.05534, 0.16141, 0.15249, 0.10102, 0.15617, 0.05171, 0.06842, 0.03726, 0.17563, 0.39974, 0.07167, 0.03724, 0.05295, 0.76135, 0.04141, 0.02847, 0.07815, 0.02911, 0.07206, 0.64798, 0.03545, 0.06312, 0.03129, 0.03264, 0.05156, 0.05367, 0.09681, 0.07898, 0.07827, 0.07928, 0.20208, 0.05608, 0.26268, 0.19957, 0.07395, 0.04483, 0.04318, 0.10271, 0.08888, 0.09131, 0.02874, 0.07031, 0.05571, 0.09233, 0.10907, 0.0363, 0.08805, 0.60585, 0.27681, 0.04891, 0.26241, 0.04412, 0.1462, 0.46923, 0.21542, 0.54945, 0.03519, 0.08376, 0.06734, 0.69268, 0.07906, 0.55572, 0.10492, 0.648, 0.22494, 0.55276, 0.08606, 0.11023, 0.09634, 0.13856, 0.2481, 0.14747, 0.17101, 0.14726, 0.19052, 0.06559, 0.08765, 0.07727, 0.08041, 0.10476, 0.07272, 0.08733, 0.0405, 0.07143, 0.0652, 0.06579, 0.05341, 0.02402, 0.13664, 0.27794, 0.03398, 0.05207, 0.04073, 0.62937, 0.88404, 0.04184, 0.22756, 0.05266, 0.18671, 0.05867, 0.36752, 0.04198, 0.26277, 0.18833, 0.02789, 0.0459, 0.09675, 0.25559, 0.04226, 0.15821, 0.08611, 0.25968, 0.46757, 0.04025, 0.04798, 0.68002, 0.54413, 0.04985, 0.22866, 0.10032, 0.05097, 0.85325, 0.20569, 0.90551, 0.08187, 0.12932, 0.03973, 0.33564, 0.26503, 0.43348, 0.11341, 0.95135, 0.08133, 0.07886, 0.40527, 0.05953, 0.3798, 0.76829, 0.04701, 0.11061, 0.07209, 0.13839, 0.17887, 0.11446, 0.09647, 0.02676, 0.10949, 0.21664, 0.0369, 0.10703, 0.07627, 0.08281, 0.283, 0.10114, 0.04209, 0.42205, 0.14065, 0.02639, 0.03604, 0.05041, 0.20095, 0.04512, 0.0971, 0.04178, 0.03315, 0.57509, 0.04924, 0.06818, 0.49158, 0.07997, 0.08569, 0.10318, 0.05078, 0.28534, 0.53111, 0.11537, 0.07989, 0.07327, 0.08776, 0.30356, 0.03245, 0.0595, 0.29483, 0.08044, 0.39125, 0.8952, 0.02702, 0.13974, 0.0287, 0.05799, 0.34663, 0.08491, 0.03533, 0.04595, 0.08375, 0.09963, 0.1037, 0.05915, 0.02961, 0.0392, 0.14851, 0.12505, 0.06249, 0.39588, 0.0626, 0.03238, 0.1716, 0.51778, 0.12041, 0.25662, 0.19671, 0.10176, 0.25064, 0.23592, 0.07966, 0.09023, 0.03653, 0.04508, 0.04323, 0.07821, 0.08914, 0.07386, 0.11983, 0.03519, 0.06046, 0.11866, 0.0641, 0.02891, 0.03622, 0.76542, 0.60825, 0.13285, 0.13784, 0.14237, 0.75955, 0.28486, 0.41432, 0.09982, 0.24015, 0.31821, 0.06981, 0.04046, 0.22068, 0.18543, 0.2463, 0.12417, 0.30527, 0.0376, 0.79526, 0.4282, 0.07379, 0.10151, 0.6244, 0.25758, 0.22142, 0.12182, 0.48128, 0.04025, 0.21595, 0.08515, 0.14308, 0.0386, 0.20499, 0.04051, 0.14904, 0.03545, 0.08577, 0.27789, 0.20542, 0.57117, 0.43543, 0.09379, 0.15363, 0.0396, 0.03646, 0.04677, 0.3601, 0.04494, 0.16668, 0.04939, 0.03315, 0.87987, 0.08856, 0.05072, 0.17605, 0.09878, 0.04054, 0.20319, 0.03773, 0.08831, 0.09281, 0.08364, 0.07425, 0.07997, 0.30633, 0.33166, 0.06871, 0.05747, 0.59049, 0.0538, 0.13172, 0.02934, 0.79196, 0.04799, 0.0452, 0.23226, 0.06847, 0.19232, 0.10907, 0.11362, 0.03772, 0.71389, 0.19921, 0.06522, 0.57117, 0.26227, 0.02569, 0.06464, 0.29096, 0.03318, 0.06191, 0.08432, 0.17918, 0.10306, 0.16598, 0.04629, 0.11753, 0.15624, 0.25929, 0.22317, 0.05116, 0.07911, 0.13915, 0.75933, 0.23268, 0.25489, 0.05956, 0.03105, 0.38615, 0.29111, 0.0596, 0.8648, 0.05371, 0.1487, 0.07854, 0.0843, 0.63133, 0.06108, 0.02446, 0.03412, 0.03703, 0.43147, 0.20731, 0.30523, 0.04869, 0.06846, 0.29094, 0.08352, 0.62963, 0.70608, 0.11332, 0.13402, 0.13482, 0.10616, 0.12862, 0.06462, 0.04533, 0.0462, 0.16601, 0.0935, 0.05638, 0.03311, 0.04537, 0.30622, 0.64761, 0.17004, 0.09976, 0.06434, 0.06473, 0.08357, 0.02857, 0.03147, 0.07813, 0.16672, 0.03621, 0.19027, 0.0548, 0.28266, 0.03184, 0.58496, 0.06917, 0.03208, 0.05967, 0.3782, 0.21813, 0.03519, 0.096, 0.24518, 0.68614, 0.02962, 0.05982, 0.05846, 0.06179, 0.03792, 0.137, 0.08297, 0.05573, 0.05091, 0.1296, 0.53111, 0.31328, 0.66176, 0.05044, 0.25623, 0.42957, 0.08004, 0.29666, 0.82248, 0.137, 0.13083, 0.44351, 0.06778, 0.17913, 0.70197, 0.03103, 0.10424, 0.20705, 0.08669, 0.76809, 0.37352, 0.8605, 0.06734, 0.03245, 0.2164, 0.05674, 0.03632, 0.16253, 0.46184, 0.07942, 0.46312, 0.0356, 0.03072, 0.85569, 0.04709, 0.03258, 0.58716, 0.05899, 0.06518, 0.2752, 0.05956, 0.24318, 0.47788, 0.2995, 0.04662, 0.12607, 0.29167, 0.5419, 0.21758, 0.058, 0.02591, 0.06662, 0.06622, 0.0866, 0.06907, 0.12328, 0.46925, 0.08894, 0.03783, 0.14198, 0.28818, 0.27188, 0.25992, 0.31549, 0.15474, 0.16394, 0.21489, 0.05732, 0.09926, 0.09346, 0.0213, 0.81725, 0.19374, 0.04447, 0.5596, 0.21766, 0.10188, 0.16654, 0.05939, 0.04028, 0.03036, 0.20027, 0.04427, 0.06452, 0.20747, 0.03764, 0.40376, 0.03584, 0.10623, 0.09574, 0.11576, 0.12819, 0.31289, 0.1109, 0.65761, 0.09468, 0.16002, 0.03773, 0.66404, 0.51077, 0.07742, 0.11356, 0.0354, 0.09053, 0.13504, 0.3526, 0.0262, 0.09257, 0.12131, 0.1214, 0.15926, 0.03385, 0.1731, 0.276, 0.15994, 0.39629, 0.02379, 0.06481, 0.25744, 0.45376, 0.1222, 0.22008, 0.21405, 0.11812, 0.21573, 0.04304, 0.20241, 0.13653, 0.05159, 0.14851, 0.05852, 0.2198, 0.84371, 0.27837, 0.17909, 0.56448, 0.78897, 0.27721, 0.13582, 0.20935, 0.19857, 0.04244, 0.10401, 0.28042, 0.19476, 0.12896, 0.29639, 0.15183, 0.04281, 0.26509, 0.04685, 0.11145, 0.8047, 0.38608, 0.19506, 0.13656, 0.79978, 0.05585, 0.03328, 0.04959, 0.05228, 0.29538, 0.03324, 0.85916, 0.197, 0.17692, 0.30518, 0.29925, 0.0439, 0.04983, 0.12242, 0.05442, 0.17018, 0.06512, 0.09803, 0.79139, 0.45579, 0.15427, 0.49666, 0.32908, 0.04959, 0.40332, 0.12633, 0.85735, 0.12488, 0.03812, 0.90326, 0.1166, 0.07234, 0.239, 0.69159, 0.11934, 0.0394, 0.03717, 0.03229, 0.09595, 0.22866, 0.17041, 0.2529, 0.09931, 0.03058, 0.04702, 0.43891, 0.11797, 0.13402, 0.87363, 0.62207, 0.07134, 0.03639, 0.20653, 0.08863, 0.05459, 0.03195, 0.63104, 0.26003, 0.12662, 0.46757, 0.48178, 0.47345, 0.11011, 0.08447, 0.42689, 0.55076, 0.08448, 0.03691, 0.3479, 0.14412, 0.87926, 0.55646, 0.65023, 0.19079, 0.05104, 0.44899, 0.19414, 0.02796, 0.07738, 0.273, 0.19767, 0.57053, 0.07935, 0.34113, 0.04444, 0.04385, 0.07926, 0.11005, 0.08735, 0.03176, 0.31412, 0.09252, 0.06989, 0.07235, 0.05484, 0.68222, 0.06285, 0.19989, 0.37142, 0.06992, 0.39226, 0.10486, 0.05744, 0.13277, 0.06205, 0.13488, 0.4806, 0.04868, 0.075, 0.21585, 0.05933, 0.21394, 0.09815, 0.09036, 0.09149, 0.25459, 0.0489, 0.1822, 0.61951, 0.1018, 0.18461, 0.10272, 0.04156, 0.06803, 0.2093, 0.05144, 0.05351, 0.03068, 0.05661, 0.09781, 0.12317, 0.09997, 0.03286, 0.16099, 0.05736, 0.05951, 0.3363, 0.06847, 0.05931, 0.24885, 0.56022, 0.08447, 0.0356, 0.20926, 0.48055, 0.22818, 0.05027, 0.25582, 0.8188, 0.10503, 0.03412, 0.67534, 0.4692, 0.19184, 0.0386, 0.10753, 0.13163, 0.11054, 0.10233, 0.03639, 0.10114, 0.05687, 0.12339, 0.14727, 0.18984, 0.65516, 0.04943, 0.03098, 0.59133, 0.02677, 0.05786, 0.03702, 0.10273, 0.0924, 0.06845, 0.05637, 0.88168, 0.10941, 0.08482, 0.45916, 0.13397, 0.31364, 0.06957, 0.06234, 0.06149, 0.05173, 0.04664, 0.05585, 0.35786, 0.03261, 0.37863, 0.04162, 0.0658, 0.49104, 0.18203, 0.286, 0.06138, 0.07243, 0.03994, 0.06664, 0.16841, 0.54227, 0.07187, 0.02493, 0.11033, 0.03373, 0.05631, 0.06696, 0.03459, 