{"model": "xlm-roberta-base", "dataset": "dravidian_malayalam", "train_config": "supcon", "seed": 7, "thr_cal": 0.5005894094705582, "metrics_05": {"macro": 0.030381383322559793, "toxf1": 0.060762766645119586, "prec": 0.03133333333333333, "rec": 1.0, "prauc": 0.040135660818685734, "ece": 0.4692552029291789, "covert": 0.15436241610738255}, "metrics_cal": {"macro": 0.3637619776947736, "toxf1": 0.07151664611590629, "prec": 0.03795811518324607, "rec": 0.6170212765957447, "prauc": 0.040135660818685734, "ece": 0.4692552029291789, "covert": 0.1807909604519774}, "probs": [0.50062, 0.50056, 0.50061, 0.50052, 0.50049, 0.50059, 0.50054, 0.50056, 0.50057, 0.50065, 0.50066, 0.50068, 0.50066, 0.50067, 0.50063, 0.50066, 0.50059, 0.50058, 0.50063, 0.50061, 0.50064, 0.50056, 0.50063, 0.50064, 0.50065, 0.50058, 0.50064, 0.50063, 0.50063, 0.5006, 0.50062, 0.50065, 0.50063, 0.5006, 0.50068, 0.50063, 0.50055, 0.5006, 0.50059, 0.50056, 0.50066, 0.50059, 0.50064, 0.50058, 0.50061, 0.50052, 0.50065, 0.5006, 0.50054, 0.50063, 0.50056, 0.50059, 0.50062, 0.50063, 0.50043, 0.50062, 0.50055, 0.50063, 0.50056, 0.5005, 0.50052, 0.50054, 0.50059, 0.50057, 0.50053, 0.50044, 0.5006, 0.50045, 0.50061, 0.50063, 0.50059, 0.50059, 0.50067, 0.50054, 0.50062, 0.50067, 0.50058, 0.50055, 0.50057, 0.50054, 0.50062, 0.50058, 0.50058, 0.50061, 0.50066, 0.50062, 0.50062, 0.50063, 0.50058, 0.50065, 0.50056, 0.50059, 0.50068, 0.50057, 0.50058, 0.50066, 0.50064, 0.50065, 0.5005, 0.50053, 0.50057, 0.50055, 0.50065, 0.50055, 0.50063, 0.50062, 0.50054, 0.50048, 0.50061, 0.50059, 0.50052, 0.50055, 0.50062, 0.50059, 0.50055, 0.50055, 0.5006, 0.5006, 0.50061, 0.50056, 0.50066, 0.50048, 0.50053, 0.50048, 0.50057, 0.5006, 0.50065, 0.50054, 0.50061, 0.50059, 0.50056, 0.50048, 0.50058, 0.50059, 0.50053, 0.50056, 0.50059, 0.5006, 0.50059, 0.50055, 0.50055, 0.50066, 0.50058, 0.5006, 0.50067, 0.50065, 0.50062, 0.50063, 0.50058, 0.50063, 0.50063, 0.50057, 0.50056, 0.50059, 0.50063, 0.50082, 0.50063, 0.50054, 0.50061, 0.50042, 0.50063, 0.50054, 0.50043, 0.50061, 0.50055, 0.50054, 0.50059, 0.50053, 0.50062, 0.50049, 0.50059, 0.50062, 0.50056, 0.50061, 0.50062, 0.50066, 0.5006, 0.50062, 0.50059, 0.50056, 0.50059, 0.5006, 0.50064, 0.50066, 0.50066, 0.50058, 0.50065, 0.50054, 0.50054, 0.50065, 0.50062, 0.50067, 0.50068, 0.50046, 0.50047, 0.50069, 0.50066, 0.50057, 0.5006, 0.50059, 0.50053, 0.50055, 0.50058, 0.50059, 0.50062, 0.50067, 0.50055, 0.5005, 0.50056, 0.5006, 0.50057, 0.50062, 0.50051, 0.50065, 0.50056, 0.50055, 0.50061, 0.50065, 0.50051, 0.50046, 0.50057, 0.5006, 0.50067, 0.50067, 0.50066, 0.50063, 0.50063, 0.50047, 0.50053, 0.50059, 0.50054, 0.50059, 0.50054, 0.50052, 0.50061, 0.50058, 0.50062, 0.50056, 0.5006, 0.5005, 0.50057, 0.50063, 0.50071, 0.50061, 0.50067, 0.50063, 0.50064, 0.50066, 0.50064, 0.50063, 0.50062, 0.50055, 0.5006, 0.50059, 0.50064, 0.50063, 0.50059, 0.50051, 0.50055, 0.50054, 0.50045, 0.50065, 0.50061, 0.5006, 0.50062, 0.50064, 0.50057, 0.50053, 0.50068, 0.50057, 0.50061, 0.50059, 0.50062, 0.5006, 0.50057, 0.50059, 0.50052, 0.50055, 0.50061, 0.50065, 0.50054, 0.50057, 0.50055, 0.50059, 0.50052, 0.50058, 0.50051, 0.50055, 0.50052, 0.50057, 0.50062, 0.50063, 0.50058, 0.50052, 0.50053, 0.5007, 0.50063, 0.50062, 0.50057, 0.50055, 0.50058, 0.50067, 0.50048, 0.50059, 0.50052, 0.50061, 0.50049, 0.50063, 0.50064, 0.50063, 0.50055, 0.50061, 0.50064, 0.50057, 0.50065, 0.50055, 0.50058, 0.50068, 0.50062, 0.50067, 0.5006, 0.50064, 0.50066, 0.50062, 0.50061, 0.5005, 0.50058, 0.50064, 0.50056, 0.50058, 0.50054, 0.50058, 0.50054, 0.5006, 0.50064, 0.50065, 0.50051, 0.50064, 0.50068, 0.50055, 0.50068, 0.50056, 0.50062, 0.50065, 0.50053, 0.50064, 0.50057, 0.50059, 0.50059, 0.50055, 0.5006, 0.50049, 0.50063, 0.50063, 0.50054, 0.50068, 0.50065, 0.50062, 0.50056, 0.50061, 0.50063, 0.50056, 0.50049, 0.50061, 0.5005, 0.50056, 0.50061, 0.50053, 0.50055, 0.50062, 0.50064, 0.5005, 0.5007, 0.50058, 0.50061, 0.50054, 0.50065, 0.50063, 0.50056, 0.50066, 0.50056, 0.50061, 0.50059, 0.50057, 0.50057, 0.50058, 0.50052, 0.50059, 0.50057, 0.50046, 0.50057, 0.50062, 0.50055, 0.5006, 0.50064, 0.50062, 0.50068, 0.50052, 0.50061, 0.5006, 0.50052, 0.50054, 0.50064, 0.50067, 0.5006, 0.50063, 0.50057, 0.50064, 0.50069, 0.50046, 0.50051, 0.50052, 0.50058, 0.50057, 0.50056, 0.50052, 0.50062, 0.5006, 0.50059, 0.50059, 0.50055, 0.50065, 0.50061, 0.50057, 0.50053, 0.50066, 0.50059, 0.50065, 0.50062, 0.50057, 0.50062, 0.50055, 0.50058, 0.50058, 0.50053, 0.50062, 0.50055, 0.50066, 0.50059, 0.50055, 0.50053, 0.50051, 0.50058, 0.50051, 0.50066, 0.50056, 0.50068, 0.50068, 0.50045, 0.50058, 0.50059, 0.50053, 0.50053, 0.50057, 0.50062, 0.50059, 0.5006, 0.50056, 0.5006, 0.50067, 0.50058, 0.50052, 0.50069, 0.5006, 0.50061, 0.50055, 0.50065, 0.50055, 0.50051, 0.50056, 0.50058, 0.50055, 0.50064, 0.50063, 0.50058, 0.50054, 0.50055, 0.50054, 0.50063, 0.50054, 0.50053, 0.50056, 0.50054, 0.50057, 0.50067, 0.50057, 0.50058, 0.50061, 0.50065, 0.50061, 0.50064, 0.5006, 0.50056, 0.50063, 0.50064, 0.50067, 0.50069, 0.50049, 0.50047, 0.5006, 0.50063, 0.50062, 0.50056, 0.50066, 0.50047, 0.5006, 0.5006, 0.50056, 0.50057, 0.50055, 0.50054, 0.50061, 0.50057, 0.50062, 0.50061, 0.50056, 0.50056, 0.50063, 0.50065, 0.50059, 0.50062, 0.50062, 0.50059, 0.50048, 0.50053, 0.50053, 0.50072, 0.50056, 0.50059, 0.50048, 0.50051, 0.5006, 0.50063, 0.50056, 0.50063, 0.50058, 0.50051, 0.50065, 0.50052, 0.5006, 0.50056, 0.50061, 0.50061, 0.50065, 0.5006, 0.50051, 0.50052, 0.50063, 0.50054, 0.50058, 0.50054, 0.5007, 0.50048, 0.50063, 0.50065, 0.50054, 0.50056, 0.50057, 0.50063, 0.50064, 0.50062, 0.50057, 0.50061, 0.50053, 0.50061, 0.50057, 0.50056, 0.50054, 0.50059, 0.50061, 0.5006, 0.50049, 0.50066, 0.50065, 0.50057, 0.50061, 0.50057, 0.50059, 0.50063, 0.50063, 0.50062, 0.50055, 0.50058, 0.5006, 0.50053, 0.50059, 0.50059, 0.50058, 0.5006, 0.50061, 0.50054, 0.50053, 0.50057, 0.50059, 0.50056, 0.50061, 0.50059, 0.50059, 0.50056, 0.50065, 0.50063, 0.50054, 0.50063, 0.50051, 0.50063, 0.50064, 0.5006, 0.50066, 0.50059, 0.50063, 0.50048, 0.5005, 0.50059, 0.50055, 0.50056, 0.50065, 0.50051, 0.50055, 0.50045, 0.50056, 0.50065, 0.5006, 0.50064, 0.50061, 0.50055, 0.50058, 0.50061, 0.50066, 0.50052, 0.50052, 0.50064, 0.50063, 0.50057, 0.50075, 0.50056, 0.50058, 0.50063, 0.50056, 0.50057, 0.50062, 0.50062, 0.50056, 0.50053, 0.50061, 0.50056, 0.50063, 0.50059, 0.50065, 0.50062, 0.50055, 0.50057, 0.50062, 0.50048, 0.50056, 0.50051, 0.50047, 0.50068, 0.50061, 0.50063, 0.50053, 0.50061, 0.50064, 0.50054, 0.50054, 0.50068, 0.50068, 0.5006, 0.50054, 0.50062, 0.50065, 0.50057, 0.50065, 0.50059, 0.50055, 0.50061, 0.50062, 0.50062, 0.50054, 0.50064, 0.50065, 0.5007, 0.50054, 0.50066, 0.5006, 0.50058, 0.5006, 0.50054, 0.50058, 0.50059, 0.50055, 0.50067, 0.50056, 0.50069, 0.50061, 0.50058, 0.50049, 0.50063, 0.50069, 0.50059, 0.50059, 0.50067, 0.50059, 0.50061, 0.50061, 0.50056, 0.50061, 0.50054, 0.50059, 0.50061, 0.50058, 0.50063, 0.50056, 0.50061, 0.50048, 0.5005, 0.50065, 0.50064, 0.50055, 0.50053, 0.50066, 0.50063, 0.50048, 0.50062, 0.50057, 0.50057, 0.50053, 0.50054, 0.50063, 0.50066, 0.50066, 0.5005, 0.50058, 0.50062, 0.50064, 0.50066, 0.50063, 0.50068, 0.50048, 0.50056, 0.5006, 0.5006, 0.50065, 0.5006, 0.50059, 0.50066, 0.50058, 0.50057, 0.50067, 0.50067, 0.50061, 0.50052, 0.50056, 0.50063, 0.50065, 0.50055, 0.5005, 0.50058, 0.5006, 0.50062, 0.50065, 0.50054, 0.50058, 0.50068, 0.50059, 0.50053, 0.50061, 0.50062, 0.50058, 0.50067, 0.50056, 0.50063, 0.50056, 0.50068, 0.50063, 0.50063, 0.50069, 0.50066, 0.50053, 0.50055, 0.50062, 0.50061, 0.50066, 0.50063, 0.50054, 0.50057, 0.50059, 0.50064, 0.50056, 0.50066, 0.50056, 0.50058, 0.50059, 0.50064, 0.50053, 0.50055, 0.50068, 0.50056, 0.50061, 0.50063, 0.50059, 0.50068, 0.50061, 0.5007, 0.50061, 0.50065, 0.50058, 0.50057, 0.50058, 0.50059, 0.50057, 0.50056, 0.50055, 0.50058, 0.50059, 0.50066, 0.50057, 0.50064, 0.50058, 0.50055, 0.50051, 0.50061, 0.50063, 0.50065, 0.50065, 0.50065, 0.50061, 0.50061, 0.50052, 0.50062, 0.50062, 0.50054, 0.50054, 