{"model": "xlm-roberta-base", "dataset": "hatexplain", "train_config": "supcon", "seed": 42, "thr_cal": 0.503043095767498, "metrics_05": {"macro": 0.7207002467994184, "toxf1": 0.8002075765438506, "prec": 0.7603550295857988, "rec": 0.8444687842278203, "prauc": 0.8747459413087338, "ece": 0.11854388686766229, "covert": 0.9006410256410257}, "metrics_cal": {"macro": 0.7232183570473534, "toxf1": 0.8014553014553014, "prec": 0.7626112759643917, "rec": 0.8444687842278203, "prauc": 0.8747459413087338, "ece": 0.11854388686766229, "covert": 0.9006410256410257}, "probs": [0.20592, 0.2672, 0.30336, 0.85465, 0.67734, 0.74961, 0.99606, 0.1853, 0.76433, 0.03554, 0.36918, 0.07256, 0.07377, 0.14994, 0.24782, 0.07758, 0.0999, 0.1508, 0.99508, 0.07449, 0.04892, 0.54552, 0.05501, 0.91183, 0.19834, 0.8771, 0.99485, 0.37627, 0.07595, 0.18003, 0.87658, 0.73717, 0.79017, 0.79733, 0.99376, 0.04475, 0.39922, 0.57428, 0.9914, 0.05127, 0.99765, 0.60061, 0.51549, 0.61205, 0.54823, 0.6279, 0.07349, 0.96897, 0.96749, 0.84366, 0.07396, 0.80459, 0.98189, 0.36814, 0.62757, 0.94798, 0.22921, 0.11272, 0.93354, 0.50838, 0.20078, 0.94939, 0.99566, 0.8424, 0.99286, 0.68373, 0.99424, 0.76957, 0.84803, 0.98842, 0.07224, 0.99707, 0.84696, 0.95591, 0.14072, 0.44433, 0.95779, 0.66687, 0.81825, 0.99478, 0.94587, 0.14533, 0.79581, 0.16148, 0.78291, 0.96157, 0.99582, 0.09348, 0.76144, 0.82226, 0.08707, 0.99448, 0.95859, 0.87497, 0.97256, 0.77152, 0.93589, 0.41503, 0.60907, 0.99762, 0.04006, 0.92366, 0.99095, 0.9059, 0.05352, 0.96675, 0.94875, 0.90163, 0.99571, 0.22416, 0.04845, 0.89818, 0.13875, 0.13369, 0.35474, 0.69506, 0.72851, 0.90084, 0.92882, 0.97847, 0.82579, 0.17755, 0.05805, 0.97182, 0.82974, 0.27314, 0.27438, 0.14956, 0.20946, 0.98383, 0.61547, 0.97528, 0.16871, 0.51109, 0.89429, 0.55966, 0.64683, 0.98594, 0.96324, 0.11031, 0.63855, 0.95518, 0.87142, 0.99691, 0.92791, 0.56763, 0.94298, 0.85275, 0.94958, 0.73737, 0.95364, 0.67272, 0.96721, 0.68186, 0.96849, 0.89827, 0.94893, 0.51364, 0.06337, 0.98872, 0.7491, 0.92444, 0.95213, 0.95642, 0.99388, 0.13174, 0.96608, 0.24975, 0.92225, 0.87219, 0.11764, 0.20786, 0.06102, 0.66622, 0.78388, 0.74177, 0.7978, 0.2171, 0.99482, 0.28472, 0.99207, 0.06749, 0.21232, 0.33302, 0.99636, 0.15208, 0.99443, 0.81795, 0.44812, 0.98932, 0.9327, 0.99692, 0.96817, 0.99431, 0.96324, 0.95571, 0.89354, 0.96205, 0.98169, 0.86409, 0.92957, 0.10407, 0.24961, 0.0916, 0.80602, 0.59205, 0.32981, 0.92807, 0.73549, 0.23068, 0.42341, 0.28109, 0.74538, 0.97618, 0.72395, 0.42512, 0.04484, 0.1741, 0.9426, 0.97077, 0.33013, 0.23765, 0.88045, 0.99584, 0.08738, 0.99155, 0.96379, 0.69957, 0.66409, 0.95548, 0.99375, 0.88224, 0.95132, 0.96921, 0.98642, 0.82719, 0.91823, 0.7561, 0.98946, 0.97315, 0.11986, 0.97093, 0.80185, 0.87773, 0.94669, 0.93046, 0.82927, 0.09016, 0.06844, 0.56459, 0.82491, 0.99248, 0.66228, 0.73177, 0.37891, 0.88544, 0.98708, 0.05395, 0.06948, 0.91528, 0.16033, 0.97902, 0.69254, 0.94772, 0.97323, 0.73933, 0.97188, 0.03041, 0.08355, 0.26577, 0.63522, 0.91973, 0.13416, 0.92364, 0.36454, 0.30518, 0.98145, 0.99647, 0.98713, 0.96144, 0.99789, 0.99581, 0.98146, 0.99572, 0.9204, 0.87238, 0.27626, 0.81996, 0.03734, 0.32252, 0.16339, 0.2621, 0.05452, 0.71546, 0.99148, 0.81494, 0.9045, 0.07919, 0.76116, 0.1453, 0.98789, 0.22262, 0.92579, 0.99728, 0.95084, 0.17092, 0.96624, 0.98404, 0.04733, 0.03782, 0.90705, 0.68218, 0.96688, 0.50863, 0.2128, 0.79196, 0.98449, 0.89752, 0.99498, 0.99315, 0.90947, 0.04732, 0.959, 0.87783, 0.08653, 0.99243, 0.2724, 0.05978, 0.98722, 0.98143, 0.96845, 0.99389, 0.25295, 0.85558, 0.95402, 0.72025, 0.83574, 0.99212, 0.98198, 0.08603, 0.97383, 0.99293, 0.86562, 0.74568, 0.09333, 0.93402, 0.01506, 0.23858, 0.17241, 0.37621, 0.45666, 0.89959, 0.30783, 0.97484, 0.92978, 0.99804, 0.02685, 0.95201, 0.94234, 0.74384, 0.12063, 0.6269, 0.99654, 0.00389, 0.99834, 0.23984, 0.99886, 0.9971, 0.77895, 0.4217, 0.07135, 0.65577, 0.98516, 0.99116, 0.56092, 0.80622, 0.19403, 0.95979, 0.99528, 0.99222, 0.93765, 0.95003, 0.06321, 0.9945, 0.22161, 0.08195, 0.28044, 0.04427, 0.77807, 0.90426, 0.96941, 0.73443, 0.36043, 0.15711, 0.98592, 0.95752, 0.82799, 0.91773, 0.74677, 0.34409, 0.9854, 0.22376, 0.4844, 0.94542, 0.7572, 0.97138, 0.95495, 0.97485, 0.2026, 0.0253, 0.80187, 0.18587, 0.25125, 0.19926, 0.10334, 0.93343, 0.04734, 0.98975, 0.99282, 0.37688, 0.97922, 0.66337, 0.6933, 0.96635, 0.114, 0.08616, 0.80334, 0.98061, 0.9435, 0.87035, 0.08079, 0.07267, 0.67796, 0.1489, 0.92248, 0.98898, 0.90708, 0.96361, 0.95576, 0.58243, 0.99077, 0.28039, 0.56586, 0.30685, 0.30414, 0.99865, 0.96839, 0.93064, 0.13621, 0.83667, 0.50146, 0.7397, 0.08753, 0.87456, 0.84557, 0.44546, 0.6195, 0.3197, 0.99715, 0.50755, 0.23334, 0.99601, 0.99451, 0.85999, 0.1652, 0.54404, 0.7388, 0.66898, 0.98957, 0.96892, 0.21601, 0.80474, 0.95043, 0.05752, 0.98967, 0.09202, 0.96447, 0.85445, 0.92546, 0.92235, 0.93111, 0.18397, 0.09844, 0.99139, 0.21699, 0.60869, 0.22848, 0.78219, 0.81019, 0.97987, 0.99217, 0.98485, 0.85575, 0.34849, 0.77137, 0.05338, 0.07607, 0.89005, 0.98911, 0.96976, 0.99445, 0.30987, 0.11773, 0.04251, 0.97946, 0.99837, 0.8851, 0.36542, 0.29004, 0.86448, 0.30882, 0.49357, 0.98945, 0.06092, 0.11032, 0.72288, 0.98484, 0.3356, 0.88131, 0.82232, 0.24786, 0.89687, 0.99052, 0.48487, 0.92287, 0.96135, 0.99459, 0.05168, 0.99154, 0.7753, 0.95687, 0.97163, 0.05849, 0.27925, 0.96062, 0.97962, 0.56581, 0.04075, 0.12778, 0.99283, 0.34808, 0.90594, 0.98929, 0.87041, 0.90248, 0.73323, 0.5994, 0.83795, 0.60914, 0.98927, 0.85713, 0.3949, 0.99359, 0.92385, 0.20151, 0.98291, 0.70427, 0.77506, 0.78168, 0.06738, 0.01902, 0.76866, 0.94983, 0.29208, 0.97624, 0.02665, 0.99487, 0.01054, 0.86787, 0.95254, 0.95796, 0.98897, 0.84057, 0.94737, 0.92324, 0.90472, 0.98953, 0.93732, 0.5173, 0.99883, 0.70579, 0.88242, 0.89361, 0.99267, 0.90045, 0.7679, 0.03125, 0.23562, 0.97286, 0.07488, 0.88464, 0.07474, 0.23904, 0.18743, 0.1334, 0.93929, 0.99156, 0.12973, 0.94537, 0.19365, 0.91301, 0.63687, 0.83635, 0.27754, 0.73421, 0.60755, 0.5478, 0.89309, 0.40072, 0.9961, 0.08757, 0.99819, 0.46933, 0.52479, 0.09685, 0.86083, 0.88887, 0.89407, 0.85409, 0.95493, 0.91539, 0.83591, 0.16669, 0.97865, 0.88053, 0.21498, 0.5986, 0.99742, 0.92623, 0.95455, 0.56003, 0.44989, 0.22059, 0.92293, 0.81442, 0.99264, 0.94085, 0.91725, 0.15544, 0.45665, 0.03123, 0.16962, 0.27899, 0.82917, 0.95568, 0.99484, 0.17944, 0.01736, 0.14406, 0.97576, 0.95409, 0.97391, 0.36845, 0.99535, 0.15456, 0.93203, 0.64534, 0.1256, 0.31864, 0.99595, 0.53808, 0.9348, 0.1254, 0.88451, 0.03768, 0.62612, 0.53643, 0.04926, 0.75191, 0.86962, 0.10338, 0.87073, 0.82492, 0.98514, 0.06748, 0.37364, 0.84831, 0.48062, 0.7763, 0.99748, 0.97972, 0.99648, 0.62609, 0.94065, 0.9244, 0.00786, 0.89849, 0.92133, 0.13992, 0.9849, 0.8646, 0.74718, 0.59317, 0.34431, 0.90348, 0.99798, 0.949, 0.72479, 0.11249, 0.1947, 0.96112, 0.87561, 0.96948, 0.94139, 0.97928, 0.83238, 0.11528, 0.75789, 0.14485, 0.99831, 0.63952, 0.68391, 0.9777, 0.23487, 0.2953, 0.9423, 0.98226, 0.40183, 0.84179, 0.03112, 0.76874, 0.96847, 0.9949, 0.93773, 0.10358, 0.99455, 0.03215, 0.12441, 0.9676, 0.99324, 0.93484, 0.98142, 0.84074, 0.90143, 0.99379, 0.97648, 0.02999, 0.52674, 0.08535, 0.56618, 0.99171, 0.79698, 0.78076, 0.55956, 0.07718, 0.56947, 0.9909, 0.76881, 0.73109, 0.22848, 0.08337, 0.93908, 0.07746, 0.29576, 0.99531, 0.98745, 0.31462, 0.24256, 0.9966, 0.52985, 0.28129, 0.27856, 0.17737, 0.50587, 0.12052, 0.17357, 0.04616, 0.89781, 0.54412, 0.52381, 0.88929, 0.23908, 0.05187, 0.87184, 0.85931, 0.56266, 0.90853, 0.9901, 0.79009, 0.38839, 0.9916, 0.9977, 0.95488, 0.95079, 0.83833, 0.98935, 0.9374, 0.95761, 0.04537, 0.89834, 0.28011, 0.27867, 0.57403, 0.97893, 0.07363, 0.82503, 0.21185, 0.59019, 0.45073, 0.99093, 0.9077, 0.97212, 0.98454, 0.99387, 0.88596, 0.97017, 0.99038, 0.89148, 0.26764, 0.97857, 0.22435, 0.46591, 0.55776, 0.16579, 0.54375, 0.32961, 0.03921, 0.14752, 0.07791, 0.25896, 0.99452, 0.27909, 0.99049, 0.75589, 0.08827, 0.85757, 0.99388, 0.06575, 0.93963, 0.72326, 0.99257, 0.05413, 0.15965, 0.55509, 