{"model": "xlm-roberta-base", "dataset": "hatexplain", "train_config": "supcon", "seed": 123, "thr_cal": 0.22724460810422892, "metrics_05": {"macro": 0.7262965632915602, "toxf1": 0.7551266586248492, "prec": 0.8402684563758389, "rec": 0.6856516976998904, "prauc": 0.8817130909134199, "ece": 0.13780849552154545, "covert": 0.8689655172413793}, "metrics_cal": {"macro": 0.7278685410334347, "toxf1": 0.7968085106382978, "prec": 0.7745604963805585, "rec": 0.8203723986856517, "prauc": 0.8817130909134199, "ece": 0.13780849552154545, "covert": 0.9021827000808408}, "probs": [0.11001, 0.11309, 0.13112, 0.95617, 0.61763, 0.46646, 0.98991, 0.06625, 0.28343, 0.00244, 0.08319, 0.06442, 0.11801, 0.10679, 0.13849, 0.0714, 0.09666, 0.11312, 0.99979, 0.08947, 0.04923, 0.72119, 0.05671, 0.24193, 0.16125, 0.8474, 0.99688, 0.08469, 0.06103, 0.10212, 0.89875, 0.22555, 0.77379, 0.62779, 0.99508, 0.07901, 0.45052, 0.17832, 0.98823, 0.03566, 0.99596, 0.52421, 0.1933, 0.34595, 0.10588, 0.26291, 0.02943, 0.92407, 0.98725, 0.57154, 0.06136, 0.09893, 0.99616, 0.28834, 0.23129, 0.98099, 0.10489, 0.08057, 0.19139, 0.60887, 0.07174, 0.804, 0.99366, 0.33046, 0.99831, 0.18395, 0.9935, 0.44251, 0.55296, 0.98153, 0.08995, 0.99503, 0.26865, 0.98315, 0.072, 0.21985, 0.99077, 0.16219, 0.6395, 0.9904, 0.99287, 0.14295, 0.41542, 0.06566, 0.15852, 0.67784, 0.99678, 0.32224, 0.5553, 0.90199, 0.07823, 0.99913, 0.72139, 0.56571, 0.9751, 0.15464, 0.20359, 0.13889, 0.53679, 0.99177, 0.06452, 0.42296, 0.99775, 0.77552, 0.05254, 0.91338, 0.9606, 0.78253, 0.99686, 0.1233, 0.03401, 0.20317, 0.08295, 0.06209, 0.33998, 0.70167, 0.50902, 0.2291, 0.66759, 0.86556, 0.43467, 0.17661, 0.07457, 0.94645, 0.5292, 0.21946, 0.1962, 0.12348, 0.14061, 0.98255, 0.23495, 0.94614, 0.09362, 0.07876, 0.62227, 0.41822, 0.52341, 0.9739, 0.95769, 0.09789, 0.34294, 0.92733, 0.97356, 0.98937, 0.21188, 0.12032, 0.99441, 0.42636, 0.93435, 0.3832, 0.51753, 0.432, 0.98378, 0.58846, 0.98811, 0.92446, 0.93693, 0.31392, 0.06434, 0.90352, 0.50391, 0.94144, 0.88372, 0.78618, 0.86385, 0.59681, 0.97556, 0.14028, 0.8786, 0.51635, 0.12781, 0.20424, 0.0448, 0.6094, 0.90147, 0.22685, 0.35693, 0.18804, 0.97693, 0.07034, 0.99617, 0.10781, 0.09319, 0.19192, 0.97495, 0.15337, 0.98312, 0.63624, 0.20697, 0.99777, 0.20012, 0.99089, 0.97525, 0.9894, 0.98836, 0.97802, 0.54132, 0.40046, 0.99682, 0.40172, 0.78386, 0.06541, 0.09406, 0.06719, 0.23446, 0.29625, 0.46699, 0.56046, 0.38582, 0.02349, 0.06503, 0.06476, 0.94442, 0.99383, 0.80543, 0.65462, 0.03151, 0.08115, 0.89593, 0.8666, 0.1545, 0.12822, 0.67061, 0.99821, 0.04907, 0.99664, 0.97671, 0.29665, 0.08309, 0.97247, 0.99116, 0.82197, 0.90671, 0.86293, 0.99275, 0.31936, 0.9408, 0.39268, 0.97682, 0.61377, 0.11371, 0.7552, 0.52564, 0.50853, 0.93952, 0.41303, 0.78497, 0.09879, 0.06696, 0.10606, 0.89845, 0.99364, 0.10416, 0.76251, 0.22223, 0.91257, 0.98776, 0.07646, 0.05538, 0.96708, 0.09772, 0.98957, 0.45059, 0.92888, 0.99338, 0.16868, 0.99373, 0.03126, 0.04506, 0.14868, 0.63519, 0.69107, 0.04965, 0.98753, 0.10237, 0.0631, 0.99112, 0.99574, 0.97375, 0.87986, 0.99695, 0.97537, 0.98294, 0.99726, 0.92186, 0.82036, 0.23711, 0.11486, 0.02475, 0.1084, 0.11894, 0.14178, 0.02915, 0.31275, 0.98555, 0.72378, 0.13139, 0.04388, 0.88762, 0.08629, 0.63311, 0.18325, 0.52634, 0.99908, 0.99385, 0.13125, 0.96492, 0.99861, 0.02403, 0.04629, 0.63572, 0.65763, 0.98929, 0.35017, 0.13723, 0.54356, 0.97775, 0.10738, 0.99837, 0.99685, 0.64762, 0.0162, 0.85495, 0.75511, 0.0701, 0.99618, 0.23584, 0.04898, 0.90831, 0.97784, 0.96208, 0.99773, 0.22205, 0.65843, 0.96261, 0.1653, 0.6705, 0.97474, 0.99422, 0.04893, 0.68995, 0.99885, 0.54436, 0.15026, 0.09331, 0.81421, 0.01152, 0.10113, 0.29883, 0.47024, 0.08932, 0.2929, 0.1789, 0.9634, 0.83866, 0.99952, 0.03379, 0.74425, 0.80753, 0.15179, 0.1073, 0.25161, 0.99846, 0.00158, 0.99451, 0.2889, 0.99919, 0.99287, 0.89538, 0.05797, 0.07065, 0.22925, 0.98012, 0.96825, 0.15934, 0.41643, 0.12285, 0.94639, 0.99332, 0.99767, 0.96048, 0.93815, 0.07402, 0.99784, 0.08245, 0.05961, 0.07004, 0.04498, 0.83276, 0.78766, 0.98273, 0.24016, 0.25569, 0.21807, 0.98854, 0.94598, 0.11662, 0.92699, 0.53109, 0.09394, 0.92742, 0.06224, 0.67049, 0.54705, 0.30933, 0.97126, 0.96145, 0.87905, 0.0664, 0.01964, 0.24934, 0.11157, 0.20068, 0.14352, 0.07344, 0.49083, 0.02062, 0.98018, 0.98935, 0.24182, 0.85122, 0.52561, 0.6429, 0.97768, 0.1196, 0.11502, 0.33384, 0.96064, 0.62632, 0.66383, 0.0448, 0.05877, 0.18418, 0.06183, 0.94826, 0.9879, 0.95645, 0.80219, 0.85696, 0.15483, 0.96904, 0.26602, 0.19183, 0.39097, 0.50204, 0.99922, 0.9868, 0.34973, 0.12042, 0.98901, 0.10767, 0.38547, 0.04515, 0.7652, 0.3773, 0.11278, 0.21219, 0.10004, 0.99567, 0.11425, 0.07192, 0.99596, 0.99736, 0.22069, 0.07834, 0.23175, 0.68176, 0.24468, 0.99649, 0.34252, 0.07, 0.26381, 0.22696, 0.04506, 0.99677, 0.07751, 0.84515, 0.12688, 0.83697, 0.76868, 0.96279, 0.09402, 0.06556, 0.99583, 0.11901, 0.28745, 0.41046, 0.47726, 0.63697, 0.98268, 0.99526, 0.9812, 0.86096, 0.35277, 0.17979, 0.07715, 0.0674, 0.70695, 0.96002, 0.97445, 0.9983, 0.09281, 0.04753, 0.07421, 0.99773, 0.99357, 0.97716, 0.36311, 0.10762, 0.62644, 0.16006, 0.34144, 0.99654, 0.07088, 0.09596, 0.40745, 0.99609, 0.18116, 0.47126, 0.764, 0.19108, 0.87461, 0.99795, 0.12631, 0.96825, 0.74813, 0.9981, 0.03984, 0.96882, 0.82151, 0.97139, 0.61989, 0.04401, 0.09112, 0.90727, 0.943, 0.31852, 0.03445, 0.08408, 0.99369, 0.12787, 0.53062, 0.98556, 0.25311, 0.77256, 0.23057, 0.10562, 0.80447, 0.30662, 0.66608, 0.38351, 0.08743, 0.99896, 0.96598, 0.03319, 0.96568, 0.18569, 0.68136, 0.30997, 0.04032, 0.02345, 0.64378, 0.50713, 0.16153, 0.97745, 0.02837, 0.98593, 0.00471, 0.9776, 0.87794, 0.95595, 0.9954, 0.4821, 0.72276, 0.26377, 0.98859, 0.93165, 0.94311, 0.54492, 0.99647, 0.11467, 0.9497, 0.838, 0.99785, 0.91171, 0.28308, 0.02001, 0.18097, 0.99057, 0.03199, 0.91204, 0.06189, 0.10965, 0.1161, 0.08893, 0.97798, 0.93938, 0.16354, 0.63735, 0.30361, 0.93494, 0.27543, 0.60148, 0.22049, 0.60196, 0.1319, 0.14275, 0.23542, 0.07253, 0.97817, 0.11289, 0.98832, 0.6358, 0.12831, 0.07023, 0.31499, 0.66099, 0.81781, 0.99323, 0.90864, 0.9167, 0.53657, 0.10223, 0.98382, 0.49528, 0.16075, 0.79101, 0.99813, 0.9405, 0.86307, 0.3336, 0.11983, 0.13346, 0.93832, 0.66323, 0.97541, 0.87365, 0.70328, 0.10137, 0.18395, 0.0406, 0.07593, 0.09676, 0.71669, 0.9353, 0.99795, 0.24539, 0.01131, 0.21094, 0.98118, 0.96108, 0.98203, 0.18713, 0.98364, 0.08797, 0.77603, 0.53344, 0.04855, 0.24186, 0.99498, 0.21206, 0.5913, 0.10105, 0.42478, 0.023, 0.95337, 0.19801, 0.03457, 0.4948, 0.47357, 0.12925, 0.89862, 0.85463, 0.99356, 0.08527, 0.07662, 0.27235, 0.20234, 0.56737, 0.99935, 0.97711, 0.99389, 0.16799, 0.98401, 0.62881, 0.01063, 0.15934, 0.93562, 0.0934, 0.97939, 0.84988, 0.33868, 0.64805, 0.28386, 0.83006, 0.99845, 0.95004, 0.30668, 0.10999, 0.19795, 0.99419, 0.67109, 0.9496, 0.81412, 0.99244, 0.90652, 0.10553, 0.48397, 0.15196, 0.99758, 0.19272, 0.28792, 0.98503, 0.20382, 0.11686, 0.95877, 0.88777, 0.16616, 0.32532, 0.02481, 0.45965, 0.89737, 0.99552, 0.38116, 0.05977, 0.99483, 0.01581, 0.12588, 0.98747, 0.99934, 0.79788, 0.95628, 0.33447, 0.90453, 0.99618, 0.98849, 0.0621, 0.64748, 0.08295, 0.40546, 0.99449, 0.48796, 0.44569, 0.2677, 0.02966, 0.39478, 0.6816, 0.66982, 0.37009, 0.23906, 0.08901, 0.88721, 0.03256, 0.24588, 0.99361, 0.99773, 0.11434, 0.06949, 0.95295, 0.1265, 0.15995, 0.08376, 0.1154, 0.71752, 0.11043, 0.12136, 0.02848, 0.37668, 0.14605, 0.06221, 0.37971, 0.06465, 0.02655, 0.61924, 0.94414, 0.37996, 0.72322, 0.98962, 0.38333, 0.22571, 0.97791, 0.99863, 0.87028, 0.97302, 0.09626, 0.99741, 0.86094, 0.84541, 0.04178, 0.19374, 0.12694, 0.11162, 0.1982, 0.90627, 0.06715, 0.4838, 0.03493, 0.17095, 0.1604, 0.9969, 0.50678, 0.98326, 0.99096, 0.9978, 0.42132, 0.85114, 0.99591, 0.60702, 0.08248, 0.99507, 0.23866, 0.32942, 0.80823, 0.03129, 0.62641, 0.49406, 0.01726, 0.0999, 0.07608, 0.36897, 0.97237, 0.12347, 0.99775, 0.78995, 0.05889, 0.9616, 0.99798, 0.07638, 0.6494, 0.23369, 0.31747, 0.09687, 0.10152, 0.38169, 0.98857, 0.22419,