{"model": "xlm-roberta-base", "dataset": "dravidian_tamil", "train_config": "hardneg", "seed": 99, "thr_cal": 0.7646531999111177, "metrics_05": {"macro": 0.6817627653471027, "toxf1": 0.5773809523809523, "prec": 0.4409090909090909, "rec": 0.8362068965517241, "prauc": 0.6052136366487035, "ece": 0.19320609828457236, "covert": 0.7345132743362832}, "metrics_cal": {"macro": 0.7317473213053942, "toxf1": 0.6067415730337079, "prec": 0.5364238410596026, "rec": 0.6982758620689655, "prauc": 0.6052136366487035, "ece": 0.19320609828457236, "covert": 0.7295285359801489}, "probs": [0.62761, 0.00111, 0.03144, 0.01413, 0.93634, 0.1708, 0.01555, 0.00212, 0.0213, 0.01586, 0.06007, 0.24365, 0.0043, 0.00143, 0.14083, 0.04029, 0.95882, 0.81287, 0.00061, 0.57472, 0.46327, 0.18366, 0.08768, 0.61179, 0.04756, 0.44581, 0.93025, 0.05317, 0.02343, 0.01012, 0.23965, 0.29507, 0.01158, 0.09936, 0.10214, 0.9081, 0.47378, 0.46753, 0.00382, 0.59075, 0.86254, 0.07409, 0.46785, 0.68383, 0.76867, 0.95653, 0.00215, 0.17645, 0.09122, 0.01569, 0.00724, 0.30814, 0.66002, 0.04727, 0.09405, 0.71417, 0.65226, 0.67342, 0.91531, 0.24177, 0.03148, 0.02292, 0.5558, 0.24934, 0.47103, 0.04458, 0.57137, 0.37652, 0.93581, 0.62461, 0.88511, 0.33757, 0.0285, 0.04692, 0.81449, 0.8651, 0.89619, 0.93126, 0.01604, 0.10739, 0.71463, 0.89533, 0.60118, 0.001, 0.36298, 0.0073, 0.69343, 0.05051, 0.03657, 0.87448, 0.00081, 0.92461, 0.16575, 0.89124, 0.60704, 0.72272, 0.05349, 0.00215, 0.12704, 0.0473, 0.88499, 0.00142, 0.02137, 0.51331, 0.83923, 0.84529, 0.22222, 0.00396, 0.00195, 0.3476, 0.84538, 0.43667, 0.92734, 0.16425, 0.84258, 0.0187, 0.05476, 0.28386, 0.0179, 0.01034, 0.17676, 0.00114, 0.04425, 0.3748, 0.84033, 0.1433, 0.70015, 0.19178, 0.06442, 0.02351, 0.01628, 0.62521, 0.15563, 0.44784, 0.94797, 0.8849, 0.15599, 0.02991, 0.00982, 0.91937, 0.64234, 0.13995, 0.7592, 0.96229, 0.04828, 0.79376, 0.00321, 0.43774, 0.51373, 0.49252, 0.80039, 0.08203, 0.84179, 0.58398, 0.88956, 0.02938, 0.00362, 0.20226, 0.01267, 0.61643, 0.06742, 0.92987, 0.17833, 0.97008, 0.00428, 0.0643, 0.77303, 0.82841, 0.81548, 0.53447, 0.92196, 0.90266, 0.65866, 0.65186, 0.31599, 0.01182, 0.22734, 0.23704, 0.0112, 0.84858, 0.63632, 0.81475, 0.32869, 0.93979, 0.00166, 0.00795, 0.77672, 0.31663, 0.00386, 0.02086, 0.0319, 0.07623, 0.83447, 0.02076, 0.00436, 0.48005, 0.03413, 0.96896, 0.07367, 0.0044, 0.18083, 0.95991, 0.78496, 0.00978, 0.22821, 0.15505, 0.7558, 0.03696, 0.14577, 0.84077, 0.69984, 0.0711, 0.47668, 0.02661, 0.01506, 0.8932, 0.00454, 0.0036, 0.054, 0.00894, 0.01843, 0.00741, 0.03068, 0.94615, 0.59913, 0.94059, 0.86023, 0.75527, 0.02521, 0.72906, 0.24512, 0.01901, 0.00426, 0.95584, 0.87694, 0.10464, 0.8071, 0.00177, 0.29762, 0.17342, 0.96684, 0.49084, 0.00254, 0.78395, 0.76393, 0.8972, 0.12658, 0.85191, 0.40976, 0.61354, 0.1432, 0.34726, 0.2848, 0.04809, 0.40514, 0.39827, 0.00462, 0.87535, 0.03675, 0.03038, 0.88087, 0.93506, 0.08274, 0.18021, 0.02414, 0.15258, 0.63466, 0.11106, 0.82125, 0.04529, 0.68421, 0.94716, 0.96039, 0.00515, 0.03548, 0.00093, 0.87784, 0.37998, 0.18035, 0.07416, 0.12082, 0.02378, 0.01339, 0.01882, 0.04534, 0.01147, 0.70264, 0.64819, 0.86536, 0.72687, 0.13914, 0.0016, 0.00671, 0.95725, 0.65974, 0.07625, 0.41782, 0.84283, 0.95495, 0.05073, 0.00259, 0.0384, 0.12298, 0.9258, 0.85982, 0.224, 0.78363, 0.47187, 0.62388, 0.12652, 0.13576, 0.95137, 0.122, 0.62409, 0.22912, 0.93205, 0.84684, 0.1699, 0.72166, 0.47755, 0.05323, 0.60666, 0.9256, 0.71922, 0.11687, 0.94022, 0.94977, 0.6421, 0.48978, 0.00172, 0.30701, 0.82098, 0.099, 0.82874, 0.0144, 0.00584, 0.22065, 0.84531, 0.03347, 0.07935, 0.00074, 0.00115, 0.13986, 0.6727, 0.11386, 0.3102, 0.79011, 0.12569, 0.0671, 0.4882, 0.75541, 0.76876, 0.40798, 0.76166, 0.85538, 0.78329, 0.13019, 0.49268, 0.04434, 0.17196, 0.77428, 0.58615, 0.01627, 0.31444, 0.7382, 0.83221, 0.00932, 0.92843, 0.00106, 0.92561, 0.00691, 0.38914, 0.89283, 0.21256, 0.04484, 0.14637, 0.02846, 0.87328, 0.95652, 0.28341, 0.70624, 0.05669, 0.3056, 0.76898, 0.77967, 0.43282, 0.88761, 0.73394, 0.00112, 0.07972, 0.46157, 0.29767, 0.00689, 0.04822, 0.03248, 0.83773, 0.82179, 0.90385, 0.30091, 0.04932, 0.72413, 0.2176, 0.04407, 0.1416, 0.00677, 0.00133, 0.54464, 0.92584, 0.0558, 0.96696, 0.96449, 0.18244, 0.03764, 0.84176, 0.62957, 0.86126, 0.28348, 0.73747, 0.90381, 0.94554, 0.89641, 0.5249, 0.10023, 0.56299, 0.91942, 0.0066, 0.39032, 0.02139, 0.90611, 0.50144, 0.00688, 0.79203, 0.21743, 0.88199, 0.68696, 0.16792, 0.05976, 0.12588, 0.04898, 0.04957, 0.9059, 0.19768, 0.96697, 0.89313, 0.62004, 0.81974, 0.91963, 0.00324, 0.88783, 0.50116, 0.11642, 0.80793, 0.60426, 0.04403, 0.08049, 0.76846, 0.1327, 0.84227, 0.08425, 0.19175, 0.00425, 0.00807, 0.73594, 0.01846, 0.00604, 0.95016, 0.0095, 0.02709, 0.92426, 0.10275, 0.0353, 0.04013, 0.3608, 0.21157, 0.38642, 0.12427, 0.06562, 0.87797, 0.76415, 0.8943, 0.3372, 0.0495, 0.30042, 0.91464, 0.06893, 0.9558, 0.95677, 0.04268, 0.00815, 0.51998, 0.11557, 0.95709, 0.71284, 0.05665, 0.96221, 0.41915, 0.66784, 0.00235, 0.33671, 0.81764, 0.78886, 0.44513, 0.81893, 0.77267, 0.81884, 0.08647, 0.50608, 0.00881, 0.89361, 0.07613, 0.00037, 0.33289, 0.04502, 0.19261, 0.00618, 0.88716, 0.80503, 0.60995, 0.28456, 0.77026, 0.8516, 0.77534, 0.04219, 0.80283, 0.7534, 0.64676, 0.53702, 0.44219, 0.50623, 0.79012, 0.05244, 0.02709, 0.95701, 0.9439, 0.62142, 0.02035, 0.05797, 0.00329, 0.00253, 0.71706, 0.48812, 0.60977, 0.03617, 0.07674, 0.79573, 0.94039, 0.06389, 0.78839, 0.02041, 0.01433, 0.04306, 0.00945, 0.24392, 0.69599, 0.27383, 0.75841, 0.87481, 0.79401, 0.87177, 0.91632, 0.91693, 0.57979, 0.77418, 0.63625, 0.01855, 0.73131, 0.91592, 0.94168, 0.0102, 0.95343, 0.078, 0.61571, 0.03556, 0.00439, 0.72706, 0.64133, 0.74167, 0.09046, 0.64661, 0.01949, 0.90008, 0.61229, 0.01499, 0.78721, 0.22516, 0.24255, 0.4915, 0.1069, 0.94324, 0.94186, 0.01389, 0.94911, 0.76896, 0.93201, 0.02905, 0.00853, 0.02705, 0.01314, 0.01033, 0.77626, 0.04259, 0.90171, 0.91964, 0.00831, 0.04405, 0.58115, 0.6906, 0.48722, 0.85981, 0.85348, 0.48327, 0.85361, 0.69522, 0.78811, 0.82633, 0.052, 0.45039, 0.03044, 0.64972, 0.78929, 0.03624, 0.03465, 0.93026, 0.43249, 0.8782, 0.35618, 0.01477, 0.00243, 0.91673, 0.15149, 0.49229, 0.23574, 0.05357, 0.71458, 0.04656, 0.34693, 0.77199, 0.00076, 0.93304, 0.03285, 0.02346, 0.40833, 0.94471, 0.37735, 0.076, 0.11511, 0.55905, 0.9072, 0.85459, 0.94618, 0.03831, 0.84069, 0.92559, 0.33122, 0.82145, 0.04671, 0.00322, 0.83214, 0.82252, 0.4366, 0.84302, 0.28339, 0.31721, 0.00271, 0.24955, 0.50181, 0.191, 0.10297, 0.84654, 0.02908, 0.7688, 0.00974, 0.89373, 0.14132, 0.00352, 0.14657, 0.01086, 0.84359, 0.14154, 0.96425, 0.4212, 0.8271, 0.83843, 0.02549, 0.27919, 0.0094, 0.21835, 0.88928, 0.07527, 0.70381, 0.1009, 0.05812, 0.65646, 0.24721, 0.76705, 0.11244, 0.01357, 0.5054, 0.10504, 0.59804, 0.26285, 0.08134, 0.82093, 0.90001, 0.08411, 0.2165, 0.63223, 0.77151, 0.00742, 0.0401, 0.06211, 0.08597, 0.35575, 0.00696, 0.90148, 0.85605, 0.96505, 0.01259, 0.94164, 0.03223, 0.95703, 0.77846, 0.07548, 0.30207, 0.15291, 0.02174, 0.12949, 0.15271, 0.52443, 0.33496, 0.0027, 0.13529, 0.87142, 0.07303, 0.89802, 0.00213, 0.14718, 0.02185, 0.19497, 0.02148, 0.00054, 0.05868, 0.91689, 0.87243, 0.01972, 0.09176, 0.04757, 0.10008, 0.80264, 0.92659, 0.70023, 0.00951, 0.91992, 0.05439, 0.3265, 0.00474, 0.66155, 0.01966, 0.00939, 0.07457, 0.07107, 0.88475, 0.0747, 0.01757, 0.57756, 0.11389, 0.88906, 0.63045, 0.92679, 0.14748, 0.62866, 0.00572, 0.35038, 0.28568, 0.2999, 0.46253, 0.10519, 0.91792, 0.02655, 0.00777, 0.79774, 0.833, 0.77238, 0.15901, 0.55979, 0.02274, 0.59, 0.01231, 0.48433, 0.92246, 0.34232, 0.85675, 0.91994, 0.00394, 0.00197, 0.93659, 0.84014, 0.04963, 0.02806, 0.85577, 0.08093, 0.20202, 0.01183, 0.7827, 0.75415, 0.89685, 0.23108, 0.90667, 0.55025, 0.43504, 0.63492, 0.18907, 0.84054, 0.17005, 0.01341, 0.03828, 0.02565, 0.11365, 0.04595, 0.50617, 0.92209, 0.93521, 0.70385, 0.15411, 0.93955, 0.26784, 0.11096, 0.07313, 0.92597, 0.44188, 0.10327, 0.13706, 0.80636, 0.39733, 0.8964, 0.37942, 