{"model": "xlm-roberta-base", "dataset": "dravidian_malayalam", "train_config": "hardneg", "seed": 2024, "thr_cal": 0.4187760651111603, "metrics_05": {"macro": 0.4920419911953945, "toxf1": 0.0, "prec": 0.0, "rec": 0.0, "prauc": 0.035475821263032115, "ece": 0.3874460100332896, "covert": 0.0}, "metrics_cal": {"macro": 0.2505327026536904, "toxf1": 0.06866197183098592, "prec": 0.03581267217630854, "rec": 0.8297872340425532, "prauc": 0.035475821263032115, "ece": 0.3874460100332896, "covert": 0.18025751072961374}, "probs": [0.41878, 0.41879, 0.41878, 0.41878, 0.41878, 0.41879, 0.41876, 0.41879, 0.41879, 0.41878, 0.41878, 0.41878, 0.41879, 0.41878, 0.41878, 0.41879, 0.41878, 0.41878, 0.41878, 0.41877, 0.41878, 0.41877, 0.41878, 0.41879, 0.41879, 0.41876, 0.41878, 0.41877, 0.41878, 0.41879, 0.41879, 0.41877, 0.41878, 0.41878, 0.41878, 0.41878, 0.41877, 0.41879, 0.41877, 0.41876, 0.41878, 0.41878, 0.41879, 0.41879, 0.41878, 0.41876, 0.41878, 0.41879, 0.41878, 0.41878, 0.41877, 0.41878, 0.41878, 0.41878, 0.41877, 0.41877, 0.41877, 0.41878, 0.41878, 0.41878, 0.41878, 0.41879, 0.41877, 0.41878, 0.41877, 0.41876, 0.41879, 0.41878, 0.41877, 0.41878, 0.41878, 0.41877, 0.41878, 0.41878, 0.41878, 0.41878, 0.41878, 0.41878, 0.41878, 0.41878, 0.41878, 0.41879, 0.41878, 0.41878, 0.41878, 0.41878, 0.41878, 0.41879, 0.41878, 0.41879, 0.41877, 0.41878, 0.41878, 0.41879, 0.41877, 0.41879, 0.41879, 0.41878, 0.41878, 0.41878, 0.41877, 0.41878, 0.41878, 0.41877, 0.41878, 0.41877, 0.41877, 0.41877, 0.41878, 0.41879, 0.41878, 0.41877, 0.41879, 0.41878, 0.41878, 0.41878, 0.41878, 0.4188, 0.41879, 0.41878, 0.4188, 0.41878, 0.41878, 0.41874, 0.41879, 0.41878, 0.41878, 0.41878, 0.41879, 0.41877, 0.41879, 0.41878, 0.41878, 0.41878, 0.41878, 0.41878, 0.41878, 0.41878, 0.41878, 0.41878, 0.41877, 0.41878, 0.41878, 0.41879, 0.41877, 0.41878, 0.41878, 0.41878, 0.41877, 0.41879, 0.41878, 0.41877, 0.41877, 0.41878, 0.41877, 0.41878, 0.41877, 0.41878, 0.41878, 0.41877, 0.41878, 0.41877, 0.41878, 0.41878, 0.41878, 0.41878, 0.41879, 0.41879, 0.41878, 0.41879, 0.41877, 0.41878, 0.41878, 0.41878, 0.41878, 0.41877, 0.41879, 0.41878, 0.41879, 0.41878, 0.41877, 0.41876, 0.41879, 0.41877, 0.41878, 0.41878, 0.41878, 0.41878, 0.41878, 0.41878, 0.41878, 0.41878, 0.41878, 0.41875, 0.41878, 0.41878, 0.4188, 0.41879, 0.41878, 0.41878, 0.41877, 0.41878, 0.41879, 0.41879, 0.41877, 0.41877, 0.41877, 0.41878, 0.41878, 0.41877, 0.41878, 0.41877, 0.41877, 0.41878, 0.41877, 0.41878, 0.41879, 0.41878, 0.41879, 0.41878, 0.41876, 0.41877, 0.41878, 0.41878, 0.41877, 0.41878, 0.41878, 0.41877, 0.41877, 0.41878, 0.41879, 0.41878, 0.41879, 0.41876, 0.41878, 0.41878, 0.41878, 0.41879, 0.41878, 0.41877, 0.41878, 0.41877, 0.41877, 0.41878, 0.41878, 0.41878, 0.41878, 0.41877, 0.41879, 0.41878, 0.41878, 0.41879, 0.41878, 0.41878, 0.41879, 0.41878, 0.41879, 0.41877, 0.41877, 0.41876, 0.41878, 0.41878, 0.41878, 0.41878, 0.41878, 0.41877, 0.41878, 0.41878, 0.41878, 0.41877, 0.41879, 0.41878, 0.41878, 0.41878, 0.41878, 0.41878, 0.41878, 0.41878, 0.41878, 0.41877, 0.41878, 0.41878, 0.41878, 0.41877, 0.41878, 0.41878, 0.41879, 0.41878, 0.41878, 0.41878, 0.41878, 0.41878, 0.41878, 0.41877, 0.41877, 0.41879, 0.41878, 0.41878, 0.41877, 0.41877, 0.41878, 0.41878, 0.41877, 0.41878, 0.41878, 0.41878, 0.41878, 0.41879, 0.41879, 0.41878, 0.41878, 0.41878, 0.41878, 0.41878, 0.41879, 0.41878, 0.41877, 0.41878, 0.41877, 0.41878, 0.41878, 0.41878, 0.41877, 0.41878, 0.41878, 0.41878, 0.41879, 0.41879, 0.41878, 0.41878, 0.41879, 0.41878, 0.41878, 0.41879, 0.41878, 0.41878, 0.41878, 0.41879, 0.41878, 0.41878, 0.41878, 0.41878, 0.41879, 0.41878, 0.41877, 0.41877, 0.41878, 0.41878, 0.41879, 0.41877, 0.41877, 0.41877, 0.41878, 0.41878, 0.41878, 0.41879, 0.41878, 0.41877, 0.41879, 0.41879, 0.41879, 0.41877, 0.41878, 0.41878, 0.41878, 0.41879, 0.41877, 0.41878, 0.41878, 0.41877, 0.41878, 0.41878, 0.41878, 0.41878, 0.41877, 0.41879, 0.41879, 0.41878, 0.41878, 0.41879, 0.41878, 0.41878, 0.41878, 0.41878, 0.41878, 0.41877, 0.41878, 0.41878, 0.41878, 0.41878, 0.41878, 0.41878, 0.41878, 0.41878, 0.41878, 0.41878, 0.41878, 0.41877, 0.41878, 0.41878, 0.41878, 0.41877, 0.41878, 0.41879, 0.41879, 0.41878, 0.41878, 0.41877, 0.41877, 0.41879, 0.41878, 0.41877, 0.4188, 0.41877, 0.41877, 0.41878, 0.41878, 0.41878, 0.41879, 0.41879, 0.41878, 0.41878, 0.41878, 0.41878, 0.41878, 0.41879, 0.41876, 0.41878, 0.41878, 0.41877, 0.41877, 0.41878, 0.41877, 0.41879, 0.41878, 0.41878, 0.41879, 0.41878, 0.41878, 0.41878, 0.41878, 0.41878, 0.41878, 0.41877, 0.41878, 0.41878, 0.41878, 0.41878, 0.41877, 0.41878, 0.41878, 0.41877, 0.41879, 0.41878, 0.41878, 0.41879, 0.4188, 0.41878, 0.41878, 0.41878, 0.41877, 0.41878, 0.41878, 0.41878, 0.41879, 0.41878, 0.41878, 0.41878, 0.41877, 0.41878, 0.41878, 0.41878, 0.41878, 0.41878, 0.41878, 0.41878, 0.41878, 0.41878, 0.41878, 0.41878, 0.41878, 0.41877, 0.41879, 0.41878, 0.41878, 0.41878, 0.41878, 0.41878, 0.41878, 0.41879, 0.41878, 0.41878, 0.41878, 0.41877, 0.41878, 0.41878, 0.41878, 0.41878, 0.41878, 0.41879, 0.41878, 0.41878, 0.41877, 0.41878, 0.41878, 0.41878, 0.41878, 0.41877, 0.41878, 0.41878, 0.41878, 0.41878, 0.41879, 0.41878, 0.41877, 0.41878, 0.41878, 0.41878, 0.41879, 0.41878, 0.41878, 0.41878, 0.41877, 0.41878, 0.41877, 0.41878, 0.41878, 0.41878, 0.41878, 0.41878, 0.41875, 0.41879, 0.41878, 0.41878, 0.41878, 0.41878, 0.41878, 0.41879, 0.41877, 0.41878, 0.41877, 0.41878, 0.41877, 0.41878, 0.41878, 0.41878, 0.41876, 0.41878, 0.41877, 0.41878, 0.41879, 0.41877, 0.41878, 0.41878, 0.41879, 0.41877, 0.41878, 0.41879, 0.41878, 0.41878, 0.41879, 0.41878, 0.41878, 0.41877, 0.41878, 0.41878, 0.41878, 0.41877, 0.41878, 0.41878, 0.41878, 0.41878, 0.41878, 0.41878, 0.41878, 0.41879, 0.41878, 0.41877, 0.41878, 0.41879, 0.41879, 0.41877, 0.41877, 0.41879, 0.41877, 0.41878, 0.41877, 0.41878, 0.41879, 0.41877, 0.41878, 0.41878, 0.41878, 0.41878, 0.41878, 0.41877, 0.41878, 0.41878, 0.41878, 0.41878, 0.41878, 0.41877, 0.41879, 0.41877, 0.41878, 0.41878, 0.41882, 0.41879, 0.41878, 0.41878, 0.41878, 0.41878, 0.41878, 0.41878, 0.41878, 0.41879, 0.41877, 0.41878, 0.41878, 0.41878, 0.41879, 0.41879, 0.41878, 0.41878, 0.41878, 0.41877, 0.41878, 0.41878, 0.41878, 0.41877, 0.41879, 0.41879, 0.41878, 0.41878, 0.41878, 0.41878, 0.41878, 0.41878, 0.41878, 0.41878, 0.41879, 0.41878, 0.41878, 0.41878, 0.41877, 0.41878, 0.41878, 0.41877, 0.41878, 0.41877, 0.41878, 0.41878, 0.41878, 0.41879, 0.41877, 0.41878, 0.41879, 0.41878, 0.41879, 0.41879, 0.41879, 0.41877, 0.41878, 0.41878, 0.41878, 0.41879, 0.41878, 0.41878, 0.41878, 0.41878, 0.41877, 0.41878, 0.41879, 0.41878, 0.41878, 0.41878, 0.41879, 0.41878, 0.41879, 0.41879, 0.41878, 0.41878, 0.41878, 0.41878, 0.41878, 0.41878, 0.41877, 0.41878, 0.41878, 0.41877, 0.41879, 0.41879, 0.41877, 0.41878, 0.41879, 0.41878, 0.41879, 0.41879, 0.41878, 0.41878, 0.41878, 0.41878, 0.41878, 0.41878, 0.41878, 0.41878, 0.41878, 0.41879, 0.41879, 0.41878, 0.41878, 0.41877, 0.41879, 0.41877, 0.41877, 0.41879, 0.41877, 0.41877, 0.41878, 0.41878, 0.41877, 0.41879, 0.41879, 0.41879, 0.41878, 0.41878, 0.41878, 0.41878, 0.41878, 0.41878, 0.41877, 0.41879, 0.41878, 0.41878, 0.41878, 0.41878, 0.41879, 0.41877, 0.41878, 0.41878, 0.41878, 0.41878, 0.41879, 0.41878, 0.41879, 0.41878, 0.41878, 0.41878, 0.41879, 0.41878, 0.41879, 0.41878, 0.41877, 0.41878, 0.41878, 0.41878, 0.41878, 0.41878, 0.41878, 0.41877, 0.41877, 0.4188, 0.41879, 0.41878, 0.41878, 0.41879, 0.41879, 0.41878, 0.41879, 0.41878, 0.41879, 0.41878, 0.41879, 0.41878, 0.41878, 0.41878, 0.41877, 0.41878, 0.41878, 0.41879, 0.41878, 0.41877, 0.41879, 0.41878, 0.41878, 0.41878, 0.41879, 0.41877, 0.41878, 0.41878, 0.41879, 0.41879, 0.41878, 0.41877, 0.41878, 0.41878, 0.41877, 0.41878, 0.41878, 0.41877, 0.41878, 0.41878, 0.41878, 0.41879, 0.41879, 0.41878, 0.41879, 0.41878, 0.41879, 0.41878, 0.41878, 0.41878, 0.41877, 0.41878, 0.41878, 0.41878, 0.41878, 0.41878, 0.41878, 0.41877, 0.41879, 0.41877, 0.41877, 0.41878, 0.41877, 0.41878, 0.41878, 0.41878, 0.41878, 0.41878, 0.41878, 