{"model": "xlm-roberta-base", "dataset": "dravidian_malayalam", "train_config": "supcon", "seed": 123, "thr_cal": 0.6468642443418503, "metrics_05": {"macro": 0.5251361276434089, "toxf1": 0.1509433962264151, "prec": 0.08856088560885608, "rec": 0.5106382978723404, "prauc": 0.10883236030133871, "ece": 0.23090048788984618, "covert": 0.22033898305084745}, "metrics_cal": {"macro": 0.5511620821727019, "toxf1": 0.140625, "prec": 0.1111111111111111, "rec": 0.19148936170212766, "prauc": 0.10883236030133871, "ece": 0.23090048788984618, "covert": 0.15873015873015872}, "probs": [0.0689, 0.31033, 0.1181, 0.54195, 0.07863, 0.10918, 0.068, 0.23603, 0.23004, 0.04877, 0.05468, 0.11407, 0.28891, 0.05027, 0.06788, 0.17244, 0.55404, 0.44869, 0.04713, 0.22201, 0.13411, 0.11974, 0.67462, 0.05862, 0.05964, 0.04565, 0.11625, 0.23273, 0.05372, 0.15737, 0.21018, 0.39854, 0.14891, 0.04701, 0.3622, 0.15451, 0.47842, 0.0401, 0.04887, 0.05878, 0.05216, 0.04936, 0.04562, 0.08619, 0.67361, 0.05697, 0.10673, 0.14823, 0.44545, 0.12062, 0.07418, 0.08572, 0.52416, 0.46575, 0.06673, 0.04623, 0.17416, 0.13067, 0.1146, 0.17497, 0.53729, 0.0631, 0.40295, 0.53589, 0.41202, 0.23956, 0.05388, 0.23504, 0.05837, 0.36917, 0.61063, 0.05941, 0.071, 0.06864, 0.73249, 0.04169, 0.04913, 0.42508, 0.07703, 0.14945, 0.67539, 0.05577, 0.09576, 0.04466, 0.05553, 0.05302, 0.29066, 0.07252, 0.20237, 0.07133, 0.05906, 0.54676, 0.12071, 0.238, 0.4768, 0.08513, 0.05709, 0.04645, 0.41342, 0.13795, 0.36764, 0.08527, 0.07269, 0.08918, 0.07368, 0.24397, 0.04931, 0.20058, 0.63071, 0.12085, 0.18055, 0.44332, 0.05459, 0.35846, 0.60312, 0.41515, 0.29241, 0.04219, 0.05316, 0.36128, 0.34208, 0.07743, 0.48976, 0.14509, 0.55459, 0.23838, 0.40939, 0.41397, 0.12185, 0.13601, 0.53692, 0.39169, 0.14988, 0.19493, 0.38215, 0.54424, 0.07712, 0.15446, 0.07508, 0.25419, 0.19546, 0.04913, 0.17971, 0.07065, 0.09062, 0.04808, 0.12606, 0.05714, 0.03816, 0.10501, 0.22689, 0.03819, 0.08081, 0.04509, 0.41349, 0.82278, 0.05722, 0.44711, 0.05269, 0.31557, 0.08457, 0.44673, 0.1829, 0.4394, 0.08426, 0.18385, 0.04481, 0.05837, 0.5547, 0.06845, 0.43185, 0.05395, 0.54136, 0.55529, 0.04485, 0.07892, 0.60403, 0.73326, 0.06045, 0.3342, 0.30215, 0.06702, 0.70077, 0.35993, 0.78653, 0.59597, 0.1045, 0.1716, 0.39033, 0.5615, 0.59966, 0.17746, 0.80595, 0.08661, 0.17954, 0.59838, 0.04856, 0.18411, 0.75278, 0.16439, 0.21106, 0.49151, 0.29115, 0.27956, 0.34925, 0.08079, 0.17473, 0.32781, 0.53728, 0.03976, 0.34954, 0.09177, 0.08813, 0.11694, 0.0844, 0.22931, 0.47275, 0.11789, 0.05269, 0.10889, 0.06977, 0.27941, 0.06336, 0.20265, 0.06684, 0.06433, 0.72046, 0.09001, 0.2061, 0.57622, 0.10584, 0.22099, 0.08968, 0.05697, 0.46524, 0.66164, 0.1064, 0.06906, 0.43009, 0.20048, 0.50553, 0.03972, 0.13803, 0.64654, 0.08129, 0.12588, 0.84498, 0.06723, 0.20058, 0.0386, 0.05121, 0.46714, 0.08395, 0.03906, 0.10015, 0.08253, 0.18437, 0.26677, 0.12512, 0.0553, 0.07593, 0.07455, 0.51894, 0.07871, 0.57876, 0.06874, 0.04222, 0.51593, 0.62037, 0.10088, 0.20039, 0.4919, 0.06152, 0.20861, 0.48171, 0.14174, 0.10052, 0.05693, 0.04981, 0.04265, 0.30494, 0.42731, 0.42897, 0.19305, 0.04211, 0.08074, 0.18369, 0.41166, 0.07456, 0.36127, 0.5342, 0.60913, 0.20534, 0.38529, 0.36109, 0.61788, 0.16504, 0.24882, 0.29429, 0.1066, 0.25728, 0.18291, 0.18393, 0.6118, 0.40163, 0.53594, 0.32324, 0.40815, 0.06018, 0.21664, 0.58637, 0.05186, 0.059, 0.65406, 0.36858, 0.3974, 0.19029, 0.67026, 0.06061, 0.35791, 0.65102, 0.1696, 0.06411, 0.60248, 0.03741, 0.46599, 0.05577, 0.12945, 0.45161, 0.38386, 0.38371, 0.50156, 0.45045, 0.20859, 0.05046, 0.04548, 0.33043, 0.35695, 0.04551, 0.42347, 0.08052, 0.14049, 0.72899, 0.23191, 0.05474, 0.39061, 0.19521, 0.05598, 0.06497, 0.05482, 0.45126, 0.24043, 0.08537, 0.06162, 0.34535, 0.14945, 0.56938, 0.08677, 0.09751, 0.67548, 0.13434, 0.36005, 0.06474, 0.6576, 0.12227, 0.08189, 0.53386, 0.15669, 0.55872, 0.24397, 0.43334, 0.09003, 0.77383, 0.06936, 0.16608, 0.38371, 0.51881, 0.03241, 0.23702, 0.16674, 0.28499, 0.08639, 0.12946, 0.26095, 0.27147, 0.38231, 0.05607, 0.08978, 0.40917, 0.57632, 0.41233, 0.05509, 0.30496, 0.36107, 0.5445, 0.36158, 0.53066, 0.06883, 0.03635, 0.21386, 0.51315, 0.10957, 0.74729, 0.08116, 0.09968, 0.09008, 0.31133, 0.61501, 0.22866, 0.04888, 0.09075, 0.07783, 0.41018, 0.45887, 0.44234, 0.23263, 0.06494, 0.22118, 0.09473, 0.68836, 0.56981, 0.11508, 0.12479, 0.40378, 0.22332, 0.11098, 0.09265, 0.08101, 0.04515, 0.41173, 0.21576, 0.48895, 0.0598, 0.04597, 0.51279, 0.64317, 0.14103, 0.12617, 0.11952, 0.06352, 0.31547, 0.15299, 0.06461, 0.09253, 0.34109, 0.0899, 0.09936, 0.08209, 0.16841, 0.04567, 0.56647, 0.41184, 0.08828, 0.3295, 0.58938, 0.23912, 0.04219, 0.26629, 0.2345, 0.74344, 0.04222, 0.25057, 0.07072, 0.08784, 0.08904, 0.5193, 0.04863, 0.06972, 0.19938, 0.48481, 0.66164, 0.59375, 0.65359, 0.06348, 0.59646, 0.56428, 0.1096, 0.46658, 0.75128, 0.32003, 0.447, 0.54476, 0.12503, 0.44895, 0.78196, 0.05097, 0.40665, 0.49144, 0.08287, 0.76834, 0.35058, 0.75053, 0.36128, 0.03972, 0.57054, 0.05997, 0.08592, 0.07964, 0.65484, 0.09536, 0.49274, 0.08823, 0.08071, 0.77087, 0.09095, 0.03575, 0.60972, 0.08049, 0.37598, 0.22903, 0.29132, 0.52335, 0.08791, 0.18946, 0.06461, 0.4027, 0.14736, 0.58287, 0.22643, 0.21784, 0.04604, 0.30214, 0.07729, 0.14357, 0.14117, 0.41995, 0.69845, 0.41369, 0.0446, 0.32579, 0.35412, 0.56831, 0.25537, 0.57493, 0.37927, 0.55551, 0.40665, 0.05023, 0.12343, 0.08936, 0.0403, 0.79662, 0.42475, 0.07337, 0.61205, 0.40529, 0.21739, 0.18082, 0.10054, 0.06018, 0.04587, 0.5009, 0.05784, 0.05954, 0.33586, 0.15481, 0.6075, 0.0702, 0.08555, 0.06448, 0.16582, 0.09126, 0.49364, 0.32634, 0.67012, 0.30935, 0.46795, 0.09969, 0.68829, 0.4885, 0.06954, 0.22054, 0.05827, 0.09311, 0.07066, 0.21686, 0.04871, 0.30681, 0.20162, 0.58686, 0.17624, 0.04314, 0.49343, 0.49092, 0.31538, 0.51655, 0.04629, 0.43626, 0.62991, 0.51779, 0.56763, 0.52198, 0.53264, 0.11576, 0.54034, 0.05214, 0.39301, 0.33334, 0.15527, 0.07455, 0.08183, 0.18834, 0.75768, 0.50806, 0.37595, 0.69043, 0.72983, 0.12495, 0.52168, 0.58094, 0.38925, 0.24903, 0.37972, 0.63121, 0.53965, 0.12132, 0.5213, 0.16709, 0.09155, 0.5937, 0.05964, 0.17361, 0.62525, 0.54214, 0.54014, 0.39329, 0.75684, 0.06335, 0.07257, 0.11855, 0.10438, 0.52105, 0.05148, 0.76638, 0.20001, 0.53305, 0.48511, 0.4962, 0.07584, 0.07266, 0.12852, 0.07291, 0.53632, 0.0834, 0.51438, 0.77441, 0.6089, 0.08154, 0.4737, 0.52317, 0.11592, 0.18538, 0.24037, 0.71164, 0.45445, 0.41047, 0.82701, 0.15011, 0.0739, 0.26348, 0.69617, 0.13501, 0.05288, 0.06769, 0.04217, 0.0983, 0.20883, 0.18044, 0.15183, 0.08575, 0.06552, 0.07529, 0.30105, 0.12472, 0.12479, 0.7599, 0.63156, 0.12486, 0.05614, 0.37716, 0.0796, 0.05892, 0.07063, 0.23736, 0.52324, 0.41719, 0.42473, 0.48863, 0.4952, 0.2886, 0.1302, 0.60204, 0.56414, 0.09621, 0.06236, 0.63959, 0.20225, 0.70691, 0.64679, 0.69102, 0.23152, 0.05171, 0.57532, 0.07293, 0.07564, 0.06421, 0.51812, 0.22266, 0.15493, 0.0905, 0.53786, 0.06392, 0.04976, 0.15278, 0.43643, 0.14594, 0.04682, 0.51616, 0.26438, 0.07886, 0.13616, 0.05119, 0.67254, 0.06954, 0.36131, 0.49, 0.13082, 0.56196, 0.09078, 0.08193, 0.264, 0.08447, 0.09561, 0.58866, 0.07005, 0.04341, 0.26248, 0.13549, 0.47649, 0.39567, 0.50565, 0.27701, 0.27721, 0.0723, 0.31834, 0.68602, 0.45526, 0.20417, 0.07964, 0.16777, 0.07555, 0.09834, 0.06794, 0.05153, 0.0509, 0.05984, 0.06353, 0.16588, 0.11518, 0.04357, 0.36733, 0.06837, 0.06281, 0.69083, 0.15669, 0.12748, 0.63685, 0.63779, 0.1302, 0.05293, 0.10902, 0.57013, 0.13683, 0.05936, 0.52467, 0.78951, 0.05014, 0.05549, 0.65654, 0.7601, 0.36208, 0.06411, 0.10808, 0.48823, 0.13483, 0.44445, 0.05614, 0.0844, 0.33754, 0.46583, 0.15449, 0.32328, 0.62902, 0.17895, 0.11596, 0.47614, 0.03671, 0.24849, 0.05717, 0.26362, 0.07815, 0.08903, 0.06135, 0.60565, 0.10355, 0.4273, 0.49748, 0.51343, 0.36297, 0.20822, 0.17016, 0.12738, 0.12068, 0.08098, 0.06335, 0.50531, 0.05972, 0.61146, 0.19525, 0.11736, 0.58844, 0.16108, 0.3136, 0.10025, 0.17562, 0.04233, 0.08532, 0.17217, 0.18598, 0.18389, 0.1137, 0.38321, 0.0437, 0.08038,