{"model": "xlm-roberta-base", "dataset": "hatexplain", "train_config": "hardneg", "seed": 7, "thr_cal": 0.32082735896110526, "metrics_05": {"macro": 0.7407823098933842, "toxf1": 0.779837775202781, "prec": 0.8277982779827798, "rec": 0.7371303395399781, "prauc": 0.8806708533203692, "ece": 0.12340529248615106, "covert": 0.8896321070234113}, "metrics_cal": {"macro": 0.7296967946133206, "toxf1": 0.7933081489476524, "prec": 0.7819148936170213, "rec": 0.8050383351588171, "prauc": 0.8806708533203692, "ece": 0.12340529248615106, "covert": 0.8952071486596264}, "probs": [0.21359, 0.1562, 0.07468, 0.96544, 0.44651, 0.678, 0.99741, 0.07085, 0.15483, 0.03491, 0.13467, 0.04337, 0.10877, 0.07977, 0.20709, 0.06262, 0.09546, 0.0967, 0.99796, 0.14341, 0.04052, 0.9369, 0.03532, 0.80819, 0.09785, 0.95103, 0.99651, 0.24545, 0.06256, 0.62282, 0.93488, 0.45549, 0.84602, 0.89484, 0.98645, 0.03774, 0.90524, 0.16801, 0.99377, 0.05328, 0.99852, 0.63281, 0.21898, 0.55424, 0.23448, 0.06321, 0.05565, 0.9656, 0.97703, 0.55695, 0.04539, 0.11488, 0.99264, 0.30252, 0.26361, 0.98637, 0.13937, 0.11845, 0.82807, 0.55689, 0.0945, 0.94911, 0.99123, 0.59682, 0.99408, 0.71542, 0.98697, 0.62556, 0.94796, 0.98901, 0.06009, 0.99612, 0.78102, 0.97844, 0.09484, 0.13699, 0.9573, 0.33425, 0.87704, 0.95967, 0.97029, 0.1292, 0.90125, 0.08335, 0.93724, 0.97738, 0.99538, 0.14019, 0.59459, 0.74485, 0.07904, 0.99755, 0.95922, 0.88395, 0.97902, 0.10775, 0.87063, 0.16881, 0.43146, 0.99667, 0.05853, 0.6469, 0.99711, 0.30858, 0.04805, 0.89444, 0.96317, 0.94229, 0.99092, 0.1313, 0.01564, 0.152, 0.12901, 0.22578, 0.18586, 0.8666, 0.94459, 0.37743, 0.82696, 0.96494, 0.95837, 0.18742, 0.05335, 0.9925, 0.53687, 0.19087, 0.21044, 0.09134, 0.2607, 0.9861, 0.27231, 0.98667, 0.15874, 0.04843, 0.34037, 0.89261, 0.24129, 0.97895, 0.98719, 0.1671, 0.20178, 0.97626, 0.74149, 0.9939, 0.92731, 0.21073, 0.97796, 0.24825, 0.98486, 0.22017, 0.51249, 0.43477, 0.99279, 0.21775, 0.99058, 0.95014, 0.97382, 0.14631, 0.04433, 0.87592, 0.85152, 0.96996, 0.58719, 0.95282, 0.84963, 0.88708, 0.88178, 0.15081, 0.94902, 0.44941, 0.17223, 0.26829, 0.06507, 0.51576, 0.8832, 0.42236, 0.43047, 0.31025, 0.99217, 0.21325, 0.99547, 0.1598, 0.07626, 0.12548, 0.98056, 0.73414, 0.99388, 0.44574, 0.33963, 0.98563, 0.08626, 0.99396, 0.97173, 0.99125, 0.96114, 0.94572, 0.57492, 0.1388, 0.98519, 0.17405, 0.9797, 0.11224, 0.17465, 0.05344, 0.39577, 0.42269, 0.55802, 0.22742, 0.27871, 0.11441, 0.06571, 0.05557, 0.95292, 0.98946, 0.90712, 0.22609, 0.03294, 0.09715, 0.93474, 0.79438, 0.19863, 0.19457, 0.9411, 0.9966, 0.03822, 0.99199, 0.97868, 0.91237, 0.10421, 0.96945, 0.98565, 0.95461, 0.97094, 0.94043, 0.96731, 0.27341, 0.97605, 0.29841, 0.96638, 0.87974, 0.09288, 0.94098, 0.50764, 0.3417, 0.96425, 0.78136, 0.25338, 0.16014, 0.06831, 0.13644, 0.70199, 0.994, 0.4534, 0.68837, 0.58703, 0.96953, 0.97003, 0.21486, 0.07823, 0.89799, 0.13573, 0.98664, 0.85827, 0.52979, 0.98945, 0.3538, 0.97783, 0.02256, 0.06251, 0.25996, 0.89866, 0.60214, 0.04985, 0.89414, 0.15944, 0.15283, 0.97324, 0.99275, 0.96714, 0.96276, 0.99564, 0.9964, 0.96412, 0.98883, 0.97394, 0.93519, 0.32987, 0.09014, 0.01932, 0.15338, 0.15394, 0.23616, 0.04289, 0.34076, 0.97585, 0.15973, 0.2018, 0.09134, 0.36571, 0.17172, 0.3759, 0.12766, 0.26031, 0.99524, 0.99355, 0.11813, 0.97816, 0.98819, 0.01671, 0.05322, 0.89786, 0.90115, 0.983, 0.30834, 0.20535, 0.26971, 0.97289, 0.14002, 0.95965, 0.99284, 0.23895, 0.03157, 0.85709, 0.80056, 0.047, 0.99677, 0.19995, 0.04564, 0.98274, 0.98711, 0.96433, 0.99278, 0.15802, 0.4339, 0.98725, 0.11504, 0.30607, 0.9858, 0.98933, 0.03386, 0.90382, 0.99643, 0.85998, 0.88091, 0.15873, 0.61355, 0.01305, 0.07778, 0.08359, 0.39246, 0.12628, 0.92348, 0.32367, 0.97874, 0.74768, 0.99683, 0.01873, 0.25636, 0.98685, 0.17523, 0.09538, 0.37273, 0.99274, 0.00165, 0.99609, 0.15551, 0.9979, 0.99575, 0.39641, 0.09678, 0.08065, 0.6843, 0.95474, 0.9795, 0.77825, 0.81555, 0.64159, 0.91154, 0.97988, 0.99713, 0.9808, 0.89666, 0.06893, 0.99568, 0.19099, 0.07111, 0.06072, 0.03933, 0.29294, 0.70342, 0.97584, 0.05913, 0.268, 0.16387, 0.97435, 0.96922, 0.24203, 0.69295, 0.92552, 0.69157, 0.94914, 0.15406, 0.59741, 0.90381, 0.3212, 0.93523, 0.40621, 0.98657, 0.09083, 0.03315, 0.89817, 0.1672, 0.20538, 0.1527, 0.10073, 0.66373, 0.05913, 0.97304, 0.99412, 0.5747, 0.94529, 0.24888, 0.55941, 0.97854, 0.16623, 0.12665, 0.37798, 0.98773, 0.9051, 0.91051, 0.05866, 0.0427, 0.70907, 0.15456, 0.97195, 0.9863, 0.96971, 0.97743, 0.84899, 0.48287, 0.99368, 0.48923, 0.85635, 0.51465, 0.12402, 0.99719, 0.98006, 0.51919, 0.11874, 0.95804, 0.44583, 0.87397, 0.08702, 0.93526, 0.90398, 0.13568, 0.38323, 0.30336, 0.97953, 0.05103, 0.08301, 0.96721, 0.99523, 0.38003, 0.11467, 0.67266, 0.62619, 0.83346, 0.99463, 0.73137, 0.07704, 0.81384, 0.54904, 0.06168, 0.99361, 0.14115, 0.82492, 0.32801, 0.76837, 0.56197, 0.91259, 0.11495, 0.06433, 0.99134, 0.09614, 0.1751, 0.29363, 0.90474, 0.76631, 0.97537, 0.99268, 0.99717, 0.97969, 0.22808, 0.7057, 0.05684, 0.06475, 0.6375, 0.93847, 0.93344, 0.99743, 0.12969, 0.12508, 0.05443, 0.98705, 0.99668, 0.81427, 0.19069, 0.14821, 0.94872, 0.1544, 0.13576, 0.99452, 0.068, 0.1395, 0.45831, 0.99195, 0.23172, 0.40483, 0.81788, 0.20509, 0.35287, 0.97935, 0.20694, 0.9272, 0.94597, 0.99394, 0.0517, 0.94178, 0.95904, 0.9834, 0.70933, 0.03861, 0.11666, 0.93267, 0.96089, 0.45292, 0.04811, 0.44943, 0.99452, 0.14953, 0.89718, 0.97314, 0.37703, 0.57054, 0.40318, 0.25936, 0.93225, 0.51481, 0.88607, 0.83899, 0.1311, 0.99671, 0.98335, 0.06185, 0.98197, 0.40117, 0.24694, 0.45635, 0.02278, 0.01711, 0.55316, 0.78253, 0.20459, 0.97635, 0.03158, 0.99042, 0.00344, 0.97323, 0.78285, 0.97177, 0.99477, 0.95031, 0.41189, 0.79153, 0.69555, 0.93913, 0.60587, 0.51433, 0.99389, 0.07673, 0.93511, 0.84944, 0.96182, 0.94867, 0.57296, 0.06715, 0.37823, 0.99326, 0.03954, 0.83505, 0.07691, 0.16857, 0.12619, 0.09713, 0.98011, 0.98883, 0.1578, 0.77209, 0.4016, 0.97784, 0.30262, 0.43421, 0.12416, 0.8598, 0.05091, 0.30333, 0.31263, 0.21446, 0.99091, 0.065, 0.98639, 0.6712, 0.08806, 0.16518, 0.89441, 0.94288, 0.85987, 0.98927, 0.98527, 0.94738, 0.59456, 0.1417, 0.6644, 0.87677, 0.14662, 0.81167, 0.99411, 0.90759, 0.96468, 0.67266, 0.13265, 0.18788, 0.95446, 0.94891, 0.98505, 0.93605, 0.6974, 0.02613, 0.15095, 0.02613, 0.05237, 0.20011, 0.27633, 0.98051, 0.99485, 0.14328, 0.01446, 0.09463, 0.9865, 0.86594, 0.99442, 0.25648, 0.98426, 0.23427, 0.13598, 0.14893, 0.10052, 0.1154, 0.99425, 0.41296, 0.85469, 0.11098, 0.92705, 0.02713, 0.77433, 0.15584, 0.0512, 0.79753, 0.95056, 0.10508, 0.943, 0.65354, 0.98683, 0.10171, 0.11963, 0.75918, 0.29735, 0.83725, 0.9949, 0.97289, 0.99736, 0.83447, 0.98689, 0.59601, 0.00919, 0.69149, 0.96096, 0.0859, 0.99107, 0.92771, 0.48254, 0.94485, 0.24971, 0.73969, 0.99559, 0.8395, 0.13673, 0.21743, 0.08838, 0.99186, 0.25876, 0.90272, 0.70205, 0.97544, 0.59117, 0.14143, 0.74971, 0.23614, 0.99649, 0.82296, 0.07784, 0.99049, 0.39188, 0.09842, 0.94743, 0.98036, 0.19115, 0.48747, 0.02289, 0.91399, 0.93537, 0.99576, 0.14342, 0.07273, 0.99322, 0.04392, 0.08177, 0.92478, 0.99543, 0.92734, 0.98068, 0.37245, 0.6261, 0.99536, 0.9856, 0.03011, 0.38179, 0.07994, 0.90586, 0.98807, 0.47265, 0.78814, 0.33619, 0.01805, 0.27399, 0.94861, 0.35235, 0.90717, 0.33575, 0.15293, 0.98386, 0.09164, 0.12313, 0.99255, 0.98829, 0.15372, 0.11261, 0.99129, 0.22838, 0.13757, 0.09994, 0.13039, 0.6431, 0.19015, 0.10992, 0.03268, 0.27153, 0.20042, 0.4029, 0.8552, 0.06004, 0.04529, 0.54654, 0.7085, 0.15564, 0.88839, 0.99657, 0.23093, 0.27532, 0.98843, 0.99744, 0.96587, 0.95576, 0.21127, 0.98834, 0.89471, 0.87799, 0.04523, 0.91929, 0.20969, 0.16373, 0.18832, 0.87553, 0.09767, 0.44132, 0.14004, 0.31007, 0.17796, 0.9876, 0.97241, 0.99305, 0.96204, 0.99278, 0.6268, 0.981, 0.9902, 0.42347, 0.18462, 0.99157, 0.30449, 0.33071, 0.25133, 0.02644, 0.93187, 0.3257, 0.02671, 0.10163, 0.11918, 0.34722, 0.98725, 0.22839, 0.99346, 0.41588, 0.26209, 0.9395, 0.99093, 0.09889, 0.9776, 0.4439, 0.97021, 0.08864, 0.1521, 0.46216, 0.99145, 0.27769, 