{"model": "xlm-roberta-base", "dataset": "dravidian_kannada", "train_config": "ce", "seed": 7, "thr_cal": 0.1475506335496902, "metrics_05": {"macro": 0.7391455404158298, "toxf1": 0.6238532110091743, "prec": 0.6107784431137725, "rec": 0.6375, "prauc": 0.7119583413855266, "ece": 0.12014218766890696, "covert": 0.7757575757575758}, "metrics_cal": {"macro": 0.6961398117918187, "toxf1": 0.6048780487804878, "prec": 0.496, "rec": 0.775, "prauc": 0.7119583413855266, "ece": 0.12014218766890696, "covert": 0.8044692737430168}, "probs": [0.01264, 0.71598, 0.42253, 0.0868, 0.39729, 0.20525, 0.00138, 0.02427, 0.0, 0.01138, 0.02876, 0.00045, 0.00032, 0.18532, 0.39496, 0.0, 0.0, 0.76575, 0.00245, 0.15703, 0.11849, 2e-05, 0.16975, 0.6924, 0.98663, 0.61802, 0.90555, 0.16006, 0.35195, 0.04279, 0.99165, 0.76953, 0.01523, 0.61568, 0.76761, 0.01389, 4e-05, 0.00017, 0.39919, 0.14512, 0.08583, 7e-05, 0.00621, 0.00012, 0.32397, 0.05379, 0.14663, 3e-05, 0.00353, 0.41186, 0.88494, 0.53094, 1e-05, 0.88875, 0.0003, 0.04035, 4e-05, 0.74758, 0.25927, 0.86357, 0.00548, 0.20601, 0.62217, 0.19718, 0.00782, 0.02638, 1e-05, 0.13111, 0.88572, 0.96633, 0.18408, 0.0, 0.53625, 0.05071, 0.40694, 0.72617, 1e-05, 0.19903, 0.48346, 0.78031, 0.08458, 0.90794, 1e-05, 0.55283, 0.0734, 0.0, 0.78577, 0.00053, 0.7163, 0.00096, 0.0, 0.12682, 4e-05, 0.09345, 0.05794, 0.05844, 0.00089, 6e-05, 0.0005, 0.00085, 8e-05, 0.86882, 0.00056, 0.92876, 0.4601, 0.14912, 0.35779, 0.00194, 0.00022, 0.42346, 0.61589, 1e-05, 0.0, 6e-05, 0.04404, 8e-05, 0.01523, 0.05603, 0.74782, 0.89461, 6e-05, 3e-05, 0.77516, 0.70171, 0.04732, 0.00209, 0.14663, 0.79116, 5e-05, 0.55016, 0.84014, 0.0001, 3e-05, 0.85407, 0.91246, 0.33325, 0.00034, 0.95985, 0.00878, 0.8414, 4e-05, 0.00398, 0.13932, 0.91189, 0.81246, 0.65357, 0.00297, 0.84465, 0.07963, 0.01294, 0.00011, 0.03004, 0.8783, 0.38481, 0.07886, 0.02934, 0.0004, 0.76157, 0.08735, 0.68293, 0.11955, 0.00154, 0.01543, 0.00039, 0.58208, 1e-05, 0.01647, 0.03532, 0.00677, 0.741, 0.02194, 0.90346, 0.00185, 0.0059, 0.84436, 7e-05, 0.14663, 0.23273, 0.00034, 0.77317, 0.36129, 0.00028, 0.14663, 0.8657, 0.83102, 0.00215, 0.66117, 4e-05, 1e-05, 0.01702, 0.32437, 0.91136, 0.01948, 0.14663, 0.13297, 0.88986, 0.00019, 0.1747, 0.10466, 0.45972, 0.05002, 1e-05, 0.0, 0.01606, 0.02996, 0.08272, 0.21465, 0.01202, 0.89772, 2e-05, 0.86463, 0.3445, 0.03541, 0.01281, 5e-05, 0.0, 0.75765, 0.00011, 2e-05, 0.01341, 0.0, 0.02441, 0.00139, 0.2111, 0.85855, 0.00993, 4e-05, 0.01315, 0.00072, 0.01852, 2e-05, 0.34096, 0.0, 0.17824, 0.42189, 0.49997, 0.99172, 0.05028, 0.0, 0.00017, 0.05982, 0.14663, 0.70454, 0.98313, 0.9765, 0.00021, 1e-05, 0.1003, 0.00016, 0.86716, 0.10319, 0.21893, 0.07291, 0.0658, 0.00024, 2e-05, 0.25975, 0.00502, 3e-05, 0.0, 0.8114, 0.4601, 0.61887, 0.82123, 0.7106, 0.00016, 0.14663, 1e-05, 0.0006, 4e-05, 0.02256, 0.00408, 0.68336, 0.13056, 0.0004, 0.77372, 0.12892, 0.00121, 0.95204, 0.88946, 1e-05, 0.84066, 0.86984, 0.31792, 0.52784, 0.80943, 0.00123, 0.20359, 0.02236, 0.0006, 0.00163, 0.00041, 0.00141, 0.8926, 0.00026, 0.14663, 0.7617, 0.82456, 0.00072, 0.00102, 0.0001, 0.03302, 0.00023, 0.52325, 0.0, 0.02254, 0.3217, 0.14663, 0.00592, 4e-05, 0.21818, 0.00455, 0.00407, 0.00087, 0.63006, 0.00286, 0.0, 0.02421, 0.50437, 0.11922, 0.17776, 6e-05, 1e-05, 6e-05, 0.90706, 0.00031, 0.49476, 0.0, 0.15743, 0.87882, 6e-05, 0.54869, 0.02073, 0.00024, 5e-05, 2e-05, 0.0039, 0.35948, 0.0001, 0.00503, 0.09289, 2e-05, 0.5951, 0.03483, 0.47939, 0.05895, 0.9676, 0.75194, 0.14663, 0.7115, 9e-05, 0.00086, 0.82304, 0.63787, 0.10959, 0.7705, 0.45496, 0.01593, 7e-05, 0.00076, 0.79287, 0.00043, 0.7044, 0.26254, 8e-05, 0.00818, 0.90029, 0.03985, 5e-05, 0.30048, 0.99199, 0.01021, 0.00051, 0.14663, 0.00967, 0.28546, 0.00505, 0.72561, 0.8836, 0.01157, 0.76347, 0.05848, 0.0, 0.89727, 0.58456, 0.11295, 0.0, 2e-05, 0.55928, 0.47957, 0.14317, 1e-05, 0.00032, 0.07323, 0.00578, 0.0, 0.06649, 0.0003, 0.07849, 0.79943, 0.20452, 0.04071, 0.36462, 0.88147, 0.00014, 0.00246, 0.00117, 0.99033, 0.06283, 0.00055, 0.10581, 0.00703, 0.56608, 0.00336, 0.19748, 0.03579, 0.0008, 0.25402, 0.00238, 0.02769, 3e-05, 0.85482, 0.88205, 0.0001, 0.09269, 0.75334, 0.31557, 0.91761, 0.95758, 0.00058, 0.01702, 0.38948, 1e-05, 0.15599, 0.00439, 0.87695, 0.85948, 0.05046, 0.95712, 2e-05, 0.42929, 0.1364, 4e-05, 0.0004, 0.98475, 0.0161, 0.0, 0.93684, 0.76697, 0.73895, 0.51538, 0.0108, 0.0, 1e-05, 0.61568, 0.57019, 0.58924, 0.14852, 0.0077, 2e-05, 0.13623, 1e-05, 0.15703, 3e-05, 0.38677, 0.00055, 0.00221, 0.86769, 0.74437, 0.91346, 0.77193, 0.75892, 0.78132, 0.02429, 0.60522, 2e-05, 0.06822, 0.95095, 0.44838, 0.0, 0.82708, 0.0028, 3e-05, 0.12737, 0.64958, 0.47449, 0.87147, 0.5204, 0.0, 0.00163, 0.00016, 0.34466, 0.76969, 0.93882, 0.00019, 0.03475, 0.7856, 0.8367, 0.91296, 0.00225, 0.0, 0.0001, 0.43313, 0.00468, 0.00189, 0.75718, 0.00029, 0.00504, 0.21744, 0.83704, 2e-05, 0.97795, 0.00015, 0.00073, 0.01155, 0.2008, 0.93257, 0.07696, 7e-05, 0.17679, 0.0011, 0.72293, 0.75759, 0.00109, 0.81681, 0.87774, 0.14663, 0.57013, 0.37038, 0.00128, 0.00029, 0.8512, 0.43219, 0.0, 0.87995, 0.14663, 0.12944, 0.17766, 0.48661, 0.70561, 0.31071, 0.88149, 0.48964, 0.86199, 6e-05, 0.00314, 0.51147, 0.74496, 6e-05, 0.03294, 0.94348, 0.00016, 0.06828, 0.01605, 1e-05, 0.95624, 1e-05, 0.4741, 0.1015, 0.0, 0.00217, 0.23853, 0.00257, 0.87136, 0.85486, 0.73547, 0.04038, 0.01206, 0.65638, 0.28741, 0.89445, 0.75193, 0.07696, 0.81419, 0.00196, 0.00213, 0.00887, 0.00196, 0.0, 0.13556, 0.33815, 0.00232, 0.35028, 0.81384, 0.00011, 0.55468], "labels": [0, 0, 0, 0, 0, 0, 0, 0, 0, 0, 0, 0, 0, 0, 1, 0, 0, 1, 0, 0, 0, 0, 0, 1, 1, 1, 1, 1, 1, 0, 1, 0, 1, 1, 1, 0, 1, 0, 0, 1, 0, 0, 1, 0, 0, 0, 0, 0, 0, 1, 0, 0, 0, 1, 0, 0, 0, 0, 1, 0, 0, 0, 0, 1, 0, 0, 0, 0, 1, 1, 1, 0, 0, 0, 0, 1, 0, 0, 0, 1, 0, 1, 1, 0, 0, 0, 1, 0, 1, 0, 0, 0, 0, 0, 0, 0, 0, 1, 0, 0, 0, 1, 0, 1, 0, 0, 1, 0, 0, 0, 0, 0, 0, 0, 0, 0, 0, 0, 1, 0, 0, 0, 1, 1, 0, 0, 0, 0, 0, 0, 0, 0, 0, 1, 1, 0, 0, 1, 0, 0, 0, 0, 1, 1, 1, 0, 0, 0, 1, 0, 0, 0, 0, 0, 0, 1, 0, 0, 0, 1, 1, 1, 0, 1, 0, 0, 0, 0, 0, 0, 0, 1, 0, 0, 1, 0, 0, 0, 0, 0, 0, 0, 0, 0, 1, 0, 0, 0, 0, 0, 0, 1, 0, 1, 0, 1, 1, 0, 0, 0, 0, 0, 0, 0, 1, 1, 0, 0, 1, 0, 1, 0, 1, 0, 0, 0, 1, 0, 0, 0, 1, 0, 0, 0, 1, 0, 0, 0, 0, 0, 0, 0, 0, 0, 0, 1, 1, 0, 0, 0, 0, 0, 0, 1, 1, 0, 0, 0, 0, 0, 0, 0, 0, 1, 0, 0, 0, 0, 1, 0, 1, 0, 0, 0, 0, 0, 0, 0, 0, 0, 0, 0, 0, 1, 0, 0, 0, 0, 1, 1, 0, 1, 1, 0, 0, 1, 0, 1, 0, 0, 1, 0, 0, 1, 0, 0, 0, 1, 0, 0, 0, 0, 0, 0, 0, 0, 0, 1, 0, 0, 0, 0, 0, 0, 1, 1, 0, 0, 0, 0, 1, 1, 0, 0, 1, 0, 1, 0, 1, 1, 0, 0, 0, 0, 0, 0, 0, 1, 0, 0, 0, 0, 0, 0, 0, 0, 1, 0, 0, 0, 0, 0, 1, 0, 0, 1, 0, 1, 0, 0, 1, 0, 0, 0, 0, 0, 1, 0, 0, 1, 1, 0, 0, 0, 0, 0, 0, 1, 1, 0, 1, 0, 0, 1, 1, 1, 0, 0, 1, 1, 0, 0, 0, 0, 0, 0, 0, 0, 0, 1, 1, 1, 0, 1, 0, 0, 0, 1, 0, 0, 0, 0, 0, 0, 0, 0, 0, 1, 0, 1, 0, 0, 1, 0, 0, 0, 1, 1, 1, 0, 0, 0, 0, 0, 0, 1, 1, 0, 1, 0, 0, 0, 0, 0, 1, 1, 0, 1, 0, 1, 0, 0, 0, 0, 0, 0, 0, 0, 0, 0, 0, 0, 0, 0, 0, 0, 0, 1, 0, 1, 0, 0, 1, 1, 1, 0, 0, 1, 0, 0, 1, 1, 0, 0, 1, 0, 1, 1, 0, 0, 0, 0, 1, 1, 0, 1, 0, 0, 1, 0, 0, 0, 0, 0, 0, 0, 0, 0, 0, 1, 0, 1, 0, 0, 0, 1, 0, 1, 0, 0, 0, 1, 0, 0, 0, 0, 0, 0, 0, 0, 0, 0, 0, 0, 1, 0, 0, 1, 1, 1, 0, 0, 0, 1, 0, 0, 0, 1, 0, 1, 1, 0, 0, 0, 0, 1, 0, 0, 0, 0, 0, 0, 0, 1, 1, 1, 1, 0, 0, 0, 1, 1, 0, 0, 0, 0, 0, 0, 0, 0, 0, 0, 0, 1, 0, 1], "n": {"train": 3400, "val": 600, "test": 586, "toxic_frac": 0.23911764705882352}}