{"model": "xlm-roberta-base", "dataset": "dravidian_kannada", "train_config": "ce", "seed": 42, "thr_cal": 0.49970673918724046, "metrics_05": {"macro": 0.7113718673040708, "toxf1": 0.6222222222222222, "prec": 0.5142857142857142, "rec": 0.7875, "prauc": 0.7218346476523364, "ece": 0.16784713119776987, "covert": 0.8524590163934426}, "metrics_cal": {"macro": 0.7113718673040708, "toxf1": 0.6222222222222222, "prec": 0.5142857142857142, "rec": 0.7875, "prauc": 0.7218346476523364, "ece": 0.16784713119776987, "covert": 0.8524590163934426}, "probs": [0.08678, 0.68986, 0.78197, 0.068, 0.43599, 0.87507, 0.18013, 0.08802, 0.01731, 0.07836, 0.21762, 0.11426, 0.02177, 0.15608, 0.38309, 0.25294, 0.10262, 0.93875, 0.06813, 0.53205, 0.36372, 0.04927, 0.76294, 0.9486, 0.99983, 0.85895, 0.99787, 0.69663, 0.79207, 0.91484, 0.99964, 0.90748, 0.4918, 0.41809, 0.9811, 0.07941, 0.77247, 0.10672, 0.72868, 0.19879, 0.874, 0.0392, 0.93535, 0.0877, 0.80441, 0.97771, 0.29287, 0.20063, 0.01019, 0.65681, 0.98743, 0.43357, 0.01614, 0.94305, 0.11484, 0.87124, 0.01489, 0.79553, 0.25937, 0.98831, 0.16867, 0.11126, 0.67505, 0.54711, 0.02862, 0.30384, 0.06781, 0.08421, 0.91863, 0.99922, 0.08804, 0.05389, 0.35775, 0.42403, 0.63981, 0.33756, 0.20468, 0.44811, 0.91065, 0.95141, 0.19284, 0.95813, 0.03848, 0.54585, 0.83395, 0.02542, 0.68617, 0.04692, 0.81596, 0.07352, 0.02687, 0.17332, 0.0702, 0.50769, 0.21544, 0.17205, 0.02295, 0.03447, 0.03497, 0.09847, 0.01541, 0.85063, 0.25252, 0.9884, 0.81978, 0.31636, 0.87639, 0.07652, 0.10303, 0.60855, 0.71832, 0.11358, 0.01811, 0.05286, 0.12923, 0.10081, 0.4918, 0.11981, 0.82597, 0.97888, 0.04384, 0.02445, 0.99523, 0.81353, 0.15718, 0.04262, 0.29287, 0.8693, 0.03082, 0.36541, 0.9242, 0.03927, 0.05427, 0.92035, 0.98244, 0.71387, 0.02913, 0.9981, 0.33204, 0.92443, 0.03621, 0.11399, 0.48144, 0.99154, 0.96635, 0.88466, 0.31492, 0.95839, 0.63029, 0.11676, 0.01317, 0.07414, 0.7329, 0.8389, 0.16753, 0.52067, 0.07761, 0.90487, 0.83031, 0.73389, 0.92573, 0.09109, 0.00735, 0.09413, 0.3041, 0.0171, 0.39674, 0.07763, 0.2444, 0.86304, 0.0641, 0.99522, 0.32091, 0.31924, 0.98503, 0.01022, 0.29287, 0.32246, 0.08247, 0.92763, 0.56126, 0.13046, 0.29287, 0.96339, 0.68122, 0.21183, 0.87855, 0.07859, 0.22806, 0.18539, 0.8131, 0.99379, 0.53431, 0.29287, 0.76965, 0.98831, 0.16319, 0.58907, 0.79107, 0.48508, 0.20159, 0.03519, 0.03344, 0.63205, 0.27542, 0.21787, 0.95468, 0.11995, 0.97643, 0.051, 0.95125, 0.40492, 0.11305, 0.04391, 0.1002, 0.01718, 0.97772, 0.11262, 0.00298, 0.35355, 0.01531, 0.12186, 0.01009, 0.49879, 0.87326, 0.50269, 0.0296, 0.75087, 0.14195, 0.12177, 0.02502, 0.78667, 0.028, 0.79109, 0.57713, 0.78719, 0.9996, 0.27979, 0.01303, 0.05555, 0.6474, 0.29287, 0.49021, 0.99902, 0.99725, 0.0213, 0.023, 0.69466, 0.51193, 0.98142, 0.85609, 0.09294, 0.19891, 0.22941, 0.11731, 0.0378, 0.51446, 0.27519, 0.47955, 0.15218, 0.86285, 0.81978, 0.90364, 0.69881, 0.29293, 0.0151, 0.29287, 0.03352, 0.03229, 0.02919, 0.07869, 0.1057, 0.6937, 0.43911, 0.01419, 0.55777, 0.41575, 0.02833, 0.99768, 0.99542, 0.00608, 0.93064, 0.98579, 0.54148, 0.82679, 0.83795, 0.10294, 0.35785, 0.04752, 0.14309, 0.67417, 0.12013, 0.14454, 0.84278, 0.09002, 0.29287, 0.84712, 0.9537, 0.33394, 0.05532, 0.01054, 0.18454, 0.04764, 0.8364, 0.39097, 0.01549, 0.37528, 0.29287, 0.05712, 0.12369, 0.35436, 0.03872, 0.05706, 0.01999, 0.8469, 0.1689, 0.00946, 0.18754, 0.78524, 0.4002, 0.85965, 0.763, 0.01395, 0.01979, 0.9671, 0.12671, 0.93879, 0.03555, 0.70216, 0.99506, 0.0635, 0.28956, 0.08251, 0.16257, 0.02124, 0.21034, 0.04719, 0.5799, 0.02097, 0.01509, 0.69501, 0.04315, 0.925, 0.47147, 0.83597, 0.35797, 0.99992, 0.98472, 0.29287, 0.71378, 0.04729, 0.06059, 0.89033, 0.6684, 0.44828, 0.93399, 0.88456, 0.98747, 0.03384, 0.03441, 0.93058, 0.0311, 0.96552, 0.58137, 0.05715, 0.04401, 0.99616, 0.05878, 0.00873, 0.80195, 0.99964, 0.09613, 0.06071, 0.29287, 0.09786, 0.0433, 0.57165, 0.98091, 0.91661, 0.4036, 0.83377, 0.40923, 0.03466, 0.97756, 0.77619, 0.46117, 0.03356, 0.11552, 0.8601, 0.86274, 0.46378, 0.08937, 0.06196, 0.1456, 0.04957, 0.01032, 0.26071, 0.58614, 0.16769, 0.9755, 0.43561, 0.73195, 0.43019, 0.855, 0.07742, 0.24382, 0.0672, 0.99951, 0.27388, 0.33293, 0.13567, 0.07773, 0.86278, 0.04029, 0.6945, 0.38775, 0.16217, 0.59875, 0.03901, 0.1644, 0.05407, 0.97416, 0.85603, 0.03264, 0.58415, 0.81613, 0.42803, 0.94818, 0.99896, 0.00991, 0.0911, 0.65764, 0.05844, 0.8855, 0.20909, 0.98396, 0.95122, 0.77205, 0.99889, 0.03079, 0.0795, 0.76887, 0.0852, 0.04024, 0.99983, 0.81837, 0.0259, 0.97869, 0.91862, 0.90977, 0.30122, 0.25571, 0.06426, 0.04175, 0.6122, 0.19699, 0.37044, 0.07896, 0.08232, 0.07557, 0.34335, 0.03062, 0.11742, 0.0015, 0.56078, 0.38683, 0.07425, 0.95728, 0.91286, 0.99176, 0.80673, 0.92303, 0.8853, 0.14572, 0.75165, 0.00556, 0.21452, 0.97988, 0.14047, 0.08426, 0.99287, 0.93754, 0.01545, 0.07514, 0.71218, 0.4489, 0.95993, 0.8536, 0.2667, 0.13972, 0.05916, 0.54439, 0.89962, 0.99958, 0.06603, 0.25441, 0.9499, 0.86388, 0.98601, 0.6207, 0.03615, 0.03604, 0.61951, 0.01772, 0.02277, 0.82942, 0.07261, 0.12432, 0.43519, 0.95769, 0.06007, 0.99498, 0.12628, 0.03226, 0.06179, 0.93672, 0.99535, 0.88191, 0.41855, 0.81143, 0.08507, 0.9117, 0.64979, 0.03371, 0.92211, 0.83633, 0.29287, 0.81485, 0.69909, 0.25317, 0.1025, 0.82909, 0.84104, 0.10435, 0.9055, 0.29287, 0.44304, 0.29673, 0.92214, 0.89324, 0.25784, 0.84123, 0.94304, 0.88691, 0.05613, 0.77784, 0.79416, 0.94462, 0.46035, 0.25356, 0.99681, 0.03078, 0.06099, 0.03749, 0.02117, 0.99886, 0.01587, 0.34193, 0.51134, 0.04937, 0.02538, 0.30724, 0.02211, 0.96021, 0.95249, 0.86122, 0.12838, 0.04799, 0.90015, 0.74804, 0.994, 0.98903, 0.5219, 0.98873, 0.0805, 0.1074, 0.70435, 0.0762, 0.05553, 0.31546, 0.37096, 0.02294, 0.22492, 0.93383, 0.04479, 0.17221], "labels": [0, 0, 0, 0, 0, 0, 0, 0, 0, 0, 0, 0, 0, 0, 1, 0, 0, 1, 0, 0, 0, 0, 0, 1, 1, 1, 1, 1, 1, 0, 1, 0, 1, 1, 1, 0, 1, 0, 0, 1, 0, 0, 1, 0, 0, 0, 0, 0, 0, 1, 0, 0, 0, 1, 0, 0, 0, 0, 1, 0, 0, 0, 0, 1, 0, 0, 0, 0, 1, 1, 1, 0, 0, 0, 0, 1, 0, 0, 0, 1, 0, 1, 1, 0, 0, 0, 1, 0, 1, 0, 0, 0, 0, 0, 0, 0, 0, 1, 0, 0, 0, 1, 0, 1, 0, 0, 1, 0, 0, 0, 0, 0, 0, 0, 0, 0, 0, 0, 1, 0, 0, 0, 1, 1, 0, 0, 0, 0, 0, 0, 0, 0, 0, 1, 1, 0, 0, 1, 0, 0, 0, 0, 1, 1, 1, 0, 0, 0, 1, 0, 0, 0, 0, 0, 0, 1, 0, 0, 0, 1, 1, 1, 0, 1, 0, 0, 0, 0, 0, 0, 0, 1, 0, 0, 1, 0, 0, 0, 0, 0, 0, 0, 0, 0, 1, 0, 0, 0, 0, 0, 0, 1, 0, 1, 0, 1, 1, 0, 0, 0, 0, 0, 0, 0, 1, 1, 0, 0, 1, 0, 1, 0, 1, 0, 0, 0, 1, 0, 0, 0, 1, 0, 0, 0, 1, 0, 0, 0, 0, 0, 0, 0, 0, 0, 0, 1, 1, 0, 0, 0, 0, 0, 0, 1, 1, 0, 0, 0, 0, 0, 0, 0, 0, 1, 0, 0, 0, 0, 1, 0, 1, 0, 0, 0, 0, 0, 0, 0, 0, 0, 0, 0, 0, 1, 0, 0, 0, 0, 1, 1, 0, 1, 1, 0, 0, 1, 0, 1, 0, 0, 1, 0, 0, 1, 0, 0, 0, 1, 0, 0, 0, 0, 0, 0, 0, 0, 0, 1, 0, 0, 0, 0, 0, 0, 1, 1, 0, 0, 0, 0, 1, 1, 0, 0, 1, 0, 1, 0, 1, 1, 0, 0, 0, 0, 0, 0, 0, 1, 0, 0, 0, 0, 0, 0, 0, 0, 1, 0, 0, 0, 0, 0, 1, 0, 0, 1, 0, 1, 0, 0, 1, 0, 0, 0, 0, 0, 1, 0, 0, 1, 1, 0, 0, 0, 0, 0, 0, 1, 1, 0, 1, 0, 0, 1, 1, 1, 0, 0, 1, 1, 0, 0, 0, 0, 0, 0, 0, 0, 0, 1, 1, 1, 0, 1, 0, 0, 0, 1, 0, 0, 0, 0, 0, 0, 0, 0, 0, 1, 0, 1, 0, 0, 1, 0, 0, 0, 1, 1, 1, 0, 0, 0, 0, 0, 0, 1, 1, 0, 1, 0, 0, 0, 0, 0, 1, 1, 0, 1, 0, 1, 0, 0, 0, 0, 0, 0, 0, 0, 0, 0, 0, 0, 0, 0, 0, 0, 0, 1, 0, 1, 0, 0, 1, 1, 1, 0, 0, 1, 0, 0, 1, 1, 0, 0, 1, 0, 1, 1, 0, 0, 0, 0, 1, 1, 0, 1, 0, 0, 1, 0, 0, 0, 0, 0, 0, 0, 0, 0, 0, 1, 0, 1, 0, 0, 0, 1, 0, 1, 0, 0, 0, 1, 0, 0, 0, 0, 0, 0, 0, 0, 0, 0, 0, 0, 1, 0, 0, 1, 1, 1, 0, 0, 0, 1, 0, 0, 0, 1, 0, 1, 1, 0, 0, 0, 0, 1, 0, 0, 0, 0, 0, 0, 0, 1, 1, 1, 1, 0, 0, 0, 1, 1, 0, 0, 0, 0, 0, 0, 0, 0, 0, 0, 0, 1, 0, 1], "n": {"train": 3400, "val": 600, "test": 586, "toxic_frac": 0.23911764705882352}}