{"model": "xlm-roberta-base", "dataset": "dravidian_malayalam", "train_config": "ce", "seed": 99, "thr_cal": 0.5860003381967541, "metrics_05": {"macro": 0.5859849392257137, "toxf1": 0.208955223880597, "prec": 0.16091954022988506, "rec": 0.2978723404255319, "prauc": 0.16488335943368482, "ece": 0.15458623630801838, "covert": 0.2777777777777778}, "metrics_cal": {"macro": 0.5813349434374964, "toxf1": 0.19672131147540983, "prec": 0.16, "rec": 0.2553191489361702, "prauc": 0.16488335943368482, "ece": 0.15458623630801838, "covert": 0.23529411764705882}, "probs": [0.13148, 0.15645, 0.07392, 0.22208, 0.14463, 0.13148, 0.07184, 0.11957, 0.23908, 0.05937, 0.15807, 0.18215, 0.27767, 0.08011, 0.1317, 0.19528, 0.10565, 0.10576, 0.10219, 0.17258, 0.24877, 0.14817, 0.73563, 0.09995, 0.11134, 0.05923, 0.18448, 0.11477, 0.08748, 0.246, 0.20169, 0.12165, 0.18877, 0.09141, 0.24262, 0.08853, 0.1386, 0.12095, 0.08509, 0.07923, 0.10919, 0.05515, 0.13615, 0.13372, 0.52054, 0.07677, 0.13551, 0.16585, 0.12476, 0.18, 0.09012, 0.19986, 0.11106, 0.2883, 0.13109, 0.09201, 0.08542, 0.16984, 0.15255, 0.10499, 0.1273, 0.08737, 0.11599, 0.13549, 0.13439, 0.17525, 0.12217, 0.09657, 0.11019, 0.13232, 0.17242, 0.15453, 0.11728, 0.11391, 0.36998, 0.13129, 0.0826, 0.11221, 0.07927, 0.1653, 0.14848, 0.07053, 0.10563, 0.05679, 0.10752, 0.1118, 0.07801, 0.12204, 0.08381, 0.13139, 0.11026, 0.12559, 0.11827, 0.22463, 0.10835, 0.16519, 0.13143, 0.07681, 0.16577, 0.18643, 0.10752, 0.1048, 0.16254, 0.09566, 0.14375, 0.10879, 0.06562, 0.11168, 0.9405, 0.26249, 0.08319, 0.1414, 0.11645, 0.10732, 0.21731, 0.12201, 0.31342, 0.06159, 0.10099, 0.14944, 0.96227, 0.22096, 0.26859, 0.15049, 0.26254, 0.18729, 0.21766, 0.12718, 0.20966, 0.18723, 0.32709, 0.12097, 0.32027, 0.31911, 0.11865, 0.13045, 0.12979, 0.21756, 0.17886, 0.13501, 0.12098, 0.16044, 0.13628, 0.11024, 0.12066, 0.08738, 0.09472, 0.10985, 0.05792, 0.12325, 0.23694, 0.06557, 0.11807, 0.09264, 0.24962, 0.93622, 0.07817, 0.47919, 0.11143, 0.12655, 0.19505, 0.29641, 0.11017, 0.17404, 0.17945, 0.11205, 0.10734, 0.10778, 0.12047, 0.10722, 0.24904, 0.10186, 0.10289, 0.15883, 0.13924, 0.16887, 0.35922, 0.32013, 0.14295, 0.22931, 0.11418, 0.07249, 0.62694, 0.25266, 0.93296, 0.11075, 0.1182, 0.10756, 0.2461, 0.27641, 0.15776, 0.21814, 0.98726, 0.08718, 0.08801, 0.15168, 0.12785, 0.24276, 0.69118, 0.08678, 0.14305, 0.10469, 0.12738, 0.18154, 0.10888, 0.20255, 0.10119, 0.14349, 0.14749, 0.09809, 0.17496, 0.10971, 0.12236, 0.19519, 0.11137, 0.12097, 0.87957, 0.16372, 0.07859, 0.11406, 0.06902, 0.22278, 0.11268, 0.13784, 0.08096, 0.11147, 0.49383, 0.12038, 0.10581, 0.17945, 0.19152, 0.09054, 0.18793, 0.07677, 0.2058, 0.47961, 0.19138, 0.14866, 0.09159, 0.11556, 0.10387, 0.08366, 0.11176, 0.20732, 0.11459, 0.24246, 0.8864, 0.0941, 0.19523, 0.05722, 0.09931, 0.2602, 0.16748, 0.08385, 0.13795, 0.14421, 0.13776, 0.10693, 0.11658, 0.0845, 0.08013, 0.20627, 0.19021, 0.82532, 0.15493, 0.11006, 0.12012, 0.11377, 0.16913, 0.14423, 0.23719, 0.18788, 0.14208, 0.18488, 0.14287, 0.0981, 0.16418, 0.08854, 0.12074, 0.05782, 0.09064, 0.08893, 0.10493, 0.17866, 0.0608, 0.19125, 0.20259, 0.11492, 0.10147, 0.09727, 0.26584, 0.5167, 0.21309, 0.08672, 0.13543, 0.49726, 0.21276, 0.22519, 0.10549, 0.21023, 0.22366, 0.1766, 0.10377, 0.11937, 0.20928, 0.27537, 0.20053, 0.27486, 0.12573, 0.87464, 0.46441, 0.14469, 0.16993, 0.51111, 0.89339, 0.15176, 0.2063, 0.90529, 0.07622, 0.20964, 0.10759, 0.24651, 0.08952, 0.1236, 0.09412, 0.16577, 0.07053, 0.20671, 0.1611, 0.17143, 0.4171, 0.20473, 0.11567, 0.16872, 0.0919, 0.07682, 0.14756, 0.45729, 0.12379, 0.13087, 0.1428, 0.09276, 0.96278, 0.55916, 0.07343, 0.18854, 0.10797, 0.10522, 0.12257, 0.0859, 0.12145, 0.09304, 0.12752, 0.12723, 0.09682, 0.24905, 0.29578, 0.17641, 0.13344, 0.23441, 0.2053, 0.13239, 0.06933, 0.63682, 0.10776, 0.11558, 0.15838, 0.10827, 0.15683, 0.10879, 0.09665, 0.0789, 0.9, 0.16688, 0.08211, 0.4171, 0.15921, 0.08453, 0.08134, 0.22996, 0.10774, 0.14172, 0.20042, 0.10402, 0.08395, 0.17057, 0.09235, 0.15846, 0.11904, 0.1181, 0.14716, 0.07491, 0.10557, 0.10339, 0.94886, 0.2137, 0.15795, 0.13314, 0.08423, 0.16234, 0.16872, 0.09594, 0.97522, 0.17234, 0.19136, 0.24772, 0.08602, 0.42304, 0.14367, 0.06213, 0.07438, 0.06406, 0.60474, 0.09932, 0.15964, 0.08304, 0.11588, 0.20009, 0.17308, 0.374, 0.25343, 0.16365, 0.21516, 0.11778, 0.11868, 0.22547, 0.12575, 0.13485, 0.11644, 0.10376, 0.1461, 0.10215, 0.06393, 0.08003, 0.13951, 0.14793, 0.14748, 0.17158, 0.19946, 0.10128, 0.12602, 0.09782, 0.10585, 0.07823, 0.17684, 0.09176, 0.1616, 0.20881, 0.19295, 0.11439, 0.23557, 0.11877, 0.15295, 0.10548, 0.11217, 0.25883, 0.06159, 0.09774, 0.95688, 0.8457, 0.08092, 0.09926, 0.12686, 0.13371, 0.10971, 0.16355, 0.08986, 0.0849, 0.14199, 0.13313, 0.47961, 0.10794, 0.18909, 0.19266, 0.20627, 0.36166, 0.14846, 0.13497, 0.90359, 0.12925, 0.12519, 0.2687, 0.16461, 0.16204, 0.58844, 0.10299, 0.08606, 0.12542, 0.09026, 0.59823, 0.25989, 0.86488, 0.14944, 0.08366, 0.1989, 0.1345, 0.08931, 0.15507, 0.16784, 0.12163, 0.23938, 0.07972, 0.08837, 0.81476, 0.10025, 0.06445, 0.15704, 0.06281, 0.08837, 0.21278, 0.08865, 0.12621, 0.18915, 0.24245, 0.12121, 0.13849, 0.21558, 0.2188, 0.25733, 0.07895, 0.05499, 0.10258, 0.13784, 0.09657, 0.08796, 0.13969, 0.56332, 0.17766, 0.06758, 0.21705, 0.18267, 0.3181, 0.28779, 0.19082, 0.14678, 0.12485, 0.15065, 0.11424, 0.1017, 0.10982, 0.08293, 0.95855, 0.1447, 0.13661, 0.17616, 0.11338, 0.13475, 0.74821, 0.16663, 0.09968, 0.09196, 0.13092, 0.07339, 0.13356, 0.86255, 0.09182, 0.17869, 0.15163, 0.11537, 0.14002, 0.18444, 0.12978, 0.14182, 0.13101, 0.23887, 0.14491, 0.13019, 0.0708, 0.15887, 0.26606, 0.15, 0.10473, 0.07781, 0.1809, 0.1212, 0.22319, 0.10404, 0.11884, 0.11406, 0.19635, 0.1883, 0.07751, 0.10361, 0.26167, 0.09252, 0.28708, 0.0561, 0.10696, 0.16687, 0.23087, 0.12011, 0.15968, 0.13584, 0.13246, 0.22913, 0.10247, 0.25216, 0.14722, 0.09, 0.20627, 0.14108, 0.13356, 0.98384, 0.17613, 0.1282, 0.81468, 0.77402, 0.83227, 0.10206, 0.12796, 0.12968, 0.0977, 0.09258, 0.12516, 0.14018, 0.22585, 0.12745, 0.16098, 0.14488, 0.12215, 0.11134, 0.41738, 0.43331, 0.15715, 0.12338, 0.11339, 0.89431, 0.12404, 0.08066, 0.0977, 0.15325, 0.27336, 0.08442, 0.74271, 0.19244, 0.10936, 0.29388, 0.11925, 0.1235, 0.14603, 0.22416, 0.18973, 0.15592, 0.22054, 0.13151, 0.91529, 0.13038, 0.12862, 0.46243, 0.15944, 0.0699, 0.17285, 0.19234, 0.98813, 0.12283, 0.12668, 0.92094, 0.20034, 0.10758, 0.18548, 0.22969, 0.16517, 0.07644, 0.04757, 0.08991, 0.22576, 0.35195, 0.19701, 0.23352, 0.16869, 0.11747, 0.14853, 0.22654, 0.17721, 0.21516, 0.98719, 0.57421, 0.20305, 0.06964, 0.1912, 0.11715, 0.13539, 0.11831, 0.87647, 0.1765, 0.11944, 0.12489, 0.24002, 0.13158, 0.18379, 0.15071, 0.14792, 0.21382, 0.14347, 0.0997, 0.14756, 0.19416, 0.32946, 0.56036, 0.16398, 0.95017, 0.07642, 0.15426, 0.24031, 0.06756, 0.11612, 0.15339, 0.15389, 0.25087, 0.11924, 0.25696, 0.09045, 0.09081, 0.1226, 0.12371, 0.60965, 0.11641, 0.15262, 0.20075, 0.1254, 0.07754, 0.15313, 0.2233, 0.12402, 0.1194, 0.26363, 0.0789, 0.15317, 0.36208, 0.14004, 0.10947, 0.19724, 0.14609, 0.17162, 0.1286, 0.11323, 0.22851, 0.09983, 0.11262, 0.16862, 0.11134, 0.2322, 0.20054, 0.12486, 0.2693, 0.15563, 0.09988, 0.22675, 0.17256, 0.07643, 0.1452, 0.13956, 0.18219, 0.16099, 0.09864, 0.09486, 0.10241, 0.34876, 0.21014, 0.10462, 0.09966, 0.13539, 0.12744, 0.11487, 0.10827, 0.18042, 0.16365, 0.13252, 0.15071, 0.07569, 0.24448, 0.17894, 0.20838, 0.09106, 0.79989, 0.83537, 0.12814, 0.11372, 0.25007, 0.62044, 0.15657, 0.08952, 0.18996, 0.11124, 0.15078, 0.08698, 0.06964, 0.11137, 0.10866, 0.08334, 0.21941, 0.1685, 0.32326, 0.09769, 0.09662, 0.22359, 0.04546, 0.09753, 0.13233, 0.12597, 0.08212, 0.0771, 0.15734, 0.52219, 0.22002, 0.09703, 0.26971, 0.11592, 0.86821, 0.09216, 0.09917, 0.13084, 0.12995, 0.14966, 0.12404, 0.24637, 0.08977, 0.11559, 0.07519, 0.101, 0.21525, 0.17151, 0.25406, 0.09558, 0.1211, 0.11755, 0.1332, 0.18962, 0.18544, 0.13096, 0.05651, 0.11944, 0.10761, 0.08279, 0.10466, 0.11919, 