{"model": "xlm-roberta-base", "dataset": "hatexplain", "train_config": "hardneg", "seed": 42, "thr_cal": 0.711333441734314, "metrics_05": {"macro": 0.6924341870367385, "toxf1": 0.802747791952895, "prec": 0.7271111111111112, "rec": 0.895947426067908, "prauc": 0.8676380567594889, "ece": 0.14523689142862953, "covert": 0.898981989036805}, "metrics_cal": {"macro": 0.7188365152986014, "toxf1": 0.794750656167979, "prec": 0.7631048387096774, "rec": 0.8291347207009858, "prauc": 0.8676380567594889, "ece": 0.14523689142862953, "covert": 0.8870967741935484}, "probs": [0.24285, 0.3671, 0.80477, 0.98242, 0.93856, 0.91426, 0.99855, 0.26108, 0.76414, 0.07069, 0.51104, 0.08241, 0.13692, 0.1275, 0.62666, 0.17297, 0.12328, 0.35101, 0.99955, 0.08196, 0.11126, 0.86653, 0.09409, 0.98277, 0.31337, 0.97147, 0.99898, 0.42732, 0.42119, 0.23141, 0.89102, 0.8728, 0.91498, 0.83021, 0.99863, 0.13425, 0.86309, 0.43381, 0.99639, 0.17308, 0.99872, 0.9045, 0.82093, 0.71519, 0.37733, 0.45994, 0.16292, 0.99508, 0.99232, 0.93395, 0.26168, 0.62075, 0.99716, 0.35035, 0.90963, 0.98269, 0.35246, 0.19131, 0.97027, 0.85811, 0.26894, 0.98887, 0.99739, 0.89771, 0.99795, 0.79924, 0.99851, 0.86965, 0.88523, 0.99616, 0.12766, 0.99927, 0.95466, 0.99479, 0.17108, 0.51589, 0.98624, 0.74655, 0.9033, 0.996, 0.99223, 0.1644, 0.89858, 0.07589, 0.86063, 0.98323, 0.99935, 0.13427, 0.91342, 0.97698, 0.18202, 0.99819, 0.9923, 0.96641, 0.99533, 0.55583, 0.98683, 0.69625, 0.7864, 0.99957, 0.10147, 0.97849, 0.99744, 0.91266, 0.07301, 0.98196, 0.98665, 0.95103, 0.99576, 0.64336, 0.04503, 0.9889, 0.24277, 0.22438, 0.62582, 0.81958, 0.848, 0.94835, 0.97079, 0.99331, 0.84606, 0.20126, 0.10701, 0.97199, 0.94742, 0.1885, 0.23711, 0.19438, 0.44394, 0.99503, 0.72882, 0.98638, 0.19302, 0.84127, 0.97933, 0.67257, 0.84015, 0.99522, 0.99565, 0.12846, 0.78952, 0.99291, 0.96226, 0.99877, 0.8757, 0.87737, 0.98927, 0.88888, 0.97832, 0.91368, 0.98915, 0.94863, 0.99153, 0.68924, 0.98216, 0.97317, 0.98153, 0.8939, 0.28213, 0.99843, 0.91095, 0.97935, 0.97638, 0.94678, 0.99203, 0.85416, 0.9865, 0.37222, 0.93677, 0.95678, 0.33155, 0.54085, 0.13126, 0.69468, 0.94441, 0.90784, 0.92292, 0.41049, 0.99968, 0.5534, 0.99707, 0.11578, 0.71503, 0.61616, 0.99795, 0.35479, 0.99653, 0.93857, 0.89788, 0.99493, 0.99128, 0.99895, 0.98814, 0.9948, 0.99571, 0.98939, 0.98806, 0.97842, 0.98706, 0.90322, 0.96612, 0.14305, 0.56865, 0.06482, 0.84074, 0.80819, 0.65627, 0.9768, 0.94348, 0.45611, 0.89381, 0.29445, 0.78129, 0.99509, 0.98336, 0.62777, 0.0661, 0.44871, 0.95262, 0.99163, 0.32712, 0.27881, 0.9641, 0.99851, 0.26534, 0.99729, 0.99599, 0.83689, 0.92711, 0.99199, 0.9974, 0.88767, 0.98795, 0.9788, 0.98963, 0.89784, 0.96845, 0.8009, 0.99573, 0.97001, 0.10838, 0.98801, 0.88026, 0.96618, 0.98391, 0.96367, 0.89913, 0.15973, 0.11452, 0.41651, 0.93871, 0.99625, 0.82769, 0.91028, 0.37328, 0.9026, 0.98916, 0.13701, 0.08831, 0.95186, 0.2033, 0.99078, 0.83777, 0.95687, 0.9901, 0.79724, 0.99379, 0.05696, 0.09297, 0.31951, 0.90893, 0.96578, 0.10676, 0.98655, 0.53808, 0.39839, 0.99541, 0.99899, 0.98949, 0.98665, 0.99922, 0.99858, 0.97409, 0.99944, 0.96958, 0.93344, 0.65377, 0.77672, 0.11192, 0.48006, 0.25578, 0.50227, 0.11238, 0.9098, 0.99359, 0.91164, 0.96758, 0.15377, 0.77596, 0.20047, 0.99182, 0.51587, 0.94033, 0.99951, 0.99263, 0.22798, 0.98567, 0.99531, 0.11986, 0.06703, 0.97775, 0.82242, 0.98115, 0.828, 0.41701, 0.78933, 0.99548, 0.87451, 0.99009, 0.99718, 0.98172, 0.06912, 0.9913, 0.92535, 0.11458, 0.98908, 0.63247, 0.20568, 0.99661, 0.99178, 0.98731, 0.9982, 0.26581, 0.75794, 0.9741, 0.88891, 0.51091, 0.99668, 0.99479, 0.12221, 0.98424, 0.99782, 0.93697, 0.95274, 0.16947, 0.98401, 0.02822, 0.72436, 0.5374, 0.77939, 0.89572, 0.90807, 0.7386, 0.99453, 0.96308, 0.99901, 0.04735, 0.98983, 0.96991, 0.69, 0.23795, 0.80706, 0.9985, 0.00597, 0.99978, 0.41952, 0.99967, 0.99969, 0.98353, 0.56111, 0.1109, 0.70185, 0.98999, 0.99717, 0.84591, 0.97493, 0.23071, 0.98834, 0.99849, 0.99931, 0.95476, 0.92947, 0.12424, 0.99777, 0.20805, 0.07102, 0.36408, 0.14253, 0.94383, 0.97755, 0.98127, 0.83736, 0.51773, 0.27213, 0.99055, 0.98146, 0.90988, 0.9475, 0.93396, 0.61817, 0.99579, 0.44671, 0.6644, 0.98108, 0.92177, 0.99233, 0.98833, 0.99563, 0.36128, 0.07779, 0.97612, 0.43798, 0.38103, 0.40561, 0.15106, 0.98478, 0.08998, 0.99684, 0.99654, 0.58403, 0.99129, 0.75328, 0.94944, 0.99614, 0.28487, 0.13003, 0.95015, 0.99628, 0.98268, 0.8375, 0.27932, 0.06551, 0.96342, 0.22571, 0.97452, 0.99717, 0.97963, 0.97793, 0.97331, 0.47326, 0.99858, 0.33856, 0.91839, 0.50903, 0.42384, 0.99965, 0.98961, 0.95195, 0.23651, 0.9054, 0.66412, 0.94314, 0.14956, 0.98399, 0.97876, 0.88263, 0.85127, 0.59351, 0.99918, 0.93888, 0.62874, 0.99931, 0.99866, 0.98677, 0.24405, 0.66122, 0.9366, 0.83064, 0.99684, 0.98531, 0.16259, 0.91931, 0.99494, 0.05983, 0.99786, 0.16919, 0.99491, 0.92637, 0.97518, 0.92137, 0.98313, 0.36319, 0.15925, 0.99659, 0.24939, 0.65687, 0.2497, 0.90097, 0.91942, 0.99765, 0.99744, 0.99896, 0.95732, 0.63795, 0.81799, 0.09126, 0.14295, 0.91445, 0.99442, 0.9791, 0.99919, 0.3345, 0.15723, 0.05851, 0.98886, 0.99946, 0.88872, 0.5516, 0.34138, 0.98314, 0.67741, 0.47745, 0.99592, 0.11267, 0.07988, 0.57817, 0.99685, 0.2857, 0.95692, 0.82661, 0.71747, 0.93856, 0.99197, 0.93937, 0.9658, 0.9877, 0.99716, 0.08659, 0.99886, 0.88841, 0.99758, 0.96951, 0.18029, 0.4533, 0.99142, 0.99033, 0.47487, 0.05659, 0.17914, 0.99845, 0.46943, 0.73844, 0.9928, 0.74617, 0.8926, 0.78111, 0.55588, 0.85471, 0.65638, 0.99779, 0.89752, 0.65306, 0.99849, 0.98662, 0.30783, 0.99514, 0.83989, 0.64625, 0.93787, 0.16946, 0.03815, 0.88551, 0.97695, 0.91715, 0.9974, 0.03592, 0.99882, 0.02239, 0.87801, 0.98797, 0.99067, 0.9933, 0.88762, 0.98665, 0.96091, 0.96628, 0.99738, 0.97685, 0.62563, 0.9994, 0.72457, 0.94711, 0.90776, 0.98787, 0.88575, 0.84624, 0.05696, 0.4526, 0.99567, 0.08475, 0.93344, 0.15435, 0.66174, 0.25364, 0.12819, 0.92193, 0.99639, 0.19407, 0.98524, 0.50174, 0.92352, 0.70699, 0.9647, 0.47737, 0.80935, 0.6453, 0.88458, 0.95222, 0.7335, 0.99927, 0.07852, 0.99959, 0.55466, 0.80173, 0.19002, 0.87768, 0.98168, 0.98329, 0.9035, 0.97962, 0.95348, 0.88511, 0.19298, 0.98641, 0.97927, 0.25021, 0.60014, 0.99914, 0.97828, 0.98845, 0.61, 0.55493, 0.35566, 0.94734, 0.89448, 0.99332, 0.95832, 0.91647, 0.34793, 0.86022, 0.04921, 0.52355, 0.36175, 0.93835, 0.99091, 0.99785, 0.55172, 0.08899, 0.36245, 0.99622, 0.94044, 0.99405, 0.78569, 0.99191, 0.25337, 0.76318, 0.53972, 0.46239, 0.51825, 0.99886, 0.52592, 0.98607, 0.14078, 0.91704, 0.07512, 0.87215, 0.72457, 0.05008, 0.9367, 0.94511, 0.11566, 0.93207, 0.84328, 0.99495, 0.17581, 0.55249, 0.92305, 0.8841, 0.75286, 0.99963, 0.99311, 0.99932, 0.66924, 0.98791, 0.87901, 0.01853, 0.95353, 0.83492, 0.17385, 0.99622, 0.95229, 0.82159, 0.74658, 0.52961, 0.84325, 0.99948, 0.98082, 0.68757, 0.11124, 0.30311, 0.9972, 0.78248, 0.99025, 0.98567, 0.99631, 0.92858, 0.14641, 0.91383, 0.50057, 0.99947, 0.57539, 0.84385, 0.98898, 0.49709, 0.37182, 0.97854, 0.9949, 0.79358, 0.92475, 0.03976, 0.89316, 0.96554, 0.99916, 0.96372, 0.13092, 0.9979, 0.07854, 0.29598, 0.99247, 0.99944, 0.97764, 0.99641, 0.94518, 0.99068, 0.99913, 0.98812, 0.04899, 0.69823, 0.17335, 0.67744, 0.99789, 0.91459, 0.88238, 0.7665, 0.03972, 0.56992, 0.99799, 0.83407, 0.80758, 0.26274, 0.10657, 0.99433, 0.15915, 0.49268, 0.99923, 0.99717, 0.46481, 0.46888, 0.99927, 0.44833, 0.55643, 0.27814, 0.50569, 0.83342, 0.22845, 0.23305, 0.04785, 0.94812, 0.77108, 0.6658, 0.9648, 0.71176, 0.05711, 0.9934, 0.93284, 0.77756, 0.92129, 0.99883, 0.69395, 0.46536, 0.99631, 0.99975, 0.98236, 0.96573, 0.74611, 0.99437, 0.96082, 0.97805, 0.0816, 0.92358, 0.54268, 0.4191, 0.80597, 0.99486, 0.13171, 0.91291, 0.84702, 0.68024, 0.72217, 0.99887, 0.96978, 0.99555, 0.98533, 0.99752, 0.92997, 0.98155, 0.99915, 0.90166, 0.4138, 0.99745, 0.3543, 0.83905, 0.57423, 0.23417, 0.90601, 0.60183, 0.06983, 0.22836, 0.13323, 0.42878, 0.99761, 0.35809, 0.99901, 0.90442, 0.18296, 0.94955, 0.99751, 0.10719, 0.97904, 0.80467, 0.99795, 0.10954, 0.1446, 0.7166, 0.99802, 