{"model": "xlm-roberta-base", "dataset": "dravidian_malayalam", "train_config": "ce", "seed": 2024, "thr_cal": 0.5764504045248028, "metrics_05": {"macro": 0.549718574108818, "toxf1": 0.13846153846153847, "prec": 0.10843373493975904, "rec": 0.19148936170212766, "prauc": 0.09180094917255355, "ece": 0.24912574071685473, "covert": 0.13559322033898305}, "metrics_cal": {"macro": 0.5509499136442142, "toxf1": 0.13333333333333333, "prec": 0.1206896551724138, "rec": 0.14893617021276595, "prauc": 0.09180094917255355, "ece": 0.24912574071685473, "covert": 0.08163265306122448}, "probs": [0.2788, 0.22485, 0.14867, 0.25331, 0.22942, 0.29157, 0.20003, 0.21876, 0.37122, 0.20579, 0.27161, 0.28518, 0.49283, 0.22267, 0.32041, 0.28421, 0.23741, 0.16917, 0.2363, 0.16901, 0.42143, 0.30111, 0.46121, 0.22903, 0.24782, 0.09977, 0.34702, 0.20641, 0.22383, 0.37658, 0.37802, 0.19275, 0.32533, 0.24331, 0.37753, 0.16424, 0.23504, 0.23323, 0.15122, 0.10521, 0.3209, 0.21644, 0.25915, 0.33079, 0.29716, 0.0982, 0.3171, 0.37449, 0.24843, 0.28767, 0.17711, 0.3239, 0.24061, 0.61587, 0.16421, 0.21695, 0.13824, 0.26964, 0.26387, 0.17983, 0.25245, 0.20446, 0.1976, 0.223, 0.25318, 0.19605, 0.28538, 0.19563, 0.21078, 0.21551, 0.31003, 0.23203, 0.28805, 0.23603, 0.36533, 0.25173, 0.20124, 0.19107, 0.18423, 0.35573, 0.32193, 0.20434, 0.21837, 0.22057, 0.17469, 0.24339, 0.20917, 0.34364, 0.21936, 0.30363, 0.2305, 0.26456, 0.25869, 0.48137, 0.20862, 0.28731, 0.25289, 0.20184, 0.18691, 0.29017, 0.22495, 0.23027, 0.37083, 0.23301, 0.31036, 0.19266, 0.14657, 0.1546, 0.64456, 0.37181, 0.20786, 0.21782, 0.26053, 0.20195, 0.31701, 0.22286, 0.5065, 0.24582, 0.28032, 0.21299, 0.34736, 0.26884, 0.30817, 0.23432, 0.60474, 0.30737, 0.41322, 0.21236, 0.3997, 0.27485, 0.39857, 0.19384, 0.27943, 0.44387, 0.21657, 0.25476, 0.23676, 0.33264, 0.39776, 0.20403, 0.19682, 0.31666, 0.24651, 0.23734, 0.27464, 0.24567, 0.22061, 0.24624, 0.15896, 0.45787, 0.35956, 0.13947, 0.16244, 0.25027, 0.64875, 0.8309, 0.28213, 0.32769, 0.26536, 0.17307, 0.30198, 0.21779, 0.24604, 0.41263, 0.26113, 0.19074, 0.25217, 0.19274, 0.23827, 0.18351, 0.2517, 0.20987, 0.26121, 0.27265, 0.29439, 0.27232, 0.50695, 0.60002, 0.28203, 0.34073, 0.1781, 0.16284, 0.81953, 0.28705, 0.70508, 0.26842, 0.29213, 0.12875, 0.21217, 0.38406, 0.26038, 0.41606, 0.85163, 0.3163, 0.10958, 0.23638, 0.30705, 0.38909, 0.58142, 0.20178, 0.23181, 0.26343, 0.17941, 0.33101, 0.19115, 0.31979, 0.1549, 0.17365, 0.22961, 0.21653, 0.23396, 0.25811, 0.23839, 0.50164, 0.18841, 0.15607, 0.42846, 0.3626, 0.2134, 0.14473, 0.16178, 0.364, 0.27708, 0.3693, 0.18516, 0.22211, 0.4805, 0.18731, 0.1551, 0.2638, 0.3692, 0.17491, 0.3558, 0.0982, 0.34353, 0.39378, 0.33514, 0.28207, 0.1729, 0.13294, 0.23258, 0.17307, 0.18435, 0.46649, 0.28916, 0.56805, 0.61376, 0.21915, 0.29929, 0.16924, 0.28172, 0.4165, 0.29081, 0.18834, 0.28366, 0.25022, 0.28314, 0.23324, 0.17483, 0.18947, 0.09623, 0.34777, 0.33277, 0.25695, 0.26355, 0.21754, 0.16011, 0.24112, 0.23526, 0.27463, 0.42943, 0.20319, 0.22888, 0.30642, 0.3298, 0.17006, 0.34947, 0.17439, 0.26978, 0.19826, 0.2053, 0.1779, 0.19617, 0.17831, 0.181, 0.25116, 0.34875, 0.2084, 0.23324, 0.19272, 0.62156, 0.45849, 0.31261, 0.18387, 0.20161, 0.67609, 0.46508, 0.40665, 0.13783, 0.38355, 0.34197, 0.21482, 0.12853, 0.27486, 0.49976, 0.33228, 0.32181, 0.40353, 0.21254, 0.36694, 0.45777, 0.27533, 0.35554, 0.39995, 0.38016, 0.24138, 0.30302, 0.35256, 0.16473, 0.23729, 0.28729, 0.36378, 0.24724, 0.22267, 0.21019, 0.25189, 0.20434, 0.38809, 0.24243, 0.32833, 0.35449, 0.20962, 0.2268, 0.31751, 0.20997, 0.19246, 0.27122, 0.47802, 0.21174, 0.23087, 0.31468, 0.15613, 0.86472, 0.28881, 0.19594, 0.32687, 0.23672, 0.22192, 0.24698, 0.28577, 0.28672, 0.14798, 0.35765, 0.27006, 0.24106, 0.38047, 0.43961, 0.21235, 0.30666, 0.44926, 0.33521, 0.1796, 0.14199, 0.50703, 0.17704, 0.26022, 0.26126, 0.15507, 0.21718, 0.19266, 0.16405, 0.12346, 0.3887, 0.25711, 0.16471, 0.35449, 0.33448, 0.15086, 0.17624, 0.53851, 0.19661, 0.31628, 0.24853, 0.20494, 0.15825, 0.24436, 0.23143, 0.29458, 0.14045, 0.23815, 0.28854, 0.19393, 0.2137, 0.23415, 0.34088, 0.45609, 0.22506, 0.21576, 0.21417, 0.43534, 0.27176, 0.19844, 0.79879, 0.27983, 0.40089, 0.38229, 0.1998, 0.30551, 0.22697, 0.17358, 0.14369, 0.09169, 0.50454, 0.25378, 0.2136, 0.18848, 0.25143, 0.49442, 0.35047, 0.71653, 0.76255, 0.3722, 0.29287, 0.18896, 0.18421, 0.38098, 0.23998, 0.27253, 0.25545, 0.1941, 0.30647, 0.24513, 0.19715, 0.22244, 0.22926, 0.3363, 0.34919, 0.41499, 0.25651, 0.27306, 0.25421, 0.20982, 0.24478, 0.12088, 0.32198, 0.1603, 0.32598, 0.31172, 0.30648, 0.24258, 0.29439, 0.19411, 0.19093, 0.22184, 0.23637, 0.39489, 0.24582, 0.1556, 0.38279, 0.49818, 0.14547, 0.12966, 0.27397, 0.22746, 0.25923, 0.32619, 0.2019, 0.26339, 0.17111, 0.28338, 0.39378, 0.28268, 0.31858, 0.29198, 0.27909, 0.32347, 0.29843, 0.24073, 0.70263, 0.21552, 0.20828, 0.31017, 0.28977, 0.204, 0.79012, 0.21805, 0.21184, 0.27473, 0.26753, 0.61565, 0.50109, 0.75373, 0.21299, 0.17307, 0.3542, 0.30593, 0.20244, 0.27932, 0.37257, 0.28139, 0.46765, 0.26671, 0.14353, 0.80897, 0.16707, 0.12358, 0.29778, 0.18679, 0.22172, 0.43435, 0.17054, 0.28772, 0.39345, 0.37548, 0.2268, 0.1977, 0.31848, 0.30007, 0.47134, 0.15391, 0.14665, 0.19769, 0.22819, 0.19579, 0.14616, 0.22526, 0.53541, 0.25886, 0.30735, 0.34656, 0.2803, 0.40912, 0.32055, 0.20475, 0.23189, 0.22916, 0.18842, 0.26591, 0.16276, 0.262, 0.13544, 0.56093, 0.20876, 0.1907, 0.28414, 0.1858, 0.18572, 0.29683, 0.27368, 0.16227, 0.17593, 0.27738, 0.19387, 0.30946, 0.33244, 0.15697, 0.28711, 0.25812, 0.27826, 0.35511, 0.43562, 0.29541, 0.24525, 0.17187, 0.36421, 0.22703, 0.18009, 0.13683, 0.26532, 0.58355, 0.23796, 0.14643, 0.19285, 0.35975, 0.23391, 0.34716, 0.18753, 0.25276, 0.23321, 0.41026, 0.32152, 0.16043, 0.19827, 0.45157, 0.20295, 0.25739, 0.1581, 0.22368, 0.33397, 0.28785, 0.29023, 0.28827, 0.22409, 0.29101, 0.20944, 0.19776, 0.35123, 0.24355, 0.2343, 0.34777, 0.3677, 0.37966, 0.59732, 0.25323, 0.22934, 0.42959, 0.63297, 0.33133, 0.30757, 0.30193, 0.18458, 0.21211, 0.24761, 0.25638, 0.27103, 0.40564, 0.25663, 0.31651, 0.30361, 0.30596, 0.24782, 0.49146, 0.60506, 0.26421, 0.27267, 0.23439, 0.74332, 0.24117, 0.16623, 0.15573, 0.26517, 0.42578, 0.22319, 0.70605, 0.33165, 0.23065, 0.38134, 0.26799, 0.21832, 0.22586, 0.31239, 0.26659, 0.27388, 0.21772, 0.26489, 0.69967, 0.22078, 0.27089, 0.61071, 0.22266, 0.13884, 0.38077, 0.32203, 0.65555, 0.23616, 0.17984, 0.84701, 0.34342, 0.30741, 0.26319, 0.40557, 0.35994, 0.23219, 0.16812, 0.24527, 0.31337, 0.32276, 0.37084, 0.4176, 0.26764, 0.2498, 0.21746, 0.28843, 0.34257, 0.29287, 0.76299, 0.38106, 0.34877, 0.18147, 0.38831, 0.25305, 0.24531, 0.20274, 0.53949, 0.2314, 0.25992, 0.25859, 0.25314, 0.23258, 0.29743, 0.3101, 0.29965, 0.24914, 0.30687, 0.2034, 0.31364, 0.2749, 0.63494, 0.44881, 0.38611, 0.38717, 0.17359, 0.2815, 0.4808, 0.12826, 0.27782, 0.29666, 0.41659, 0.48202, 0.29071, 0.38528, 0.16351, 0.25503, 0.14268, 0.23528, 0.28231, 0.15913, 0.25457, 0.30677, 0.27263, 0.14278, 0.19835, 0.33096, 0.25474, 0.17954, 0.27049, 0.17751, 0.25259, 0.25924, 0.23312, 0.14151, 0.33315, 0.29195, 0.25294, 0.26208, 0.20142, 0.35677, 0.1635, 0.17457, 0.24535, 0.21628, 0.49192, 0.41684, 0.30133, 0.39338, 0.3451, 0.23064, 0.34343, 0.28842, 0.18334, 0.24985, 0.33273, 0.25945, 0.28533, 0.21532, 0.27993, 0.30494, 0.30352, 0.36388, 0.23604, 0.17062, 0.25522, 0.29979, 0.34323, 0.15507, 0.32073, 0.25854, 0.2649, 0.3101, 0.16159, 0.37911, 0.31118, 0.36912, 0.2103, 0.40214, 0.71199, 0.34175, 0.22799, 0.36618, 0.57528, 0.23036, 0.24724, 0.30202, 0.19224, 0.26669, 0.20001, 0.18147, 0.18841, 0.17483, 0.25818, 0.35692, 0.39279, 0.28906, 0.21552, 0.15176, 0.52639, 0.11289, 0.17485, 0.25987, 0.24683, 0.12314, 0.20648, 0.23822, 0.59991, 0.31373, 0.20597, 0.72859, 0.21358, 0.44579, 0.20594, 0.16882, 0.23513, 0.17222, 0.27741, 0.24117, 0.39737, 0.1574, 0.31553, 0.16087, 0.19282, 0.35594, 0.35631, 0.40451, 0.27469, 0.24539, 0.23272, 0.27883, 0.31576, 0.34029, 0.19336, 0.14007, 0.22176, 