{"model": "xlm-roberta-base", "dataset": "hatexplain", "train_config": "ce", "seed": 2024, "thr_cal": 0.13041790276765822, "metrics_05": {"macro": 0.6973327952583027, "toxf1": 0.6969292389853138, "prec": 0.8923076923076924, "rec": 0.5717415115005476, "prauc": 0.8803614041641759, "ece": 0.18448466830700636, "covert": 0.8339483394833949}, "metrics_cal": {"macro": 0.7160715430157822, "toxf1": 0.8082536487166583, "prec": 0.7476722532588455, "rec": 0.8795180722891566, "prauc": 0.8803614041641759, "ece": 0.18448466830700636, "covert": 0.9005568814638027}, "probs": [0.09388, 0.10877, 0.04779, 0.54452, 0.16753, 0.24181, 0.93897, 0.11145, 0.12305, 0.05143, 0.12787, 0.07582, 0.0887, 0.10553, 0.17157, 0.05775, 0.09299, 0.05139, 0.97696, 0.13477, 0.04261, 0.3741, 0.03641, 0.25135, 0.08287, 0.57884, 0.96534, 0.10911, 0.02326, 0.07519, 0.75427, 0.17445, 0.30793, 0.68346, 0.92676, 0.02444, 0.20654, 0.1142, 0.78912, 0.05266, 0.95845, 0.18214, 0.11645, 0.10756, 0.09005, 0.12594, 0.08043, 0.54561, 0.92737, 0.4892, 0.05434, 0.34092, 0.96184, 0.17187, 0.18363, 0.69519, 0.06163, 0.04363, 0.34172, 0.38768, 0.05629, 0.34311, 0.89433, 0.40245, 0.95478, 0.22509, 0.96321, 0.11482, 0.27173, 0.85762, 0.04893, 0.93142, 0.19308, 0.81156, 0.07157, 0.10333, 0.86123, 0.12467, 0.4872, 0.9399, 0.88141, 0.123, 0.54924, 0.19426, 0.29186, 0.82665, 0.97768, 0.16269, 0.22288, 0.72278, 0.0641, 0.96195, 0.33728, 0.58666, 0.82287, 0.06623, 0.05186, 0.17161, 0.12178, 0.94128, 0.03905, 0.40847, 0.89202, 0.71312, 0.07271, 0.41258, 0.41024, 0.24293, 0.94479, 0.15961, 0.04399, 0.16768, 0.06381, 0.06672, 0.30642, 0.65208, 0.2389, 0.34143, 0.85321, 0.72237, 0.41652, 0.12573, 0.05168, 0.92989, 0.20697, 0.173, 0.11907, 0.07082, 0.18508, 0.86252, 0.13945, 0.75794, 0.13461, 0.07465, 0.33263, 0.40143, 0.31217, 0.80307, 0.61148, 0.08222, 0.21304, 0.83385, 0.86378, 0.90446, 0.3445, 0.25686, 0.86338, 0.32931, 0.79159, 0.10435, 0.59464, 0.39824, 0.86322, 0.47291, 0.87785, 0.65141, 0.74219, 0.13596, 0.03168, 0.53563, 0.25547, 0.40831, 0.46424, 0.68946, 0.8525, 0.31224, 0.48163, 0.08829, 0.91392, 0.33264, 0.11264, 0.21424, 0.05884, 0.25816, 0.21387, 0.10883, 0.21503, 0.12422, 0.9318, 0.06631, 0.94999, 0.11328, 0.03571, 0.15132, 0.86971, 0.12922, 0.82757, 0.32303, 0.10142, 0.94186, 0.13505, 0.88004, 0.83592, 0.96025, 0.55221, 0.57683, 0.26033, 0.23852, 0.89018, 0.21804, 0.71179, 0.07563, 0.12784, 0.09537, 0.17773, 0.28964, 0.23058, 0.21251, 0.2765, 0.09988, 0.0721, 0.05148, 0.75162, 0.88425, 0.38088, 0.25508, 0.02761, 0.09788, 0.85804, 0.80877, 0.37537, 0.14998, 0.56098, 0.958, 0.04947, 0.94343, 0.73931, 0.58636, 0.12352, 0.78929, 0.96346, 0.79084, 0.79083, 0.88625, 0.88633, 0.14372, 0.94357, 0.27905, 0.75052, 0.54233, 0.05021, 0.61784, 0.30954, 0.31213, 0.62526, 0.63329, 0.48635, 0.12006, 0.05394, 0.25172, 0.55807, 0.91746, 0.16047, 0.16816, 0.38638, 0.84611, 0.66201, 0.04301, 0.07374, 0.70441, 0.09681, 0.94101, 0.32203, 0.90863, 0.64792, 0.11794, 0.82237, 0.0219, 0.06566, 0.16186, 0.36652, 0.49484, 0.07414, 0.85141, 0.11786, 0.08268, 0.90309, 0.98189, 0.85741, 0.47587, 0.93157, 0.94985, 0.86693, 0.96046, 0.78809, 0.75921, 0.15724, 0.06902, 0.00735, 0.11984, 0.09021, 0.2606, 0.05108, 0.20961, 0.86502, 0.14506, 0.70658, 0.03579, 0.31044, 0.13515, 0.54207, 0.05458, 0.29458, 0.96495, 0.82219, 0.11814, 0.8503, 0.9581, 0.013, 0.04628, 0.46884, 0.26576, 0.70488, 0.13333, 0.12063, 0.50804, 0.94565, 0.07471, 0.75209, 0.95839, 0.18559, 0.04615, 0.61216, 0.31087, 0.06254, 0.87562, 0.19058, 0.05606, 0.76156, 0.90637, 0.74163, 0.93863, 0.12883, 0.42712, 0.78059, 0.1468, 0.38632, 0.91397, 0.85787, 0.01709, 0.47862, 0.94771, 0.4002, 0.15361, 0.10316, 0.42612, 0.01732, 0.08774, 0.08637, 0.1571, 0.07849, 0.72556, 0.13875, 0.59565, 0.74079, 0.97382, 0.0054, 0.30965, 0.50459, 0.21282, 0.06442, 0.41873, 0.96489, 0.0005, 0.97473, 0.19952, 0.98211, 0.95255, 0.71419, 0.14186, 0.06497, 0.25887, 0.82073, 0.90157, 0.116, 0.18589, 0.193, 0.57196, 0.9307, 0.91896, 0.89311, 0.72533, 0.04588, 0.90226, 0.03226, 0.11791, 0.08113, 0.02146, 0.40045, 0.34138, 0.95747, 0.0844, 0.16151, 0.09194, 0.92688, 0.78268, 0.17403, 0.6465, 0.41057, 0.24051, 0.86346, 0.06239, 0.26859, 0.37998, 0.0763, 0.80696, 0.7266, 0.8646, 0.0662, 0.00701, 0.35877, 0.105, 0.1542, 0.09179, 0.09722, 0.60212, 0.04485, 0.89118, 0.9755, 0.1509, 0.66193, 0.32082, 0.1395, 0.26016, 0.09615, 0.05251, 0.13158, 0.79239, 0.51487, 0.69566, 0.02753, 0.03891, 0.26312, 0.11652, 0.72674, 0.95235, 0.76057, 0.66909, 0.70466, 0.35184, 0.93086, 0.21189, 0.36667, 0.36939, 0.18753, 0.96487, 0.80996, 0.21272, 0.10937, 0.65523, 0.14122, 0.5156, 0.06996, 0.78851, 0.86212, 0.06285, 0.2439, 0.1077, 0.96211, 0.03598, 0.04691, 0.95863, 0.94036, 0.26715, 0.13503, 0.1544, 0.47291, 0.19782, 0.94399, 0.33373, 0.05551, 0.14981, 0.20237, 0.04231, 0.93976, 0.01842, 0.3675, 0.08504, 0.52732, 0.5404, 0.6578, 0.07862, 0.06152, 0.82247, 0.09743, 0.21055, 0.25305, 0.63438, 0.52337, 0.91797, 0.89155, 0.90488, 0.53758, 0.14008, 0.21539, 0.0518, 0.04361, 0.20996, 0.85475, 0.87616, 0.97154, 0.08552, 0.07872, 0.02807, 0.92686, 0.90979, 0.29187, 0.08935, 0.19811, 0.48272, 0.15823, 0.1313, 0.86475, 0.04991, 0.12848, 0.15869, 0.95708, 0.19101, 0.41432, 0.50714, 0.10815, 0.1854, 0.91707, 0.09817, 0.8193, 0.66496, 0.95609, 0.04172, 0.30785, 0.31877, 0.82898, 0.39893, 0.02621, 0.11121, 0.67814, 0.29094, 0.22749, 0.04587, 0.14162, 0.98484, 0.08159, 0.45263, 0.94845, 0.165, 0.35363, 0.40312, 0.11551, 0.47956, 0.19726, 0.31316, 0.52272, 0.08447, 0.87628, 0.80046, 0.01345, 0.88707, 0.23869, 0.1957, 0.11732, 0.03606, 0.01006, 0.23261, 0.25142, 0.10558, 0.88859, 0.02068, 0.79843, 0.00161, 0.81478, 0.34829, 0.9042, 0.94147, 0.28606, 0.42996, 0.27345, 0.57642, 0.64681, 0.59459, 0.25478, 0.92603, 0.0857, 0.54585, 0.61996, 0.89474, 0.85317, 0.32151, 0.06496, 0.2904, 0.93793, 0.02462, 0.7518, 0.06895, 0.0812, 0.10363, 0.06555, 0.89244, 0.83865, 0.13509, 0.59836, 0.22061, 0.92935, 0.11669, 0.37263, 0.17887, 0.6903, 0.07979, 0.11908, 0.48019, 0.06636, 0.92277, 0.10154, 0.90392, 0.51237, 0.11088, 0.05174, 0.33099, 0.85432, 0.46774, 0.79878, 0.8067, 0.43071, 0.24343, 0.15519, 0.82124, 0.4597, 0.11609, 0.40444, 0.96449, 0.71098, 0.64839, 0.54907, 0.07227, 0.09418, 0.73606, 0.68884, 0.90777, 0.83929, 0.30638, 0.01778, 0.0851, 0.01159, 0.07777, 0.10713, 0.21588, 0.85128, 0.943, 0.11334, 0.00984, 0.13001, 0.7653, 0.81411, 0.79809, 0.22947, 0.94044, 0.07373, 0.45412, 0.33243, 0.09764, 0.14373, 0.88454, 0.29948, 0.41918, 0.12767, 0.27232, 0.02425, 0.32258, 0.13909, 0.06772, 0.22551, 0.54108, 0.10938, 0.69776, 0.34701, 0.76591, 0.05127, 0.14283, 0.11824, 0.14967, 0.47159, 0.95806, 0.79187, 0.94377, 0.17603, 0.90439, 0.2627, 0.00563, 0.13997, 0.72464, 0.081, 0.91513, 0.50805, 0.35403, 0.35899, 0.15587, 0.65401, 0.9536, 0.41371, 0.07052, 0.12519, 0.06466, 0.90588, 0.18924, 0.80427, 0.4102, 0.88377, 0.71922, 0.06986, 0.10425, 0.14978, 0.97965, 0.3085, 0.07811, 0.77899, 0.14618, 0.07177, 0.65254, 0.74892, 0.12278, 0.24251, 0.01632, 0.4486, 0.79661, 0.96777, 0.14491, 0.08417, 0.95571, 0.08908, 0.10597, 0.22654, 0.97731, 0.42214, 0.86855, 0.29047, 0.39166, 0.90534, 0.88287, 0.01454, 0.13828, 0.09684, 0.55451, 0.94295, 0.16052, 0.10834, 0.12214, 0.03154, 0.20099, 0.88681, 0.25989, 0.47491, 0.1766, 0.07089, 0.57604, 0.13737, 0.12235, 0.93687, 0.94099, 0.11373, 0.10274, 0.82371, 0.15454, 0.33055, 0.06661, 0.08781, 0.23815, 0.12629, 0.12495, 0.03809, 0.27754, 0.14598, 0.22265, 0.34812, 0.08318, 0.02776, 0.2432, 0.47004, 0.27225, 0.75532, 0.84159, 0.16342, 0.11872, 0.83366, 0.95334, 0.62388, 0.93649, 0.12582, 0.9204, 0.15553, 0.73455, 0.03394, 0.17208, 0.10927, 0.09794, 0.14814, 0.43373, 0.05355, 0.26701, 0.04436, 0.32408, 0.12412, 0.9303, 0.7568, 0.70424, 0.78836, 0.94677, 0.60528, 0.83136, 0.89734, 0.17189, 0.13422, 0.92302, 0.08951, 0.178, 0.26739, 0.02104, 0.21694, 0.3041, 0.02897, 0.12173, 0.07411, 0.27798, 0.89799, 0.08043, 0.91813, 0.42138, 0.17428, 0.88314, 0.96956, 0.06144, 0.73028, 0.19708, 0.60596, 0.07953, 0.05112, 0.37189, 0.87175, 