{"model": "xlm-roberta-base", "dataset": "dravidian_kannada", "train_config": "hardneg", "seed": 123, "thr_cal": 0.5048584580421448, "metrics_05": {"macro": 0.7106938533172855, "toxf1": 0.6203473945409429, "prec": 0.51440329218107, "rec": 0.78125, "prauc": 0.7467264591746045, "ece": 0.1512678105244254, "covert": 0.8156424581005587}, "metrics_cal": {"macro": 0.7169054589902959, "toxf1": 0.6265664160401002, "prec": 0.5230125523012552, "rec": 0.78125, "prauc": 0.7467264591746045, "ece": 0.1512678105244254, "covert": 0.8248587570621468}, "probs": [0.10957, 0.68028, 0.63666, 0.26636, 0.50045, 0.64542, 0.16122, 0.15998, 0.06681, 0.27887, 0.32156, 0.16105, 0.03282, 0.3621, 0.62613, 0.15791, 0.10001, 0.72319, 0.07547, 0.59333, 0.47223, 0.17819, 0.54981, 0.6512, 0.96407, 0.61944, 0.94304, 0.6794, 0.60985, 0.69458, 0.97636, 0.75471, 0.37343, 0.38844, 0.78292, 0.11261, 0.33917, 0.06621, 0.62602, 0.15765, 0.71875, 0.06902, 0.79059, 0.08573, 0.25719, 0.43136, 0.2056, 0.32848, 0.04256, 0.69455, 0.81993, 0.45568, 0.02829, 0.82879, 0.1617, 0.51145, 0.03191, 0.49072, 0.32787, 0.87932, 0.43424, 0.21392, 0.63497, 0.54256, 0.05629, 0.14355, 0.15954, 0.38124, 0.85649, 0.9542, 0.29862, 0.11425, 0.45206, 0.56935, 0.39635, 0.75125, 0.15254, 0.4217, 0.62971, 0.76787, 0.16527, 0.90193, 0.12316, 0.52972, 0.62511, 0.02407, 0.86453, 0.05084, 0.76856, 0.13754, 0.04128, 0.51384, 0.06955, 0.53415, 0.15415, 0.31921, 0.06189, 0.04712, 0.05577, 0.0875, 0.13, 0.84328, 0.10693, 0.90214, 0.72835, 0.18162, 0.33973, 0.15377, 0.13119, 0.5803, 0.76364, 0.11316, 0.02012, 0.13899, 0.09101, 0.09253, 0.37343, 0.18468, 0.74619, 0.82548, 0.23887, 0.03777, 0.83758, 0.58083, 0.27297, 0.11458, 0.2056, 0.80058, 0.04113, 0.57742, 0.81391, 0.0924, 0.15456, 0.7864, 0.90066, 0.50219, 0.03886, 0.92169, 0.11737, 0.79458, 0.06372, 0.32526, 0.51114, 0.92178, 0.84796, 0.7517, 0.24686, 0.64129, 0.78964, 0.11373, 0.03307, 0.13098, 0.87365, 0.71647, 0.50896, 0.55968, 0.17289, 0.73285, 0.23151, 0.66266, 0.81172, 0.04819, 0.04792, 0.33278, 0.24731, 0.03631, 0.29778, 0.26979, 0.38934, 0.67385, 0.0311, 0.88242, 0.48187, 0.08703, 0.87024, 0.03392, 0.2056, 0.50111, 0.1509, 0.67298, 0.4281, 0.07402, 0.2056, 0.84826, 0.82989, 0.14189, 0.65788, 0.15937, 0.18966, 0.37447, 0.3008, 0.8902, 0.26439, 0.2056, 0.82966, 0.94142, 0.21135, 0.28412, 0.58653, 0.45132, 0.58385, 0.05357, 0.01569, 0.38231, 0.27827, 0.26813, 0.57707, 0.14359, 0.94064, 0.05229, 0.85929, 0.59849, 0.25759, 0.05649, 0.16647, 0.03899, 0.82916, 0.10401, 0.02222, 0.23836, 0.02577, 0.16373, 0.02486, 0.56597, 0.90835, 0.25621, 0.03251, 0.60086, 0.11002, 0.14487, 0.01333, 0.38548, 0.0123, 0.45516, 0.43128, 0.64867, 0.97699, 0.33752, 0.04302, 0.03507, 0.52483, 0.2056, 0.56557, 0.96509, 0.90207, 0.20248, 0.09861, 0.43428, 0.20018, 0.79236, 0.634, 0.2319, 0.22149, 0.2829, 0.19168, 0.11868, 0.68031, 0.56713, 0.13509, 0.1698, 0.79573, 0.72835, 0.45886, 0.79545, 0.64564, 0.06671, 0.2056, 0.11739, 0.08634, 0.04242, 0.05114, 0.07875, 0.74065, 0.17757, 0.03361, 0.6452, 0.35425, 0.03438, 0.9129, 0.84101, 0.03739, 0.80967, 0.9034, 0.46063, 0.6008, 0.59479, 0.12215, 0.49428, 0.07921, 0.15008, 0.56763, 0.06005, 0.23751, 0.88446, 0.09115, 0.2056, 0.51003, 0.72797, 0.16085, 0.09845, 0.0344, 0.15268, 0.0484, 0.67989, 0.3582, 0.05867, 0.28345, 0.2056, 0.60649, 0.47507, 0.33314, 0.11665, 0.06485, 0.1161, 0.71985, 0.28531, 0.07209, 0.23292, 0.45276, 0.39942, 0.60196, 0.39031, 0.06463, 0.04312, 0.94038, 0.11497, 0.72151, 0.0304, 0.37244, 0.89706, 0.0112, 0.53189, 0.08293, 0.21604, 0.03957, 0.15386, 0.12019, 0.45665, 0.04988, 0.05443, 0.40154, 0.06424, 0.70377, 0.58508, 0.66511, 0.52379, 0.94777, 0.73109, 0.2056, 0.65036, 0.10449, 0.16975, 0.81846, 0.68695, 0.32686, 0.8095, 0.6884, 0.91057, 0.13632, 0.05666, 0.79679, 0.05965, 0.85164, 0.50596, 0.06478, 0.04176, 0.84502, 0.27808, 0.02661, 0.68974, 0.97826, 0.19672, 0.07949, 0.2056, 0.27526, 0.62991, 0.33453, 0.75691, 0.80522, 0.58676, 0.59193, 0.17111, 0.04884, 0.89761, 0.70681, 0.64295, 0.04054, 0.09363, 0.43206, 0.78619, 0.5896, 0.1124, 0.16513, 0.22545, 0.29718, 0.03231, 0.52948, 0.38935, 0.15044, 0.84275, 0.38394, 0.7458, 0.3743, 0.80803, 0.394, 0.09634, 0.08987, 0.9736, 0.35267, 0.18946, 0.13908, 0.06805, 0.64184, 0.04264, 0.56172, 0.32387, 0.11866, 0.80081, 0.06828, 0.74775, 0.17731, 0.85345, 0.87126, 0.04394, 0.50295, 0.80341, 0.32945, 0.93932, 0.92192, 0.05372, 0.1612, 0.61327, 0.03435, 0.7921, 0.29746, 0.92072, 0.73476, 0.63798, 0.9092, 0.0245, 0.35722, 0.38996, 0.08673, 0.05419, 0.96702, 0.86542, 0.02075, 0.8287, 0.63333, 0.74993, 0.403, 0.66204, 0.10243, 0.19021, 0.74689, 0.44529, 0.67371, 0.3806, 0.20879, 0.15048, 0.48675, 0.04423, 0.19994, 0.01996, 0.78277, 0.76675, 0.206, 0.91759, 0.87342, 0.81867, 0.75184, 0.66334, 0.64477, 0.20567, 0.54105, 0.03767, 0.20375, 0.92378, 0.44466, 0.09866, 0.90046, 0.76079, 0.02474, 0.2308, 0.73494, 0.47831, 0.90635, 0.64899, 0.31523, 0.04166, 0.04659, 0.4238, 0.76053, 0.87885, 0.04565, 0.28053, 0.74924, 0.80786, 0.82298, 0.5058, 0.05578, 0.04218, 0.5159, 0.03833, 0.01722, 0.69177, 0.1094, 0.33608, 0.56057, 0.79896, 0.02656, 0.95487, 0.11365, 0.20998, 0.10044, 0.69565, 0.86885, 0.7769, 0.11184, 0.52818, 0.13341, 0.89473, 0.78972, 0.15096, 0.81194, 0.87957, 0.2056, 0.76233, 0.41771, 0.17793, 0.18298, 0.75871, 0.81879, 0.06974, 0.86721, 0.2056, 0.31596, 0.3798, 0.42683, 0.68648, 0.30091, 0.87046, 0.54848, 0.84641, 0.10037, 0.39065, 0.67512, 0.74273, 0.16439, 0.68778, 0.92157, 0.03563, 0.17286, 0.25214, 0.03138, 0.92394, 0.02221, 0.51212, 0.43914, 0.02378, 0.05978, 0.37421, 0.36133, 0.80779, 0.91405, 0.8002, 0.25415, 0.05033, 0.75122, 0.63369, 0.88151, 0.90846, 0.50493, 0.82578, 0.15241, 0.11069, 0.47146, 0.23707, 0.23008, 0.6151, 0.68275, 0.08661, 0.48658, 0.75594, 0.03658, 0.35365], "labels": [0, 0, 0, 0, 0, 0, 0, 0, 0, 0, 0, 0, 0, 0, 1, 0, 0, 1, 0, 0, 0, 0, 0, 1, 1, 1, 1, 1, 1, 0, 1, 0, 1, 1, 1, 0, 1, 0, 0, 1, 0, 0, 1, 0, 0, 0, 0, 0, 0, 1, 0, 0, 0, 1, 0, 0, 0, 0, 1, 0, 0, 0, 0, 1, 0, 0, 0, 0, 1, 1, 1, 0, 0, 0, 0, 1, 0, 0, 0, 1, 0, 1, 1, 0, 0, 0, 1, 0, 1, 0, 0, 0, 0, 0, 0, 0, 0, 1, 0, 0, 0, 1, 0, 1, 0, 0, 1, 0, 0, 0, 0, 0, 0, 0, 0, 0, 0, 0, 1, 0, 0, 0, 1, 1, 0, 0, 0, 0, 0, 0, 0, 0, 0, 1, 1, 0, 0, 1, 0, 0, 0, 0, 1, 1, 1, 0, 0, 0, 1, 0, 0, 0, 0, 0, 0, 1, 0, 0, 0, 1, 1, 1, 0, 1, 0, 0, 0, 0, 0, 0, 0, 1, 0, 0, 1, 0, 0, 0, 0, 0, 0, 0, 0, 0, 1, 0, 0, 0, 0, 0, 0, 1, 0, 1, 0, 1, 1, 0, 0, 0, 0, 0, 0, 0, 1, 1, 0, 0, 1, 0, 1, 0, 1, 0, 0, 0, 1, 0, 0, 0, 1, 0, 0, 0, 1, 0, 0, 0, 0, 0, 0, 0, 0, 0, 0, 1, 1, 0, 0, 0, 0, 0, 0, 1, 1, 0, 0, 0, 0, 0, 0, 0, 0, 1, 0, 0, 0, 0, 1, 0, 1, 0, 0, 0, 0, 0, 0, 0, 0, 0, 0, 0, 0, 1, 0, 0, 0, 0, 1, 1, 0, 1, 1, 0, 0, 1, 0, 1, 0, 0, 1, 0, 0, 1, 0, 0, 0, 1, 0, 0, 0, 0, 0, 0, 0, 0, 0, 1, 0, 0, 0, 0, 0, 0, 1, 1, 0, 0, 0, 0, 1, 1, 0, 0, 1, 0, 1, 0, 1, 1, 0, 0, 0, 0, 0, 0, 0, 1, 0, 0, 0, 0, 0, 0, 0, 0, 1, 0, 0, 0, 0, 0, 1, 0, 0, 1, 0, 1, 0, 0, 1, 0, 0, 0, 0, 0, 1, 0, 0, 1, 1, 0, 0, 0, 0, 0, 0, 1, 1, 0, 1, 0, 0, 1, 1, 1, 0, 0, 1, 1, 0, 0, 0, 0, 0, 0, 0, 0, 0, 1, 1, 1, 0, 1, 0, 0, 0, 1, 0, 0, 0, 0, 0, 0, 0, 0, 0, 1, 0, 1, 0, 0, 1, 0, 0, 0, 1, 1, 1, 0, 0, 0, 0, 0, 0, 1, 1, 0, 1, 0, 0, 0, 0, 0, 1, 1, 0, 1, 0, 1, 0, 0, 0, 0, 0, 0, 0, 0, 0, 0, 0, 0, 0, 0, 0, 0, 0, 1, 0, 1, 0, 0, 1, 1, 1, 0, 0, 1, 0, 0, 1, 1, 0, 0, 1, 0, 1, 1, 0, 0, 0, 0, 1, 1, 0, 1, 0, 0, 1, 0, 0, 0, 0, 0, 0, 0, 0, 0, 0, 1, 0, 1, 0, 0, 0, 1, 0, 1, 0, 0, 0, 1, 0, 0, 0, 0, 0, 0, 0, 0, 0, 0, 0, 0, 1, 0, 0, 1, 1, 1, 0, 0, 0, 1, 0, 0, 0, 1, 0, 1, 1, 0, 0, 0, 0, 1, 0, 0, 0, 0, 0, 0, 0, 1, 1, 1, 1, 0, 0, 0, 1, 1, 0, 0, 0, 0, 0, 0, 0, 0, 0, 0, 0, 1, 0, 1], "n": {"train": 3400, "val": 600, "test": 586, "toxic_frac": 0.23911764705882352}}