{"model": "xlm-roberta-base", "dataset": "hatexplain", "train_config": "ce", "seed": 99, "thr_cal": 0.11661685444414616, "metrics_05": {"macro": 0.7227063145784687, "toxf1": 0.7496962332928311, "prec": 0.8417462482946794, "rec": 0.6757940854326396, "prauc": 0.879831481718197, "ece": 0.13343428593377268, "covert": 0.8729472774416595}, "metrics_cal": {"macro": 0.6971899224806202, "toxf1": 0.811046511627907, "prec": 0.7271937445699392, "rec": 0.9167579408543264, "prauc": 0.879831481718197, "ece": 0.13343428593377268, "covert": 0.9036805011746281}, "probs": [0.08419, 0.16354, 0.19449, 0.86933, 0.37418, 0.73252, 0.98762, 0.07067, 0.36995, 0.02931, 0.09924, 0.04886, 0.27844, 0.12411, 0.19274, 0.07053, 0.0718, 0.0673, 0.98879, 0.04355, 0.03536, 0.62492, 0.04859, 0.16639, 0.09885, 0.7514, 0.99576, 0.11716, 0.07302, 0.09867, 0.72499, 0.1308, 0.46027, 0.9051, 0.98708, 0.09339, 0.1294, 0.2968, 0.97762, 0.0345, 0.95651, 0.58959, 0.23874, 0.17962, 0.09474, 0.03872, 0.07503, 0.85479, 0.90881, 0.28278, 0.12113, 0.14394, 0.97001, 0.63903, 0.15344, 0.94968, 0.12147, 0.03908, 0.20219, 0.67711, 0.07098, 0.38737, 0.99222, 0.42835, 0.97491, 0.1789, 0.98739, 0.43559, 0.49406, 0.96624, 0.16024, 0.97168, 0.17505, 0.96438, 0.04742, 0.17738, 0.92797, 0.10218, 0.41252, 0.97755, 0.96774, 0.1493, 0.8591, 0.02915, 0.10079, 0.87606, 0.99917, 0.09897, 0.66222, 0.51503, 0.03899, 0.99831, 0.87599, 0.67036, 0.82077, 0.0226, 0.29428, 0.13199, 0.69326, 0.97793, 0.0724, 0.84062, 0.99542, 0.24629, 0.02051, 0.57238, 0.93129, 0.21857, 0.97769, 0.10113, 0.026, 0.12824, 0.08325, 0.05727, 0.629, 0.3658, 0.80466, 0.56213, 0.91378, 0.82898, 0.7051, 0.15917, 0.23974, 0.98504, 0.60749, 0.22339, 0.21175, 0.1615, 0.07303, 0.98157, 0.14916, 0.93902, 0.15651, 0.05171, 0.4235, 0.86586, 0.22687, 0.93163, 0.90818, 0.14717, 0.1234, 0.73508, 0.91349, 0.92091, 0.34298, 0.25515, 0.97643, 0.35177, 0.90006, 0.13728, 0.48546, 0.89036, 0.78639, 0.26526, 0.98602, 0.88768, 0.95712, 0.17097, 0.06193, 0.93613, 0.4386, 0.36363, 0.5556, 0.77035, 0.55406, 0.26899, 0.53786, 0.08083, 0.81519, 0.29937, 0.22821, 0.18758, 0.04625, 0.77712, 0.77497, 0.38875, 0.15502, 0.12847, 0.98504, 0.11328, 0.99574, 0.11103, 0.34715, 0.09587, 0.98848, 0.1571, 0.98127, 0.85112, 0.84083, 0.97704, 0.11889, 0.91362, 0.86848, 0.99603, 0.52211, 0.99347, 0.24739, 0.48572, 0.96503, 0.19482, 0.88577, 0.07803, 0.08897, 0.04408, 0.53065, 0.22602, 0.19443, 0.12632, 0.17307, 0.04988, 0.12338, 0.02996, 0.86847, 0.97287, 0.94507, 0.3709, 0.0107, 0.07526, 0.95872, 0.92975, 0.32493, 0.1359, 0.76979, 0.97736, 0.04791, 0.98033, 0.97264, 0.46864, 0.12001, 0.91973, 0.97413, 0.91347, 0.91487, 0.7323, 0.95943, 0.55008, 0.98106, 0.48701, 0.95367, 0.80182, 0.0873, 0.54784, 0.44267, 0.24411, 0.93164, 0.43768, 0.94954, 0.05578, 0.00965, 0.11541, 0.96482, 0.99071, 0.15444, 0.51612, 0.22843, 0.94872, 0.91446, 0.06426, 0.10463, 0.82865, 0.09133, 0.9863, 0.45802, 0.89136, 0.97453, 0.46962, 0.96218, 0.01172, 0.04976, 0.19301, 0.34826, 0.70559, 0.0626, 0.95852, 0.08832, 0.03099, 0.95663, 0.96159, 0.92819, 0.73672, 0.97837, 0.92459, 0.96242, 0.98505, 0.76014, 0.36821, 0.28791, 0.04796, 0.09098, 0.21932, 0.11239, 0.15357, 0.01852, 0.53375, 0.99071, 0.41546, 0.33091, 0.03717, 0.74397, 0.10729, 0.11566, 0.16028, 0.42046, 0.99238, 0.93209, 0.19994, 0.97643, 0.98419, 0.04245, 0.02129, 0.79446, 0.38648, 0.91739, 0.17132, 0.19434, 0.55702, 0.82638, 0.11393, 0.93342, 0.98055, 0.69632, 0.0063, 0.95571, 0.11776, 0.06163, 0.99484, 0.22898, 0.03999, 0.90433, 0.98416, 0.94141, 0.97101, 0.11431, 0.86774, 0.93123, 0.33317, 0.15299, 0.97256, 0.97017, 0.02265, 0.57927, 0.99544, 0.89277, 0.17686, 0.11714, 0.90996, 0.0115, 0.05704, 0.17859, 0.83124, 0.24889, 0.89326, 0.13106, 0.92316, 0.76043, 0.99895, 0.01579, 0.44403, 0.59728, 0.14466, 0.05163, 0.60767, 0.98743, 0.00139, 0.96871, 0.33578, 0.98621, 0.98595, 0.40927, 0.05774, 0.0475, 0.83792, 0.91278, 0.98717, 0.4303, 0.33614, 0.098, 0.95711, 0.93459, 0.9075, 0.9617, 0.86768, 0.0397, 0.98218, 0.13103, 0.04824, 0.061, 0.01474, 0.75485, 0.51185, 0.94257, 0.17528, 0.64219, 0.1792, 0.97142, 0.94868, 0.09221, 0.94261, 0.80518, 0.19054, 0.93675, 0.06669, 0.54786, 0.69275, 0.18741, 0.80358, 0.92513, 0.94553, 0.06833, 0.0209, 0.31058, 0.24674, 0.36842, 0.1478, 0.07416, 0.39426, 0.03228, 0.86645, 0.96779, 0.32491, 0.54286, 0.3484, 0.30524, 0.81088, 0.32208, 0.04037, 0.27117, 0.9147, 0.6808, 0.5735, 0.01921, 0.01319, 0.13682, 0.15096, 0.92394, 0.98874, 0.66337, 0.90731, 0.67065, 0.42403, 0.98468, 0.43527, 0.22431, 0.07284, 0.10761, 0.99581, 0.93589, 0.19213, 0.16176, 0.93411, 0.29977, 0.35389, 0.01636, 0.91282, 0.89189, 0.05295, 0.26758, 0.08749, 0.97993, 0.06509, 0.13325, 0.97881, 0.92757, 0.54238, 0.10373, 0.54991, 0.23449, 0.79761, 0.97525, 0.3612, 0.06309, 0.08911, 0.24133, 0.0591, 0.9723, 0.01997, 0.53515, 0.08883, 0.79055, 0.76202, 0.94863, 0.07321, 0.05519, 0.98863, 0.19969, 0.36261, 0.29268, 0.88888, 0.16497, 0.92184, 0.97522, 0.9623, 0.9448, 0.16919, 0.57582, 0.05459, 0.0355, 0.40726, 0.91194, 0.94245, 0.99019, 0.10198, 0.06338, 0.02785, 0.98821, 0.99107, 0.84325, 0.1999, 0.1188, 0.90551, 0.16406, 0.0907, 0.90125, 0.02444, 0.06706, 0.07744, 0.99294, 0.23633, 0.59841, 0.40619, 0.27249, 0.85518, 0.96286, 0.16341, 0.87838, 0.91472, 0.99412, 0.03542, 0.2858, 0.4964, 0.93123, 0.4804, 0.01395, 0.21251, 0.43972, 0.68872, 0.22669, 0.02631, 0.23255, 0.97707, 0.09532, 0.79733, 0.98754, 0.11026, 0.3507, 0.2418, 0.20148, 0.25876, 0.59796, 0.13791, 0.40462, 0.20817, 0.98989, 0.95942, 0.02011, 0.9594, 0.2443, 0.31799, 0.08789, 0.0428, 0.00678, 0.55482, 0.09413, 0.31115, 0.90925, 0.01344, 0.96576, 0.00408, 0.97977, 0.18127, 0.95511, 0.986, 0.72089, 0.88598, 0.42505, 0.57339, 0.87383, 0.57918, 0.54345, 0.99321, 0.21618, 0.96689, 0.90395, 0.9942, 0.92491, 0.34776, 0.02227, 0.47469, 0.95057, 0.06729, 0.91767, 0.05509, 0.17405, 0.09009, 0.05563, 0.94766, 0.96239, 0.18186, 0.73185, 0.14733, 0.95309, 0.17787, 0.86576, 0.07323, 0.81116, 0.02758, 0.21802, 0.77545, 0.07592, 0.95555, 0.08013, 0.92743, 0.89623, 0.06564, 0.09883, 0.71242, 0.90621, 0.67543, 0.99078, 0.92202, 0.75076, 0.81121, 0.05493, 0.97235, 0.70442, 0.14335, 0.57492, 0.9788, 0.91715, 0.94876, 0.32115, 0.10951, 0.17637, 0.90554, 0.89704, 0.93489, 0.90068, 0.64956, 0.05908, 0.35427, 0.01504, 0.04176, 0.08945, 0.21622, 0.97029, 0.98733, 0.78356, 0.00784, 0.07887, 0.95734, 0.76356, 0.96467, 0.29213, 0.97973, 0.12369, 0.64637, 0.17607, 0.13683, 0.18978, 0.9804, 0.51914, 0.52357, 0.11879, 0.64312, 0.01426, 0.75954, 0.16671, 0.0232, 0.19446, 0.30743, 0.06543, 0.87017, 0.89907, 0.93455, 0.11138, 0.09257, 0.22494, 0.54288, 0.66177, 0.91057, 0.96331, 0.91552, 0.58227, 0.93235, 0.15469, 0.00444, 0.21232, 0.70949, 0.08028, 0.97686, 0.14373, 0.26661, 0.59015, 0.50314, 0.80715, 0.99768, 0.83106, 0.20138, 0.0816, 0.11054, 0.97253, 0.885, 0.9084, 0.70554, 0.87211, 0.92271, 0.03941, 0.12503, 0.16654, 0.96673, 0.08218, 0.10488, 0.9044, 0.11505, 0.05016, 0.88476, 0.79843, 0.19703, 0.69714, 0.00743, 0.7442, 0.93977, 0.97107, 0.27458, 0.06284, 0.97781, 0.04513, 0.09669, 0.81762, 0.98884, 0.90492, 0.93763, 0.45241, 0.9209, 0.99136, 0.96911, 0.01634, 0.32528, 0.03973, 0.71235, 0.95559, 0.18969, 0.24857, 0.79687, 0.01745, 0.21089, 0.90539, 0.56201, 0.64956, 0.27773, 0.07611, 0.38137, 0.10374, 0.16703, 0.97567, 0.99195, 0.13473, 0.06468, 0.9627, 0.32854, 0.18551, 0.07985, 0.1139, 0.4607, 0.15102, 0.05406, 0.01644, 0.24763, 0.16952, 0.06626, 0.17116, 0.07221, 0.02262, 0.44912, 0.86046, 0.18052, 0.73344, 0.90922, 0.35758, 0.14715, 0.97101, 0.9848, 0.50289, 0.96372, 0.3119, 0.98108, 0.87763, 0.66602, 0.02261, 0.88055, 0.45943, 0.12709, 0.1861, 0.84716, 0.05581, 0.42326, 0.13787, 0.0785, 0.12728, 0.94167, 0.7054, 0.95121, 0.9779, 0.99712, 0.72545, 0.96343, 0.96687, 0.22499, 0.13085, 0.98216, 0.09088, 0.26222, 0.80522, 0.00381, 0.51707, 0.38691, 0.01017, 0.06734, 0.06077, 0.60684, 0.90271, 0.06241, 0.99024, 0.63069, 0.06362, 0.94713, 0.98285, 0.02812, 0.63759, 0.26959, 0.94513, 0.0779, 0.09464, 0.76601, 0.97158, 0.37064, 