{"model": "xlm-roberta-base", "dataset": "dravidian_kannada", "train_config": "supcon", "seed": 7, "thr_cal": 0.48313186764717053, "metrics_05": {"macro": 0.7345613770194775, "toxf1": 0.6312849162011173, "prec": 0.5707070707070707, "rec": 0.70625, "prauc": 0.7229200707731722, "ece": 0.10022939202525104, "covert": 0.8255813953488372}, "metrics_cal": {"macro": 0.7298404046156558, "toxf1": 0.6284153005464481, "prec": 0.558252427184466, "rec": 0.71875, "prauc": 0.7229200707731722, "ece": 0.10022939202525104, "covert": 0.8208092485549133}, "probs": [0.02056, 0.6443, 0.70722, 0.08116, 0.23972, 0.28675, 0.02004, 0.0437, 0.00493, 0.08892, 0.1466, 0.03326, 0.01087, 0.40367, 0.4994, 0.05867, 0.06428, 0.74458, 0.02003, 0.58346, 0.09397, 0.00413, 0.23107, 0.59389, 0.94025, 0.68344, 0.89304, 0.1246, 0.54972, 0.77658, 0.95027, 0.73205, 0.21575, 0.12569, 0.74256, 0.09891, 0.02793, 0.00553, 0.46984, 0.16346, 0.49883, 0.00264, 0.78224, 0.01261, 0.30684, 0.2921, 0.0281, 0.07329, 0.01978, 0.09171, 0.81249, 0.18369, 0.00065, 0.80365, 0.02924, 0.51142, 0.00482, 0.52757, 0.31667, 0.86082, 0.34701, 0.25247, 0.48804, 0.24064, 0.04388, 0.12444, 0.01493, 0.35629, 0.87793, 0.93151, 0.28113, 0.00593, 0.66701, 0.22822, 0.48595, 0.6933, 0.0538, 0.21699, 0.6317, 0.63528, 0.19073, 0.94618, 0.01182, 0.56531, 0.25289, 0.00131, 0.40975, 0.03993, 0.63548, 0.01117, 0.00555, 0.29625, 0.00848, 0.22285, 0.05701, 0.12725, 0.00172, 0.00311, 0.01201, 0.03613, 0.01667, 0.83168, 0.04405, 0.88583, 0.55305, 0.27508, 0.45369, 0.07822, 0.02749, 0.56181, 0.79682, 0.01965, 0.00055, 0.01597, 0.05965, 0.01535, 0.21575, 0.12483, 0.75361, 0.77399, 0.02841, 0.00197, 0.76632, 0.6379, 0.04491, 0.01072, 0.0281, 0.75602, 0.0038, 0.52163, 0.81662, 0.00485, 0.00422, 0.86769, 0.84103, 0.38516, 0.03805, 0.90532, 0.05584, 0.83517, 0.00206, 0.15761, 0.23333, 0.91864, 0.81116, 0.65148, 0.07411, 0.7698, 0.5121, 0.02472, 0.01667, 0.06287, 0.79867, 0.71853, 0.11776, 0.08807, 0.00598, 0.61016, 0.68962, 0.65272, 0.52729, 0.03282, 0.03331, 0.03043, 0.51608, 0.00225, 0.05956, 0.17763, 0.09576, 0.73786, 0.02232, 0.8826, 0.03117, 0.0299, 0.88019, 0.00291, 0.0281, 0.13229, 0.01975, 0.76538, 0.37475, 0.04025, 0.0281, 0.85718, 0.84053, 0.08161, 0.67995, 0.01287, 0.02948, 0.04528, 0.20465, 0.82613, 0.05059, 0.0281, 0.75475, 0.92344, 0.053, 0.57234, 0.41175, 0.34844, 0.32912, 0.00338, 0.00134, 0.03579, 0.25846, 0.14247, 0.73592, 0.10644, 0.947, 0.01319, 0.81635, 0.35503, 0.15412, 0.02884, 0.0041, 0.00248, 0.74639, 0.00385, 0.00487, 0.15162, 0.00158, 0.14125, 0.0039, 0.11785, 0.77211, 0.08869, 0.00468, 0.25582, 0.02939, 0.03325, 0.00332, 0.59779, 0.00319, 0.59172, 0.43541, 0.52397, 0.94619, 0.31659, 0.01806, 0.01365, 0.40762, 0.0281, 0.74818, 0.94479, 0.90228, 0.01848, 0.00981, 0.06626, 0.01763, 0.81195, 0.59919, 0.21674, 0.21182, 0.28096, 0.02801, 0.03758, 0.2934, 0.05811, 0.04425, 0.00682, 0.64674, 0.55305, 0.60797, 0.69992, 0.48351, 0.0175, 0.0281, 0.01667, 0.01595, 0.00638, 0.04872, 0.02132, 0.65581, 0.29212, 0.00213, 0.56587, 0.28976, 0.00871, 0.87397, 0.88735, 0.00291, 0.78205, 0.91428, 0.36555, 0.61062, 0.69638, 0.02481, 0.38728, 0.01763, 0.02411, 0.03319, 0.00595, 0.12098, 0.83592, 0.0192, 0.0281, 0.67127, 0.75379, 0.04297, 0.01144, 0.00868, 0.17583, 0.00403, 0.69904, 0.00621, 0.04176, 0.42232, 0.0281, 0.14834, 0.01201, 0.15343, 0.04458, 0.04285, 0.00454, 0.7379, 0.08436, 0.02009, 0.10764, 0.6605, 0.21581, 0.14903, 0.06838, 0.00218, 0.00761, 0.88078, 0.03052, 0.74285, 0.00663, 0.16832, 0.92169, 0.00725, 0.47748, 0.02546, 0.05322, 0.00289, 0.00276, 0.16191, 0.1504, 0.00255, 0.01948, 0.29124, 0.01309, 0.68391, 0.17029, 0.64499, 0.24917, 0.92834, 0.78805, 0.0281, 0.69745, 0.0099, 0.03293, 0.7218, 0.67264, 0.21726, 0.8377, 0.65603, 0.74993, 0.01362, 0.00457, 0.66142, 0.02809, 0.75939, 0.6109, 0.00975, 0.02812, 0.79476, 0.05862, 0.01254, 0.55766, 0.95114, 0.13395, 0.02184, 0.0281, 0.0944, 0.6065, 0.09902, 0.52505, 0.85294, 0.12303, 0.69521, 0.24256, 0.00336, 0.86924, 0.59086, 0.39051, 0.00189, 0.0079, 0.56022, 0.43371, 0.15468, 0.02086, 0.05028, 0.06154, 0.02023, 0.00117, 0.32169, 0.01402, 0.27517, 0.76507, 0.4274, 0.51835, 0.26737, 0.86351, 0.03038, 0.03227, 0.01292, 0.95677, 0.0652, 0.04338, 0.03922, 0.02724, 0.63628, 0.00226, 0.40867, 0.16517, 0.01266, 0.21582, 0.0106, 0.49394, 0.02411, 0.80085, 0.86019, 0.00451, 0.48777, 0.69418, 0.2464, 0.89925, 0.86939, 0.01713, 0.08722, 0.54436, 0.00185, 0.43224, 0.15059, 0.90383, 0.76104, 0.52838, 0.8856, 0.00147, 0.23443, 0.32774, 0.00998, 0.00358, 0.91789, 0.631, 0.00308, 0.88531, 0.71296, 0.63122, 0.51875, 0.33292, 0.00417, 0.00986, 0.42967, 0.52329, 0.68228, 0.06135, 0.01171, 0.00882, 0.24781, 0.00468, 0.19443, 0.00297, 0.49909, 0.10701, 0.03901, 0.89327, 0.73307, 0.86956, 0.72465, 0.45548, 0.7231, 0.02403, 0.5981, 0.00196, 0.09326, 0.8879, 0.10317, 0.00835, 0.81773, 0.53862, 0.00056, 0.05903, 0.6222, 0.55916, 0.91017, 0.53531, 0.01375, 0.03044, 0.00597, 0.39879, 0.69081, 0.87285, 0.002, 0.0827, 0.73194, 0.84429, 0.88416, 0.0162, 0.01075, 0.00787, 0.44418, 0.00196, 0.00086, 0.77127, 0.01699, 0.07834, 0.47736, 0.79096, 0.01337, 0.91742, 0.01855, 0.12611, 0.01576, 0.52586, 0.7567, 0.7477, 0.01261, 0.64709, 0.05907, 0.77304, 0.72551, 0.03453, 0.71526, 0.86276, 0.0281, 0.63703, 0.16939, 0.03443, 0.02249, 0.79787, 0.72478, 0.00559, 0.8308, 0.0281, 0.06249, 0.14463, 0.55461, 0.57945, 0.25001, 0.8581, 0.63313, 0.82667, 0.01525, 0.20035, 0.66498, 0.72848, 0.0121, 0.23229, 0.89029, 0.00196, 0.02015, 0.04075, 0.01578, 0.87436, 0.00158, 0.35085, 0.22672, 0.00313, 0.01566, 0.22428, 0.11143, 0.77829, 0.88168, 0.86108, 0.32397, 0.03003, 0.45221, 0.32431, 0.89058, 0.78292, 0.18714, 0.79362, 0.03139, 0.00961, 0.3844, 0.12968, 0.00132, 0.30824, 0.55633, 0.00681, 0.26831, 0.79071, 0.03923, 0.31916], "labels": [0, 0, 0, 0, 0, 0, 0, 0, 0, 0, 0, 0, 0, 0, 1, 0, 0, 1, 0, 0, 0, 0, 0, 1, 1, 1, 1, 1, 1, 0, 1, 0, 1, 1, 1, 0, 1, 0, 0, 1, 0, 0, 1, 0, 0, 0, 0, 0, 0, 1, 0, 0, 0, 1, 0, 0, 0, 0, 1, 0, 0, 0, 0, 1, 0, 0, 0, 0, 1, 1, 1, 0, 0, 0, 0, 1, 0, 0, 0, 1, 0, 1, 1, 0, 0, 0, 1, 0, 1, 0, 0, 0, 0, 0, 0, 0, 0, 1, 0, 0, 0, 1, 0, 1, 0, 0, 1, 0, 0, 0, 0, 0, 0, 0, 0, 0, 0, 0, 1, 0, 0, 0, 1, 1, 0, 0, 0, 0, 0, 0, 0, 0, 0, 1, 1, 0, 0, 1, 0, 0, 0, 0, 1, 1, 1, 0, 0, 0, 1, 0, 0, 0, 0, 0, 0, 1, 0, 0, 0, 1, 1, 1, 0, 1, 0, 0, 0, 0, 0, 0, 0, 1, 0, 0, 1, 0, 0, 0, 0, 0, 0, 0, 0, 0, 1, 0, 0, 0, 0, 0, 0, 1, 0, 1, 0, 1, 1, 0, 0, 0, 0, 0, 0, 0, 1, 1, 0, 0, 1, 0, 1, 0, 1, 0, 0, 0, 1, 0, 0, 0, 1, 0, 0, 0, 1, 0, 0, 0, 0, 0, 0, 0, 0, 0, 0, 1, 1, 0, 0, 0, 0, 0, 0, 1, 1, 0, 0, 0, 0, 0, 0, 0, 0, 1, 0, 0, 0, 0, 1, 0, 1, 0, 0, 0, 0, 0, 0, 0, 0, 0, 0, 0, 0, 1, 0, 0, 0, 0, 1, 1, 0, 1, 1, 0, 0, 1, 0, 1, 0, 0, 1, 0, 0, 1, 0, 0, 0, 1, 0, 0, 0, 0, 0, 0, 0, 0, 0, 1, 0, 0, 0, 0, 0, 0, 1, 1, 0, 0, 0, 0, 1, 1, 0, 0, 1, 0, 1, 0, 1, 1, 0, 0, 0, 0, 0, 0, 0, 1, 0, 0, 0, 0, 0, 0, 0, 0, 1, 0, 0, 0, 0, 0, 1, 0, 0, 1, 0, 1, 0, 0, 1, 0, 0, 0, 0, 0, 1, 0, 0, 1, 1, 0, 0, 0, 0, 0, 0, 1, 1, 0, 1, 0, 0, 1, 1, 1, 0, 0, 1, 1, 0, 0, 0, 0, 0, 0, 0, 0, 0, 1, 1, 1, 0, 1, 0, 0, 0, 1, 0, 0, 0, 0, 0, 0, 0, 0, 0, 1, 0, 1, 0, 0, 1, 0, 0, 0, 1, 1, 1, 0, 0, 0, 0, 0, 0, 1, 1, 0, 1, 0, 0, 0, 0, 0, 1, 1, 0, 1, 0, 1, 0, 0, 0, 0, 0, 0, 0, 0, 0, 0, 0, 0, 0, 0, 0, 0, 0, 1, 0, 1, 0, 0, 1, 1, 1, 0, 0, 1, 0, 0, 1, 1, 0, 0, 1, 0, 1, 1, 0, 0, 0, 0, 1, 1, 0, 1, 0, 0, 1, 0, 0, 0, 0, 0, 0, 0, 0, 0, 0, 1, 0, 1, 0, 0, 0, 1, 0, 1, 0, 0, 0, 1, 0, 0, 0, 0, 0, 0, 0, 0, 0, 0, 0, 0, 1, 0, 0, 1, 1, 1, 0, 0, 0, 1, 0, 0, 0, 1, 0, 1, 1, 0, 0, 0, 0, 1, 0, 0, 0, 0, 0, 0, 0, 1, 1, 1, 1, 0, 0, 0, 1, 1, 0, 0, 0, 0, 0, 0, 0, 0, 0, 0, 0, 1, 0, 1], "n": {"train": 3400, "val": 600, "test": 586, "toxic_frac": 0.23911764705882352}}