{"model": "xlm-roberta-base", "dataset": "dravidian_kannada", "train_config": "supcon", "seed": 42, "thr_cal": 0.17624574303627014, "metrics_05": {"macro": 0.7711507920272849, "toxf1": 0.6645367412140575, "prec": 0.6797385620915033, "rec": 0.65, "prauc": 0.7260552400008939, "ece": 0.06272974183763864, "covert": 0.84472049689441}, "metrics_cal": {"macro": 0.7065018008275193, "toxf1": 0.6198547215496368, "prec": 0.5059288537549407, "rec": 0.8, "prauc": 0.7260552400008939, "ece": 0.06272974183763864, "covert": 0.8333333333333334}, "probs": [0.09017, 0.32876, 0.79723, 0.06477, 0.16196, 0.56644, 0.05985, 0.05774, 0.03197, 0.0508, 0.21298, 0.04813, 0.03512, 0.17394, 0.15132, 0.04297, 0.07949, 0.70176, 0.07678, 0.09904, 0.10478, 0.04202, 0.66827, 0.83794, 0.99609, 0.58849, 0.92436, 0.43621, 0.47502, 0.47643, 0.99487, 0.68092, 0.08134, 0.14524, 0.92946, 0.03464, 0.0785, 0.0727, 0.21354, 0.04699, 0.2204, 0.02211, 0.79184, 0.00438, 0.30446, 0.89639, 0.09151, 0.09783, 0.03181, 0.20857, 0.94442, 0.14381, 0.0143, 0.9001, 0.0699, 0.26366, 0.01966, 0.79263, 0.1327, 0.87387, 0.16433, 0.044, 0.34115, 0.43616, 0.05023, 0.03545, 0.03099, 0.1954, 0.85904, 0.96311, 0.08512, 0.04142, 0.43689, 0.3006, 0.14577, 0.25922, 0.04797, 0.09194, 0.71071, 0.82302, 0.06134, 0.89657, 0.03576, 0.34849, 0.37631, 0.01578, 0.5026, 0.03862, 0.79214, 0.06819, 0.02316, 0.06789, 0.10305, 0.43942, 0.07177, 0.09122, 0.02884, 0.04515, 0.03265, 0.06257, 0.02926, 0.83928, 0.1282, 0.91609, 0.63917, 0.10945, 0.60493, 0.04723, 0.04624, 0.27357, 0.39489, 0.05672, 0.01991, 0.02935, 0.03234, 0.02814, 0.08134, 0.06546, 0.56405, 0.94476, 0.02095, 0.04893, 0.65361, 0.60876, 0.07254, 0.0675, 0.09151, 0.41524, 0.05224, 0.19471, 0.875, 0.02147, 0.05537, 0.80096, 0.93488, 0.36405, 0.02621, 0.97007, 0.1565, 0.25963, 0.04003, 0.00859, 0.10659, 0.84492, 0.90051, 0.84761, 0.07631, 0.88764, 0.62303, 0.03233, 0.01751, 0.05504, 0.60363, 0.42453, 0.11447, 0.12929, 0.11495, 0.7173, 0.30892, 0.45977, 0.72182, 0.04244, 0.02194, 0.03664, 0.1256, 0.02157, 0.07454, 0.07975, 0.13768, 0.73714, 0.07726, 0.97216, 0.25306, 0.03329, 0.89677, 0.01464, 0.09151, 0.169, 0.04778, 0.78571, 0.31378, 0.03732, 0.09151, 0.80731, 0.32635, 0.02843, 0.70201, 0.0459, 0.04126, 0.05847, 0.25286, 0.93754, 0.09858, 0.09151, 0.34854, 0.97115, 0.03534, 0.36848, 0.17414, 0.32462, 0.13555, 0.01315, 0.01811, 0.33988, 0.1912, 0.08806, 0.80149, 0.12414, 0.95103, 0.01008, 0.87614, 0.13075, 0.12055, 0.0526, 0.04271, 0.01594, 0.58595, 0.02042, 0.02444, 0.05335, 0.01155, 0.05584, 0.01812, 0.38499, 0.46681, 0.136, 0.03042, 0.21986, 0.08346, 0.03559, 0.02589, 0.26045, 0.032, 0.44661, 0.17204, 0.38141, 0.99488, 0.11461, 0.02769, 0.01926, 0.22512, 0.09151, 0.2561, 0.94393, 0.94135, 0.05486, 0.01586, 0.15211, 0.02996, 0.94618, 0.15294, 0.06565, 0.16425, 0.11519, 0.04055, 0.02506, 0.19048, 0.10788, 0.17296, 0.02757, 0.73993, 0.63917, 0.56692, 0.5752, 0.23804, 0.01436, 0.09151, 0.01777, 0.03104, 0.05324, 0.09871, 0.07128, 0.30881, 0.14676, 0.03696, 0.1693, 0.16451, 0.03165, 0.93282, 0.95947, 0.0174, 0.89967, 0.95838, 0.06204, 0.30747, 0.55629, 0.09136, 0.24681, 0.05738, 0.07388, 0.25482, 0.04982, 0.05158, 0.68813, 0.08712, 0.09151, 0.46503, 0.75674, 0.06798, 0.05071, 0.00553, 0.14032, 0.06495, 0.42579, 0.03118, 0.04132, 0.12327, 0.09151, 0.05753, 0.03518, 0.07209, 0.04343, 0.03338, 0.03198, 0.57105, 0.07605, 0.01284, 0.05952, 0.53549, 0.1258, 0.12245, 0.26307, 0.01766, 0.0242, 0.79852, 0.08162, 0.90457, 0.0421, 0.16563, 0.9792, 0.03759, 0.29902, 0.07333, 0.06111, 0.03889, 0.07581, 0.02698, 0.22094, 0.07652, 0.02658, 0.29543, 0.08283, 0.6654, 0.41953, 0.5858, 0.12229, 0.99606, 0.94575, 0.09151, 0.50333, 0.05642, 0.03702, 0.88261, 0.16828, 0.19518, 0.89004, 0.66602, 0.32889, 0.02158, 0.02335, 0.87826, 0.02883, 0.81416, 0.3833, 0.05978, 0.0188, 0.93373, 0.05655, 0.02267, 0.4913, 0.99511, 0.05753, 0.04338, 0.09151, 0.09051, 0.05357, 0.13004, 0.69091, 0.90471, 0.15604, 0.69605, 0.08363, 0.03112, 0.92271, 0.67115, 0.15346, 0.01711, 0.07479, 0.59843, 0.40965, 0.06654, 0.09149, 0.03214, 0.09283, 0.03773, 0.01304, 0.15638, 0.36036, 0.25475, 0.882, 0.18616, 0.55693, 0.09811, 0.86008, 0.04419, 0.09247, 0.02043, 0.98712, 0.12767, 0.10578, 0.12447, 0.05361, 0.64366, 0.03633, 0.27061, 0.20559, 0.03338, 0.10667, 0.02631, 0.15102, 0.03384, 0.93043, 0.81476, 0.01663, 0.25549, 0.2765, 0.24118, 0.92699, 0.93301, 0.02212, 0.09754, 0.33816, 0.0735, 0.49658, 0.08745, 0.95213, 0.91167, 0.23599, 0.92113, 0.05412, 0.11892, 0.35817, 0.04283, 0.0425, 0.99097, 0.68427, 0.02874, 0.95392, 0.67266, 0.75259, 0.15098, 0.08297, 0.08575, 0.0343, 0.38364, 0.22828, 0.1647, 0.05813, 0.07496, 0.0459, 0.1324, 0.0178, 0.08246, 0.02357, 0.42652, 0.07691, 0.04266, 0.88186, 0.34433, 0.86691, 0.54513, 0.36975, 0.5305, 0.095, 0.3628, 0.00795, 0.03192, 0.93222, 0.08485, 0.06982, 0.94626, 0.73552, 0.03059, 0.06203, 0.52858, 0.44004, 0.90784, 0.49245, 0.07745, 0.05268, 0.04733, 0.11304, 0.73168, 0.96776, 0.06905, 0.14083, 0.79254, 0.58176, 0.97204, 0.24123, 0.04346, 0.0839, 0.31285, 0.02192, 0.02392, 0.22346, 0.06022, 0.02683, 0.1755, 0.87957, 0.0255, 0.95632, 0.0349, 0.03721, 0.05039, 0.54133, 0.8757, 0.62281, 0.08746, 0.44235, 0.04277, 0.25018, 0.79862, 0.02284, 0.78338, 0.77224, 0.09151, 0.63393, 0.44517, 0.04459, 0.0347, 0.78224, 0.55014, 0.0225, 0.76957, 0.09151, 0.20092, 0.13482, 0.77293, 0.77, 0.24761, 0.81938, 0.75093, 0.86141, 0.04209, 0.16929, 0.50401, 0.80112, 0.07295, 0.13858, 0.95395, 0.0168, 0.0399, 0.02103, 0.02408, 0.92041, 0.03449, 0.24012, 0.11498, 0.02402, 0.01454, 0.22137, 0.05435, 0.8922, 0.84061, 0.72112, 0.38193, 0.06337, 0.34498, 0.20465, 0.91069, 0.76787, 0.27648, 0.91026, 0.02847, 0.06302, 0.12273, 0.07237, 0.02904, 0.17321, 0.17962, 0.02148, 0.18345, 0.91022, 0.01178, 0.28383], "labels": [0, 0, 0, 0, 0, 0, 0, 0, 0, 0, 0, 0, 0, 0, 1, 0, 0, 1, 0, 0, 0, 0, 0, 1, 1, 1, 1, 1, 1, 0, 1, 0, 1, 1, 1, 0, 1, 0, 0, 1, 0, 0, 1, 0, 0, 0, 0, 0, 0, 1, 0, 0, 0, 1, 0, 0, 0, 0, 1, 0, 0, 0, 0, 1, 0, 0, 0, 0, 1, 1, 1, 0, 0, 0, 0, 1, 0, 0, 0, 1, 0, 1, 1, 0, 0, 0, 1, 0, 1, 0, 0, 0, 0, 0, 0, 0, 0, 1, 0, 0, 0, 1, 0, 1, 0, 0, 1, 0, 0, 0, 0, 0, 0, 0, 0, 0, 0, 0, 1, 0, 0, 0, 1, 1, 0, 0, 0, 0, 0, 0, 0, 0, 0, 1, 1, 0, 0, 1, 0, 0, 0, 0, 1, 1, 1, 0, 0, 0, 1, 0, 0, 0, 0, 0, 0, 1, 0, 0, 0, 1, 1, 1, 0, 1, 0, 0, 0, 0, 0, 0, 0, 1, 0, 0, 1, 0, 0, 0, 0, 0, 0, 0, 0, 0, 1, 0, 0, 0, 0, 0, 0, 1, 0, 1, 0, 1, 1, 0, 0, 0, 0, 0, 0, 0, 1, 1, 0, 0, 1, 0, 1, 0, 1, 0, 0, 0, 1, 0, 0, 0, 1, 0, 0, 0, 1, 0, 0, 0, 0, 0, 0, 0, 0, 0, 0, 1, 1, 0, 0, 0, 0, 0, 0, 1, 1, 0, 0, 0, 0, 0, 0, 0, 0, 1, 0, 0, 0, 0, 1, 0, 1, 0, 0, 0, 0, 0, 0, 0, 0, 0, 0, 0, 0, 1, 0, 0, 0, 0, 1, 1, 0, 1, 1, 0, 0, 1, 0, 1, 0, 0, 1, 0, 0, 1, 0, 0, 0, 1, 0, 0, 0, 0, 0, 0, 0, 0, 0, 1, 0, 0, 0, 0, 0, 0, 1, 1, 0, 0, 0, 0, 1, 1, 0, 0, 1, 0, 1, 0, 1, 1, 0, 0, 0, 0, 0, 0, 0, 1, 0, 0, 0, 0, 0, 0, 0, 0, 1, 0, 0, 0, 0, 0, 1, 0, 0, 1, 0, 1, 0, 0, 1, 0, 0, 0, 0, 0, 1, 0, 0, 1, 1, 0, 0, 0, 0, 0, 0, 1, 1, 0, 1, 0, 0, 1, 1, 1, 0, 0, 1, 1, 0, 0, 0, 0, 0, 0, 0, 0, 0, 1, 1, 1, 0, 1, 0, 0, 0, 1, 0, 0, 0, 0, 0, 0, 0, 0, 0, 1, 0, 1, 0, 0, 1, 0, 0, 0, 1, 1, 1, 0, 0, 0, 0, 0, 0, 1, 1, 0, 1, 0, 0, 0, 0, 0, 1, 1, 0, 1, 0, 1, 0, 0, 0, 0, 0, 0, 0, 0, 0, 0, 0, 0, 0, 0, 0, 0, 0, 1, 0, 1, 0, 0, 1, 1, 1, 0, 0, 1, 0, 0, 1, 1, 0, 0, 1, 0, 1, 1, 0, 0, 0, 0, 1, 1, 0, 1, 0, 0, 1, 0, 0, 0, 0, 0, 0, 0, 0, 0, 0, 1, 0, 1, 0, 0, 0, 1, 0, 1, 0, 0, 0, 1, 0, 0, 0, 0, 0, 0, 0, 0, 0, 0, 0, 0, 1, 0, 0, 1, 1, 1, 0, 0, 0, 1, 0, 0, 0, 1, 0, 1, 1, 0, 0, 0, 0, 1, 0, 0, 0, 0, 0, 0, 0, 1, 1, 1, 1, 0, 0, 0, 1, 1, 0, 0, 0, 0, 0, 0, 0, 0, 0, 0, 0, 1, 0, 1], "n": {"train": 3400, "val": 600, "test": 586, "toxic_frac": 0.23911764705882352}}