{"model": "xlm-roberta-base", "dataset": "dravidian_kannada", "train_config": "ce", "seed": 123, "thr_cal": 0.5316541433334351, "metrics_05": {"macro": 0.6957082082082082, "toxf1": 0.6157407407407407, "prec": 0.4889705882352941, "rec": 0.83125, "prauc": 0.7016723361070594, "ece": 0.15808628026535892, "covert": 0.8397790055248618}, "metrics_cal": {"macro": 0.7139794619529329, "toxf1": 0.6295399515738499, "prec": 0.5138339920948617, "rec": 0.8125, "prauc": 0.7016723361070594, "ece": 0.15808628026535892, "covert": 0.8314606741573034}, "probs": [0.2627, 0.61549, 0.58857, 0.22652, 0.5701, 0.59347, 0.25892, 0.16335, 0.04969, 0.30342, 0.51164, 0.18581, 0.02444, 0.38748, 0.68688, 0.17425, 0.21055, 0.68039, 0.03508, 0.58786, 0.3831, 0.04632, 0.53036, 0.57396, 0.98719, 0.53914, 0.91107, 0.59711, 0.56501, 0.67997, 0.99338, 0.63758, 0.31973, 0.51895, 0.70001, 0.12508, 0.07747, 0.10726, 0.56338, 0.25754, 0.75244, 0.03423, 0.73828, 0.09365, 0.51619, 0.49034, 0.24601, 0.44655, 0.02313, 0.5868, 0.75266, 0.54277, 0.01417, 0.67418, 0.31809, 0.62619, 0.02342, 0.58899, 0.43013, 0.84836, 0.49409, 0.41081, 0.63022, 0.57265, 0.10321, 0.32438, 0.31848, 0.59801, 0.77333, 0.96481, 0.34709, 0.13904, 0.60809, 0.54698, 0.5319, 0.67197, 0.1381, 0.5742, 0.65403, 0.70495, 0.16173, 0.85962, 0.04971, 0.59985, 0.55068, 0.00677, 0.75499, 0.0814, 0.61905, 0.09287, 0.03914, 0.44567, 0.10527, 0.53703, 0.24631, 0.32394, 0.05281, 0.00612, 0.08113, 0.04365, 0.05487, 0.77229, 0.17843, 0.85617, 0.83845, 0.37339, 0.54826, 0.23979, 0.353, 0.52406, 0.68291, 0.11334, 0.00574, 0.20484, 0.17144, 0.04074, 0.31973, 0.32743, 0.68451, 0.782, 0.19645, 0.00677, 0.85673, 0.5357, 0.31985, 0.12924, 0.24601, 0.73194, 0.01284, 0.56301, 0.71155, 0.18394, 0.12839, 0.72431, 0.76578, 0.54046, 0.07507, 0.88972, 0.27966, 0.87249, 0.02453, 0.31664, 0.52037, 0.90176, 0.72452, 0.67811, 0.32998, 0.66072, 0.78419, 0.08634, 0.02373, 0.23084, 0.79613, 0.60147, 0.61348, 0.54264, 0.18458, 0.73518, 0.44828, 0.6218, 0.78789, 0.02011, 0.11155, 0.13667, 0.40921, 0.01816, 0.47235, 0.34436, 0.35191, 0.62852, 0.03118, 0.79037, 0.36116, 0.30253, 0.85373, 0.03726, 0.24601, 0.48737, 0.09815, 0.67973, 0.63427, 0.06404, 0.24601, 0.85506, 0.79616, 0.35764, 0.68996, 0.15823, 0.21807, 0.31754, 0.56527, 0.76185, 0.31499, 0.24601, 0.79683, 0.816, 0.29026, 0.58753, 0.39683, 0.57042, 0.57312, 0.01901, 0.00492, 0.49845, 0.27767, 0.46728, 0.68332, 0.1675, 0.8513, 0.08379, 0.77235, 0.5329, 0.20864, 0.01898, 0.04061, 0.00181, 0.8069, 0.06408, 0.02256, 0.35126, 0.00397, 0.13484, 0.0399, 0.67757, 0.71119, 0.28332, 0.02976, 0.55225, 0.04411, 0.15412, 0.00853, 0.49151, 0.00464, 0.52836, 0.44871, 0.65342, 0.99164, 0.52545, 0.02598, 0.05989, 0.53197, 0.24601, 0.61251, 0.97164, 0.93211, 0.10956, 0.09062, 0.53314, 0.23071, 0.73477, 0.55481, 0.33366, 0.33388, 0.43596, 0.06335, 0.1583, 0.71151, 0.68137, 0.15568, 0.02427, 0.70357, 0.83845, 0.58046, 0.66015, 0.45701, 0.06917, 0.24601, 0.08075, 0.09105, 0.01591, 0.25801, 0.10533, 0.725, 0.57545, 0.00518, 0.56067, 0.48429, 0.03335, 0.88776, 0.7939, 0.00929, 0.7277, 0.80757, 0.54546, 0.58832, 0.6359, 0.16992, 0.57955, 0.06571, 0.14709, 0.49149, 0.05558, 0.23427, 0.75461, 0.05098, 0.24601, 0.65035, 0.70076, 0.0954, 0.17347, 0.02489, 0.41815, 0.00768, 0.60365, 0.1563, 0.11128, 0.40082, 0.24601, 0.58272, 0.06408, 0.42606, 0.13525, 0.02756, 0.10171, 0.67832, 0.37852, 0.05529, 0.20612, 0.51669, 0.45977, 0.53864, 0.47522, 0.03988, 0.05054, 0.86737, 0.19911, 0.67851, 0.03551, 0.49209, 0.85094, 0.00767, 0.61563, 0.06991, 0.39019, 0.05042, 0.20841, 0.46117, 0.4357, 0.03056, 0.08801, 0.60986, 0.20656, 0.5611, 0.3532, 0.63811, 0.48002, 0.96165, 0.73205, 0.24601, 0.62748, 0.17002, 0.10093, 0.70308, 0.70273, 0.51185, 0.75344, 0.64562, 0.91172, 0.17138, 0.21017, 0.76226, 0.14074, 0.82448, 0.55182, 0.14417, 0.015, 0.78894, 0.40613, 0.02957, 0.60454, 0.99052, 0.37771, 0.38688, 0.24601, 0.37735, 0.5448, 0.50332, 0.66368, 0.75583, 0.42742, 0.64106, 0.3066, 0.0194, 0.7992, 0.65332, 0.60739, 0.0072, 0.03742, 0.63987, 0.60859, 0.36837, 0.07242, 0.29096, 0.28679, 0.37709, 0.01023, 0.57221, 0.62915, 0.58503, 0.74533, 0.56833, 0.6925, 0.62228, 0.80032, 0.22829, 0.19041, 0.10921, 0.98542, 0.36009, 0.28083, 0.24329, 0.08407, 0.556, 0.0178, 0.44904, 0.52354, 0.11335, 0.75798, 0.02958, 0.57331, 0.22752, 0.86128, 0.81253, 0.01257, 0.44177, 0.73946, 0.4751, 0.96145, 0.89226, 0.07573, 0.20385, 0.61512, 0.05396, 0.7375, 0.26759, 0.7431, 0.75154, 0.60483, 0.91585, 0.02472, 0.29453, 0.53658, 0.10013, 0.02847, 0.96827, 0.78171, 0.01728, 0.86614, 0.60578, 0.66, 0.75975, 0.51352, 0.03308, 0.11823, 0.68434, 0.60601, 0.6547, 0.33449, 0.11429, 0.06727, 0.50206, 0.0345, 0.21626, 0.01573, 0.77855, 0.84319, 0.17398, 0.9217, 0.84974, 0.8494, 0.64471, 0.63866, 0.64933, 0.0609, 0.52864, 0.0263, 0.34703, 0.89891, 0.52651, 0.06645, 0.87283, 0.66803, 0.00569, 0.24151, 0.68016, 0.51718, 0.84924, 0.60369, 0.27469, 0.06406, 0.0469, 0.47447, 0.72329, 0.91107, 0.04945, 0.24909, 0.63668, 0.72425, 0.78576, 0.58451, 0.08776, 0.00505, 0.50166, 0.01674, 0.0058, 0.66601, 0.03794, 0.35785, 0.66018, 0.7204, 0.02878, 0.93223, 0.13429, 0.44391, 0.07123, 0.802, 0.85164, 0.64582, 0.31553, 0.63575, 0.23352, 0.86012, 0.74904, 0.18151, 0.80686, 0.79492, 0.24601, 0.72204, 0.58038, 0.15679, 0.29158, 0.71649, 0.76181, 0.03095, 0.82861, 0.24601, 0.40755, 0.59561, 0.64833, 0.65433, 0.41323, 0.85665, 0.6284, 0.75154, 0.21681, 0.42965, 0.65828, 0.69417, 0.21602, 0.63247, 0.85889, 0.02937, 0.11151, 0.38204, 0.02506, 0.9066, 0.00218, 0.49528, 0.45544, 0.01568, 0.09478, 0.47367, 0.37372, 0.70449, 0.78903, 0.8211, 0.45832, 0.04717, 0.69438, 0.50153, 0.81211, 0.89576, 0.49589, 0.73374, 0.06718, 0.08014, 0.577, 0.34011, 0.07566, 0.45133, 0.68319, 0.08441, 0.53895, 0.68646, 0.02036, 0.54349], "labels": [0, 0, 0, 0, 0, 0, 0, 0, 0, 0, 0, 0, 0, 0, 1, 0, 0, 1, 0, 0, 0, 0, 0, 1, 1, 1, 1, 1, 1, 0, 1, 0, 1, 1, 1, 0, 1, 0, 0, 1, 0, 0, 1, 0, 0, 0, 0, 0, 0, 1, 0, 0, 0, 1, 0, 0, 0, 0, 1, 0, 0, 0, 0, 1, 0, 0, 0, 0, 1, 1, 1, 0, 0, 0, 0, 1, 0, 0, 0, 1, 0, 1, 1, 0, 0, 0, 1, 0, 1, 0, 0, 0, 0, 0, 0, 0, 0, 1, 0, 0, 0, 1, 0, 1, 0, 0, 1, 0, 0, 0, 0, 0, 0, 0, 0, 0, 0, 0, 1, 0, 0, 0, 1, 1, 0, 0, 0, 0, 0, 0, 0, 0, 0, 1, 1, 0, 0, 1, 0, 0, 0, 0, 1, 1, 1, 0, 0, 0, 1, 0, 0, 0, 0, 0, 0, 1, 0, 0, 0, 1, 1, 1, 0, 1, 0, 0, 0, 0, 0, 0, 0, 1, 0, 0, 1, 0, 0, 0, 0, 0, 0, 0, 0, 0, 1, 0, 0, 0, 0, 0, 0, 1, 0, 1, 0, 1, 1, 0, 0, 0, 0, 0, 0, 0, 1, 1, 0, 0, 1, 0, 1, 0, 1, 0, 0, 0, 1, 0, 0, 0, 1, 0, 0, 0, 1, 0, 0, 0, 0, 0, 0, 0, 0, 0, 0, 1, 1, 0, 0, 0, 0, 0, 0, 1, 1, 0, 0, 0, 0, 0, 0, 0, 0, 1, 0, 0, 0, 0, 1, 0, 1, 0, 0, 0, 0, 0, 0, 0, 0, 0, 0, 0, 0, 1, 0, 0, 0, 0, 1, 1, 0, 1, 1, 0, 0, 1, 0, 1, 0, 0, 1, 0, 0, 1, 0, 0, 0, 1, 0, 0, 0, 0, 0, 0, 0, 0, 0, 1, 0, 0, 0, 0, 0, 0, 1, 1, 0, 0, 0, 0, 1, 1, 0, 0, 1, 0, 1, 0, 1, 1, 0, 0, 0, 0, 0, 0, 0, 1, 0, 0, 0, 0, 0, 0, 0, 0, 1, 0, 0, 0, 0, 0, 1, 0, 0, 1, 0, 1, 0, 0, 1, 0, 0, 0, 0, 0, 1, 0, 0, 1, 1, 0, 0, 0, 0, 0, 0, 1, 1, 0, 1, 0, 0, 1, 1, 1, 0, 0, 1, 1, 0, 0, 0, 0, 0, 0, 0, 0, 0, 1, 1, 1, 0, 1, 0, 0, 0, 1, 0, 0, 0, 0, 0, 0, 0, 0, 0, 1, 0, 1, 0, 0, 1, 0, 0, 0, 1, 1, 1, 0, 0, 0, 0, 0, 0, 1, 1, 0, 1, 0, 0, 0, 0, 0, 1, 1, 0, 1, 0, 1, 0, 0, 0, 0, 0, 0, 0, 0, 0, 0, 0, 0, 0, 0, 0, 0, 0, 1, 0, 1, 0, 0, 1, 1, 1, 0, 0, 1, 0, 0, 1, 1, 0, 0, 1, 0, 1, 1, 0, 0, 0, 0, 1, 1, 0, 1, 0, 0, 1, 0, 0, 0, 0, 0, 0, 0, 0, 0, 0, 1, 0, 1, 0, 0, 0, 1, 0, 1, 0, 0, 0, 1, 0, 0, 0, 0, 0, 0, 0, 0, 0, 0, 0, 0, 1, 0, 0, 1, 1, 1, 0, 0, 0, 1, 0, 0, 0, 1, 0, 1, 1, 0, 0, 0, 0, 1, 0, 0, 0, 0, 0, 0, 0, 1, 1, 1, 1, 0, 0, 0, 1, 1, 0, 0, 0, 0, 0, 0, 0, 0, 0, 0, 0, 1, 0, 1], "n": {"train": 3400, "val": 600, "test": 586, "toxic_frac": 0.23911764705882352}}