{"model": "xlm-roberta-base", "dataset": "dravidian_malayalam", "train_config": "hardneg", "seed": 99, "thr_cal": 0.7724082618951797, "metrics_05": {"macro": 0.5336205281887993, "toxf1": 0.12631578947368421, "prec": 0.08391608391608392, "rec": 0.2553191489361702, "prauc": 0.0853917640808784, "ece": 0.2726364920337995, "covert": 0.1791044776119403}, "metrics_cal": {"macro": 0.5358584508924176, "toxf1": 0.10204081632653061, "prec": 0.09803921568627451, "rec": 0.10638297872340426, "prauc": 0.0853917640808784, "ece": 0.2726364920337995, "covert": 0.08888888888888889}, "probs": [0.22108, 0.3906, 0.23686, 0.34541, 0.21008, 0.25423, 0.18742, 0.27378, 0.39844, 0.1642, 0.18698, 0.2847, 0.35129, 0.18381, 0.24561, 0.19799, 0.2605, 0.25072, 0.20779, 0.36788, 0.34056, 0.20803, 0.7597, 0.20589, 0.19238, 0.13973, 0.24545, 0.21335, 0.18861, 0.29504, 0.29538, 0.33096, 0.24775, 0.16994, 0.37582, 0.46647, 0.37051, 0.22956, 0.17112, 0.19947, 0.19518, 0.17318, 0.21642, 0.22801, 0.38538, 0.18959, 0.26064, 0.26876, 0.28027, 0.22395, 0.20812, 0.27969, 0.2453, 0.57054, 0.1941, 0.1548, 0.18128, 0.22757, 0.23014, 0.2344, 0.32478, 0.18216, 0.32258, 0.57141, 0.3322, 0.29305, 0.18161, 0.42662, 0.17153, 0.27794, 0.39331, 0.24863, 0.17622, 0.18866, 0.46779, 0.18963, 0.16692, 0.25655, 0.19332, 0.30914, 0.34872, 0.20585, 0.19095, 0.16353, 0.17391, 0.21536, 0.23068, 0.20756, 0.24227, 0.21182, 0.17189, 0.2825, 0.25287, 0.41366, 0.26856, 0.28123, 0.1971, 0.15968, 0.29282, 0.33896, 0.43243, 0.21526, 0.18487, 0.20579, 0.24447, 0.24425, 0.17735, 0.25379, 0.65995, 0.32543, 0.25323, 0.29483, 0.17853, 0.28243, 0.33212, 0.29224, 0.56673, 0.18166, 0.19982, 0.3012, 0.30908, 0.2478, 0.72491, 0.39657, 0.39411, 0.30558, 0.57907, 0.26547, 0.31004, 0.20679, 0.50449, 0.27457, 0.45967, 0.28202, 0.33388, 0.35049, 0.24053, 0.2635, 0.22752, 0.26397, 0.40264, 0.19655, 0.2366, 0.23786, 0.2422, 0.16756, 0.19541, 0.17341, 0.17259, 0.29023, 0.33101, 0.16654, 0.25098, 0.19293, 0.68957, 0.90266, 0.17289, 0.45834, 0.22366, 0.22782, 0.17653, 0.27623, 0.28624, 0.37298, 0.18987, 0.22055, 0.17687, 0.17268, 0.26846, 0.23082, 0.60528, 0.23027, 0.26203, 0.32221, 0.20047, 0.18666, 0.70711, 0.73192, 0.21829, 0.47025, 0.23405, 0.20326, 0.86789, 0.40135, 0.91143, 0.35506, 0.22546, 0.26592, 0.45711, 0.5715, 0.29486, 0.41944, 0.92871, 0.22436, 0.26093, 0.2668, 0.2388, 0.39659, 0.81062, 0.45273, 0.229, 0.22351, 0.26045, 0.50071, 0.42609, 0.24261, 0.19906, 0.26009, 0.36143, 0.18195, 0.40017, 0.19429, 0.24559, 0.31064, 0.22258, 0.24539, 0.47058, 0.23401, 0.19534, 0.22489, 0.17184, 0.30722, 0.2046, 0.2558, 0.17567, 0.2273, 0.74441, 0.27141, 0.32711, 0.39264, 0.27291, 0.20165, 0.26663, 0.18959, 0.4352, 0.61013, 0.27287, 0.26941, 0.26696, 0.33143, 0.24984, 0.16746, 0.18788, 0.32106, 0.21854, 0.42437, 0.88212, 0.21466, 0.38835, 0.15943, 0.17123, 0.40494, 0.246, 0.18356, 0.21875, 0.2196, 0.24916, 0.20694, 0.24128, 0.20791, 0.27661, 0.26221, 0.23264, 0.24369, 0.29567, 0.22143, 0.18533, 0.27096, 0.32158, 0.26884, 0.31645, 0.24924, 0.20083, 0.3182, 0.32166, 0.21804, 0.25251, 0.21365, 0.19498, 0.17362, 0.2675, 0.25871, 0.26863, 0.50241, 0.18864, 0.17242, 0.29753, 0.24159, 0.18979, 0.22848, 0.6083, 0.70767, 0.28098, 0.39554, 0.50317, 0.62921, 0.33874, 0.44988, 0.28575, 0.33674, 0.23977, 0.22662, 0.22698, 0.25684, 0.2496, 0.34649, 0.32737, 0.36696, 0.18161, 0.44949, 0.46292, 0.21941, 0.26086, 0.4874, 0.30976, 0.32182, 0.24244, 0.48443, 0.19917, 0.29408, 0.28417, 0.30427, 0.19413, 0.27772, 0.19044, 0.42742, 0.20585, 0.22391, 0.27496, 0.31535, 0.32362, 0.27275, 0.21731, 0.34732, 0.1808, 0.18745, 0.26016, 0.43376, 0.23245, 0.42019, 0.23609, 0.25959, 0.89396, 0.23999, 0.16488, 0.22969, 0.24881, 0.18988, 0.2225, 0.18444, 0.25231, 0.24992, 0.25554, 0.22675, 0.24864, 0.30819, 0.32985, 0.25415, 0.2501, 0.56709, 0.29235, 0.27599, 0.19414, 0.84208, 0.24375, 0.22837, 0.47335, 0.20512, 0.27983, 0.24425, 0.23232, 0.21103, 0.73308, 0.24674, 0.36924, 0.32362, 0.28015, 0.16486, 0.22049, 0.58569, 0.22147, 0.23371, 0.2497, 0.22474, 0.1792, 0.32548, 0.20898, 0.2881, 0.25041, 0.3939, 0.32533, 0.17094, 0.23263, 0.24241, 0.61855, 0.30978, 0.29093, 0.22498, 0.17398, 0.34349, 0.62209, 0.20906, 0.85144, 0.22198, 0.38074, 0.21378, 0.21135, 0.44463, 0.51408, 0.17322, 0.18621, 0.18817, 0.36173, 0.22795, 0.32332, 0.20767, 0.20281, 0.32202, 0.26329, 0.73181, 0.70981, 0.30365, 0.28707, 0.25705, 0.39291, 0.35363, 0.19544, 0.2144, 0.23514, 0.43987, 0.2071, 0.22899, 0.20724, 0.18544, 0.43047, 0.3368, 0.5153, 0.26179, 0.23857, 0.17054, 0.24996, 0.24816, 0.22241, 0.18134, 0.22779, 0.22617, 0.26853, 0.2147, 0.28324, 0.17216, 0.47147, 0.24428, 0.20498, 0.27516, 0.2765, 0.32729, 0.18166, 0.2912, 0.36779, 0.79837, 0.18042, 0.25357, 0.18479, 0.19541, 0.18196, 0.26455, 0.23141, 0.2052, 0.30211, 0.23428, 0.61013, 0.27557, 0.4275, 0.20552, 0.24805, 0.492, 0.28829, 0.23711, 0.9173, 0.21239, 0.24574, 0.35283, 0.27683, 0.26988, 0.78165, 0.18153, 0.22042, 0.25228, 0.18614, 0.7679, 0.6752, 0.84681, 0.3012, 0.16746, 0.26702, 0.18533, 0.21525, 0.18761, 0.36165, 0.26289, 0.44213, 0.18338, 0.17937, 0.84174, 0.22266, 0.15744, 0.32831, 0.19794, 0.2184, 0.30404, 0.20933, 0.30086, 0.22743, 0.40266, 0.17162, 0.27138, 0.20562, 0.31381, 0.26463, 0.19691, 0.16045, 0.26655, 0.21131, 0.23288, 0.2243, 0.34025, 0.8325, 0.35079, 0.15924, 0.22892, 0.3106, 0.3378, 0.48383, 0.27474, 0.28143, 0.38707, 0.27425, 0.2015, 0.21447, 0.18899, 0.17112, 0.79688, 0.24767, 0.22524, 0.31608, 0.29219, 0.57435, 0.31429, 0.18464, 0.17462, 0.19239, 0.51292, 0.20302, 0.23354, 0.41656, 0.22163, 0.31619, 0.22971, 0.21413, 0.25605, 0.45403, 0.23264, 0.26546, 0.288, 0.39803, 0.22586, 0.3344, 0.20771, 0.3285, 0.64965, 0.19784, 0.53036, 0.16828, 0.31487, 0.20565, 0.34918, 0.18641, 0.50844, 0.24283, 0.35921, 0.29682, 0.18267, 0.24852, 0.56059, 0.29898, 0.29492, 0.15796, 0.24186, 0.30369, 0.58541, 0.23361, 0.38203, 0.38416, 0.24072, 0.26798, 0.17723, 0.31726, 0.23597, 0.24272, 0.26221, 0.22103, 0.2508, 0.89664, 0.41848, 0.26854, 0.85625, 0.83022, 0.26512, 0.32336, 0.3083, 0.2484, 0.24331, 0.26184, 0.26767, 0.24726, 0.30209, 0.26058, 0.27896, 0.1987, 0.23904, 0.19238, 0.37605, 0.6252, 0.26695, 0.28149, 0.21218, 0.86333, 0.22032, 0.20837, 0.24999, 0.22912, 0.81514, 0.19246, 0.86568, 0.32985, 0.27644, 0.32577, 0.24329, 0.21092, 0.22484, 0.32672, 0.21668, 0.32722, 0.24595, 0.22074, 0.85754, 0.33982, 0.2602, 0.56717, 0.29264, 0.21239, 0.57123, 0.33092, 0.88661, 0.58308, 0.24694, 0.89946, 0.30825, 0.19484, 0.26017, 0.46086, 0.27361, 0.18599, 0.15424, 0.18342, 0.29617, 0.22071, 0.38683, 0.35498, 0.22759, 0.24011, 0.19797, 0.54158, 0.27948, 0.28707, 0.87261, 0.59457, 0.29495, 0.15835, 0.2799, 0.18402, 0.21051, 0.19527, 0.43375, 0.31684, 0.2634, 0.26688, 0.35488, 0.28249, 0.24321, 0.25601, 0.28019, 0.32092, 0.22837, 0.22005, 0.50288, 0.30199, 0.61302, 0.8865, 0.47317, 0.33122, 0.18581, 0.26814, 0.35674, 0.29131, 0.22832, 0.38014, 0.3955, 0.50151, 0.24824, 0.30525, 0.19483, 0.1873, 0.51899, 0.26258, 0.21565, 0.1669, 0.40384, 0.35566, 0.20935, 0.20113, 0.24566, 0.40648, 0.20212, 0.26614, 0.46115, 0.19074, 0.27828, 0.30271, 0.20838, 0.2712, 0.29084, 0.25187, 0.32223, 0.21038, 0.1989, 0.4443, 0.26509, 0.27277, 0.30173, 0.24888, 0.3506, 0.34146, 0.21277, 0.30265, 0.47371, 0.20774, 0.30714, 0.27092, 0.21886, 0.20144, 0.25406, 0.1937, 0.20088, 0.17486, 0.20337, 0.20147, 0.40511, 0.25369, 0.22825, 0.42041, 0.22694, 0.1784, 0.29362, 0.20512, 0.19517, 0.3227, 0.32615, 0.25601, 0.19675, 0.63341, 0.28513, 0.25478, 0.16562, 0.6732, 0.86519, 0.22896, 0.18517, 0.54576, 0.85257, 0.43326, 0.19413, 0.33774, 0.2529, 0.25024, 0.23536, 0.15835, 0.22258, 0.39313, 0.2439, 0.32267, 0.28104, 0.3236, 0.19567, 0.37861, 0.59148, 0.15911, 0.23008, 0.20025, 0.36381, 0.255, 0.18635, 0.22248, 0.83742, 0.22572, 0.24801, 0.6598, 0.24372, 0.78905, 0.2486, 0.19209, 0.24074, 0.24533, 0.21802, 0.22032, 0.60994, 0.20281, 0.25662, 0.21358, 0.20435, 0.49365, 0.40126, 0.5773, 0.2014, 0.2284, 0.16461, 0.21796, 0.2681, 0.28228, 0.34964, 0.18743, 0.22274, 0.20403, 0.21217, 0.45008, 