{"model": "xlm-roberta-base", "dataset": "dravidian_malayalam", "train_config": "ce", "seed": 42, "thr_cal": 0.437302565574646, "metrics_05": {"macro": 0.4920419911953945, "toxf1": 0.0, "prec": 0.0, "rec": 0.0, "prauc": 0.09964988878575443, "ece": 0.4031116604010264, "covert": 0.0}, "metrics_cal": {"macro": 0.5136487154150198, "toxf1": 0.08695652173913043, "prec": 0.058394160583941604, "rec": 0.1702127659574468, "prauc": 0.09964988878575443, "ece": 0.4031116604010264, "covert": 0.12987012987012986}, "probs": [0.43647, 0.43171, 0.43523, 0.43675, 0.42825, 0.43678, 0.42809, 0.43589, 0.4372, 0.43656, 0.43286, 0.43698, 0.43737, 0.43103, 0.43703, 0.43571, 0.43705, 0.43045, 0.43546, 0.4338, 0.43681, 0.43064, 0.43725, 0.43694, 0.43593, 0.42801, 0.43014, 0.43667, 0.43447, 0.43737, 0.43732, 0.43205, 0.43645, 0.42872, 0.43702, 0.43364, 0.43388, 0.43693, 0.42812, 0.42797, 0.43525, 0.42888, 0.43583, 0.43508, 0.4377, 0.428, 0.43715, 0.43683, 0.43036, 0.43544, 0.42998, 0.43678, 0.43514, 0.43727, 0.42802, 0.42887, 0.42801, 0.43226, 0.43395, 0.43506, 0.43351, 0.43108, 0.43617, 0.43553, 0.43448, 0.43044, 0.43552, 0.43055, 0.43254, 0.43729, 0.43694, 0.43449, 0.42798, 0.43042, 0.43744, 0.43614, 0.42919, 0.43561, 0.43492, 0.43689, 0.43766, 0.43123, 0.43131, 0.43211, 0.42978, 0.43715, 0.43447, 0.43431, 0.43556, 0.43691, 0.42882, 0.43714, 0.43655, 0.43714, 0.43128, 0.43694, 0.43584, 0.4295, 0.43474, 0.43657, 0.43446, 0.42801, 0.43631, 0.42831, 0.43507, 0.43105, 0.42929, 0.43355, 0.43725, 0.43493, 0.43546, 0.4326, 0.42986, 0.43625, 0.43736, 0.43591, 0.43674, 0.43073, 0.43172, 0.43614, 0.43626, 0.43501, 0.43675, 0.42811, 0.43738, 0.43734, 0.43741, 0.43573, 0.43716, 0.4355, 0.43714, 0.43317, 0.43407, 0.4368, 0.43507, 0.43701, 0.43509, 0.43596, 0.4367, 0.43381, 0.42909, 0.43493, 0.43393, 0.43526, 0.43649, 0.43143, 0.43623, 0.4301, 0.42939, 0.43646, 0.43725, 0.42797, 0.42804, 0.4306, 0.43735, 0.43751, 0.43553, 0.43345, 0.43587, 0.42911, 0.43371, 0.43574, 0.43126, 0.43734, 0.43103, 0.42809, 0.43053, 0.42874, 0.43733, 0.43475, 0.42803, 0.43677, 0.43658, 0.43758, 0.43352, 0.43365, 0.4372, 0.43691, 0.43471, 0.43718, 0.42892, 0.43614, 0.43725, 0.43506, 0.43752, 0.43579, 0.43655, 0.42936, 0.43428, 0.43711, 0.43768, 0.43695, 0.43729, 0.43124, 0.42959, 0.43704, 0.43669, 0.43737, 0.43753, 0.43277, 0.42809, 0.43298, 0.4361, 0.43699, 0.42814, 0.43483, 0.43007, 0.4362, 0.43347, 0.43198, 0.43634, 0.43301, 0.43288, 0.43666, 0.43248, 0.43312, 0.4372, 0.43571, 0.42944, 0.43005, 0.43134, 0.43689, 0.43315, 0.43693, 0.43017, 0.43041, 0.43748, 0.42824, 0.43128, 0.43571, 0.43694, 0.43639, 0.43705, 0.428, 0.43739, 0.43642, 0.43567, 0.43601, 0.43703, 0.42949, 0.43735, 0.43004, 0.4296, 0.43738, 0.43625, 0.43704, 0.4374, 0.42926, 0.43727, 0.42881, 0.43677, 0.43702, 0.43658, 0.42803, 0.43224, 0.43251, 0.43486, 0.43509, 0.43626, 0.42812, 0.43336, 0.43691, 0.43708, 0.43702, 0.43755, 0.43657, 0.43127, 0.43581, 0.43758, 0.43662, 0.43739, 0.43712, 0.43563, 0.43715, 0.43685, 0.42873, 0.43502, 0.43003, 0.4347, 0.4325, 0.43548, 0.43559, 0.43482, 0.42891, 0.4281, 0.43536, 0.43669, 0.43301, 0.43161, 0.43058, 0.43712, 0.43742, 0.43489, 0.43454, 0.4358, 0.43756, 0.43744, 0.43752, 0.43514, 0.43689, 0.43598, 0.43595, 0.43096, 0.43723, 0.4368, 0.43476, 0.43541, 0.4371, 0.43081, 0.43699, 0.43687, 0.43515, 0.43723, 0.43748, 0.4365, 0.43434, 0.42836, 0.437, 0.43089, 0.43743, 0.43639, 0.4367, 0.43549, 0.43676, 0.43134, 0.43421, 0.43123, 0.43704, 0.43728, 0.43677, 0.43714, 0.43705, 0.43368, 0.43722, 0.43218, 0.43218, 0.43586, 0.4372, 0.43509, 0.43643, 0.43657, 0.43107, 0.43751, 0.43667, 0.42999, 0.43654, 0.43596, 0.4328, 0.43012, 0.42806, 0.4362, 0.43467, 0.43711, 0.43605, 0.4345, 0.43704, 0.4374, 0.43322, 0.4367, 0.43697, 0.43641, 0.43643, 0.42807, 0.43712, 0.43372, 0.43656, 0.43714, 0.43651, 0.437, 0.43105, 0.43657, 0.43238, 0.43735, 0.4326, 0.42964, 0.43714, 0.43598, 0.4322, 0.4348, 0.43716, 0.42852, 0.43628, 0.4344, 0.43704, 0.43187, 0.43632, 0.43243, 0.4369, 0.43608, 0.43305, 0.43045, 0.42799, 0.43631, 0.43708, 0.43639, 0.437, 0.43702, 0.42803, 0.43079, 0.43754, 0.43455, 0.4358, 0.43739, 0.43504, 0.43685, 0.43334, 0.43339, 0.4374, 0.43215, 0.42825, 0.42919, 0.43117, 0.43723, 0.43311, 0.43693, 0.42836, 0.43076, 0.43644, 0.43557, 0.4374, 0.43723, 0.43712, 0.43505, 0.43693, 0.43299, 0.43717, 0.42805, 0.43521, 0.43728, 0.43396, 0.43168, 0.43191, 0.43614, 0.43554, 0.43538, 0.43711, 0.43671, 0.43693, 0.43118, 0.42914, 0.43131, 0.43474, 0.42928, 0.42901, 0.43559, 0.43084, 0.43686, 0.43602, 0.4281, 0.42801, 0.43667, 0.43582, 0.43301, 0.43622, 0.43547, 0.43689, 0.43073, 0.43173, 0.43622, 0.43725, 0.42805, 0.43538, 0.43017, 0.43431, 0.43041, 0.43579, 0.43681, 0.42811, 0.43153, 0.43728, 0.43642, 0.43618, 0.43743, 0.43676, 0.43684, 0.43705, 0.43529, 0.43617, 0.43729, 0.43682, 0.43407, 0.43756, 0.43696, 0.43575, 0.4371, 0.42928, 0.43636, 0.43764, 0.43144, 0.43723, 0.43708, 0.43737, 0.43614, 0.43004, 0.43714, 0.43534, 0.43049, 0.42988, 0.43669, 0.43706, 0.43736, 0.43626, 0.42912, 0.43744, 0.42964, 0.42799, 0.43711, 0.42922, 0.43702, 0.4326, 0.43125, 0.43472, 0.43619, 0.43698, 0.42948, 0.43459, 0.43359, 0.43757, 0.43731, 0.43501, 0.428, 0.43598, 0.43286, 0.4299, 0.43109, 0.43607, 0.43751, 0.4308, 0.4305, 0.43227, 0.42809, 0.43615, 0.43655, 0.43625, 0.4368, 0.43627, 0.42923, 0.43364, 0.42806, 0.43544, 0.42904, 0.43722, 0.43737, 0.4299, 0.43735, 0.43508, 0.43061, 0.43709, 0.43092, 0.42808, 0.43049, 0.43342, 0.43023, 0.43703, 0.437, 0.42902, 0.43718, 0.4367, 0.43505, 0.43703, 0.43717, 0.43693, 0.43754, 0.43251, 0.43731, 0.43673, 0.43459, 0.43088, 0.43749, 0.43732, 0.43629, 0.4309, 0.42965, 0.43689, 0.43406, 0.43581, 0.42796, 0.43121, 0.43741, 0.43719, 0.43725, 0.42815, 0.43655, 0.43719, 0.43044, 0.43743, 0.42796, 0.43682, 0.43726, 0.43381, 0.43538, 0.43002, 0.43647, 0.43639, 0.43671, 0.43026, 0.43636, 0.43676, 0.43395, 0.43691, 0.43618, 0.43388, 0.4371, 0.43336, 0.43665, 0.43735, 0.43737, 0.43693, 0.43726, 0.43743, 0.43121, 0.4344, 0.43481, 0.4365, 0.43636, 0.43714, 0.43483, 0.43696, 0.43247, 0.43682, 0.43593, 0.43706, 0.43722, 0.43764, 0.4369, 0.43413, 0.43729, 0.43529, 0.42805, 0.43463, 0.4339, 0.43715, 0.43067, 0.43748, 0.43695, 0.43716, 0.43721, 0.43649, 0.4281, 0.43119, 0.43704, 0.42954, 0.43493, 0.43398, 0.4347, 0.43741, 0.43721, 0.43637, 0.43741, 0.43506, 0.43649, 0.43716, 0.43458, 0.43712, 0.43452, 0.43428, 0.43754, 0.43729, 0.43676, 0.43186, 0.43756, 0.43724, 0.43306, 0.43064, 0.43422, 0.43696, 0.43635, 0.43721, 0.43734, 0.43396, 0.42801, 0.4339, 0.43735, 0.43471, 0.43505, 0.43738, 0.43744, 0.43706, 0.42802, 0.43681, 0.43034, 0.42915, 0.42878, 0.43665, 0.43688, 0.4356, 0.42975, 0.43717, 0.43744, 0.43579, 0.43567, 0.43721, 0.43733, 0.43656, 0.42965, 0.43581, 0.43619, 0.43713, 0.43674, 0.43745, 0.43519, 0.43035, 0.43765, 0.4372, 0.43001, 0.43646, 0.43228, 0.43673, 0.43747, 0.43709, 0.43704, 0.4298, 0.43296, 0.4321, 0.43705, 0.43628, 0.42881, 0.43517, 0.43394, 0.43331, 0.43669, 0.4281, 0.43723, 0.43359, 0.43392, 0.43677, 0.43199, 0.4374, 0.43677, 0.43675, 0.43014, 0.43686, 0.43672, 0.4375, 0.43678, 0.43135, 0.43677, 0.43245, 0.43745, 0.43673, 0.43487, 0.43714, 0.43732, 0.43439, 0.4371, 0.43738, 0.4367, 0.43569, 0.43651, 0.43575, 0.43056, 0.436, 0.4319, 0.43531, 0.43003, 0.43572, 0.43633, 0.43694, 0.43623, 0.43333, 0.4332, 0.43607, 0.43529, 0.43709, 0.43651, 0.43067, 0.43689, 0.43674, 0.43567, 0.43097, 0.43732, 0.43703, 0.43645, 0.43273, 0.43687, 0.43722, 0.43673, 0.42801, 0.43716, 0.43738, 0.43649, 0.43549, 0.43703, 0.434, 0.4353, 0.43638, 0.42802, 0.43248, 0.43158, 0.43593, 0.43733, 0.43718, 0.43769, 0.42803, 0.42981, 0.43728, 0.42802, 0.43276, 0.432, 0.42811, 0.43671, 0.43421, 0.43591, 0.4375, 0.4369, 0.4368, 0.43693, 0.43677, 0.43708, 0.43407, 0.4354, 0.43648, 0.43417, 0.43613, 0.43529, 0.43721, 0.43168, 0.43673, 0.43159, 0.43475, 0.43688, 0.43708, 0.43639, 0.43672, 0.43353, 0.43455, 0.43492, 0.43682, 0.43051, 0.43516, 0.42803, 0.43579, 0.4341, 0.43271, 0.43216, 0.43343, 0.43073, 0.43179, 0.43257, 0.43717, 0.43636, 0.43507, 