{"model": "xlm-roberta-base", "dataset": "dravidian_kannada", "train_config": "hardneg", "seed": 2024, "thr_cal": 0.676137101650238, "metrics_05": {"macro": 0.6654786700609427, "toxf1": 0.5861297539149888, "prec": 0.4564459930313589, "rec": 0.81875, "prauc": 0.7203915890287628, "ece": 0.19231847446068565, "covert": 0.8324324324324325}, "metrics_cal": {"macro": 0.7490029210201101, "toxf1": 0.6453488372093024, "prec": 0.6032608695652174, "rec": 0.69375, "prauc": 0.7203915890287628, "ece": 0.19231847446068565, "covert": 0.8343558282208589}, "probs": [0.25187, 0.6963, 0.7339, 0.2463, 0.57302, 0.80891, 0.2569, 0.18313, 0.10342, 0.24289, 0.56662, 0.25228, 0.09367, 0.52007, 0.70402, 0.14105, 0.05336, 0.76149, 0.08623, 0.75283, 0.37663, 0.14377, 0.63895, 0.71696, 0.98404, 0.7638, 0.94615, 0.28083, 0.50352, 0.83332, 0.98419, 0.85841, 0.29588, 0.42362, 0.91318, 0.12324, 0.42496, 0.07106, 0.68164, 0.19721, 0.64615, 0.31755, 0.79685, 0.16108, 0.60246, 0.79229, 0.10843, 0.46021, 0.06562, 0.47609, 0.91854, 0.61465, 0.20981, 0.88974, 0.35327, 0.77314, 0.02725, 0.75713, 0.34612, 0.91096, 0.34761, 0.58532, 0.70256, 0.66906, 0.07276, 0.40043, 0.16458, 0.59941, 0.86968, 0.91885, 0.33584, 0.0596, 0.37045, 0.79051, 0.67727, 0.67367, 0.18253, 0.53468, 0.81553, 0.85329, 0.26396, 0.85076, 0.20055, 0.71434, 0.77021, 0.01496, 0.70372, 0.11071, 0.7729, 0.02912, 0.04497, 0.4451, 0.17883, 0.59229, 0.09059, 0.47957, 0.0464, 0.02846, 0.09171, 0.11861, 0.08405, 0.89518, 0.367, 0.94578, 0.88013, 0.4554, 0.60009, 0.1598, 0.23662, 0.60269, 0.62525, 0.21608, 0.01652, 0.11981, 0.19828, 0.28453, 0.29588, 0.43552, 0.79558, 0.92104, 0.10368, 0.02362, 0.87098, 0.63602, 0.28215, 0.22926, 0.10843, 0.67834, 0.03833, 0.60729, 0.86633, 0.15833, 0.35534, 0.81616, 0.94501, 0.63982, 0.20747, 0.95467, 0.11763, 0.75683, 0.25594, 0.16053, 0.52917, 0.95564, 0.90189, 0.77534, 0.27091, 0.87011, 0.62742, 0.17915, 0.20222, 0.34652, 0.82, 0.68334, 0.33497, 0.78812, 0.07638, 0.80911, 0.47174, 0.762, 0.8411, 0.15587, 0.10868, 0.13549, 0.14637, 0.0212, 0.63987, 0.34257, 0.30303, 0.84505, 0.06439, 0.94464, 0.55718, 0.2403, 0.94861, 0.12965, 0.10843, 0.55827, 0.11233, 0.79936, 0.60193, 0.14547, 0.10843, 0.83889, 0.88279, 0.37285, 0.81961, 0.02515, 0.17593, 0.40867, 0.60548, 0.93606, 0.32122, 0.10843, 0.61461, 0.97541, 0.2653, 0.64992, 0.52547, 0.65377, 0.57506, 0.30562, 0.08456, 0.4839, 0.24207, 0.39151, 0.75593, 0.35931, 0.94676, 0.05885, 0.91727, 0.60022, 0.24232, 0.07794, 0.30143, 0.04514, 0.89241, 0.14524, 0.17489, 0.30373, 0.03934, 0.15607, 0.09322, 0.36689, 0.79924, 0.4517, 0.06242, 0.61922, 0.10437, 0.19697, 0.04973, 0.67727, 0.08822, 0.68025, 0.64047, 0.72439, 0.98202, 0.34448, 0.12346, 0.05051, 0.64099, 0.10843, 0.61569, 0.95277, 0.89783, 0.18262, 0.10454, 0.3291, 0.38035, 0.90942, 0.80042, 0.37859, 0.36686, 0.43571, 0.16856, 0.09324, 0.52808, 0.52322, 0.18731, 0.19141, 0.83, 0.88013, 0.62631, 0.66157, 0.60747, 0.10783, 0.10843, 0.2434, 0.0756, 0.04795, 0.31735, 0.10402, 0.75354, 0.15212, 0.02104, 0.60767, 0.5828, 0.10227, 0.94772, 0.94873, 0.04204, 0.8419, 0.90249, 0.67933, 0.5312, 0.83947, 0.23381, 0.81036, 0.18094, 0.10015, 0.74198, 0.07058, 0.35697, 0.85226, 0.11332, 0.10843, 0.75872, 0.79559, 0.15993, 0.23244, 0.14884, 0.40109, 0.03297, 0.7825, 0.30492, 0.31924, 0.56117, 0.10843, 0.63897, 0.09044, 0.47945, 0.05772, 0.12176, 0.53879, 0.57426, 0.39981, 0.10708, 0.19088, 0.75178, 0.47044, 0.76106, 0.64635, 0.05836, 0.10378, 0.92084, 0.39403, 0.74372, 0.04777, 0.56091, 0.97198, 0.04184, 0.6405, 0.05952, 0.62366, 0.05836, 0.20763, 0.69793, 0.52341, 0.02785, 0.33434, 0.51021, 0.05815, 0.78203, 0.6769, 0.62663, 0.34735, 0.97458, 0.90007, 0.10843, 0.78678, 0.06297, 0.18651, 0.85675, 0.66806, 0.57639, 0.82375, 0.85117, 0.82874, 0.25201, 0.34165, 0.68752, 0.10021, 0.92493, 0.66081, 0.09748, 0.13569, 0.90625, 0.63798, 0.06913, 0.6208, 0.98348, 0.14454, 0.15724, 0.10843, 0.31169, 0.45828, 0.07826, 0.76456, 0.92959, 0.57793, 0.6859, 0.30558, 0.12262, 0.89974, 0.79076, 0.67062, 0.02454, 0.0933, 0.58888, 0.79247, 0.42087, 0.23441, 0.07003, 0.1171, 0.10768, 0.01257, 0.70144, 0.72274, 0.69452, 0.92888, 0.68088, 0.8621, 0.5779, 0.86197, 0.22558, 0.10282, 0.14181, 0.98923, 0.09684, 0.10337, 0.38518, 0.24377, 0.71266, 0.13667, 0.62824, 0.51165, 0.08923, 0.68319, 0.21282, 0.19098, 0.31943, 0.89838, 0.73776, 0.11774, 0.52433, 0.63462, 0.61987, 0.83791, 0.96966, 0.32949, 0.10834, 0.7732, 0.01864, 0.65937, 0.36653, 0.97877, 0.87416, 0.60626, 0.92126, 0.11929, 0.33177, 0.58114, 0.09946, 0.08432, 0.96153, 0.90568, 0.02859, 0.95392, 0.6468, 0.79446, 0.60982, 0.07201, 0.05184, 0.08934, 0.53345, 0.66115, 0.57766, 0.57284, 0.14933, 0.10929, 0.40603, 0.04907, 0.57225, 0.1437, 0.72859, 0.69317, 0.11804, 0.70803, 0.53933, 0.90616, 0.76445, 0.7356, 0.7709, 0.09539, 0.77973, 0.02886, 0.36039, 0.96541, 0.39868, 0.09563, 0.93753, 0.8274, 0.08388, 0.42866, 0.66426, 0.55187, 0.95212, 0.73437, 0.4964, 0.09349, 0.0766, 0.40329, 0.79787, 0.96301, 0.06265, 0.52534, 0.84932, 0.50362, 0.93858, 0.65289, 0.06458, 0.03016, 0.48087, 0.04335, 0.02518, 0.88225, 0.11132, 0.28166, 0.70051, 0.87574, 0.0483, 0.97533, 0.11547, 0.18989, 0.05595, 0.48793, 0.89133, 0.81607, 0.10217, 0.73679, 0.22133, 0.76099, 0.75691, 0.22531, 0.84661, 0.77967, 0.10843, 0.62986, 0.6089, 0.32127, 0.09874, 0.89231, 0.59512, 0.09379, 0.90838, 0.10843, 0.31863, 0.38596, 0.32599, 0.81947, 0.5962, 0.77561, 0.66583, 0.74032, 0.12083, 0.62513, 0.78616, 0.85979, 0.46833, 0.64081, 0.96532, 0.25046, 0.11859, 0.37208, 0.03937, 0.95877, 0.0159, 0.62434, 0.53103, 0.12749, 0.28675, 0.45967, 0.39402, 0.86203, 0.93046, 0.51771, 0.55222, 0.03212, 0.87851, 0.66694, 0.97114, 0.87777, 0.666, 0.81238, 0.20506, 0.08689, 0.60569, 0.35064, 0.3154, 0.60144, 0.57786, 0.08977, 0.58298, 0.84191, 0.10998, 0.28317], "labels": [0, 0, 0, 0, 0, 0, 0, 0, 0, 0, 0, 0, 0, 0, 1, 0, 0, 1, 0, 0, 0, 0, 0, 1, 1, 1, 1, 1, 1, 0, 1, 0, 1, 1, 1, 0, 1, 0, 0, 1, 0, 0, 1, 0, 0, 0, 0, 0, 0, 1, 0, 0, 0, 1, 0, 0, 0, 0, 1, 0, 0, 0, 0, 1, 0, 0, 0, 0, 1, 1, 1, 0, 0, 0, 0, 1, 0, 0, 0, 1, 0, 1, 1, 0, 0, 0, 1, 0, 1, 0, 0, 0, 0, 0, 0, 0, 0, 1, 0, 0, 0, 1, 0, 1, 0, 0, 1, 0, 0, 0, 0, 0, 0, 0, 0, 0, 0, 0, 1, 0, 0, 0, 1, 1, 0, 0, 0, 0, 0, 0, 0, 0, 0, 1, 1, 0, 0, 1, 0, 0, 0, 0, 1, 1, 1, 0, 0, 0, 1, 0, 0, 0, 0, 0, 0, 1, 0, 0, 0, 1, 1, 1, 0, 1, 0, 0, 0, 0, 0, 0, 0, 1, 0, 0, 1, 0, 0, 0, 0, 0, 0, 0, 0, 0, 1, 0, 0, 0, 0, 0, 0, 1, 0, 1, 0, 1, 1, 0, 0, 0, 0, 0, 0, 0, 1, 1, 0, 0, 1, 0, 1, 0, 1, 0, 0, 0, 1, 0, 0, 0, 1, 0, 0, 0, 1, 0, 0, 0, 0, 0, 0, 0, 0, 0, 0, 1, 1, 0, 0, 0, 0, 0, 0, 1, 1, 0, 0, 0, 0, 0, 0, 0, 0, 1, 0, 0, 0, 0, 1, 0, 1, 0, 0, 0, 0, 0, 0, 0, 0, 0, 0, 0, 0, 1, 0, 0, 0, 0, 1, 1, 0, 1, 1, 0, 0, 1, 0, 1, 0, 0, 1, 0, 0, 1, 0, 0, 0, 1, 0, 0, 0, 0, 0, 0, 0, 0, 0, 1, 0, 0, 0, 0, 0, 0, 1, 1, 0, 0, 0, 0, 1, 1, 0, 0, 1, 0, 1, 0, 1, 1, 0, 0, 0, 0, 0, 0, 0, 1, 0, 0, 0, 0, 0, 0, 0, 0, 1, 0, 0, 0, 0, 0, 1, 0, 0, 1, 0, 1, 0, 0, 1, 0, 0, 0, 0, 0, 1, 0, 0, 1, 1, 0, 0, 0, 0, 0, 0, 1, 1, 0, 1, 0, 0, 1, 1, 1, 0, 0, 1, 1, 0, 0, 0, 0, 0, 0, 0, 0, 0, 1, 1, 1, 0, 1, 0, 0, 0, 1, 0, 0, 0, 0, 0, 0, 0, 0, 0, 1, 0, 1, 0, 0, 1, 0, 0, 0, 1, 1, 1, 0, 0, 0, 0, 0, 0, 1, 1, 0, 1, 0, 0, 0, 0, 0, 1, 1, 0, 1, 0, 1, 0, 0, 0, 0, 0, 0, 0, 0, 0, 0, 0, 0, 0, 0, 0, 0, 0, 1, 0, 1, 0, 0, 1, 1, 1, 0, 0, 1, 0, 0, 1, 1, 0, 0, 1, 0, 1, 1, 0, 0, 0, 0, 1, 1, 0, 1, 0, 0, 1, 0, 0, 0, 0, 0, 0, 0, 0, 0, 0, 1, 0, 1, 0, 0, 0, 1, 0, 1, 0, 0, 0, 1, 0, 0, 0, 0, 0, 0, 0, 0, 0, 0, 0, 0, 1, 0, 0, 1, 1, 1, 0, 0, 0, 1, 0, 0, 0, 1, 0, 1, 1, 0, 0, 0, 0, 1, 0, 0, 0, 0, 0, 0, 0, 1, 1, 1, 1, 0, 0, 0, 1, 1, 0, 0, 0, 0, 0, 0, 0, 0, 0, 0, 0, 1, 0, 1], "n": {"train": 3400, "val": 600, "test": 586, "toxic_frac": 0.23911764705882352}}