{"model": "xlm-roberta-base", "dataset": "hatexplain", "train_config": "hardneg", "seed": 99, "thr_cal": 0.19127975031733513, "metrics_05": {"macro": 0.7104970138678004, "toxf1": 0.7423423423423423, "prec": 0.8218085106382979, "rec": 0.6768893756845564, "prauc": 0.8705474019503868, "ece": 0.14913941824436186, "covert": 0.8618307426597582}, "metrics_cal": {"macro": 0.7231778985999209, "toxf1": 0.7966280295047419, "prec": 0.76751269035533, "rec": 0.828039430449069, "prauc": 0.8705474019503868, "ece": 0.14913941824436186, "covert": 0.8969991889699919}, "probs": [0.10259, 0.0666, 0.39858, 0.90342, 0.63146, 0.86787, 0.9879, 0.11675, 0.48575, 0.01222, 0.06719, 0.04133, 0.08303, 0.09674, 0.62259, 0.03697, 0.07375, 0.02899, 0.99515, 0.04615, 0.02888, 0.4064, 0.05134, 0.60219, 0.13692, 0.7975, 0.99085, 0.23606, 0.02935, 0.06479, 0.90837, 0.21757, 0.43943, 0.83023, 0.9922, 0.03765, 0.31057, 0.08342, 0.9429, 0.03765, 0.97711, 0.4299, 0.13751, 0.29334, 0.22902, 0.03873, 0.0321, 0.95974, 0.95799, 0.23839, 0.02221, 0.0683, 0.98267, 0.34633, 0.19682, 0.96303, 0.11358, 0.0455, 0.37305, 0.45178, 0.11137, 0.39803, 0.97859, 0.34555, 0.97449, 0.13607, 0.98788, 0.88392, 0.07808, 0.98104, 0.05717, 0.9831, 0.57262, 0.80966, 0.0317, 0.33842, 0.95981, 0.13322, 0.36657, 0.97752, 0.95978, 0.27634, 0.92441, 0.03991, 0.0958, 0.95173, 0.99158, 0.16811, 0.60603, 0.83478, 0.03938, 0.98531, 0.96313, 0.88417, 0.95196, 0.02292, 0.09425, 0.12903, 0.84919, 0.98891, 0.05044, 0.93333, 0.99173, 0.13325, 0.02459, 0.57687, 0.83243, 0.68804, 0.98649, 0.28478, 0.02808, 0.12202, 0.03715, 0.05081, 0.52687, 0.62223, 0.92812, 0.59627, 0.86836, 0.96264, 0.54117, 0.11193, 0.07802, 0.97279, 0.27012, 0.14744, 0.25335, 0.15317, 0.05625, 0.94565, 0.14331, 0.97731, 0.12161, 0.05853, 0.75873, 0.72583, 0.58348, 0.95965, 0.93602, 0.12443, 0.19431, 0.90683, 0.72024, 0.97605, 0.16414, 0.23608, 0.99025, 0.37329, 0.85153, 0.20473, 0.32315, 0.92545, 0.90511, 0.11554, 0.98771, 0.90286, 0.85751, 0.09151, 0.07437, 0.93489, 0.59085, 0.29552, 0.47149, 0.68976, 0.53788, 0.10951, 0.71002, 0.08514, 0.90153, 0.24557, 0.5208, 0.14952, 0.06629, 0.84933, 0.72521, 0.14718, 0.17828, 0.14991, 0.96981, 0.11398, 0.98746, 0.10262, 0.10209, 0.06246, 0.98133, 0.05194, 0.95839, 0.76417, 0.11941, 0.99078, 0.05125, 0.98587, 0.79335, 0.99064, 0.95715, 0.98681, 0.4893, 0.17595, 0.97563, 0.13279, 0.87848, 0.06883, 0.24664, 0.08357, 0.37414, 0.30662, 0.24744, 0.05609, 0.13003, 0.0387, 0.2004, 0.03124, 0.92894, 0.90807, 0.88496, 0.63289, 0.01998, 0.10328, 0.97594, 0.95707, 0.24099, 0.13387, 0.25157, 0.98843, 0.06288, 0.97503, 0.97305, 0.63626, 0.04574, 0.89251, 0.9417, 0.9526, 0.89002, 0.82646, 0.97794, 0.75728, 0.97759, 0.27621, 0.94788, 0.93755, 0.059, 0.89601, 0.39229, 0.24936, 0.92912, 0.32677, 0.32306, 0.02939, 0.02465, 0.10556, 0.96231, 0.98072, 0.30748, 0.7921, 0.31087, 0.98012, 0.42021, 0.15503, 0.11471, 0.83978, 0.06717, 0.97346, 0.54866, 0.94556, 0.96895, 0.75923, 0.9654, 0.01415, 0.04991, 0.19953, 0.26544, 0.76644, 0.03767, 0.80315, 0.08524, 0.03834, 0.97018, 0.95971, 0.94533, 0.93051, 0.96789, 0.95715, 0.95048, 0.98542, 0.86936, 0.7444, 0.14561, 0.04558, 0.05042, 0.11809, 0.09248, 0.11257, 0.02132, 0.21297, 0.94647, 0.83169, 0.25755, 0.05139, 0.80291, 0.12453, 0.57501, 0.05227, 0.3629, 0.99311, 0.87603, 0.17274, 0.94069, 0.98058, 0.02433, 0.02167, 0.899, 0.10356, 0.95894, 0.48876, 0.16315, 0.93622, 0.8792, 0.04808, 0.97102, 0.9901, 0.76617, 0.01135, 0.93928, 0.43271, 0.06352, 0.97624, 0.46516, 0.03179, 0.94581, 0.98615, 0.95661, 0.98262, 0.06328, 0.96246, 0.94827, 0.19941, 0.22988, 0.97821, 0.97754, 0.01751, 0.56712, 0.99273, 0.92866, 0.10692, 0.04792, 0.89579, 0.01523, 0.16701, 0.21462, 0.46448, 0.49313, 0.95983, 0.36496, 0.984, 0.7154, 0.99169, 0.02102, 0.23606, 0.75501, 0.80989, 0.07025, 0.52098, 0.98288, 0.00141, 0.98558, 0.22268, 0.99231, 0.98487, 0.46638, 0.016, 0.02703, 0.86522, 0.89097, 0.9667, 0.50295, 0.25292, 0.09729, 0.91115, 0.93826, 0.90857, 0.95433, 0.95274, 0.02758, 0.99036, 0.10978, 0.05401, 0.06441, 0.01363, 0.80733, 0.722, 0.88796, 0.42287, 0.65735, 0.1819, 0.98145, 0.9584, 0.09013, 0.94785, 0.80042, 0.33697, 0.9779, 0.06594, 0.59931, 0.54497, 0.1968, 0.82037, 0.93417, 0.93014, 0.07662, 0.0179, 0.10624, 0.15007, 0.08445, 0.10489, 0.07808, 0.61873, 0.0236, 0.95227, 0.97498, 0.26944, 0.72422, 0.71506, 0.73861, 0.94434, 0.206, 0.04373, 0.66537, 0.82515, 0.83193, 0.78096, 0.02488, 0.01596, 0.12997, 0.0902, 0.7155, 0.98368, 0.84495, 0.96608, 0.70462, 0.26192, 0.97995, 0.49562, 0.22484, 0.09167, 0.28254, 0.99078, 0.961, 0.43984, 0.08129, 0.81752, 0.24795, 0.7854, 0.04701, 0.90722, 0.50998, 0.07976, 0.14429, 0.11735, 0.97747, 0.06819, 0.11373, 0.92869, 0.96236, 0.14751, 0.10504, 0.29309, 0.55463, 0.89925, 0.9827, 0.80851, 0.05338, 0.21025, 0.40528, 0.05262, 0.97406, 0.00381, 0.83847, 0.22276, 0.29677, 0.80437, 0.97329, 0.06093, 0.04404, 0.95808, 0.17184, 0.19262, 0.13317, 0.90075, 0.33791, 0.88827, 0.9852, 0.95202, 0.9289, 0.13383, 0.16818, 0.0521, 0.02281, 0.53698, 0.86885, 0.96187, 0.99122, 0.10728, 0.08303, 0.03253, 0.95793, 0.99144, 0.88542, 0.12562, 0.10235, 0.90699, 0.17006, 0.07466, 0.54613, 0.01586, 0.05218, 0.14117, 0.98569, 0.36546, 0.46383, 0.53935, 0.28673, 0.94751, 0.97129, 0.12984, 0.94766, 0.78251, 0.99114, 0.02215, 0.61469, 0.74445, 0.96387, 0.62803, 0.01486, 0.22876, 0.95124, 0.74632, 0.42771, 0.0298, 0.12925, 0.97539, 0.10993, 0.66197, 0.97122, 0.12956, 0.67509, 0.09932, 0.09411, 0.64806, 0.68168, 0.55582, 0.49207, 0.22243, 0.97775, 0.33215, 0.02903, 0.94909, 0.22102, 0.7676, 0.15426, 0.02162, 0.0097, 0.67999, 0.09519, 0.03614, 0.67103, 0.00807, 0.97681, 0.00395, 0.882, 0.36401, 0.94636, 0.98629, 0.17362, 0.88344, 0.79385, 0.30981, 0.92005, 0.52483, 0.46478, 0.99288, 0.25937, 0.79379, 0.86474, 0.96352, 0.90922, 0.237, 0.02949, 0.42551, 0.9666, 0.0296, 0.91861, 0.07594, 0.28463, 0.07397, 0.05267, 0.97037, 0.97062, 0.15707, 0.87155, 0.3762, 0.94254, 0.2519, 0.90222, 0.19824, 0.69263, 0.02282, 0.06853, 0.81993, 0.04133, 0.98911, 0.07967, 0.97698, 0.68644, 0.06234, 0.13339, 0.58351, 0.97147, 0.88169, 0.92914, 0.8605, 0.71988, 0.61924, 0.072, 0.97438, 0.90879, 0.14233, 0.57457, 0.98402, 0.89597, 0.93453, 0.79, 0.04737, 0.29374, 0.92794, 0.94791, 0.92639, 0.78357, 0.29273, 0.09406, 0.12988, 0.01006, 0.0794, 0.07718, 0.6478, 0.98754, 0.98774, 0.4443, 0.00739, 0.08148, 0.95911, 0.94993, 0.97958, 0.13951, 0.98187, 0.13201, 0.09438, 0.09512, 0.03645, 0.20833, 0.98503, 0.52167, 0.62585, 0.07741, 0.93558, 0.0204, 0.41369, 0.15598, 0.02829, 0.14442, 0.1867, 0.06952, 0.94404, 0.88909, 0.94861, 0.06366, 0.06272, 0.14826, 0.865, 0.5485, 0.96837, 0.97245, 0.99181, 0.82677, 0.97958, 0.44318, 0.00557, 0.14072, 0.91167, 0.08886, 0.9747, 0.43794, 0.23696, 0.78428, 0.42909, 0.85827, 0.98732, 0.93339, 0.0823, 0.08149, 0.03619, 0.91861, 0.9253, 0.89811, 0.86818, 0.92622, 0.93277, 0.02166, 0.46329, 0.19753, 0.99204, 0.28846, 0.06541, 0.93894, 0.08069, 0.1461, 0.72988, 0.81498, 0.38175, 0.48946, 0.00974, 0.70168, 0.94997, 0.99127, 0.26549, 0.016, 0.98511, 0.02443, 0.09018, 0.84796, 0.9938, 0.86921, 0.97538, 0.37669, 0.89483, 0.98292, 0.97716, 0.01997, 0.04977, 0.03962, 0.90926, 0.98481, 0.25245, 0.13784, 0.89788, 0.01364, 0.51128, 0.96074, 0.49382, 0.66041, 0.17854, 0.08083, 0.29039, 0.04321, 0.22686, 0.98686, 0.96181, 0.32797, 0.09441, 0.97299, 0.74672, 0.24952, 0.04921, 0.07315, 0.56053, 0.07895, 0.03427, 0.01222, 0.1045, 0.20484, 0.06085, 0.42523, 0.04423, 0.0354, 0.56758, 0.88855, 0.14807, 0.7297, 0.98251, 0.41353, 0.27054, 0.98046, 0.96936, 0.66142, 0.94904, 0.13419, 0.98539, 0.94594, 0.86167, 0.0207, 0.69698, 0.36816, 0.15791, 0.10864, 0.76916, 0.04781, 0.62583, 0.04756, 0.03685, 0.20295, 0.97607, 0.92992, 0.97136, 0.94393, 0.9896, 0.91195, 0.98833, 0.98968, 0.44836, 0.14483, 0.98971, 0.04922, 0.32705, 0.44125, 0.00697, 0.94181, 0.51652, 0.01186, 0.09781, 0.06031, 0.44853, 0.97475, 0.17275, 0.98688, 0.42559, 0.04941, 0.94489, 0.9845, 0.04384, 0.92927, 0.11026, 0.90423, 0.07255, 0.09769, 0.5966, 0.97387, 0.05081, 