{"model": "xlm-roberta-base", "dataset": "hatexplain", "train_config": "hardneg", "seed": 2024, "thr_cal": 0.18500335514545435, "metrics_05": {"macro": 0.6906578676015673, "toxf1": 0.6923076923076923, "prec": 0.8773109243697479, "rec": 0.5717415115005476, "prauc": 0.8768755782579708, "ece": 0.19656251682837803, "covert": 0.8253676470588235}, "metrics_cal": {"macro": 0.7266589332660972, "toxf1": 0.7855183763027976, "prec": 0.7868131868131868, "rec": 0.7842278203723987, "prauc": 0.8768755782579708, "ece": 0.19656251682837803, "covert": 0.8866995073891626}, "probs": [0.07445, 0.12781, 0.06856, 0.30792, 0.19836, 0.24303, 0.93589, 0.11025, 0.16575, 0.05673, 0.11033, 0.10204, 0.10233, 0.08728, 0.13256, 0.07874, 0.09563, 0.0556, 0.96388, 0.10909, 0.04141, 0.1811, 0.0432, 0.19018, 0.10986, 0.67462, 0.899, 0.09973, 0.05664, 0.07808, 0.80234, 0.10266, 0.33086, 0.38315, 0.83775, 0.04623, 0.10782, 0.07151, 0.77723, 0.04443, 0.9532, 0.1144, 0.18156, 0.13713, 0.11908, 0.08672, 0.15785, 0.24533, 0.81485, 0.43747, 0.09869, 0.35169, 0.90604, 0.16209, 0.12718, 0.71949, 0.05228, 0.0737, 0.42301, 0.17618, 0.08115, 0.24913, 0.92786, 0.66312, 0.95114, 0.13672, 0.91993, 0.13242, 0.21417, 0.81024, 0.03732, 0.91872, 0.10882, 0.4531, 0.06348, 0.10303, 0.78835, 0.10554, 0.33826, 0.87435, 0.80058, 0.10171, 0.4976, 0.14209, 0.15763, 0.73082, 0.96367, 0.08904, 0.18498, 0.62661, 0.0777, 0.92844, 0.46021, 0.69463, 0.68265, 0.13785, 0.16382, 0.12784, 0.13929, 0.94978, 0.04802, 0.54109, 0.88768, 0.51969, 0.06076, 0.58743, 0.35899, 0.22949, 0.90739, 0.16362, 0.04092, 0.19762, 0.06749, 0.08352, 0.09225, 0.41086, 0.29502, 0.2222, 0.77677, 0.7656, 0.34725, 0.10553, 0.06861, 0.89098, 0.33858, 0.13352, 0.14552, 0.08809, 0.15526, 0.91843, 0.1017, 0.80342, 0.11787, 0.13588, 0.21545, 0.21634, 0.34309, 0.74176, 0.45039, 0.10036, 0.11927, 0.88719, 0.7005, 0.91943, 0.43218, 0.20199, 0.85181, 0.33984, 0.51069, 0.29025, 0.45258, 0.40663, 0.78157, 0.1777, 0.90543, 0.44191, 0.71262, 0.06418, 0.02685, 0.55079, 0.17254, 0.38082, 0.66943, 0.54769, 0.78841, 0.28385, 0.42121, 0.08724, 0.83873, 0.5973, 0.1005, 0.09326, 0.07891, 0.26679, 0.55711, 0.09119, 0.3077, 0.12188, 0.72246, 0.08729, 0.96424, 0.08212, 0.05233, 0.17813, 0.8182, 0.20754, 0.91786, 0.2105, 0.22069, 0.82462, 0.60842, 0.64456, 0.75894, 0.9046, 0.38678, 0.41448, 0.2049, 0.40969, 0.84396, 0.53642, 0.6594, 0.09649, 0.13991, 0.12727, 0.13081, 0.22532, 0.10711, 0.50342, 0.24925, 0.27411, 0.04653, 0.05839, 0.70795, 0.89421, 0.32715, 0.16374, 0.02553, 0.07566, 0.8249, 0.7434, 0.45674, 0.15487, 0.25184, 0.91367, 0.06326, 0.92521, 0.73148, 0.24017, 0.09985, 0.81001, 0.91952, 0.67836, 0.77975, 0.63257, 0.84565, 0.15663, 0.80666, 0.52004, 0.71961, 0.33881, 0.08136, 0.367, 0.20329, 0.29751, 0.76253, 0.48051, 0.15475, 0.09987, 0.0439, 0.19224, 0.53545, 0.8768, 0.11252, 0.17699, 0.20647, 0.70749, 0.86957, 0.03739, 0.07448, 0.60338, 0.09546, 0.87398, 0.16041, 0.83768, 0.76301, 0.14402, 0.82908, 0.02844, 0.07438, 0.17668, 0.49689, 0.40204, 0.08071, 0.49183, 0.09113, 0.07415, 0.84086, 0.91959, 0.87866, 0.56712, 0.93969, 0.92654, 0.88647, 0.91362, 0.71827, 0.59346, 0.14191, 0.08553, 0.01154, 0.10397, 0.09694, 0.11952, 0.04582, 0.33654, 0.86041, 0.23765, 0.45285, 0.05015, 0.21774, 0.10478, 0.76568, 0.09105, 0.32838, 0.97932, 0.82655, 0.07497, 0.78818, 0.92269, 0.02129, 0.03997, 0.56575, 0.39907, 0.77951, 0.079, 0.09701, 0.35721, 0.89611, 0.13753, 0.86538, 0.96831, 0.44063, 0.04176, 0.58044, 0.44401, 0.08142, 0.92582, 0.222, 0.06267, 0.77266, 0.85502, 0.55289, 0.90614, 0.16306, 0.50968, 0.80951, 0.16904, 0.38962, 0.80194, 0.74817, 0.07285, 0.60044, 0.89658, 0.56332, 0.3453, 0.07752, 0.41303, 0.02509, 0.09547, 0.11507, 0.28703, 0.07826, 0.51285, 0.13899, 0.54862, 0.5433, 0.95445, 0.01112, 0.39772, 0.79678, 0.13364, 0.06858, 0.18563, 0.8992, 0.00184, 0.94438, 0.17823, 0.94975, 0.89287, 0.75129, 0.11126, 0.06289, 0.20289, 0.65652, 0.88863, 0.19322, 0.13867, 0.09129, 0.68987, 0.90658, 0.85568, 0.78267, 0.74548, 0.04312, 0.91461, 0.04861, 0.12427, 0.08319, 0.03184, 0.31169, 0.34293, 0.86342, 0.082, 0.13612, 0.089, 0.83521, 0.77779, 0.22209, 0.74568, 0.28135, 0.09668, 0.76758, 0.09847, 0.24549, 0.24868, 0.08108, 0.76467, 0.449, 0.82486, 0.07604, 0.01016, 0.33501, 0.14422, 0.13917, 0.08721, 0.08434, 0.43634, 0.03939, 0.88067, 0.91895, 0.14982, 0.81001, 0.36861, 0.13331, 0.36819, 0.10364, 0.07139, 0.17356, 0.77063, 0.77271, 0.47481, 0.04553, 0.03663, 0.2104, 0.12384, 0.74666, 0.92179, 0.75282, 0.7065, 0.80805, 0.13578, 0.92779, 0.22192, 0.2672, 0.17799, 0.16681, 0.96426, 0.78732, 0.16755, 0.10048, 0.74095, 0.18183, 0.49428, 0.05417, 0.4062, 0.7534, 0.11625, 0.33872, 0.11938, 0.9293, 0.04047, 0.04296, 0.91705, 0.90173, 0.25396, 0.1437, 0.17051, 0.68575, 0.18444, 0.92324, 0.4178, 0.07684, 0.22336, 0.24869, 0.04493, 0.89037, 0.04448, 0.3407, 0.10456, 0.20119, 0.52914, 0.5341, 0.10603, 0.0586, 0.958, 0.08227, 0.48806, 0.20856, 0.5964, 0.31522, 0.84663, 0.8835, 0.81545, 0.56263, 0.14568, 0.54612, 0.07126, 0.04742, 0.26759, 0.7687, 0.69591, 0.90745, 0.08691, 0.08664, 0.04221, 0.87763, 0.9574, 0.52342, 0.11573, 0.14372, 0.45005, 0.15808, 0.08165, 0.88313, 0.05704, 0.0947, 0.20778, 0.89236, 0.16228, 0.49816, 0.39804, 0.09551, 0.1185, 0.94395, 0.1355, 0.78649, 0.44663, 0.87265, 0.04523, 0.38957, 0.2276, 0.76727, 0.6957, 0.02921, 0.10413, 0.61352, 0.23377, 0.19752, 0.03639, 0.1448, 0.94241, 0.108, 0.34999, 0.91947, 0.22167, 0.49107, 0.25144, 0.14314, 0.34905, 0.16064, 0.501, 0.16785, 0.06294, 0.87898, 0.80985, 0.02864, 0.84877, 0.16907, 0.21484, 0.11929, 0.03372, 0.01165, 0.1549, 0.38218, 0.18524, 0.89448, 0.03037, 0.85342, 0.0043, 0.74449, 0.7296, 0.82347, 0.9196, 0.20506, 0.44069, 0.35424, 0.66388, 0.72783, 0.5331, 0.16423, 0.91529, 0.11215, 0.7366, 0.59893, 0.90906, 0.6967, 0.30712, 0.06348, 0.16992, 0.81612, 0.05987, 0.65941, 0.05377, 0.10616, 0.08442, 0.07541, 0.84735, 0.71981, 0.13056, 0.54372, 0.20472, 0.81047, 0.1354, 0.11963, 0.08445, 0.32749, 0.22096, 0.10156, 0.30282, 0.06811, 0.79259, 0.08139, 0.91034, 0.32826, 0.09046, 0.07686, 0.56206, 0.82133, 0.10104, 0.64553, 0.71863, 0.62416, 0.5155, 0.08668, 0.71438, 0.59258, 0.08156, 0.24095, 0.88805, 0.76297, 0.69182, 0.43094, 0.06903, 0.07179, 0.70113, 0.59264, 0.81932, 0.67583, 0.60385, 0.01672, 0.10618, 0.01758, 0.07072, 0.09251, 0.20941, 0.78869, 0.95969, 0.15071, 0.01025, 0.06754, 0.86344, 0.89899, 0.71924, 0.14673, 0.92702, 0.08523, 0.32072, 0.18682, 0.03884, 0.0908, 0.93514, 0.36385, 0.49393, 0.102, 0.23716, 0.02344, 0.22103, 0.231, 0.05755, 0.19812, 0.30097, 0.09987, 0.47321, 0.18949, 0.64704, 0.046, 0.13364, 0.16923, 0.13258, 0.33107, 0.92097, 0.45524, 0.93011, 0.25928, 0.7924, 0.14551, 0.00697, 0.22928, 0.37282, 0.06413, 0.88296, 0.22419, 0.63292, 0.18489, 0.10656, 0.67413, 0.95556, 0.41183, 0.0966, 0.12705, 0.05544, 0.75329, 0.26441, 0.68865, 0.52316, 0.82727, 0.68161, 0.0739, 0.15002, 0.16663, 0.93523, 0.21095, 0.2502, 0.80204, 0.1115, 0.07061, 0.61091, 0.85108, 0.08425, 0.23079, 0.02567, 0.20662, 0.86731, 0.83985, 0.147, 0.10012, 0.87661, 0.07014, 0.09641, 0.67872, 0.92959, 0.24122, 0.84389, 0.20366, 0.59167, 0.87508, 0.92281, 0.01988, 0.14875, 0.09434, 0.33836, 0.93469, 0.32883, 0.11454, 0.25335, 0.05257, 0.15254, 0.86253, 0.29198, 0.39228, 0.19921, 0.07609, 0.28411, 0.11265, 0.08486, 0.93037, 0.89621, 0.09802, 0.13139, 0.88274, 0.15539, 0.33023, 0.0793, 0.06534, 0.2992, 0.12763, 0.09515, 0.04777, 0.27768, 0.07858, 0.0691, 0.56393, 0.05552, 0.04596, 0.32923, 0.78869, 0.44128, 0.79396, 0.85585, 0.16221, 0.1429, 0.80318, 0.88324, 0.40135, 0.89362, 0.08275, 0.94068, 0.24151, 0.74398, 0.04081, 0.44604, 0.07611, 0.11472, 0.14833, 0.60741, 0.06954, 0.52047, 0.02325, 0.1498, 0.13445, 0.86942, 0.73978, 0.88784, 0.85046, 0.93269, 0.43041, 0.85207, 0.85689, 0.40956, 0.15025, 0.84448, 0.07856, 0.15638, 0.36705, 0.02494, 0.21292, 0.27691, 0.0228, 0.12468, 0.09078, 0.23549, 0.8709, 0.07654, 0.90203, 0.52053, 0.11775, 0.77716, 0.88409, 0.05688, 0.51926, 0.20609, 0.69303, 0.06365, 0.08202, 0.25749, 0.91506, 0.06769, 