{"model": "xlm-roberta-base", "dataset": "dravidian_tamil", "train_config": "ce", "seed": 123, "thr_cal": 0.5636438131332396, "metrics_05": {"macro": 0.7094542947653869, "toxf1": 0.5982721382289417, "prec": 0.47923875432525953, "rec": 0.7959770114942529, "prauc": 0.6176438135590229, "ece": 0.15967440884808698, "covert": 0.728110599078341}, "metrics_cal": {"macro": 0.7158730158730159, "toxf1": 0.6022222222222222, "prec": 0.49094202898550726, "rec": 0.7787356321839081, "prauc": 0.6176438135590229, "ece": 0.15967440884808698, "covert": 0.7216981132075472}, "probs": [0.64547, 0.00184, 0.01259, 0.0092, 0.93075, 0.02291, 0.01552, 0.00296, 0.01884, 0.01003, 0.00878, 0.45517, 0.00587, 0.00294, 0.03977, 0.02347, 0.97686, 0.33546, 0.00265, 0.4068, 0.41958, 0.03596, 0.05381, 0.10783, 0.01042, 0.69086, 0.95861, 0.01221, 0.02427, 0.01152, 0.02768, 0.24083, 0.01553, 0.03071, 0.20726, 0.93479, 0.08577, 0.61351, 0.00688, 0.86967, 0.64333, 0.02747, 0.51427, 0.74087, 0.79364, 0.95893, 0.01384, 0.04501, 0.08533, 0.00693, 0.00634, 0.42326, 0.35846, 0.03839, 0.01477, 0.91023, 0.66115, 0.73374, 0.92944, 0.13458, 0.01704, 0.02459, 0.6708, 0.08774, 0.03265, 0.00675, 0.13097, 0.1451, 0.93982, 0.83022, 0.87755, 0.33845, 0.00533, 0.02403, 0.86568, 0.54341, 0.93099, 0.89908, 0.03689, 0.02359, 0.66037, 0.87918, 0.3057, 0.0011, 0.04221, 0.00773, 0.24339, 0.02761, 0.00305, 0.79697, 0.00364, 0.85467, 0.04591, 0.85118, 0.47124, 0.0979, 0.02305, 0.0036, 0.08728, 0.02192, 0.87455, 0.00317, 0.0646, 0.07474, 0.88271, 0.79031, 0.03666, 0.02159, 0.00294, 0.79619, 0.81062, 0.18647, 0.89537, 0.0936, 0.7091, 0.02182, 0.01397, 0.59722, 0.01255, 0.00424, 0.06672, 0.00427, 0.02124, 0.21127, 0.87605, 0.07631, 0.87334, 0.11783, 0.06316, 0.03445, 0.02939, 0.60163, 0.46728, 0.16155, 0.93959, 0.86077, 0.30135, 0.00672, 0.0067, 0.93289, 0.71942, 0.0264, 0.74779, 0.96323, 0.04522, 0.74973, 0.00479, 0.04671, 0.73414, 0.16601, 0.87922, 0.0547, 0.62394, 0.17057, 0.95167, 0.02729, 0.00173, 0.32452, 0.02195, 0.15301, 0.07817, 0.90681, 0.21056, 0.97819, 0.00661, 0.03733, 0.80802, 0.8868, 0.84316, 0.42556, 0.96208, 0.87306, 0.4243, 0.73262, 0.04839, 0.03838, 0.12896, 0.06477, 0.0106, 0.83045, 0.09411, 0.82735, 0.76396, 0.94568, 0.00985, 0.00633, 0.83914, 0.0504, 0.00358, 0.22553, 0.01487, 0.03161, 0.74412, 0.04438, 0.00136, 0.47866, 0.03829, 0.96792, 0.01495, 0.00851, 0.21124, 0.95052, 0.88046, 0.02031, 0.38713, 0.05132, 0.84416, 0.06594, 0.05513, 0.73003, 0.40944, 0.04599, 0.17417, 0.04956, 0.01243, 0.90111, 0.01424, 0.00768, 0.08112, 0.01789, 0.05175, 0.00372, 0.04753, 0.96655, 0.02803, 0.96519, 0.85807, 0.18133, 0.00655, 0.06614, 0.52394, 0.06383, 0.01471, 0.97601, 0.84448, 0.05142, 0.88094, 0.00104, 0.76404, 0.23623, 0.97134, 0.40218, 0.01355, 0.56755, 0.58808, 0.89019, 0.09617, 0.90433, 0.68271, 0.54052, 0.01455, 0.06476, 0.02965, 0.02647, 0.91021, 0.40288, 0.00564, 0.91472, 0.0461, 0.00766, 0.73269, 0.9459, 0.05576, 0.08446, 0.80385, 0.09502, 0.38164, 0.12129, 0.86969, 0.11085, 0.39799, 0.9558, 0.97166, 0.00269, 0.05397, 0.002, 0.91814, 0.33402, 0.07234, 0.04602, 0.04304, 0.00692, 0.0159, 0.08973, 0.01007, 0.01624, 0.2136, 0.65193, 0.61184, 0.86922, 0.06132, 0.00058, 0.04987, 0.96361, 0.8841, 0.23284, 0.48007, 0.82557, 0.9517, 0.05418, 0.00799, 0.01379, 0.04332, 0.94394, 0.91117, 0.10925, 0.70008, 0.80447, 0.09595, 0.03824, 0.06085, 0.96643, 0.34986, 0.24548, 0.08008, 0.85166, 0.89161, 0.5327, 0.27565, 0.42062, 0.01941, 0.27712, 0.93255, 0.38667, 0.05038, 0.94405, 0.93819, 0.61838, 0.14241, 0.00405, 0.06933, 0.83508, 0.05451, 0.83126, 0.00539, 0.01623, 0.09521, 0.75168, 0.02854, 0.02806, 0.00853, 0.00347, 0.0391, 0.4278, 0.0301, 0.13059, 0.78533, 0.04091, 0.06854, 0.43218, 0.8938, 0.40898, 0.80874, 0.85463, 0.59272, 0.26654, 0.0736, 0.77535, 0.01393, 0.11826, 0.53037, 0.56895, 0.02336, 0.05849, 0.24694, 0.39649, 0.01808, 0.95073, 0.00091, 0.91802, 0.00566, 0.35968, 0.91899, 0.28562, 0.03723, 0.20322, 0.00502, 0.6907, 0.94656, 0.02128, 0.48478, 0.01965, 0.17038, 0.69044, 0.65805, 0.238, 0.67683, 0.82724, 0.00364, 0.03481, 0.1352, 0.41366, 0.00636, 0.0312, 0.02349, 0.87522, 0.90364, 0.93158, 0.02182, 0.01044, 0.77621, 0.14423, 0.01658, 0.0381, 0.00187, 0.00158, 0.09594, 0.93676, 0.00772, 0.96522, 0.96855, 0.0966, 0.01162, 0.80167, 0.85684, 0.77574, 0.05395, 0.29186, 0.86734, 0.95759, 0.73881, 0.06608, 0.04746, 0.1786, 0.92751, 0.00194, 0.00633, 0.01761, 0.90933, 0.43185, 0.02485, 0.76283, 0.75318, 0.8734, 0.547, 0.1262, 0.11161, 0.09529, 0.13134, 0.01157, 0.91578, 0.01937, 0.9835, 0.89365, 0.18035, 0.80551, 0.83506, 0.00648, 0.84905, 0.20062, 0.01412, 0.81587, 0.3906, 0.00768, 0.25233, 0.90307, 0.08466, 0.87453, 0.05361, 0.1208, 0.00305, 0.01458, 0.58695, 0.00688, 0.00552, 0.9605, 0.00467, 0.06612, 0.91154, 0.19264, 0.08482, 0.01348, 0.39613, 0.06259, 0.46901, 0.2911, 0.04945, 0.92802, 0.63433, 0.92652, 0.16488, 0.02457, 0.32637, 0.86965, 0.03854, 0.95945, 0.92831, 0.11318, 0.00267, 0.16235, 0.02743, 0.97037, 0.21426, 0.0336, 0.97602, 0.64529, 0.28666, 0.00476, 0.09081, 0.81724, 0.80226, 0.87991, 0.30278, 0.48431, 0.8433, 0.0787, 0.05542, 0.00736, 0.90424, 0.02263, 0.00109, 0.1454, 0.11149, 0.08436, 0.03102, 0.92045, 0.88551, 0.36442, 0.60525, 0.65065, 0.93443, 0.33575, 0.0331, 0.84741, 0.90537, 0.17207, 0.16063, 0.41752, 0.48017, 0.68013, 0.02205, 0.02767, 0.93927, 0.92241, 0.6813, 0.01754, 0.12901, 0.0078, 0.00047, 0.75637, 0.67636, 0.16487, 0.03233, 0.11591, 0.67115, 0.92575, 0.09232, 0.89554, 0.00758, 0.02133, 0.02672, 0.00711, 0.46354, 0.27899, 0.14492, 0.6307, 0.86416, 0.88086, 0.88407, 0.92344, 0.83425, 0.53338, 0.69581, 0.65546, 0.01874, 0.86349, 0.89837, 0.94468, 0.01614, 0.94678, 0.08347, 0.76902, 0.00613, 0.00651, 0.71957, 0.73722, 0.45812, 0.32218, 0.69273, 0.01907, 0.86882, 0.19576, 0.01211, 0.87162, 0.05158, 0.05638, 0.29547, 0.05153, 0.97617, 0.83851, 0.01187, 0.91143, 0.84672, 0.95327, 0.02476, 0.00515, 0.04319, 0.01895, 0.0165, 0.53141, 0.0575, 0.92123, 0.93192, 0.03467, 0.02306, 0.67669, 0.2622, 0.57021, 0.71798, 0.88111, 0.41542, 0.85432, 0.64915, 0.07346, 0.78166, 0.08657, 0.21109, 0.06369, 0.20456, 0.90097, 0.0134, 0.01651, 0.9408, 0.29129, 0.29041, 0.1035, 0.00799, 0.00199, 0.94646, 0.22741, 0.27339, 0.1642, 0.04388, 0.8374, 0.07553, 0.33414, 0.80165, 0.00341, 0.85689, 0.01714, 0.0056, 0.09085, 0.92084, 0.53478, 0.04571, 0.01, 0.69415, 0.92401, 0.81166, 0.92336, 0.01939, 0.86366, 0.86633, 0.32572, 0.63678, 0.02601, 0.00068, 0.82017, 0.95686, 0.27425, 0.87457, 0.37425, 0.15996, 0.00354, 0.05537, 0.07177, 0.11924, 0.01734, 0.8656, 0.12918, 0.8879, 0.02786, 0.80719, 0.21489, 0.0126, 0.14749, 0.03245, 0.24015, 0.05352, 0.977, 0.10803, 0.7169, 0.88523, 0.01842, 0.18872, 0.02635, 0.07972, 0.88537, 0.02686, 0.83752, 0.09552, 0.05226, 0.5998, 0.0768, 0.60301, 0.25571, 0.0104, 0.28897, 0.04571, 0.35387, 0.15086, 0.01387, 0.80379, 0.82106, 0.03082, 0.22624, 0.50512, 0.38221, 0.02465, 0.02433, 0.03346, 0.01174, 0.10209, 0.00129, 0.91401, 0.88197, 0.95629, 0.00844, 0.96413, 0.01076, 0.94478, 0.41165, 0.26043, 0.27369, 0.02214, 0.00742, 0.28916, 0.14623, 0.31146, 0.20454, 0.00106, 0.10922, 0.79428, 0.08802, 0.93359, 0.00484, 0.16573, 0.01876, 0.69035, 0.00937, 0.00763, 0.01137, 0.96602, 0.92746, 0.03913, 0.24145, 0.01664, 0.00519, 0.67668, 0.94303, 0.78322, 0.01958, 0.92417, 0.11833, 0.1492, 0.0032, 0.60787, 0.26433, 0.00433, 0.04643, 0.05792, 0.89462, 0.05805, 0.0061, 0.33809, 0.02348, 0.92067, 0.2177, 0.92921, 0.04593, 0.88612, 0.004, 0.24697, 0.04906, 0.32794, 0.06161, 0.12932, 0.85386, 0.02774, 0.00413, 0.85835, 0.69729, 0.90987, 0.54848, 0.35371, 0.40686, 0.17594, 0.03006, 0.18806, 0.87717, 0.01816, 0.80752, 0.91083, 0.00155, 0.00194, 0.94155, 0.83154, 0.03532, 0.02846, 0.82103, 0.01784, 0.3431, 0.01077, 0.83392, 0.44453, 0.87647, 0.09219, 0.88546, 0.80265, 0.15155, 0.30205, 0.58557, 0.79382, 0.05376, 0.01101, 0.03772, 0.0426, 0.20806, 0.01123, 0.81969, 0.89735, 0.95299, 0.74731, 0.19504, 0.93731, 0.11888, 0.05535, 0.03922, 0.91567, 0.48825, 0.07217, 0.13144, 0.77348, 0.44016, 0.89304, 