{"model": "xlm-roberta-base", "dataset": "dravidian_tamil", "train_config": "supcon", "seed": 7, "thr_cal": 0.6156881928443908, "metrics_05": {"macro": 0.6909735710973821, "toxf1": 0.5869346733668341, "prec": 0.45131375579598143, "rec": 0.8390804597701149, "prauc": 0.5805382824051228, "ece": 0.2021923909087976, "covert": 0.7361419068736141}, "metrics_cal": {"macro": 0.7096129000198768, "toxf1": 0.6004273504273504, "prec": 0.477891156462585, "rec": 0.8074712643678161, "prauc": 0.5805382824051228, "ece": 0.2021923909087976, "covert": 0.7289293849658315}, "probs": [0.04878, 0.00455, 0.02068, 0.00604, 0.90814, 0.03738, 0.03403, 0.01248, 0.00511, 0.0262, 0.03186, 0.86058, 0.00725, 0.01838, 0.81501, 0.37455, 0.97224, 0.11919, 0.00377, 0.94756, 0.65017, 0.45444, 0.09438, 0.09998, 0.03902, 0.81142, 0.97152, 0.02754, 0.05497, 0.04888, 0.0254, 0.90489, 0.05858, 0.17903, 0.07523, 0.95485, 0.35236, 0.87704, 0.00524, 0.82869, 0.92533, 0.05124, 0.54406, 0.85391, 0.07851, 0.93834, 0.00756, 0.06325, 0.53126, 0.02591, 0.00952, 0.86416, 0.2058, 0.04834, 0.15037, 0.85729, 0.74694, 0.8527, 0.92376, 0.07189, 0.03877, 0.01536, 0.47522, 0.2421, 0.08532, 0.02878, 0.3094, 0.46401, 0.9248, 0.79986, 0.91643, 0.4386, 0.02122, 0.0334, 0.88632, 0.91793, 0.93322, 0.89936, 0.01482, 0.02283, 0.74877, 0.75152, 0.39317, 0.002, 0.3238, 0.00234, 0.8859, 0.09332, 0.03192, 0.91022, 0.00264, 0.94126, 0.75346, 0.81068, 0.7591, 0.40555, 0.08632, 0.02323, 0.05163, 0.01851, 0.76688, 0.00733, 0.08836, 0.11846, 0.8831, 0.74191, 0.25118, 0.20646, 0.0066, 0.73577, 0.7338, 0.21135, 0.94593, 0.1641, 0.55826, 0.13833, 0.04532, 0.1202, 0.01573, 0.00675, 0.25731, 0.00352, 0.03478, 0.05693, 0.82334, 0.05524, 0.86236, 0.22046, 0.02289, 0.29396, 0.13096, 0.09927, 0.7558, 0.31609, 0.93669, 0.91968, 0.14646, 0.03076, 0.03489, 0.93159, 0.88494, 0.01723, 0.90609, 0.97368, 0.23546, 0.8696, 0.00331, 0.42286, 0.73261, 0.26307, 0.81414, 0.14689, 0.6034, 0.29158, 0.90569, 0.03935, 0.00973, 0.60092, 0.00809, 0.69503, 0.02889, 0.91861, 0.18476, 0.97899, 0.02124, 0.1145, 0.84076, 0.9256, 0.75506, 0.50327, 0.95211, 0.92204, 0.59956, 0.24547, 0.40938, 0.11253, 0.68042, 0.13626, 0.00925, 0.81194, 0.37349, 0.7248, 0.91215, 0.9621, 0.01974, 0.00634, 0.89829, 0.35454, 0.00643, 0.0277, 0.03356, 0.20601, 0.45887, 0.19593, 0.00745, 0.29391, 0.03585, 0.95374, 0.01851, 0.00381, 0.15738, 0.97961, 0.93508, 0.03062, 0.0673, 0.01225, 0.8035, 0.02868, 0.18657, 0.84669, 0.42908, 0.05645, 0.39709, 0.01262, 0.00439, 0.94059, 0.03506, 0.03335, 0.06109, 0.02118, 0.20938, 0.00388, 0.01927, 0.97336, 0.08608, 0.96036, 0.96698, 0.16396, 0.01712, 0.75509, 0.35721, 0.33903, 0.06861, 0.99111, 0.89942, 0.04227, 0.36313, 0.00304, 0.81037, 0.41576, 0.98447, 0.13422, 0.029, 0.80422, 0.4139, 0.36252, 0.42164, 0.91747, 0.35137, 0.39417, 0.03785, 0.07436, 0.33753, 0.08197, 0.91643, 0.23113, 0.00934, 0.93423, 0.65056, 0.08548, 0.85812, 0.94907, 0.06201, 0.76965, 0.8408, 0.11932, 0.79337, 0.22943, 0.89943, 0.2311, 0.3729, 0.96575, 0.97728, 0.00721, 0.14118, 0.00218, 0.85457, 0.70241, 0.09208, 0.16089, 0.05412, 0.00866, 0.01406, 0.0742, 0.00967, 0.04655, 0.07007, 0.32632, 0.93834, 0.6704, 0.15654, 0.00463, 0.02581, 0.96682, 0.89864, 0.13705, 0.36404, 0.79377, 0.96659, 0.05035, 0.00312, 0.05147, 0.3865, 0.97436, 0.8811, 0.16382, 0.32991, 0.11207, 0.73793, 0.06858, 0.12091, 0.98431, 0.27858, 0.27144, 0.18645, 0.96102, 0.61689, 0.53551, 0.28187, 0.04403, 0.02215, 0.4281, 0.91498, 0.60566, 0.25536, 0.88649, 0.97028, 0.7225, 0.39477, 0.00531, 0.91509, 0.90973, 0.08046, 0.94705, 0.01048, 0.02357, 0.10145, 0.93196, 0.16025, 0.10478, 0.00252, 0.00308, 0.14364, 0.41355, 0.14215, 0.27858, 0.71112, 0.02747, 0.13096, 0.76414, 0.90662, 0.8473, 0.92435, 0.89919, 0.76743, 0.63472, 0.08309, 0.90017, 0.08711, 0.73965, 0.83348, 0.85244, 0.01228, 0.03668, 0.88787, 0.91259, 0.02286, 0.97028, 0.00429, 0.93297, 0.00937, 0.24264, 0.93588, 0.76955, 0.03977, 0.18726, 0.04695, 0.94421, 0.95472, 0.03295, 0.56549, 0.01521, 0.24937, 0.59643, 0.88402, 0.3893, 0.8672, 0.6537, 0.00419, 0.57744, 0.17814, 0.09399, 0.01651, 0.09048, 0.05636, 0.93447, 0.92492, 0.90102, 0.06702, 0.0244, 0.8299, 0.42502, 0.08642, 0.1849, 0.00731, 0.01027, 0.05133, 0.94251, 0.039, 0.97521, 0.97787, 0.34709, 0.01722, 0.88517, 0.46401, 0.93239, 0.07424, 0.59921, 0.8973, 0.89988, 0.94592, 0.60486, 0.08351, 0.86478, 0.90729, 0.00902, 0.14526, 0.01643, 0.92653, 0.35063, 0.00755, 0.89999, 0.88231, 0.90617, 0.28036, 0.02657, 0.12558, 0.59975, 0.14911, 0.07786, 0.93416, 0.03471, 0.9821, 0.95963, 0.42313, 0.92284, 0.85513, 0.01242, 0.91614, 0.38753, 0.01885, 0.82971, 0.02327, 0.03437, 0.02917, 0.86709, 0.71955, 0.94867, 0.02828, 0.17714, 0.00505, 0.00731, 0.13962, 0.0042, 0.01205, 0.96735, 0.02275, 0.17655, 0.95876, 0.23381, 0.06628, 0.01871, 0.38162, 0.14006, 0.36597, 0.27128, 0.03543, 0.93151, 0.93292, 0.91589, 0.37365, 0.16804, 0.67988, 0.87282, 0.01519, 0.9672, 0.97751, 0.25444, 0.00452, 0.83518, 0.01906, 0.97248, 0.08541, 0.01302, 0.98783, 0.55321, 0.22042, 0.01364, 0.13738, 0.9247, 0.28783, 0.93289, 0.88268, 0.12132, 0.9189, 0.14655, 0.07566, 0.01639, 0.95738, 0.23232, 0.00388, 0.10866, 0.10876, 0.19017, 0.01982, 0.89058, 0.44237, 0.09005, 0.75757, 0.84649, 0.93513, 0.37614, 0.04683, 0.47297, 0.85307, 0.21968, 0.12296, 0.48802, 0.87578, 0.87866, 0.0981, 0.03363, 0.96972, 0.91885, 0.45569, 0.00943, 0.14923, 0.00259, 0.00385, 0.76002, 0.58756, 0.7287, 0.0579, 0.09714, 0.75028, 0.90936, 0.02499, 0.93704, 0.01727, 0.01521, 0.05201, 0.04046, 0.11233, 0.85241, 0.70347, 0.82401, 0.94124, 0.97219, 0.83562, 0.92604, 0.96979, 0.30728, 0.56061, 0.34127, 0.03277, 0.82397, 0.97256, 0.97126, 0.01658, 0.96528, 0.02733, 0.22657, 0.01294, 0.00556, 0.73477, 0.85976, 0.50708, 0.58412, 0.87762, 0.03112, 0.8383, 0.76716, 0.08311, 0.90498, 0.02655, 0.02102, 0.10981, 0.45127, 0.97927, 0.94091, 0.00856, 0.94482, 0.92602, 0.94363, 0.17768, 0.01319, 0.02672, 0.01365, 0.02397, 0.88744, 0.06874, 0.94724, 0.96361, 0.34073, 0.01579, 0.15482, 0.11805, 0.15104, 0.91245, 0.81466, 0.7094, 0.9406, 0.59972, 0.12183, 0.44589, 0.14493, 0.66869, 0.01075, 0.28652, 0.94247, 0.06213, 0.0248, 0.95496, 0.29132, 0.39804, 0.20331, 0.00496, 0.0067, 0.86756, 0.51627, 0.27884, 0.58974, 0.19319, 0.88352, 0.30471, 0.80626, 0.80685, 0.02338, 0.95241, 0.01397, 0.02515, 0.33388, 0.94766, 0.73762, 0.17873, 0.01623, 0.87572, 0.88617, 0.90524, 0.9494, 0.02555, 0.79723, 0.89904, 0.42586, 0.09613, 0.02237, 0.00278, 0.88289, 0.97152, 0.67774, 0.77594, 0.07345, 0.1372, 0.00301, 0.6839, 0.65098, 0.25805, 0.11562, 0.45317, 0.30357, 0.94974, 0.02408, 0.63944, 0.48591, 0.04001, 0.13369, 0.08885, 0.70857, 0.08434, 0.98013, 0.27906, 0.77405, 0.89041, 0.06676, 0.43575, 0.08542, 0.05872, 0.97309, 0.02304, 0.49887, 0.01963, 0.11382, 0.34459, 0.06311, 0.88516, 0.21859, 0.04785, 0.5135, 0.01767, 0.64905, 0.2299, 0.0313, 0.66924, 0.93142, 0.03259, 0.69217, 0.12917, 0.85473, 0.0985, 0.02126, 0.50988, 0.01054, 0.48014, 0.00458, 0.94431, 0.81647, 0.96833, 0.00659, 0.98295, 0.01605, 0.96243, 0.87176, 0.58216, 0.16237, 0.16703, 0.007, 0.08964, 0.42356, 0.37658, 0.66597, 0.00265, 0.0664, 0.78439, 0.16142, 0.95539, 0.02525, 0.70814, 0.0279, 0.16998, 0.01998, 0.00757, 0.00639, 0.97312, 0.90636, 0.35723, 0.15511, 0.00653, 0.1298, 0.64973, 0.92343, 0.63165, 0.01979, 0.81156, 0.05771, 0.63003, 0.00485, 0.62526, 0.27442, 0.01267, 0.12, 0.11232, 0.92136, 0.02442, 0.08619, 0.21846, 0.11594, 0.95759, 0.30279, 0.97532, 0.19316, 0.94717, 0.00919, 0.01181, 0.09927, 0.36404, 0.49562, 0.13553, 0.86343, 0.01611, 0.00422, 0.90733, 0.42434, 0.83543, 0.55085, 0.26187, 0.13375, 0.42265, 0.02238, 0.68422, 0.90681, 0.07132, 0.75306, 0.94249, 0.00728, 0.01997, 0.92319, 0.54127, 0.06679, 0.26988, 0.92747, 0.04032, 0.70542, 0.00859, 0.25188, 0.91192, 0.87788, 0.17804, 0.896, 0.73032, 0.15779, 0.55013, 0.77327, 0.97555, 0.78146, 0.04185, 0.03357, 0.06135, 0.03398, 0.02601, 0.89804, 0.94996, 0.97985, 0.77301, 0.4122, 0.9502, 0.62927, 0.05153, 0.01891, 0.97033, 0.24999, 0.02991, 0.05921, 0.70723, 0.54013, 0.85906,