{"model": "xlm-roberta-base", "dataset": "hatexplain", "train_config": "supcon", "seed": 2024, "thr_cal": 0.13174706026911734, "metrics_05": {"macro": 0.6999231803341655, "toxf1": 0.7047244094488189, "prec": 0.8788870703764321, "rec": 0.588170865279299, "prauc": 0.8798750659072295, "ece": 0.18277611085772516, "covert": 0.8265682656826568}, "metrics_cal": {"macro": 0.712109521137299, "toxf1": 0.7973251028806584, "prec": 0.7516973811833172, "rec": 0.8488499452354874, "prauc": 0.8798750659072295, "ece": 0.18277611085772516, "covert": 0.8963855421686747}, "probs": [0.06588, 0.08341, 0.04598, 0.52885, 0.13586, 0.25678, 0.9545, 0.18306, 0.14806, 0.04066, 0.12818, 0.08453, 0.073, 0.07203, 0.11802, 0.05205, 0.08142, 0.04315, 0.96832, 0.14353, 0.04092, 0.1621, 0.02612, 0.1869, 0.10851, 0.27964, 0.93823, 0.1066, 0.03883, 0.07489, 0.80052, 0.11981, 0.57651, 0.3807, 0.93166, 0.02813, 0.14198, 0.16317, 0.86344, 0.05404, 0.96458, 0.13649, 0.11745, 0.23035, 0.10814, 0.05569, 0.14557, 0.26144, 0.93922, 0.7412, 0.0414, 0.27339, 0.91325, 0.11418, 0.1918, 0.91976, 0.03133, 0.04685, 0.29143, 0.21371, 0.08185, 0.22079, 0.93792, 0.65732, 0.92617, 0.11538, 0.9451, 0.21045, 0.57836, 0.90825, 0.0309, 0.94002, 0.67391, 0.5957, 0.06558, 0.12878, 0.90049, 0.07018, 0.25968, 0.92269, 0.89892, 0.09859, 0.29944, 0.10371, 0.55244, 0.78239, 0.96627, 0.12188, 0.16053, 0.54127, 0.05526, 0.95588, 0.43173, 0.5651, 0.88129, 0.07581, 0.17603, 0.15979, 0.17198, 0.95092, 0.04425, 0.22233, 0.93313, 0.13262, 0.07284, 0.86301, 0.47865, 0.20659, 0.94062, 0.15777, 0.04172, 0.3933, 0.05754, 0.06917, 0.20059, 0.30848, 0.27569, 0.35283, 0.77734, 0.77734, 0.3163, 0.16366, 0.04468, 0.90572, 0.36604, 0.13396, 0.12509, 0.0589, 0.23609, 0.85547, 0.08246, 0.9014, 0.11152, 0.03688, 0.2094, 0.23707, 0.39301, 0.83888, 0.81804, 0.08469, 0.11181, 0.93158, 0.92516, 0.95939, 0.54181, 0.16288, 0.93428, 0.47427, 0.29125, 0.0617, 0.20731, 0.52797, 0.80061, 0.22452, 0.95285, 0.77788, 0.81907, 0.06897, 0.03126, 0.71864, 0.16033, 0.42371, 0.4792, 0.63957, 0.45149, 0.19553, 0.87962, 0.07486, 0.923, 0.49207, 0.15632, 0.09264, 0.06507, 0.32536, 0.15804, 0.0899, 0.2403, 0.11421, 0.88202, 0.09679, 0.96713, 0.0942, 0.03361, 0.0872, 0.90099, 0.39238, 0.87747, 0.36132, 0.07031, 0.89749, 0.3034, 0.9374, 0.94431, 0.95551, 0.76465, 0.48718, 0.13637, 0.34026, 0.96025, 0.52769, 0.76975, 0.07727, 0.12665, 0.09091, 0.11544, 0.18317, 0.37817, 0.3991, 0.55114, 0.16094, 0.05934, 0.04479, 0.71476, 0.89664, 0.21453, 0.19004, 0.02339, 0.07765, 0.86921, 0.81425, 0.49426, 0.156, 0.83515, 0.97675, 0.04256, 0.94632, 0.82773, 0.38542, 0.13616, 0.73685, 0.95651, 0.74338, 0.72011, 0.87724, 0.90661, 0.17702, 0.86764, 0.22561, 0.80688, 0.41013, 0.05789, 0.5629, 0.21722, 0.21916, 0.84199, 0.79489, 0.19189, 0.11294, 0.05341, 0.18508, 0.63744, 0.93224, 0.09485, 0.15527, 0.15266, 0.61739, 0.19709, 0.04006, 0.09149, 0.79101, 0.11003, 0.86216, 0.11352, 0.91416, 0.75295, 0.18076, 0.80426, 0.02964, 0.06092, 0.14824, 0.36005, 0.42217, 0.07457, 0.32965, 0.10257, 0.08098, 0.91091, 0.9602, 0.83019, 0.9266, 0.95286, 0.93318, 0.84543, 0.98031, 0.68592, 0.87768, 0.13644, 0.04004, 0.01166, 0.07941, 0.0967, 0.16076, 0.05235, 0.21846, 0.87439, 0.16765, 0.57222, 0.0427, 0.3248, 0.11573, 0.87316, 0.06934, 0.18466, 0.95847, 0.92244, 0.0547, 0.94641, 0.92234, 0.01478, 0.03911, 0.7258, 0.54698, 0.73231, 0.13603, 0.10378, 0.26882, 0.80008, 0.06127, 0.89089, 0.97488, 0.51424, 0.04528, 0.70768, 0.24275, 0.06411, 0.94465, 0.18563, 0.03282, 0.8707, 0.93402, 0.81013, 0.96196, 0.12402, 0.59515, 0.91712, 0.10491, 0.43044, 0.90524, 0.88194, 0.01594, 0.32983, 0.96261, 0.29115, 0.4215, 0.07561, 0.6184, 0.02311, 0.12697, 0.06954, 0.19308, 0.06818, 0.63137, 0.11194, 0.79598, 0.69294, 0.97717, 0.00908, 0.42145, 0.5847, 0.44045, 0.05161, 0.50846, 0.96663, 0.00119, 0.9743, 0.09942, 0.97413, 0.94298, 0.62041, 0.07834, 0.05995, 0.22433, 0.84489, 0.92277, 0.24327, 0.22644, 0.07717, 0.51625, 0.93365, 0.89516, 0.91049, 0.81709, 0.04918, 0.96067, 0.05904, 0.08298, 0.05836, 0.0302, 0.26014, 0.35594, 0.9493, 0.10758, 0.10057, 0.11349, 0.92815, 0.72458, 0.11711, 0.6169, 0.24186, 0.38094, 0.88825, 0.07027, 0.1757, 0.34819, 0.06398, 0.82875, 0.36326, 0.84227, 0.09387, 0.00848, 0.51828, 0.1436, 0.08481, 0.08407, 0.07174, 0.49864, 0.04746, 0.93204, 0.97086, 0.15476, 0.67296, 0.3358, 0.17292, 0.76287, 0.09808, 0.06365, 0.15494, 0.86018, 0.55919, 0.70069, 0.02645, 0.03788, 0.30758, 0.13918, 0.77093, 0.93311, 0.85733, 0.64533, 0.78642, 0.15001, 0.89971, 0.24923, 0.09155, 0.18603, 0.14908, 0.96707, 0.80475, 0.13722, 0.08766, 0.74073, 0.19636, 0.23394, 0.05151, 0.80685, 0.87403, 0.09032, 0.15885, 0.10492, 0.94772, 0.06826, 0.03934, 0.97349, 0.91725, 0.31814, 0.1027, 0.15868, 0.75964, 0.09133, 0.95414, 0.53856, 0.05556, 0.15042, 0.22763, 0.03787, 0.89939, 0.01705, 0.32233, 0.07705, 0.25337, 0.7994, 0.49038, 0.04418, 0.05297, 0.92258, 0.10387, 0.2458, 0.22362, 0.59564, 0.57126, 0.94363, 0.93482, 0.8522, 0.57561, 0.16478, 0.42724, 0.0684, 0.03845, 0.50337, 0.21177, 0.89966, 0.97275, 0.07331, 0.09992, 0.03533, 0.96779, 0.94771, 0.59935, 0.12164, 0.25692, 0.37734, 0.14502, 0.16612, 0.88089, 0.052, 0.11013, 0.11208, 0.9578, 0.15744, 0.26183, 0.64922, 0.09382, 0.10082, 0.89787, 0.07691, 0.90479, 0.47171, 0.95771, 0.0393, 0.82612, 0.17677, 0.75445, 0.54447, 0.0187, 0.10013, 0.81467, 0.41479, 0.20824, 0.03762, 0.12673, 0.95852, 0.08428, 0.29703, 0.96085, 0.18617, 0.23941, 0.24676, 0.17739, 0.54889, 0.14773, 0.20984, 0.18676, 0.08112, 0.88601, 0.72457, 0.02341, 0.89602, 0.27206, 0.12062, 0.11576, 0.03487, 0.01234, 0.20396, 0.52552, 0.07891, 0.81932, 0.02077, 0.83661, 0.00246, 0.80531, 0.46166, 0.83058, 0.94449, 0.26282, 0.67163, 0.58906, 0.82687, 0.82258, 0.83495, 0.19706, 0.98195, 0.1574, 0.73334, 0.47342, 0.92176, 0.84863, 0.194, 0.06106, 0.22347, 0.92305, 0.03155, 0.27295, 0.06079, 0.0782, 0.07184, 0.06993, 0.90232, 0.81039, 0.14378, 0.71884, 0.09881, 0.94827, 0.14244, 0.19629, 0.19079, 0.6764, 0.05837, 0.09019, 0.36333, 0.06436, 0.94427, 0.09124, 0.90439, 0.49407, 0.07177, 0.086, 0.35077, 0.68466, 0.49839, 0.632, 0.66255, 0.59476, 0.62048, 0.0804, 0.5078, 0.53769, 0.06889, 0.19771, 0.95257, 0.88687, 0.7585, 0.30033, 0.0597, 0.0767, 0.85845, 0.67885, 0.93708, 0.85461, 0.36412, 0.03028, 0.08711, 0.01439, 0.07529, 0.10239, 0.28899, 0.8613, 0.93901, 0.11094, 0.0112, 0.08183, 0.70278, 0.95234, 0.83444, 0.19628, 0.925, 0.05794, 0.27899, 0.17194, 0.04971, 0.12002, 0.92248, 0.53638, 0.53931, 0.08881, 0.27462, 0.02299, 0.62647, 0.1398, 0.0679, 0.12191, 0.24745, 0.11361, 0.53701, 0.19098, 0.85128, 0.04576, 0.10564, 0.31931, 0.10148, 0.20158, 0.95379, 0.70332, 0.96578, 0.30355, 0.88007, 0.19742, 0.0068, 0.16231, 0.8133, 0.0323, 0.87608, 0.7256, 0.45836, 0.22316, 0.13692, 0.85213, 0.9563, 0.42133, 0.086, 0.11583, 0.03772, 0.91346, 0.33482, 0.68626, 0.26638, 0.90634, 0.7252, 0.08121, 0.25495, 0.09282, 0.96523, 0.31211, 0.11205, 0.86251, 0.27779, 0.06242, 0.71463, 0.89402, 0.12227, 0.21281, 0.02068, 0.40755, 0.82865, 0.9399, 0.21745, 0.0772, 0.94584, 0.0795, 0.11014, 0.79964, 0.95092, 0.28884, 0.82289, 0.22393, 0.42895, 0.9201, 0.88854, 0.01878, 0.11621, 0.08194, 0.37388, 0.94939, 0.12288, 0.08182, 0.17599, 0.02899, 0.25802, 0.84236, 0.57531, 0.19401, 0.16126, 0.0695, 0.8204, 0.12632, 0.09138, 0.94459, 0.91903, 0.15569, 0.07981, 0.87383, 0.14845, 0.47828, 0.04471, 0.06645, 0.19466, 0.09472, 0.11427, 0.03328, 0.49614, 0.28583, 0.0964, 0.55384, 0.04154, 0.05228, 0.42225, 0.51949, 0.5302, 0.5518, 0.8742, 0.18865, 0.11595, 0.88885, 0.9147, 0.67355, 0.91993, 0.03846, 0.9727, 0.62302, 0.71679, 0.03369, 0.30109, 0.0711, 0.10838, 0.12504, 0.49746, 0.05698, 0.40489, 0.02034, 0.17266, 0.12287, 0.93265, 0.1987, 0.84939, 0.80283, 0.9452, 0.41827, 0.66691, 0.87057, 0.37101, 0.07535, 0.93772, 0.05886, 0.15619, 0.07174, 0.02098, 0.16246, 0.16718, 0.0213, 0.1764, 0.07974, 0.23603, 0.84374, 0.08399, 0.81283, 0.40458, 0.11316, 0.79983, 0.97628, 0.04996, 0.74415, 0.23782, 0.75401, 0.05294, 0.08676, 0.26615, 0.89851, 0.07421, 0.06684, 