{"model": "xlm-roberta-base", "dataset": "dravidian_tamil", "train_config": "supcon", "seed": 123, "thr_cal": 0.5739230513572693, "metrics_05": {"macro": 0.7274951522086308, "toxf1": 0.6041412911084044, "prec": 0.5243128964059197, "rec": 0.7126436781609196, "prauc": 0.6006336175303957, "ece": 0.09099056734393042, "covert": 0.7104622871046229}, "metrics_cal": {"macro": 0.7326888358278493, "toxf1": 0.6025974025974026, "prec": 0.5497630331753555, "rec": 0.6666666666666666, "prauc": 0.6006336175303957, "ece": 0.09099056734393042, "covert": 0.7002518891687658}, "probs": [0.1133, 0.00792, 0.02185, 0.01064, 0.85167, 0.01637, 0.01793, 0.01426, 0.01363, 0.01893, 0.03197, 0.32655, 0.01056, 0.00819, 0.0219, 0.03633, 0.89685, 0.55159, 0.00624, 0.22446, 0.14862, 0.08664, 0.20499, 0.04618, 0.03375, 0.34389, 0.92446, 0.00945, 0.01581, 0.02479, 0.0296, 0.0782, 0.04489, 0.03476, 0.12454, 0.90731, 0.18776, 0.19179, 0.01895, 0.38184, 0.5756, 0.05497, 0.50438, 0.63626, 0.62345, 0.88966, 0.02274, 0.03244, 0.0766, 0.00724, 0.03602, 0.12262, 0.19641, 0.03045, 0.03602, 0.71389, 0.22881, 0.73191, 0.82868, 0.09261, 0.03476, 0.04017, 0.18888, 0.13849, 0.09758, 0.02724, 0.22338, 0.47981, 0.88512, 0.81863, 0.83016, 0.07719, 0.00603, 0.0533, 0.79428, 0.49059, 0.83787, 0.80917, 0.04403, 0.02713, 0.43643, 0.69395, 0.47681, 0.00421, 0.02035, 0.01486, 0.34318, 0.05263, 0.01355, 0.66302, 0.00674, 0.51771, 0.02842, 0.54304, 0.32679, 0.18165, 0.06914, 0.00553, 0.05094, 0.02528, 0.73143, 0.01145, 0.023, 0.07027, 0.76447, 0.67431, 0.06601, 0.03855, 0.0074, 0.58286, 0.74222, 0.2117, 0.65355, 0.17661, 0.71915, 0.03833, 0.0498, 0.20439, 0.02436, 0.01546, 0.03934, 0.00607, 0.03761, 0.11146, 0.76, 0.06681, 0.78502, 0.12513, 0.01899, 0.04398, 0.03748, 0.52588, 0.32311, 0.15103, 0.83754, 0.32166, 0.08627, 0.01233, 0.01176, 0.87833, 0.52412, 0.02963, 0.54554, 0.92688, 0.06467, 0.71184, 0.01338, 0.05702, 0.47553, 0.2145, 0.76198, 0.03591, 0.56523, 0.08658, 0.79098, 0.03279, 0.00898, 0.28992, 0.03265, 0.19731, 0.02677, 0.82602, 0.12905, 0.89868, 0.01292, 0.10271, 0.18765, 0.87967, 0.74365, 0.20042, 0.83346, 0.7573, 0.12602, 0.53222, 0.07511, 0.03839, 0.13947, 0.10286, 0.01983, 0.64541, 0.11778, 0.75244, 0.20399, 0.88001, 0.01855, 0.00998, 0.71909, 0.0998, 0.01039, 0.03643, 0.02339, 0.02967, 0.66429, 0.05876, 0.00507, 0.437, 0.05784, 0.91292, 0.04536, 0.01402, 0.14386, 0.87779, 0.80891, 0.02928, 0.10349, 0.03437, 0.62465, 0.01328, 0.08624, 0.34087, 0.27594, 0.0524, 0.24832, 0.03822, 0.02036, 0.81442, 0.02011, 0.0176, 0.08183, 0.02757, 0.06108, 0.01135, 0.03414, 0.90783, 0.0684, 0.93989, 0.84269, 0.42879, 0.02258, 0.11389, 0.13348, 0.07247, 0.02109, 0.95639, 0.61368, 0.06475, 0.63516, 0.00365, 0.42195, 0.19757, 0.90234, 0.20223, 0.02246, 0.19767, 0.52733, 0.7124, 0.08971, 0.77553, 0.4798, 0.33216, 0.03674, 0.12404, 0.07972, 0.06452, 0.81367, 0.14628, 0.01987, 0.86447, 0.11806, 0.02403, 0.43564, 0.88455, 0.08101, 0.16564, 0.26231, 0.04416, 0.38907, 0.13588, 0.71339, 0.23924, 0.48037, 0.90961, 0.87308, 0.00901, 0.0513, 0.00157, 0.84274, 0.39881, 0.05535, 0.04257, 0.10469, 0.01199, 0.01535, 0.08894, 0.01801, 0.04476, 0.16024, 0.54863, 0.64219, 0.76029, 0.03314, 0.00346, 0.04263, 0.91889, 0.4536, 0.14299, 0.14883, 0.54611, 0.93407, 0.03692, 0.01251, 0.03354, 0.04446, 0.87725, 0.85651, 0.21258, 0.44243, 0.46956, 0.12157, 0.04358, 0.073, 0.92708, 0.21192, 0.30948, 0.09376, 0.53827, 0.70837, 0.09933, 0.18129, 0.22258, 0.02561, 0.47253, 0.86535, 0.46693, 0.05033, 0.87235, 0.88842, 0.52632, 0.11338, 0.00539, 0.07939, 0.78957, 0.14377, 0.58608, 0.01413, 0.0141, 0.15399, 0.54492, 0.04542, 0.0379, 0.01183, 0.00883, 0.11541, 0.41049, 0.06393, 0.23895, 0.68725, 0.05885, 0.05269, 0.15298, 0.85747, 0.39264, 0.40498, 0.5841, 0.55917, 0.10674, 0.1642, 0.44619, 0.02598, 0.09379, 0.51044, 0.46611, 0.02981, 0.05761, 0.28053, 0.30029, 0.01705, 0.91229, 0.00452, 0.78115, 0.00945, 0.46631, 0.80619, 0.06787, 0.04591, 0.11206, 0.01876, 0.46748, 0.90522, 0.05393, 0.39565, 0.03265, 0.22204, 0.65086, 0.50798, 0.27844, 0.48507, 0.71642, 0.0076, 0.26112, 0.34775, 0.04221, 0.01128, 0.04041, 0.0462, 0.84253, 0.84119, 0.8139, 0.0297, 0.0119, 0.58647, 0.11383, 0.03904, 0.14502, 0.01097, 0.00516, 0.06878, 0.86539, 0.01573, 0.89714, 0.88498, 0.15416, 0.02209, 0.78846, 0.52295, 0.48364, 0.04887, 0.27081, 0.83167, 0.85728, 0.64872, 0.11539, 0.02783, 0.13207, 0.85973, 0.00986, 0.01122, 0.01073, 0.85127, 0.45901, 0.02161, 0.2901, 0.56544, 0.85832, 0.2193, 0.08525, 0.06125, 0.06502, 0.38169, 0.02912, 0.78336, 0.04074, 0.94127, 0.75453, 0.14354, 0.79916, 0.68544, 0.01152, 0.66941, 0.30159, 0.03397, 0.67466, 0.0515, 0.02496, 0.05301, 0.83497, 0.03975, 0.73452, 0.02066, 0.08154, 0.01218, 0.00719, 0.02881, 0.01377, 0.01554, 0.89521, 0.01538, 0.05605, 0.7338, 0.30142, 0.05077, 0.00995, 0.27759, 0.04762, 0.38156, 0.14849, 0.01781, 0.85468, 0.639, 0.60703, 0.36959, 0.04614, 0.13487, 0.78055, 0.04637, 0.89106, 0.87447, 0.03052, 0.00875, 0.17396, 0.07255, 0.94589, 0.32095, 0.01875, 0.93966, 0.45285, 0.36824, 0.00814, 0.09661, 0.68105, 0.63399, 0.76486, 0.28097, 0.09714, 0.83836, 0.07115, 0.06601, 0.02193, 0.82366, 0.03399, 0.00527, 0.07817, 0.04816, 0.1387, 0.02075, 0.85681, 0.5141, 0.17759, 0.61085, 0.28284, 0.84276, 0.21066, 0.06105, 0.72678, 0.78472, 0.09144, 0.16812, 0.22629, 0.10439, 0.55948, 0.03333, 0.03551, 0.73548, 0.86229, 0.38899, 0.04857, 0.16113, 0.01961, 0.00471, 0.39255, 0.63324, 0.22254, 0.06743, 0.14365, 0.13922, 0.90055, 0.08455, 0.59345, 0.00679, 0.03908, 0.03024, 0.01554, 0.3298, 0.20294, 0.21743, 0.68086, 0.84291, 0.5986, 0.77578, 0.8507, 0.37056, 0.19307, 0.68108, 0.64744, 0.03146, 0.78492, 0.87002, 0.8626, 0.01537, 0.77967, 0.11434, 0.45049, 0.01628, 0.01158, 0.68023, 0.23694, 0.32206, 0.08772, 0.63001, 0.02931, 0.58239, 0.36618, 0.02698, 0.57015, 0.03593, 0.03172, 0.21575, 0.04692, 0.9572, 0.73849, 0.02266, 0.91149, 0.62201, 0.90037, 0.02745, 0.01295, 0.04213, 0.02852, 0.01746, 0.52413, 0.05728, 0.75482, 0.89458, 0.04859, 0.014, 0.48726, 0.0949, 0.44021, 0.54244, 0.76433, 0.16177, 0.66511, 0.327, 0.13468, 0.38964, 0.09148, 0.45676, 0.04353, 0.29458, 0.83413, 0.02391, 0.03037, 0.83928, 0.26769, 0.2963, 0.05809, 0.01278, 0.00582, 0.91392, 0.13744, 0.27388, 0.08276, 0.12556, 0.71139, 0.1294, 0.21332, 0.6592, 0.01147, 0.73877, 0.0178, 0.02086, 0.08416, 0.81296, 0.51823, 0.07053, 0.01097, 0.50078, 0.87614, 0.74317, 0.88382, 0.02965, 0.75659, 0.3348, 0.2046, 0.21442, 0.01435, 0.00407, 0.85117, 0.7174, 0.23875, 0.79673, 0.17833, 0.08063, 0.01014, 0.08723, 0.09047, 0.16715, 0.01844, 0.6777, 0.02835, 0.76815, 0.04792, 0.67957, 0.08549, 0.01123, 0.15835, 0.06711, 0.50522, 0.10839, 0.95749, 0.15386, 0.70037, 0.84591, 0.01676, 0.22879, 0.09024, 0.08303, 0.75108, 0.03152, 0.68221, 0.08522, 0.08654, 0.2893, 0.05781, 0.72327, 0.1282, 0.0151, 0.45231, 0.07271, 0.15248, 0.2141, 0.03417, 0.75199, 0.42195, 0.05026, 0.20877, 0.29405, 0.12462, 0.02304, 0.06658, 0.04718, 0.01484, 0.09013, 0.00587, 0.81487, 0.78921, 0.78755, 0.03003, 0.92594, 0.0103, 0.89158, 0.1491, 0.07756, 0.19497, 0.10864, 0.02627, 0.22536, 0.08895, 0.25028, 0.16759, 0.00359, 0.12035, 0.32509, 0.09558, 0.83238, 0.01268, 0.113, 0.02751, 0.42175, 0.0149, 0.00597, 0.01887, 0.92222, 0.87744, 0.04764, 0.13536, 0.01989, 0.02097, 0.57105, 0.87824, 0.6684, 0.01107, 0.83717, 0.09169, 0.18999, 0.00935, 0.28203, 0.2138, 0.01781, 0.05986, 0.06849, 0.73521, 0.02869, 0.00718, 0.38494, 0.05272, 0.8629, 0.3338, 0.80264, 0.04616, 0.69795, 0.01214, 0.03031, 0.09814, 0.31035, 0.11969, 0.14654, 0.71587, 0.01366, 0.009, 0.70251, 0.63651, 0.71626, 0.36329, 0.36162, 0.12549, 0.36044, 0.05448, 0.13456, 0.78648, 0.07619, 0.69226, 0.87184, 0.0106, 0.00712, 0.87862, 0.70015, 0.01679, 0.0302, 0.68027, 0.0159, 0.11343, 0.01184, 0.58216, 0.54943, 0.77801, 0.07012, 0.8037, 0.66472, 0.1642, 0.20608, 0.32353, 0.57691, 0.02508, 0.03608, 0.06103, 0.03098, 0.08681, 0.02454, 0.68911, 0.83469, 0.908, 0.71634, 0.12481, 0.9012, 0.10872, 0.03103, 0.05331, 0.89846, 0.34271, 0.07902, 0.165, 0.49259, 0.68723, 0.65606, 