{"model": "xlm-roberta-base", "dataset": "dravidian_kannada", "train_config": "supcon", "seed": 2024, "thr_cal": 0.8239384889602661, "metrics_05": {"macro": 0.5564381551914102, "toxf1": 0.52994555353902, "prec": 0.3734015345268542, "rec": 0.9125, "prauc": 0.6806394344226294, "ece": 0.31558916352867267, "covert": 0.8205128205128205}, "metrics_cal": {"macro": 0.723370675685197, "toxf1": 0.6081871345029239, "prec": 0.5714285714285714, "rec": 0.65, "prauc": 0.6806394344226294, "ece": 0.31558916352867267, "covert": 0.8}, "probs": [0.30106, 0.82815, 0.81844, 0.35083, 0.84972, 0.79321, 0.43742, 0.23973, 0.3787, 0.67023, 0.73997, 0.31243, 0.07355, 0.73512, 0.85082, 0.60901, 0.60564, 0.83226, 0.14145, 0.82631, 0.29325, 0.50823, 0.79023, 0.83052, 0.94339, 0.85515, 0.90361, 0.29139, 0.81945, 0.8812, 0.94139, 0.87099, 0.61993, 0.25081, 0.88941, 0.29589, 0.44799, 0.10577, 0.79766, 0.66079, 0.5824, 0.02465, 0.85256, 0.45994, 0.84963, 0.87295, 0.07119, 0.8398, 0.10843, 0.78202, 0.89159, 0.73868, 0.07544, 0.85788, 0.60385, 0.86125, 0.07261, 0.83542, 0.60581, 0.87283, 0.72232, 0.77571, 0.79277, 0.74821, 0.13411, 0.47541, 0.64232, 0.57699, 0.87678, 0.9411, 0.47653, 0.15688, 0.61701, 0.84917, 0.75679, 0.63783, 0.61215, 0.74766, 0.88213, 0.87566, 0.55447, 0.92064, 0.41414, 0.85997, 0.85972, 0.09296, 0.89529, 0.30797, 0.74985, 0.1467, 0.14785, 0.74706, 0.29118, 0.66838, 0.36468, 0.45183, 0.08687, 0.04274, 0.13731, 0.07305, 0.21421, 0.90132, 0.64148, 0.90937, 0.80841, 0.57621, 0.83901, 0.36135, 0.33548, 0.80314, 0.81217, 0.33659, 0.07079, 0.45613, 0.78147, 0.67315, 0.61993, 0.55723, 0.85229, 0.87524, 0.26489, 0.03995, 0.89207, 0.88328, 0.51139, 0.20387, 0.07119, 0.85231, 0.06979, 0.76189, 0.86681, 0.32178, 0.69669, 0.79933, 0.89392, 0.83322, 0.04919, 0.88885, 0.3137, 0.87016, 0.11928, 0.76622, 0.7518, 0.8908, 0.86238, 0.8224, 0.40925, 0.88088, 0.85188, 0.6261, 0.0315, 0.20322, 0.89103, 0.76545, 0.78643, 0.65882, 0.12139, 0.87634, 0.73816, 0.84732, 0.8781, 0.38909, 0.10359, 0.25632, 0.54041, 0.05608, 0.64163, 0.70084, 0.59184, 0.83761, 0.10728, 0.87114, 0.47278, 0.79324, 0.89808, 0.33704, 0.07119, 0.56862, 0.26859, 0.85248, 0.76607, 0.66335, 0.07119, 0.84482, 0.87257, 0.78776, 0.85732, 0.27372, 0.60933, 0.55493, 0.63311, 0.87767, 0.47154, 0.07119, 0.86536, 0.91165, 0.75472, 0.82293, 0.7468, 0.82951, 0.68481, 0.41687, 0.18305, 0.69043, 0.64503, 0.72977, 0.79614, 0.66466, 0.92318, 0.14841, 0.86481, 0.7754, 0.39167, 0.05899, 0.36769, 0.30343, 0.86075, 0.05029, 0.04117, 0.4283, 0.06689, 0.13215, 0.03196, 0.57978, 0.88441, 0.68458, 0.06345, 0.73043, 0.35049, 0.50056, 0.05832, 0.80303, 0.0793, 0.82201, 0.82811, 0.83315, 0.93918, 0.79422, 0.52015, 0.09725, 0.82866, 0.07119, 0.76177, 0.94657, 0.92649, 0.53826, 0.24875, 0.61753, 0.60326, 0.87364, 0.84489, 0.35974, 0.76507, 0.78763, 0.54867, 0.24368, 0.84208, 0.82894, 0.65992, 0.46988, 0.80589, 0.80841, 0.69037, 0.82143, 0.72109, 0.1593, 0.07119, 0.54798, 0.7442, 0.05955, 0.214, 0.26577, 0.87052, 0.66447, 0.01922, 0.82426, 0.83735, 0.10136, 0.89889, 0.90533, 0.1614, 0.87103, 0.85097, 0.8339, 0.79944, 0.86734, 0.51754, 0.87328, 0.3287, 0.65951, 0.66044, 0.03982, 0.27275, 0.94717, 0.41862, 0.07119, 0.85358, 0.85321, 0.7181, 0.3296, 0.08091, 0.75244, 0.04433, 0.84215, 0.47204, 0.19156, 0.73802, 0.07119, 0.70331, 0.31322, 0.71341, 0.40155, 0.05766, 0.16998, 0.80353, 0.53594, 0.30454, 0.60301, 0.78917, 0.51546, 0.77422, 0.59221, 0.16899, 0.17537, 0.93632, 0.50416, 0.78833, 0.11158, 0.83359, 0.91456, 0.09058, 0.715, 0.0858, 0.74616, 0.12474, 0.24169, 0.22029, 0.74491, 0.02922, 0.15517, 0.85307, 0.221, 0.85551, 0.76623, 0.82051, 0.68213, 0.90614, 0.88275, 0.07119, 0.83397, 0.13921, 0.41101, 0.86868, 0.8319, 0.56568, 0.83376, 0.88986, 0.93008, 0.63556, 0.05266, 0.90437, 0.08159, 0.89867, 0.83675, 0.12781, 0.20418, 0.88633, 0.69834, 0.05719, 0.7843, 0.9389, 0.4595, 0.24411, 0.07119, 0.74709, 0.82879, 0.17481, 0.87114, 0.90158, 0.57195, 0.81459, 0.81972, 0.4004, 0.87303, 0.75385, 0.84668, 0.05163, 0.14731, 0.71905, 0.81796, 0.53463, 0.38538, 0.7384, 0.24645, 0.57396, 0.23001, 0.81375, 0.83081, 0.75361, 0.87017, 0.78003, 0.87966, 0.73088, 0.82893, 0.76876, 0.18666, 0.42508, 0.96202, 0.58722, 0.30392, 0.35367, 0.52861, 0.83979, 0.04356, 0.78577, 0.67899, 0.84312, 0.90256, 0.07703, 0.76492, 0.59033, 0.86864, 0.90518, 0.03447, 0.73239, 0.83662, 0.51483, 0.91973, 0.90602, 0.05222, 0.43694, 0.81831, 0.02993, 0.75426, 0.65856, 0.89133, 0.86372, 0.71352, 0.908, 0.07287, 0.25405, 0.7639, 0.1618, 0.11457, 0.94494, 0.94174, 0.11265, 0.91335, 0.825, 0.85245, 0.75111, 0.70294, 0.32582, 0.2409, 0.78093, 0.57194, 0.9042, 0.40015, 0.46153, 0.55379, 0.53227, 0.11345, 0.23174, 0.02977, 0.88166, 0.73015, 0.67796, 0.88039, 0.90061, 0.86614, 0.83248, 0.84183, 0.86801, 0.09865, 0.85464, 0.02363, 0.556, 0.95391, 0.72592, 0.55785, 0.89489, 0.75816, 0.06219, 0.29391, 0.78285, 0.79604, 0.85208, 0.8018, 0.66707, 0.70389, 0.05727, 0.73183, 0.90507, 0.88585, 0.03478, 0.78969, 0.87165, 0.9086, 0.89629, 0.68207, 0.45426, 0.05254, 0.72415, 0.03416, 0.01505, 0.87206, 0.23653, 0.66937, 0.88804, 0.86932, 0.56529, 0.95111, 0.20429, 0.59435, 0.11544, 0.82502, 0.89009, 0.87959, 0.17016, 0.86279, 0.68362, 0.83403, 0.82532, 0.5799, 0.86633, 0.91612, 0.07119, 0.73623, 0.79715, 0.6073, 0.60438, 0.89463, 0.88584, 0.50176, 0.86503, 0.07119, 0.76487, 0.65272, 0.64563, 0.79203, 0.77168, 0.88601, 0.8266, 0.90896, 0.21847, 0.74763, 0.84473, 0.87434, 0.7452, 0.84554, 0.89376, 0.04069, 0.22445, 0.50566, 0.15648, 0.91198, 0.0317, 0.72901, 0.7656, 0.27067, 0.12917, 0.54018, 0.64366, 0.86479, 0.85659, 0.68124, 0.60103, 0.11157, 0.75244, 0.81674, 0.88912, 0.88557, 0.75519, 0.87856, 0.51645, 0.29176, 0.74707, 0.80487, 0.36527, 0.6008, 0.79928, 0.06274, 0.84715, 0.86052, 0.13793, 0.35122], "labels": [0, 0, 0, 0, 0, 0, 0, 0, 0, 0, 0, 0, 0, 0, 1, 0, 0, 1, 0, 0, 0, 0, 0, 1, 1, 1, 1, 1, 1, 0, 1, 0, 1, 1, 1, 0, 1, 0, 0, 1, 0, 0, 1, 0, 0, 0, 0, 0, 0, 1, 0, 0, 0, 1, 0, 0, 0, 0, 1, 0, 0, 0, 0, 1, 0, 0, 0, 0, 1, 1, 1, 0, 0, 0, 0, 1, 0, 0, 0, 1, 0, 1, 1, 0, 0, 0, 1, 0, 1, 0, 0, 0, 0, 0, 0, 0, 0, 1, 0, 0, 0, 1, 0, 1, 0, 0, 1, 0, 0, 0, 0, 0, 0, 0, 0, 0, 0, 0, 1, 0, 0, 0, 1, 1, 0, 0, 0, 0, 0, 0, 0, 0, 0, 1, 1, 0, 0, 1, 0, 0, 0, 0, 1, 1, 1, 0, 0, 0, 1, 0, 0, 0, 0, 0, 0, 1, 0, 0, 0, 1, 1, 1, 0, 1, 0, 0, 0, 0, 0, 0, 0, 1, 0, 0, 1, 0, 0, 0, 0, 0, 0, 0, 0, 0, 1, 0, 0, 0, 0, 0, 0, 1, 0, 1, 0, 1, 1, 0, 0, 0, 0, 0, 0, 0, 1, 1, 0, 0, 1, 0, 1, 0, 1, 0, 0, 0, 1, 0, 0, 0, 1, 0, 0, 0, 1, 0, 0, 0, 0, 0, 0, 0, 0, 0, 0, 1, 1, 0, 0, 0, 0, 0, 0, 1, 1, 0, 0, 0, 0, 0, 0, 0, 0, 1, 0, 0, 0, 0, 1, 0, 1, 0, 0, 0, 0, 0, 0, 0, 0, 0, 0, 0, 0, 1, 0, 0, 0, 0, 1, 1, 0, 1, 1, 0, 0, 1, 0, 1, 0, 0, 1, 0, 0, 1, 0, 0, 0, 1, 0, 0, 0, 0, 0, 0, 0, 0, 0, 1, 0, 0, 0, 0, 0, 0, 1, 1, 0, 0, 0, 0, 1, 1, 0, 0, 1, 0, 1, 0, 1, 1, 0, 0, 0, 0, 0, 0, 0, 1, 0, 0, 0, 0, 0, 0, 0, 0, 1, 0, 0, 0, 0, 0, 1, 0, 0, 1, 0, 1, 0, 0, 1, 0, 0, 0, 0, 0, 1, 0, 0, 1, 1, 0, 0, 0, 0, 0, 0, 1, 1, 0, 1, 0, 0, 1, 1, 1, 0, 0, 1, 1, 0, 0, 0, 0, 0, 0, 0, 0, 0, 1, 1, 1, 0, 1, 0, 0, 0, 1, 0, 0, 0, 0, 0, 0, 0, 0, 0, 1, 0, 1, 0, 0, 1, 0, 0, 0, 1, 1, 1, 0, 0, 0, 0, 0, 0, 1, 1, 0, 1, 0, 0, 0, 0, 0, 1, 1, 0, 1, 0, 1, 0, 0, 0, 0, 0, 0, 0, 0, 0, 0, 0, 0, 0, 0, 0, 0, 0, 1, 0, 1, 0, 0, 1, 1, 1, 0, 0, 1, 0, 0, 1, 1, 0, 0, 1, 0, 1, 1, 0, 0, 0, 0, 1, 1, 0, 1, 0, 0, 1, 0, 0, 0, 0, 0, 0, 0, 0, 0, 0, 1, 0, 1, 0, 0, 0, 1, 0, 1, 0, 0, 0, 1, 0, 0, 0, 0, 0, 0, 0, 0, 0, 0, 0, 0, 1, 0, 0, 1, 1, 1, 0, 0, 0, 1, 0, 0, 0, 1, 0, 1, 1, 0, 0, 0, 0, 1, 0, 0, 0, 0, 0, 0, 0, 1, 1, 1, 1, 0, 0, 0, 1, 1, 0, 0, 0, 0, 0, 0, 0, 0, 0, 0, 0, 1, 0, 1], "n": {"train": 3400, "val": 600, "test": 586, "toxic_frac": 0.23911764705882352}}