{"model": "xlm-roberta-base", "dataset": "dravidian_tamil", "train_config": "ce", "seed": 42, "thr_cal": 0.36675496697425836, "metrics_05": {"macro": 0.7226450194486724, "toxf1": 0.5950617283950618, "prec": 0.5216450216450217, "rec": 0.6925287356321839, "prauc": 0.5679646126657583, "ece": 0.09134271587928136, "covert": 0.7}, "metrics_cal": {"macro": 0.709402717295171, "toxf1": 0.5947136563876652, "prec": 0.48214285714285715, "rec": 0.7758620689655172, "prauc": 0.5679646126657583, "ece": 0.09134271587928136, "covert": 0.717948717948718}, "probs": [0.02611, 0.00353, 0.04002, 0.00958, 0.79808, 0.0334, 0.04344, 0.01517, 0.01254, 0.00872, 0.01251, 0.34247, 0.00869, 0.00362, 0.03599, 0.07405, 0.84475, 0.37546, 0.00199, 0.71378, 0.20555, 0.13368, 0.11702, 0.14016, 0.02637, 0.40416, 0.91847, 0.01152, 0.18972, 0.01472, 0.10616, 0.49005, 0.02515, 0.03661, 0.10589, 0.81024, 0.21591, 0.26745, 0.00676, 0.5882, 0.70728, 0.02693, 0.47265, 0.4675, 0.26281, 0.88544, 0.00276, 0.09515, 0.34735, 0.00863, 0.00759, 0.53232, 0.22815, 0.04565, 0.02376, 0.51426, 0.32506, 0.81007, 0.45013, 0.10342, 0.04124, 0.0178, 0.2738, 0.21102, 0.06572, 0.04511, 0.02853, 0.16452, 0.86371, 0.63116, 0.71375, 0.11912, 0.01, 0.02209, 0.49041, 0.6432, 0.74979, 0.84935, 0.00674, 0.07287, 0.44469, 0.17462, 0.40487, 0.00407, 0.16686, 0.00355, 0.5712, 0.05596, 0.01216, 0.6256, 0.00317, 0.78358, 0.04353, 0.62058, 0.26739, 0.14632, 0.04707, 0.02123, 0.03753, 0.0223, 0.58951, 0.01136, 0.03966, 0.05183, 0.70648, 0.67984, 0.12995, 0.0944, 0.00256, 0.46764, 0.47229, 0.22255, 0.79886, 0.18953, 0.63676, 0.06787, 0.05649, 0.08592, 0.01549, 0.00508, 0.12434, 0.00573, 0.0345, 0.04197, 0.72628, 0.02692, 0.74211, 0.22695, 0.0138, 0.04295, 0.09154, 0.24568, 0.53845, 0.06077, 0.85039, 0.67636, 0.05794, 0.00943, 0.01208, 0.65382, 0.62659, 0.04072, 0.35796, 0.90696, 0.03184, 0.59637, 0.00658, 0.06229, 0.23823, 0.12627, 0.61005, 0.02315, 0.44395, 0.08475, 0.42536, 0.0118, 0.01209, 0.43328, 0.01288, 0.29321, 0.06066, 0.79698, 0.20689, 0.86359, 0.00753, 0.06965, 0.57423, 0.53431, 0.58322, 0.41883, 0.76103, 0.78652, 0.29872, 0.44286, 0.04656, 0.05913, 0.35946, 0.05565, 0.01684, 0.40613, 0.1091, 0.67899, 0.73731, 0.9039, 0.00997, 0.00606, 0.42992, 0.04712, 0.00419, 0.16624, 0.01809, 0.11148, 0.54451, 0.07308, 0.00622, 0.29549, 0.03877, 0.82575, 0.02024, 0.00813, 0.12911, 0.85889, 0.82127, 0.01753, 0.10531, 0.03121, 0.52247, 0.02732, 0.14478, 0.72892, 0.07593, 0.05412, 0.28848, 0.02312, 0.00404, 0.77736, 0.01702, 0.01805, 0.1224, 0.00706, 0.01894, 0.00398, 0.01673, 0.8765, 0.09396, 0.88648, 0.87076, 0.61442, 0.05114, 0.61325, 0.23489, 0.0111, 0.0325, 0.93208, 0.37714, 0.05052, 0.15593, 0.00317, 0.59816, 0.05749, 0.91651, 0.22125, 0.02693, 0.65517, 0.43439, 0.26104, 0.16751, 0.69087, 0.11403, 0.4448, 0.02755, 0.05504, 0.17013, 0.06101, 0.74676, 0.71448, 0.00888, 0.83092, 0.20222, 0.02224, 0.65082, 0.89578, 0.05625, 0.14566, 0.39459, 0.03721, 0.36385, 0.13316, 0.47944, 0.0936, 0.19305, 0.83856, 0.9175, 0.00453, 0.20021, 0.00132, 0.76668, 0.38071, 0.3815, 0.04643, 0.14176, 0.0177, 0.01579, 0.08081, 0.02354, 0.0179, 0.02763, 0.07528, 0.44156, 0.6644, 0.07704, 0.00444, 0.00282, 0.89359, 0.297, 0.13744, 0.05115, 0.67398, 0.82999, 0.09169, 0.00638, 0.03256, 0.17227, 0.9033, 0.75362, 0.17197, 0.27409, 0.5299, 0.2101, 0.07557, 0.05444, 0.9267, 0.14791, 0.25454, 0.09446, 0.85238, 0.62062, 0.16091, 0.27758, 0.18431, 0.00481, 0.1136, 0.82107, 0.25095, 0.11403, 0.83147, 0.92868, 0.69468, 0.26267, 0.00243, 0.0515, 0.78789, 0.09389, 0.88804, 0.01293, 0.00734, 0.08065, 0.79883, 0.02341, 0.1244, 0.00428, 0.00209, 0.0687, 0.21957, 0.05344, 0.15934, 0.52264, 0.03623, 0.04311, 0.28944, 0.75993, 0.47981, 0.33116, 0.58525, 0.62641, 0.33392, 0.29034, 0.76441, 0.04287, 0.1022, 0.16202, 0.27435, 0.01773, 0.04284, 0.50562, 0.54456, 0.00424, 0.87512, 0.00251, 0.87647, 0.00728, 0.16644, 0.79646, 0.30106, 0.0341, 0.1242, 0.05435, 0.57851, 0.87229, 0.05141, 0.37066, 0.02049, 0.25275, 0.57089, 0.15666, 0.20164, 0.69296, 0.63913, 0.00884, 0.45497, 0.30175, 0.05792, 0.01142, 0.04029, 0.02292, 0.71768, 0.73679, 0.84429, 0.03122, 0.02249, 0.51508, 0.03144, 0.05045, 0.30183, 0.04448, 0.00466, 0.02712, 0.81279, 0.01147, 0.91588, 0.89494, 0.04931, 0.01478, 0.72342, 0.671, 0.82577, 0.13011, 0.22712, 0.69245, 0.86885, 0.76184, 0.07676, 0.07616, 0.64062, 0.82155, 0.00861, 0.07684, 0.02239, 0.80503, 0.44471, 0.06663, 0.52775, 0.73954, 0.72709, 0.13718, 0.05655, 0.0475, 0.44219, 0.09629, 0.01109, 0.82165, 0.04342, 0.94161, 0.78018, 0.06235, 0.76246, 0.51695, 0.00547, 0.77173, 0.2878, 0.03244, 0.63463, 0.06373, 0.04009, 0.02525, 0.66106, 0.29844, 0.65017, 0.01752, 0.04585, 0.00715, 0.00508, 0.15225, 0.00824, 0.0142, 0.85502, 0.01556, 0.0392, 0.8434, 0.42113, 0.02557, 0.04431, 0.15806, 0.03372, 0.44847, 0.15213, 0.04525, 0.87752, 0.77888, 0.55628, 0.23618, 0.06238, 0.05659, 0.64487, 0.04286, 0.90236, 0.87948, 0.02027, 0.00407, 0.18729, 0.03584, 0.89491, 0.1024, 0.05265, 0.90749, 0.42855, 0.04333, 0.00711, 0.10148, 0.74388, 0.14604, 0.70703, 0.70093, 0.22278, 0.71817, 0.03694, 0.08776, 0.01111, 0.78875, 0.02278, 0.00653, 0.40037, 0.0609, 0.51111, 0.00994, 0.78201, 0.45923, 0.11127, 0.43476, 0.25428, 0.7266, 0.35878, 0.08215, 0.62441, 0.67285, 0.0598, 0.06754, 0.08705, 0.31943, 0.45419, 0.03524, 0.01703, 0.81969, 0.84385, 0.14053, 0.02305, 0.03822, 0.00239, 0.01096, 0.62653, 0.43497, 0.28357, 0.01244, 0.02637, 0.41816, 0.79723, 0.08001, 0.70629, 0.02755, 0.02252, 0.02897, 0.01987, 0.14349, 0.62542, 0.11947, 0.51739, 0.63511, 0.87054, 0.71477, 0.69047, 0.7931, 0.23439, 0.63401, 0.3315, 0.05775, 0.64623, 0.87821, 0.85467, 0.01003, 0.65759, 0.10253, 0.33967, 0.01233, 0.00223, 0.27662, 0.45762, 0.32677, 0.07618, 0.7079, 0.02, 0.6924, 0.26655, 0.02634, 0.28247, 0.03303, 0.04432, 0.07469, 0.08499, 0.9144, 0.60955, 0.00957, 0.75294, 0.82093, 0.87142, 0.03441, 0.02146, 0.03218, 0.02777, 0.0118, 0.5013, 0.02091, 0.80628, 0.89496, 0.14886, 0.01047, 0.41733, 0.47514, 0.23805, 0.80664, 0.65352, 0.11161, 0.40417, 0.33235, 0.12491, 0.56952, 0.11739, 0.60801, 0.0358, 0.19144, 0.73797, 0.01146, 0.02498, 0.893, 0.31695, 0.33187, 0.07363, 0.00823, 0.00489, 0.84985, 0.194, 0.11221, 0.41175, 0.09455, 0.74789, 0.23381, 0.46718, 0.68924, 0.00645, 0.66238, 0.04088, 0.02928, 0.04556, 0.76511, 0.54648, 0.04144, 0.00998, 0.38226, 0.78126, 0.74484, 0.81015, 0.08588, 0.5331, 0.63816, 0.05336, 0.13697, 0.01652, 0.00462, 0.72498, 0.9213, 0.49054, 0.64207, 0.05732, 0.10662, 0.00294, 0.38692, 0.06577, 0.1123, 0.05241, 0.40392, 0.16193, 0.81967, 0.02069, 0.15406, 0.20243, 0.00889, 0.01992, 0.04845, 0.21397, 0.07575, 0.93216, 0.41312, 0.44499, 0.81648, 0.01933, 0.41284, 0.03923, 0.02677, 0.84657, 0.02764, 0.56675, 0.00943, 0.03457, 0.07903, 0.11772, 0.77965, 0.05405, 0.01148, 0.04139, 0.02398, 0.41215, 0.09421, 0.05701, 0.50706, 0.68718, 0.03626, 0.37737, 0.13076, 0.20484, 0.01509, 0.0578, 0.04848, 0.00553, 0.03619, 0.00676, 0.72407, 0.63402, 0.79517, 0.08144, 0.92947, 0.01364, 0.87202, 0.45995, 0.22454, 0.03621, 0.20275, 0.01266, 0.11776, 0.05039, 0.20626, 0.38407, 0.00361, 0.07078, 0.36062, 0.16954, 0.84413, 0.04206, 0.12291, 0.02208, 0.12085, 0.02282, 0.0095, 0.02048, 0.91732, 0.84544, 0.16712, 0.15552, 0.01079, 0.02141, 0.25733, 0.84317, 0.43724, 0.01376, 0.78164, 0.12521, 0.19423, 0.00449, 0.29225, 0.329, 0.02161, 0.07747, 0.0822, 0.18989, 0.01966, 0.01858, 0.2322, 0.04864, 0.82145, 0.0689, 0.83753, 0.07568, 0.72214, 0.01156, 0.01115, 0.10645, 0.32151, 0.12745, 0.14944, 0.69316, 0.0232, 0.00409, 0.59785, 0.49096, 0.75915, 0.27049, 0.18165, 0.35108, 0.14907, 0.02019, 0.22183, 0.68369, 0.06177, 0.58037, 0.8292, 0.02162, 0.014, 0.85316, 0.35819, 0.02129, 0.12305, 0.62535, 0.0084, 0.19373, 0.00782, 0.5922, 0.19503, 0.76134, 0.24996, 0.79305, 0.71703, 0.24647, 0.13103, 0.2056, 0.72938, 0.19968, 0.03916, 0.05605, 0.04856, 0.11344, 0.02547, 0.71315, 0.81739, 0.92705, 0.66881, 0.16105, 0.90048, 0.24162, 0.00923, 0.0241, 0.90641, 0.16064, 0.02895, 0.07294, 0.27098, 0.21153, 0.53202, 0.0659, 0.41034, 