{"model": "xlm-roberta-base", "dataset": "hatexplain", "train_config": "ce", "seed": 123, "thr_cal": 0.16266258060932154, "metrics_05": {"macro": 0.7091093574950147, "toxf1": 0.7252053063802906, "prec": 0.8567164179104477, "rec": 0.628696604600219, "prauc": 0.8767416647324082, "ece": 0.14852349230647086, "covert": 0.8647214854111406}, "metrics_cal": {"macro": 0.7217611399257744, "toxf1": 0.7942887361184559, "prec": 0.7678936605316974, "rec": 0.8225629791894852, "prauc": 0.8767416647324082, "ece": 0.14852349230647086, "covert": 0.9035369774919614}, "probs": [0.07928, 0.1536, 0.05657, 0.8864, 0.60139, 0.23874, 0.94977, 0.05149, 0.11978, 0.06141, 0.09639, 0.04982, 0.13037, 0.1189, 0.08447, 0.06211, 0.08917, 0.0645, 0.99861, 0.08005, 0.03305, 0.60485, 0.04247, 0.20756, 0.10758, 0.76409, 0.99515, 0.15766, 0.10547, 0.10442, 0.89335, 0.09104, 0.51518, 0.78904, 0.87885, 0.06141, 0.1536, 0.10453, 0.95468, 0.04663, 0.98237, 0.13376, 0.18178, 0.24442, 0.1247, 0.24585, 0.08229, 0.59988, 0.86271, 0.7104, 0.0764, 0.10085, 0.9461, 0.28906, 0.0611, 0.8432, 0.06702, 0.07614, 0.25751, 0.4478, 0.05908, 0.81343, 0.96917, 0.83563, 0.99383, 0.14063, 0.96947, 0.43707, 0.45456, 0.96183, 0.06644, 0.98608, 0.51733, 0.89043, 0.05624, 0.11907, 0.96208, 0.12246, 0.62887, 0.94519, 0.9675, 0.21004, 0.56555, 0.24929, 0.13146, 0.86577, 0.99661, 0.15341, 0.28439, 0.70528, 0.07158, 0.99658, 0.60612, 0.53298, 0.90636, 0.06682, 0.54122, 0.14698, 0.37461, 0.99184, 0.04855, 0.26935, 0.99657, 0.12954, 0.04217, 0.88937, 0.86203, 0.23087, 0.98369, 0.12521, 0.02561, 0.16087, 0.0722, 0.06041, 0.14723, 0.88977, 0.6786, 0.19247, 0.56061, 0.84382, 0.41999, 0.12667, 0.056, 0.97354, 0.39977, 0.12267, 0.11044, 0.07252, 0.05861, 0.94981, 0.07241, 0.88339, 0.09693, 0.13801, 0.07172, 0.58414, 0.20375, 0.95994, 0.84344, 0.10946, 0.18811, 0.99193, 0.84773, 0.97839, 0.1953, 0.11685, 0.93705, 0.18583, 0.86804, 0.38443, 0.72949, 0.30635, 0.95568, 0.13297, 0.97077, 0.78569, 0.85929, 0.11503, 0.06203, 0.47836, 0.56142, 0.37314, 0.77381, 0.19802, 0.85882, 0.28674, 0.52277, 0.17347, 0.91158, 0.12225, 0.11508, 0.13234, 0.07358, 0.27205, 0.6052, 0.14475, 0.12389, 0.10672, 0.93292, 0.09626, 0.9958, 0.0896, 0.07083, 0.15011, 0.91002, 0.08867, 0.93853, 0.22873, 0.21221, 0.98738, 0.13293, 0.96942, 0.99239, 0.97794, 0.93079, 0.89877, 0.31746, 0.17966, 0.96439, 0.09612, 0.81001, 0.0929, 0.11293, 0.04908, 0.18924, 0.28162, 0.64284, 0.17187, 0.3164, 0.0922, 0.06136, 0.04117, 0.947, 0.98899, 0.69315, 0.28284, 0.02212, 0.05044, 0.79979, 0.68424, 0.091, 0.12984, 0.8697, 0.99825, 0.0507, 0.96837, 0.96425, 0.76448, 0.1711, 0.95201, 0.95627, 0.87186, 0.90193, 0.36014, 0.96455, 0.18716, 0.95108, 0.19472, 0.87319, 0.11727, 0.05474, 0.53145, 0.26554, 0.23285, 0.77169, 0.56136, 0.28229, 0.05237, 0.04638, 0.19537, 0.81504, 0.99442, 0.11591, 0.2533, 0.43988, 0.87693, 0.96567, 0.06218, 0.06101, 0.80551, 0.10221, 0.96613, 0.64789, 0.68638, 0.83753, 0.14639, 0.89425, 0.02167, 0.06299, 0.17818, 0.85093, 0.3784, 0.07345, 0.94334, 0.08036, 0.07169, 0.94016, 0.98275, 0.83925, 0.84411, 0.99078, 0.9439, 0.97397, 0.98954, 0.93499, 0.75462, 0.1846, 0.1097, 0.03985, 0.11978, 0.08568, 0.12871, 0.03859, 0.74981, 0.85899, 0.46563, 0.2049, 0.05735, 0.69698, 0.06756, 0.3896, 0.154, 0.26102, 0.99291, 0.98452, 0.05768, 0.94933, 0.98541, 0.04184, 0.03564, 0.44336, 0.31548, 0.81729, 0.19078, 0.1048, 0.2788, 0.96595, 0.08941, 0.90963, 0.98151, 0.1662, 0.05573, 0.62248, 0.81134, 0.0511, 0.98477, 0.43057, 0.05848, 0.90647, 0.92904, 0.94489, 0.98206, 0.11742, 0.40868, 0.85533, 0.14069, 0.47431, 0.89445, 0.97923, 0.05756, 0.76108, 0.99589, 0.58992, 0.14118, 0.05671, 0.83166, 0.01872, 0.13128, 0.09257, 0.58708, 0.09059, 0.62709, 0.13716, 0.91202, 0.5908, 0.99557, 0.02666, 0.22434, 0.97055, 0.13264, 0.08293, 0.17024, 0.99747, 0.0071, 0.99838, 0.28644, 0.99538, 0.9809, 0.63628, 0.01758, 0.04283, 0.1975, 0.99078, 0.95957, 0.1715, 0.18952, 0.12413, 0.91755, 0.96869, 0.9894, 0.95285, 0.58466, 0.04674, 0.98753, 0.09175, 0.06675, 0.05385, 0.0231, 0.64159, 0.38274, 0.92743, 0.15188, 0.13878, 0.09957, 0.93829, 0.91161, 0.30458, 0.8205, 0.37303, 0.21343, 0.89842, 0.07863, 0.40364, 0.42645, 0.08912, 0.82283, 0.75653, 0.86769, 0.10987, 0.03465, 0.44321, 0.1963, 0.18549, 0.11114, 0.05958, 0.54214, 0.05998, 0.90943, 0.99033, 0.20485, 0.48225, 0.39369, 0.12703, 0.92453, 0.14245, 0.07192, 0.25786, 0.97605, 0.51112, 0.83491, 0.04034, 0.04308, 0.49464, 0.06936, 0.80855, 0.94423, 0.76896, 0.85164, 0.5719, 0.15358, 0.96049, 0.22589, 0.29919, 0.14364, 0.22185, 0.99627, 0.89727, 0.17224, 0.14112, 0.83879, 0.16082, 0.35276, 0.06578, 0.93093, 0.88147, 0.10207, 0.08604, 0.12367, 0.9625, 0.04991, 0.07911, 0.99663, 0.99296, 0.16412, 0.10974, 0.18141, 0.58026, 0.55455, 0.97963, 0.36473, 0.05669, 0.39951, 0.18363, 0.04693, 0.97224, 0.15995, 0.35389, 0.27207, 0.73189, 0.72613, 0.87798, 0.08753, 0.05396, 0.98774, 0.07813, 0.1268, 0.21759, 0.40259, 0.599, 0.98136, 0.97728, 0.93297, 0.89375, 0.16073, 0.64604, 0.0607, 0.05093, 0.50104, 0.92519, 0.47458, 0.99789, 0.08528, 0.0555, 0.04475, 0.99232, 0.98819, 0.81707, 0.17884, 0.10976, 0.71623, 0.11907, 0.07582, 0.92053, 0.03301, 0.04751, 0.20657, 0.98015, 0.23526, 0.39303, 0.34923, 0.13824, 0.52504, 0.91095, 0.0928, 0.90748, 0.80421, 0.99578, 0.04125, 0.90264, 0.8189, 0.86138, 0.73434, 0.02583, 0.09746, 0.93164, 0.91577, 0.28948, 0.03624, 0.13911, 0.98936, 0.08728, 0.37955, 0.99641, 0.25806, 0.34815, 0.18604, 0.09883, 0.48301, 0.29801, 0.86414, 0.60598, 0.06199, 0.99017, 0.90244, 0.0549, 0.95839, 0.17741, 0.07151, 0.54256, 0.08469, 0.01721, 0.45257, 0.23294, 0.04564, 0.94701, 0.02004, 0.95594, 0.01587, 0.96942, 0.6201, 0.9401, 0.99124, 0.52069, 0.32539, 0.79621, 0.6744, 0.97312, 0.6232, 0.25919, 0.99094, 0.09294, 0.66133, 0.75072, 0.94466, 0.90004, 0.12496, 0.05275, 0.13317, 0.94014, 0.02579, 0.65781, 0.07195, 0.1039, 0.08227, 0.06664, 0.97553, 0.917, 0.13918, 0.51335, 0.15727, 0.94674, 0.13631, 0.43612, 0.21722, 0.49742, 0.14243, 0.14385, 0.33304, 0.24339, 0.98385, 0.07651, 0.95354, 0.69084, 0.05565, 0.10582, 0.50187, 0.50926, 0.5462, 0.98117, 0.81387, 0.72945, 0.27327, 0.06401, 0.86494, 0.59288, 0.14242, 0.2982, 0.98226, 0.90472, 0.49515, 0.53899, 0.06468, 0.08127, 0.76986, 0.86817, 0.93519, 0.9055, 0.3109, 0.11869, 0.10576, 0.0335, 0.05117, 0.07817, 0.13005, 0.93227, 0.99231, 0.24365, 0.01567, 0.09422, 0.94828, 0.80407, 0.90743, 0.16411, 0.97134, 0.08697, 0.38785, 0.24658, 0.54983, 0.18697, 0.97486, 0.18188, 0.64852, 0.08997, 0.41579, 0.02745, 0.29361, 0.1266, 0.02893, 0.49075, 0.46347, 0.08183, 0.82214, 0.69744, 0.93513, 0.068, 0.06739, 0.11777, 0.22464, 0.25538, 0.99436, 0.85888, 0.99442, 0.19877, 0.89264, 0.25095, 0.0168, 0.09149, 0.82048, 0.05525, 0.80174, 0.54523, 0.60427, 0.38547, 0.1397, 0.6986, 0.99051, 0.96042, 0.44193, 0.13487, 0.12629, 0.95645, 0.2249, 0.7906, 0.40138, 0.8999, 0.77099, 0.06089, 0.89337, 0.09936, 0.99793, 0.22748, 0.08556, 0.91396, 0.2869, 0.12516, 0.57576, 0.83114, 0.15398, 0.23746, 0.01787, 0.4208, 0.80844, 0.96423, 0.63702, 0.08888, 0.96524, 0.03125, 0.08745, 0.93436, 0.99851, 0.74626, 0.87202, 0.15429, 0.85823, 0.98689, 0.96591, 0.04462, 0.21878, 0.06708, 0.45162, 0.99607, 0.42189, 0.23988, 0.51032, 0.02062, 0.59212, 0.65691, 0.56489, 0.3336, 0.29097, 0.07834, 0.7463, 0.08891, 0.06814, 0.99459, 0.9451, 0.10498, 0.07018, 0.92827, 0.19957, 0.435, 0.06605, 0.09215, 0.44184, 0.10124, 0.07303, 0.027, 0.36019, 0.26158, 0.0968, 0.41433, 0.05966, 0.03732, 0.18093, 0.91872, 0.59382, 0.76725, 0.97456, 0.20192, 0.14251, 0.98423, 0.99624, 0.76812, 0.90151, 0.10475, 0.99484, 0.4919, 0.96295, 0.03165, 0.76779, 0.1152, 0.12108, 0.10648, 0.71849, 0.05435, 0.46689, 0.06196, 0.07034, 0.13281, 0.9791, 0.79552, 0.96759, 0.938, 0.98937, 0.1989, 0.92605, 0.9883, 0.31562, 0.06951, 0.98202, 0.10243, 0.15706, 0.26421, 0.02642, 0.47266, 0.27895, 0.03029, 0.06846, 0.0591, 0.17152, 0.87837, 0.09887, 0.96043, 0.35965, 0.0735, 0.86569, 0.98721, 0.05514, 0.69287, 0.14083, 0.83054, 0.06409, 0.0997, 0.35083, 0.95068, 0.19557, 0.12723, 