{"model": "xlm-roberta-base", "dataset": "dravidian_malayalam", "train_config": "hardneg", "seed": 42, "thr_cal": 0.4289009392261505, "metrics_05": {"macro": 0.4920419911953945, "toxf1": 0.0, "prec": 0.0, "rec": 0.0, "prauc": 0.02974174460921414, "ece": 0.39754843107859295, "covert": 0.0}, "metrics_cal": {"macro": 0.4671010296010296, "toxf1": 0.05357142857142857, "prec": 0.031141868512110725, "rec": 0.19148936170212766, "prauc": 0.02974174460921414, "ece": 0.39754843107859295, "covert": 0.19444444444444445}, "probs": [0.4289, 0.42887, 0.42886, 0.42886, 0.42891, 0.4289, 0.4289, 0.42887, 0.4289, 0.4289, 0.4289, 0.42891, 0.4289, 0.4289, 0.4289, 0.4289, 0.42885, 0.42886, 0.4289, 0.42886, 0.4289, 0.42889, 0.4289, 0.4289, 0.42891, 0.42887, 0.4289, 0.42887, 0.42891, 0.4289, 0.4289, 0.42886, 0.4289, 0.4289, 0.4289, 0.42886, 0.42886, 0.4289, 0.42889, 0.4289, 0.42889, 0.42888, 0.4289, 0.42891, 0.42885, 0.42889, 0.4289, 0.4289, 0.42886, 0.4289, 0.42889, 0.4289, 0.42886, 0.42891, 0.4289, 0.42889, 0.4289, 0.42889, 0.4289, 0.42886, 0.42886, 0.4289, 0.42886, 0.42886, 0.42886, 0.42886, 0.4289, 0.42886, 0.4289, 0.42887, 0.42886, 0.4289, 0.4289, 0.4289, 0.42886, 0.4289, 0.4289, 0.42886, 0.42888, 0.42889, 0.42886, 0.42889, 0.4289, 0.4289, 0.42891, 0.4289, 0.42886, 0.4289, 0.42886, 0.4289, 0.4289, 0.42886, 0.4289, 0.42889, 0.42886, 0.4289, 0.42889, 0.4289, 0.42885, 0.4289, 0.42886, 0.42889, 0.4289, 0.4289, 0.4289, 0.42886, 0.4289, 0.42886, 0.42891, 0.4289, 0.42886, 0.42886, 0.4289, 0.42886, 0.42886, 0.42886, 0.4289, 0.4289, 0.4289, 0.42886, 0.4289, 0.42889, 0.4289, 0.42887, 0.4289, 0.4289, 0.4289, 0.42886, 0.4289, 0.4289, 0.4289, 0.42886, 0.4289, 0.4289, 0.42886, 0.42886, 0.4289, 0.4289, 0.4289, 0.42885, 0.42886, 0.4289, 0.42889, 0.42889, 0.4289, 0.4289, 0.42888, 0.4289, 0.4289, 0.42889, 0.4289, 0.42889, 0.42886, 0.4289, 0.42889, 0.4289, 0.4289, 0.42888, 0.4289, 0.42886, 0.4289, 0.42886, 0.42886, 0.4289, 0.42889, 0.42886, 0.4289, 0.4289, 0.42885, 0.42889, 0.42886, 0.4289, 0.42886, 0.42884, 0.4289, 0.4289, 0.4289, 0.4289, 0.4289, 0.4289, 0.42886, 0.42889, 0.4289, 0.42886, 0.4289, 0.42886, 0.4289, 0.42886, 0.42886, 0.42889, 0.42886, 0.4289, 0.4289, 0.42889, 0.42886, 0.42885, 0.42891, 0.4289, 0.42891, 0.42885, 0.42887, 0.42886, 0.42886, 0.42891, 0.42886, 0.4289, 0.42886, 0.42885, 0.42886, 0.42889, 0.42886, 0.42889, 0.4289, 0.4289, 0.4289, 0.42886, 0.4289, 0.4289, 0.42889, 0.42888, 0.42888, 0.4289, 0.42889, 0.4289, 0.4289, 0.4289, 0.4289, 0.42887, 0.42885, 0.42886, 0.4289, 0.42886, 0.4289, 0.42889, 0.4289, 0.42886, 0.4289, 0.4289, 0.42885, 0.42886, 0.42886, 0.42889, 0.42888, 0.4289, 0.4289, 0.4289, 0.4289, 0.42889, 0.42889, 0.4289, 0.4289, 0.4289, 0.4289, 0.4289, 0.4289, 0.4289, 0.4289, 0.42886, 0.42887, 0.4289, 0.42886, 0.42891, 0.42888, 0.4289, 0.42886, 0.4289, 0.4289, 0.42886, 0.42882, 0.4289, 0.4289, 0.42886, 0.4289, 0.4289, 0.42886, 0.42886, 0.4289, 0.4289, 0.4289, 0.4289, 0.42886, 0.42886, 0.42886, 0.42886, 0.4289, 0.42889, 0.4289, 0.42886, 0.4289, 0.42886, 0.4289, 0.4289, 0.4289, 0.42885, 0.42886, 0.4289, 0.42891, 0.4289, 0.42886, 0.4289, 0.4289, 0.42888, 0.42886, 0.42886, 0.4289, 0.4289, 0.4289, 0.4289, 0.4289, 0.4289, 0.4289, 0.4289, 0.4289, 0.42886, 0.4289, 0.42887, 0.42888, 0.4289, 0.42889, 0.42887, 0.42886, 0.4289, 0.4289, 0.42886, 0.4289, 0.42886, 0.42889, 0.4289, 0.42885, 0.42889, 0.4289, 0.42886, 0.42886, 0.4289, 0.42889, 0.4289, 0.42886, 0.4289, 0.4289, 0.42886, 0.4289, 0.42886, 0.4289, 0.4289, 0.4289, 0.42889, 0.42886, 0.42889, 0.4289, 0.42889, 0.42886, 0.42886, 0.4289, 0.4289, 0.42886, 0.4289, 0.4289, 0.42889, 0.4289, 0.4289, 0.4289, 0.42887, 0.4289, 0.4289, 0.42886, 0.4289, 0.42886, 0.42886, 0.42886, 0.42886, 0.42886, 0.42887, 0.4289, 0.42889, 0.42886, 0.4289, 0.42891, 0.42889, 0.42886, 0.4289, 0.42886, 0.4289, 0.4289, 0.42885, 0.42886, 0.42886, 0.42891, 0.4289, 0.42886, 0.42886, 0.42886, 0.4289, 0.42886, 0.42885, 0.4289, 0.4289, 0.42885, 0.42889, 0.4289, 0.4289, 0.42886, 0.42889, 0.4289, 0.4289, 0.42891, 0.4289, 0.42886, 0.42885, 0.42886, 0.42889, 0.42886, 0.42886, 0.42891, 0.42886, 0.42886, 0.42886, 0.4289, 0.4289, 0.4289, 0.42889, 0.4289, 0.4289, 0.4289, 0.42886, 0.42885, 0.4289, 0.4289, 0.4289, 0.4289, 0.42886, 0.4289, 0.42886, 0.42887, 0.4289, 0.42886, 0.4288, 0.4289, 0.4289, 0.42891, 0.4289, 0.42886, 0.42886, 0.4289, 0.42885, 0.4289, 0.42887, 0.4289, 0.4289, 0.42889, 0.4289, 0.42886, 0.42886, 0.4289, 0.42886, 0.42886, 0.4289, 0.4289, 0.42886, 0.4289, 0.42886, 0.42889, 0.42885, 0.4289, 0.42889, 0.4289, 0.42886, 0.4289, 0.4289, 0.42886, 0.42886, 0.42886, 0.42886, 0.42886, 0.4289, 0.42886, 0.42886, 0.4289, 0.42886, 0.4289, 0.42886, 0.42886, 0.42885, 0.4289, 0.42885, 0.4289, 0.42889, 0.42886, 0.42885, 0.42891, 0.4289, 0.4289, 0.4289, 0.42886, 0.42889, 0.4289, 0.42889, 0.42886, 0.4289, 0.42886, 0.42889, 0.4289, 0.4289, 0.42887, 0.42889, 0.42886, 0.42889, 0.42886, 0.4289, 0.42886, 0.4289, 0.42886, 0.42886, 0.4289, 0.42889, 0.4289, 0.42886, 0.4289, 0.42886, 0.4289, 0.42886, 0.4289, 0.42886, 0.4289, 0.42888, 0.42887, 0.42886, 0.4289, 0.42886, 0.4289, 0.42889, 0.42886, 0.4289, 0.4289, 0.42886, 0.42888, 0.42886, 0.42886, 0.42889, 0.42886, 0.4289, 0.42889, 0.4289, 0.42886, 0.4289, 0.42886, 0.42886, 0.42886, 0.4289, 0.42889, 0.4289, 0.4289, 0.42886, 0.42889, 0.42891, 0.4289, 0.42886, 0.42885, 0.4289, 0.4289, 0.4289, 0.4289, 0.4289, 0.42885, 0.42886, 0.42886, 0.42886, 0.42886, 0.42887, 0.42886, 0.4289, 0.4289, 0.42886, 0.4289, 0.4289, 0.42889, 0.4289, 0.42889, 0.42886, 0.42887, 0.42891, 0.4289, 0.42889, 0.42885, 0.4289, 0.42886, 0.42886, 0.4289, 0.42886, 0.42886, 0.42886, 0.42886, 0.42886, 0.42886, 0.4289, 0.42886, 0.42889, 0.4289, 0.42886, 0.42886, 0.42891, 0.4289, 0.4289, 0.4289, 0.42886, 0.42888, 0.4289, 0.42889, 0.4289, 0.42886, 0.42886, 0.42886, 0.42885, 0.42886, 0.42886, 0.42886, 0.42891, 0.42886, 0.4289, 0.42889, 0.42886, 0.42891, 0.4289, 0.4289, 0.42886, 0.42886, 0.42887, 0.4289, 0.4289, 0.4289, 0.42886, 0.4289, 0.42891, 0.42889, 0.4289, 0.4289, 0.42886, 0.42889, 0.42886, 0.42887, 0.4289, 0.4289, 0.4289, 0.42886, 0.4289, 0.42886, 0.4289, 0.42886, 0.4289, 0.4289, 0.42885, 0.42886, 0.4289, 0.4289, 0.4289, 0.42886, 0.42886, 0.4289, 0.4289, 0.42889, 0.4289, 0.42885, 0.4289, 0.4289, 0.42888, 0.4289, 0.4289, 0.4289, 0.4289, 0.4289, 0.4289, 0.42888, 0.4289, 0.42889, 0.4289, 0.4289, 0.4289, 0.4289, 0.42889, 0.4289, 0.4289, 0.4289, 0.4289, 0.4289, 0.42889, 0.42887, 0.42886, 0.42886, 0.42886, 0.42886, 0.42889, 0.4289, 0.42887, 0.42884, 0.4289, 0.4289, 0.42886, 0.4289, 0.42889, 0.4289, 0.42886, 0.4289, 0.4289, 0.42886, 0.4289, 0.42886, 0.4289, 0.42886, 0.4289, 0.4289, 0.4289, 0.4289, 0.42889, 0.4289, 0.42886, 0.42886, 0.42891, 0.4289, 0.42885, 0.4289, 0.4289, 0.42887, 0.42889, 0.42886, 0.4289, 0.42886, 0.42886, 0.42886, 0.42886, 0.4289, 0.4289, 0.42886, 0.4289, 0.4289, 0.42886, 0.4289, 0.4289, 0.4289, 0.42886, 0.42764, 0.42886, 0.42886, 0.4289, 0.42891, 0.4289, 0.4289, 0.42886, 0.42886, 0.4289, 0.4289, 0.42888, 0.42889, 0.42889, 0.4289, 0.4289, 0.42889, 0.42889, 0.42891, 0.42891, 0.4289, 0.42889, 0.42886, 0.4289, 0.4289, 0.42886, 0.42886, 0.4289, 0.42885, 0.42886, 0.4289, 0.4289, 0.4289, 0.42886, 0.4289, 0.4289, 0.4289, 0.4289, 0.42891, 0.4289, 0.42886, 0.4289, 0.42886, 0.4289, 0.42891, 0.42886, 0.4289, 0.42886, 0.4289, 0.4289, 0.42886, 0.42886, 0.4289, 0.4289, 0.42882, 0.42886, 0.42886, 0.4289, 0.42889, 0.42886, 0.4289, 0.42886, 0.42889, 0.4289, 0.4289, 0.42891, 0.4289, 0.42886, 0.4289, 0.42886, 0.4289, 0.42886, 0.42886, 0.4289, 0.42886, 0.4289, 0.4289, 0.42889, 0.42888, 0.42886, 0.42886, 0.42889, 0.42886, 0.4289, 0.4289, 0.4289, 0.4289, 0.4289, 0.4289, 0.4289, 0.4289, 0.42887, 0.42886, 0.42886, 0.4289, 0.42888, 0.42882, 0.4289, 0.42891, 0.42889, 0.42886, 0.42887, 0.4289, 0.4289, 0.4289, 0.4289, 0.42889, 0.42886, 0.4289, 0.42886, 0.4289, 0.4289, 0.4289, 0.42891, 0.4289, 0.42887, 0.42886, 0.4289, 0.4289, 0.4289, 0.4289, 0.42886, 0.42888, 0.42886, 0.4289, 0.4289, 0.42886, 0.42886, 0.4289, 0.4289, 0.42886, 0.42886, 0.42886, 0.4289, 0.4289, 0.4289, 0.42886, 0.42886,