{"model": "xlm-roberta-base", "dataset": "dravidian_kannada", "train_config": "ce", "seed": 99, "thr_cal": 0.5682727843523027, "metrics_05": {"macro": 0.7170901394310853, "toxf1": 0.6326034063260341, "prec": 0.5179282868525896, "rec": 0.8125, "prauc": 0.7246060517425623, "ece": 0.1312110530810094, "covert": 0.8397790055248618}, "metrics_cal": {"macro": 0.7364234192529556, "toxf1": 0.6478149100257069, "prec": 0.5502183406113537, "rec": 0.7875, "prauc": 0.7246060517425623, "ece": 0.1312110530810094, "covert": 0.8409090909090909}, "probs": [0.03936, 0.71916, 0.76506, 0.01211, 0.24049, 0.74424, 0.18681, 0.05879, 0.01784, 0.02697, 0.18811, 0.25367, 0.00106, 0.50279, 0.76663, 0.00037, 0.02114, 0.80013, 0.04523, 0.28604, 0.08065, 0.03473, 0.76719, 0.76276, 0.94818, 0.73271, 0.92044, 0.72534, 0.73839, 0.68655, 0.95372, 0.76143, 0.09778, 0.81991, 0.82672, 0.06099, 0.21886, 0.01464, 0.64969, 0.15732, 0.69299, 0.00553, 0.85263, 0.00029, 0.59469, 0.75316, 0.026, 0.07201, 0.00162, 0.0962, 0.84338, 0.59558, 0.00025, 0.81972, 0.09903, 0.55073, 0.00018, 0.76335, 0.26663, 0.90984, 0.29441, 0.28254, 0.68541, 0.70583, 0.03161, 0.28642, 0.00044, 0.02757, 0.61714, 0.94402, 0.20085, 0.08587, 0.05373, 0.43352, 0.64794, 0.37401, 0.14108, 0.61567, 0.66558, 0.77979, 0.0527, 0.93239, 0.01864, 0.39134, 0.6917, 0.00019, 0.83293, 0.04319, 0.80937, 0.00494, 0.00108, 0.58469, 0.0174, 0.40522, 0.0466, 0.02125, 0.00035, 0.01379, 0.00032, 0.0061, 6e-05, 0.80215, 0.05877, 0.90923, 0.83544, 0.38439, 0.6727, 0.04951, 0.00553, 0.72533, 0.83225, 0.15702, 0.00321, 0.00622, 0.08343, 0.06453, 0.09778, 0.01703, 0.72548, 0.83566, 0.06541, 0.03377, 0.92991, 0.64368, 0.21472, 0.0119, 0.026, 0.76964, 0.00036, 0.23119, 0.82389, 0.01317, 0.01565, 0.77976, 0.8295, 0.6526, 0.00121, 0.91272, 0.11517, 0.80531, 0.00019, 0.07988, 0.48163, 0.91614, 0.87608, 0.82827, 0.50303, 0.78479, 0.79991, 0.03055, 0.00038, 0.02442, 0.69516, 0.7345, 0.20167, 0.72121, 0.02495, 0.85124, 0.50194, 0.73295, 0.8027, 0.68595, 0.00089, 0.04913, 0.0275, 0.00271, 0.29962, 0.11925, 0.2712, 0.78678, 0.05521, 0.84658, 0.23226, 0.16068, 0.91228, 6e-05, 0.026, 0.56894, 0.00585, 0.7962, 0.67637, 0.00869, 0.026, 0.90167, 0.85336, 0.00831, 0.80158, 0.00405, 0.01616, 0.17642, 0.68542, 0.82618, 0.51164, 0.026, 0.81056, 0.95507, 0.38037, 0.37408, 0.71002, 0.66787, 0.1064, 0.00104, 0.00121, 0.34733, 0.24011, 0.48484, 0.86963, 0.27491, 0.97747, 0.02599, 0.85893, 0.63397, 0.08795, 0.00923, 0.01215, 0.00042, 0.8974, 0.00716, 0.00132, 0.00533, 4e-05, 0.1244, 0.00064, 0.58754, 0.62278, 0.33341, 0.00313, 0.50188, 0.03707, 0.18577, 0.0033, 0.39951, 4e-05, 0.52698, 0.42541, 0.78051, 0.95486, 0.23587, 0.00157, 0.00043, 0.68134, 0.026, 0.48293, 0.95618, 0.94325, 0.08441, 0.02694, 0.02508, 0.19331, 0.80182, 0.66652, 0.02584, 0.12926, 0.16073, 0.00667, 0.03571, 0.87588, 0.07013, 0.21156, 0.03552, 0.76588, 0.83544, 0.52259, 0.52208, 0.02048, 0.00089, 0.026, 0.00042, 0.01314, 0.00142, 0.07225, 0.05171, 0.80386, 0.26579, 0.04063, 0.92091, 0.64425, 0.00065, 0.91377, 0.85117, 9e-05, 0.81565, 0.92906, 0.68002, 0.56418, 0.73379, 0.02603, 0.4257, 0.01036, 0.0781, 0.70329, 0.01983, 0.00436, 0.80193, 0.41742, 0.026, 0.80377, 0.78102, 0.01986, 0.00312, 6e-05, 0.269, 0.02712, 0.74778, 0.02045, 0.00086, 0.38481, 0.026, 0.01874, 0.00279, 0.53712, 7e-05, 0.00325, 0.00387, 0.71957, 0.14468, 0.00446, 0.11983, 0.66806, 0.05532, 0.13355, 0.46154, 0.00013, 0.03564, 0.9395, 0.00287, 0.77268, 0.00295, 0.21806, 0.94661, 0.00061, 0.09027, 0.02981, 0.2018, 0.0049, 0.0008, 0.01813, 0.52353, 0.00758, 0.00276, 0.69746, 0.01299, 0.78041, 0.42957, 0.70324, 0.26048, 0.93772, 0.7579, 0.026, 0.69118, 0.01692, 0.01897, 0.81223, 0.67865, 0.06155, 0.81298, 0.70498, 0.92932, 0.00245, 0.00314, 0.84206, 0.0091, 0.87125, 0.62944, 0.00222, 0.00178, 0.83578, 0.00078, 0.00064, 0.64814, 0.95573, 0.06766, 0.04563, 0.026, 0.06143, 0.01175, 0.04025, 0.88828, 0.79538, 0.50193, 0.70587, 0.33269, 0.00297, 0.89028, 0.74583, 0.79056, 0.00149, 0.01852, 0.78649, 0.75178, 0.53195, 0.01509, 0.0083, 0.00784, 0.00634, 5e-05, 0.46054, 0.49845, 0.35916, 0.84468, 0.56629, 0.79584, 0.72918, 0.80409, 0.00798, 0.08749, 0.18199, 0.96136, 0.24383, 0.09809, 0.15168, 0.08184, 0.71795, 0.00345, 0.67271, 0.26624, 0.02099, 0.56992, 0.00028, 0.12228, 0.02075, 0.90463, 0.84919, 0.0002, 0.37732, 0.70932, 0.56972, 0.94599, 0.9044, 0.00032, 0.10298, 0.72559, 0.01202, 0.78689, 0.2011, 0.92948, 0.85401, 0.40605, 0.90582, 0.00882, 0.09858, 0.54748, 0.04529, 0.01181, 0.94196, 0.94505, 0.00223, 0.86186, 0.70211, 0.76547, 0.39446, 0.03541, 0.00372, 0.0035, 0.45837, 0.22881, 0.61629, 0.00067, 0.05832, 0.01186, 0.22101, 0.00099, 0.00711, 0.00111, 0.68851, 0.54155, 0.04813, 0.94159, 0.87946, 0.89421, 0.76181, 0.52676, 0.70801, 0.00223, 0.61676, 0.00128, 0.26117, 0.94554, 0.02734, 0.00338, 0.91067, 0.78405, 0.00411, 0.01906, 0.51489, 0.65736, 0.95233, 0.72531, 0.01721, 0.00206, 0.00263, 0.24548, 0.83633, 0.927, 0.01528, 0.20996, 0.78739, 0.90497, 0.85183, 0.71318, 0.01001, 0.0412, 0.69198, 0.00062, 0.01189, 0.85575, 0.01023, 0.13634, 0.73158, 0.81496, 0.00158, 0.94555, 0.0028, 0.00325, 0.02544, 0.87453, 0.91385, 0.72666, 0.10416, 0.53022, 0.02003, 0.81699, 0.77777, 0.0249, 0.84109, 0.86305, 0.026, 0.36934, 0.71981, 0.05612, 0.00606, 0.79917, 0.33618, 0.00093, 0.89703, 0.026, 0.65594, 0.50499, 0.81152, 0.72452, 0.57533, 0.89095, 0.77663, 0.82116, 0.00084, 0.65732, 0.69272, 0.77811, 0.91268, 0.15856, 0.9116, 9e-05, 0.0053, 0.00342, 0.00036, 0.91851, 0.0022, 0.67019, 0.38274, 0.02471, 0.0001, 0.01842, 0.09354, 0.83486, 0.91195, 0.8921, 0.8499, 0.03522, 0.68041, 0.47717, 0.88109, 0.89642, 0.6566, 0.88921, 0.07515, 0.0291, 0.07524, 0.03557, 0.00112, 0.54639, 0.25343, 0.00063, 0.44944, 0.7949, 0.00368, 0.66129], "labels": [0, 0, 0, 0, 0, 0, 0, 0, 0, 0, 0, 0, 0, 0, 1, 0, 0, 1, 0, 0, 0, 0, 0, 1, 1, 1, 1, 1, 1, 0, 1, 0, 1, 1, 1, 0, 1, 0, 0, 1, 0, 0, 1, 0, 0, 0, 0, 0, 0, 1, 0, 0, 0, 1, 0, 0, 0, 0, 1, 0, 0, 0, 0, 1, 0, 0, 0, 0, 1, 1, 1, 0, 0, 0, 0, 1, 0, 0, 0, 1, 0, 1, 1, 0, 0, 0, 1, 0, 1, 0, 0, 0, 0, 0, 0, 0, 0, 1, 0, 0, 0, 1, 0, 1, 0, 0, 1, 0, 0, 0, 0, 0, 0, 0, 0, 0, 0, 0, 1, 0, 0, 0, 1, 1, 0, 0, 0, 0, 0, 0, 0, 0, 0, 1, 1, 0, 0, 1, 0, 0, 0, 0, 1, 1, 1, 0, 0, 0, 1, 0, 0, 0, 0, 0, 0, 1, 0, 0, 0, 1, 1, 1, 0, 1, 0, 0, 0, 0, 0, 0, 0, 1, 0, 0, 1, 0, 0, 0, 0, 0, 0, 0, 0, 0, 1, 0, 0, 0, 0, 0, 0, 1, 0, 1, 0, 1, 1, 0, 0, 0, 0, 0, 0, 0, 1, 1, 0, 0, 1, 0, 1, 0, 1, 0, 0, 0, 1, 0, 0, 0, 1, 0, 0, 0, 1, 0, 0, 0, 0, 0, 0, 0, 0, 0, 0, 1, 1, 0, 0, 0, 0, 0, 0, 1, 1, 0, 0, 0, 0, 0, 0, 0, 0, 1, 0, 0, 0, 0, 1, 0, 1, 0, 0, 0, 0, 0, 0, 0, 0, 0, 0, 0, 0, 1, 0, 0, 0, 0, 1, 1, 0, 1, 1, 0, 0, 1, 0, 1, 0, 0, 1, 0, 0, 1, 0, 0, 0, 1, 0, 0, 0, 0, 0, 0, 0, 0, 0, 1, 0, 0, 0, 0, 0, 0, 1, 1, 0, 0, 0, 0, 1, 1, 0, 0, 1, 0, 1, 0, 1, 1, 0, 0, 0, 0, 0, 0, 0, 1, 0, 0, 0, 0, 0, 0, 0, 0, 1, 0, 0, 0, 0, 0, 1, 0, 0, 1, 0, 1, 0, 0, 1, 0, 0, 0, 0, 0, 1, 0, 0, 1, 1, 0, 0, 0, 0, 0, 0, 1, 1, 0, 1, 0, 0, 1, 1, 1, 0, 0, 1, 1, 0, 0, 0, 0, 0, 0, 0, 0, 0, 1, 1, 1, 0, 1, 0, 0, 0, 1, 0, 0, 0, 0, 0, 0, 0, 0, 0, 1, 0, 1, 0, 0, 1, 0, 0, 0, 1, 1, 1, 0, 0, 0, 0, 0, 0, 1, 1, 0, 1, 0, 0, 0, 0, 0, 1, 1, 0, 1, 0, 1, 0, 0, 0, 0, 0, 0, 0, 0, 0, 0, 0, 0, 0, 0, 0, 0, 0, 1, 0, 1, 0, 0, 1, 1, 1, 0, 0, 1, 0, 0, 1, 1, 0, 0, 1, 0, 1, 1, 0, 0, 0, 0, 1, 1, 0, 1, 0, 0, 1, 0, 0, 0, 0, 0, 0, 0, 0, 0, 0, 1, 0, 1, 0, 0, 0, 1, 0, 1, 0, 0, 0, 1, 0, 0, 0, 0, 0, 0, 0, 0, 0, 0, 0, 0, 1, 0, 0, 1, 1, 1, 0, 0, 0, 1, 0, 0, 0, 1, 0, 1, 1, 0, 0, 0, 0, 1, 0, 0, 0, 0, 0, 0, 0, 1, 1, 1, 1, 0, 0, 0, 1, 1, 0, 0, 0, 0, 0, 0, 0, 0, 0, 0, 0, 1, 0, 1], "n": {"train": 3400, "val": 600, "test": 586, "toxic_frac": 0.23911764705882352}}