{"model": "xlm-roberta-base", "dataset": "dravidian_tamil", "train_config": "hardneg", "seed": 2024, "thr_cal": 0.61701580286026, "metrics_05": {"macro": 0.670297607469364, "toxf1": 0.5735849056603773, "prec": 0.42696629213483145, "rec": 0.8735632183908046, "prauc": 0.5898075332938576, "ece": 0.2436178466329972, "covert": 0.7167381974248928}, "metrics_cal": {"macro": 0.7108668133720535, "toxf1": 0.5957918050941307, "prec": 0.4846846846846847, "rec": 0.7729885057471264, "prauc": 0.5898075332938576, "ece": 0.2436178466329972, "covert": 0.7122641509433962}, "probs": [0.47142, 0.03775, 0.11153, 0.06592, 0.84311, 0.35065, 0.16503, 0.11669, 0.09053, 0.11181, 0.22474, 0.49491, 0.05309, 0.11078, 0.25123, 0.14111, 0.87307, 0.66481, 0.07218, 0.65139, 0.47763, 0.28475, 0.3964, 0.39959, 0.11949, 0.50524, 0.86624, 0.28792, 0.2275, 0.1291, 0.13691, 0.61854, 0.15655, 0.24404, 0.45718, 0.85295, 0.48559, 0.66936, 0.0563, 0.76987, 0.77047, 0.1799, 0.64931, 0.60028, 0.66063, 0.84641, 0.1469, 0.42311, 0.49111, 0.11645, 0.13748, 0.46046, 0.40918, 0.2616, 0.27912, 0.69114, 0.59145, 0.79206, 0.71139, 0.47554, 0.35169, 0.12314, 0.76047, 0.61916, 0.32226, 0.14255, 0.42303, 0.34442, 0.81917, 0.73538, 0.80792, 0.38995, 0.18337, 0.24429, 0.69765, 0.74171, 0.81593, 0.81491, 0.18076, 0.29221, 0.73771, 0.61463, 0.57497, 0.05786, 0.54814, 0.05711, 0.67081, 0.42851, 0.2064, 0.78318, 0.0847, 0.77627, 0.29407, 0.66465, 0.60714, 0.52341, 0.32177, 0.22161, 0.31042, 0.16729, 0.76739, 0.05618, 0.18341, 0.24742, 0.74149, 0.71858, 0.41927, 0.39871, 0.08839, 0.69092, 0.76689, 0.3576, 0.74375, 0.54588, 0.73204, 0.37462, 0.40905, 0.56457, 0.10272, 0.08451, 0.43853, 0.07603, 0.11674, 0.34004, 0.78207, 0.30273, 0.8145, 0.40559, 0.17799, 0.20523, 0.5157, 0.63303, 0.59896, 0.27958, 0.83952, 0.7542, 0.35422, 0.12002, 0.31959, 0.70293, 0.76164, 0.20096, 0.66931, 0.88826, 0.42377, 0.6047, 0.06176, 0.29415, 0.70074, 0.44969, 0.70978, 0.17002, 0.69429, 0.48888, 0.73343, 0.15513, 0.06746, 0.51847, 0.1513, 0.53879, 0.13972, 0.81384, 0.47286, 0.88362, 0.18959, 0.21287, 0.57288, 0.81947, 0.70742, 0.42592, 0.88793, 0.84079, 0.58532, 0.62478, 0.3592, 0.24349, 0.51237, 0.4541, 0.07819, 0.68868, 0.35958, 0.7286, 0.54679, 0.81697, 0.11393, 0.07466, 0.7132, 0.32064, 0.05351, 0.35364, 0.18143, 0.45271, 0.67412, 0.37187, 0.05347, 0.53447, 0.1429, 0.8925, 0.12466, 0.07465, 0.34577, 0.89678, 0.80981, 0.227, 0.37981, 0.23937, 0.71077, 0.19582, 0.27502, 0.76172, 0.5918, 0.16858, 0.48318, 0.17245, 0.08669, 0.80804, 0.17776, 0.11492, 0.39311, 0.11545, 0.41957, 0.11778, 0.38135, 0.81004, 0.37801, 0.91907, 0.80339, 0.69339, 0.05784, 0.43571, 0.48095, 0.2614, 0.24278, 0.90835, 0.56199, 0.21131, 0.68325, 0.03916, 0.56349, 0.30065, 0.87776, 0.40304, 0.11775, 0.7268, 0.64215, 0.81146, 0.36853, 0.73386, 0.62436, 0.48347, 0.34937, 0.24969, 0.2584, 0.249, 0.80694, 0.63778, 0.07158, 0.84581, 0.4813, 0.20487, 0.68331, 0.8467, 0.20014, 0.51862, 0.45556, 0.28707, 0.54813, 0.48212, 0.75054, 0.55269, 0.60598, 0.82282, 0.83452, 0.14873, 0.38711, 0.05989, 0.78805, 0.59663, 0.33013, 0.28601, 0.16545, 0.13361, 0.15024, 0.33114, 0.08158, 0.10291, 0.45599, 0.61113, 0.70293, 0.80786, 0.33591, 0.02966, 0.16398, 0.85924, 0.39393, 0.35586, 0.50087, 0.67012, 0.83778, 0.41495, 0.05845, 0.25492, 0.39595, 0.88044, 0.77528, 0.45575, 0.40106, 0.53389, 0.46456, 0.21202, 0.09154, 0.88057, 0.42365, 0.52989, 0.30137, 0.83635, 0.65871, 0.54389, 0.43691, 0.59508, 0.22136, 0.47061, 0.82922, 0.3883, 0.55547, 0.81765, 0.88613, 0.79297, 0.54463, 0.07078, 0.34723, 0.77641, 0.28072, 0.79005, 0.10092, 0.14621, 0.32034, 0.46177, 0.23757, 0.37094, 0.08912, 0.04713, 0.27351, 0.58499, 0.25807, 0.43098, 0.78791, 0.24806, 0.34271, 0.58391, 0.80127, 0.6697, 0.45087, 0.7426, 0.78747, 0.66619, 0.37834, 0.6788, 0.2476, 0.52663, 0.52368, 0.67928, 0.13809, 0.26958, 0.71732, 0.67976, 0.1497, 0.86844, 0.03662, 0.86743, 0.14542, 0.63504, 0.83884, 0.588, 0.21386, 0.48279, 0.35069, 0.69675, 0.83843, 0.39839, 0.63099, 0.2478, 0.41855, 0.64097, 0.46665, 0.53722, 0.80096, 0.68354, 0.06126, 0.68476, 0.52105, 0.26651, 0.16959, 0.18937, 0.13774, 0.78503, 0.75792, 0.77145, 0.27646, 0.09762, 0.70995, 0.39214, 0.10478, 0.35325, 0.07726, 0.12922, 0.35526, 0.82725, 0.10821, 0.90424, 0.88726, 0.3603, 0.18614, 0.84175, 0.67807, 0.82178, 0.34014, 0.52448, 0.86138, 0.80378, 0.85022, 0.38179, 0.29659, 0.6648, 0.85523, 0.07574, 0.36598, 0.2186, 0.80193, 0.48237, 0.10076, 0.59628, 0.62945, 0.76885, 0.2619, 0.19594, 0.3312, 0.65844, 0.62749, 0.20406, 0.83262, 0.30761, 0.91755, 0.75448, 0.2523, 0.78056, 0.71252, 0.12117, 0.85799, 0.48305, 0.23734, 0.64698, 0.33298, 0.29941, 0.27504, 0.77912, 0.55487, 0.85089, 0.25204, 0.20335, 0.05421, 0.09485, 0.63167, 0.04126, 0.08088, 0.83087, 0.07659, 0.4016, 0.81351, 0.53691, 0.24701, 0.17731, 0.51438, 0.32547, 0.58321, 0.40577, 0.1199, 0.85449, 0.74073, 0.78579, 0.57489, 0.3143, 0.57867, 0.77865, 0.2031, 0.8774, 0.89836, 0.33857, 0.07366, 0.49143, 0.1814, 0.91658, 0.43355, 0.26477, 0.88369, 0.72767, 0.56346, 0.12666, 0.27458, 0.77085, 0.66526, 0.76413, 0.52906, 0.6897, 0.78605, 0.43179, 0.30344, 0.06041, 0.81579, 0.24865, 0.04495, 0.44779, 0.31948, 0.46298, 0.16109, 0.79786, 0.68106, 0.46079, 0.7366, 0.61996, 0.76946, 0.40459, 0.21255, 0.67675, 0.74381, 0.37986, 0.26928, 0.50092, 0.26252, 0.73803, 0.3146, 0.16958, 0.88825, 0.81871, 0.59849, 0.19126, 0.22116, 0.09607, 0.03013, 0.70827, 0.6319, 0.39591, 0.19504, 0.24115, 0.68483, 0.85352, 0.11646, 0.75853, 0.10611, 0.1651, 0.20343, 0.27458, 0.40914, 0.7082, 0.44113, 0.72713, 0.67638, 0.81655, 0.76233, 0.80964, 0.79178, 0.50257, 0.69384, 0.6003, 0.20308, 0.75864, 0.85476, 0.81457, 0.19698, 0.77991, 0.2355, 0.71765, 0.15904, 0.08352, 0.72783, 0.56995, 0.53816, 0.62573, 0.65932, 0.21844, 0.77156, 0.33091, 0.17254, 0.54624, 0.33373, 0.47762, 0.50424, 0.35054, 0.9051, 0.86814, 0.09645, 0.86183, 0.72684, 0.84102, 0.31612, 0.13609, 0.12185, 0.19555, 0.16517, 0.47938, 0.26937, 0.77234, 0.86805, 0.30905, 0.13618, 0.69552, 0.3884, 0.69926, 0.73193, 0.72179, 0.49081, 0.63301, 0.6545, 0.4913, 0.72185, 0.50635, 0.65715, 0.15696, 0.40958, 0.77285, 0.16488, 0.11317, 0.8657, 0.42887, 0.66494, 0.38813, 0.09478, 0.03993, 0.86486, 0.57174, 0.53653, 0.52276, 0.31936, 0.84331, 0.4826, 0.65975, 0.79592, 0.0707, 0.83573, 0.47115, 0.11799, 0.50845, 0.84682, 0.57356, 0.32481, 0.18688, 0.52524, 0.83517, 0.79893, 0.85166, 0.09311, 0.54824, 0.70939, 0.51897, 0.70816, 0.21552, 0.0392, 0.78559, 0.88982, 0.65205, 0.70145, 0.25661, 0.32469, 0.05602, 0.51964, 0.3844, 0.46313, 0.27134, 0.69508, 0.29079, 0.73772, 0.22584, 0.62805, 0.46655, 0.20878, 0.28998, 0.29106, 0.67511, 0.41861, 0.91238, 0.55283, 0.64875, 0.84432, 0.2114, 0.69323, 0.29256, 0.24646, 0.80335, 0.24501, 0.71137, 0.29386, 0.30603, 0.44092, 0.39868, 0.77795, 0.30005, 0.12076, 0.32902, 0.18813, 0.75623, 0.43364, 0.12216, 0.68625, 0.62388, 0.27222, 0.59572, 0.5913, 0.61335, 0.16362, 0.11951, 0.31897, 0.10139, 0.401, 0.05038, 0.87695, 0.73471, 0.84128, 0.10254, 0.88134, 0.17945, 0.85885, 0.67645, 0.39175, 0.35481, 0.38009, 0.10182, 0.62835, 0.35746, 0.46672, 0.44412, 0.02726, 0.26182, 0.53517, 0.27713, 0.85102, 0.09997, 0.50062, 0.25549, 0.47599, 0.16964, 0.09678, 0.1067, 0.88694, 0.83347, 0.37195, 0.44592, 0.11394, 0.2828, 0.61208, 0.80095, 0.61484, 0.10626, 0.802, 0.25675, 0.42538, 0.04135, 0.58756, 0.60013, 0.08568, 0.36349, 0.47977, 0.60409, 0.1901, 0.18688, 0.32915, 0.20205, 0.8288, 0.43735, 0.85948, 0.36385, 0.73247, 0.04942, 0.20553, 0.33209, 0.55494, 0.69355, 0.468, 0.68712, 0.29506, 0.08824, 0.7845, 0.71401, 0.82313, 0.46214, 0.46451, 0.40494, 0.38094, 0.13381, 0.42385, 0.74425, 0.21379, 0.63273, 0.81906, 0.06555, 0.11577, 0.82786, 0.69986, 0.18353, 0.36636, 0.76834, 0.23962, 0.40603, 0.12085, 0.70898, 0.59106, 0.77436, 0.57303, 0.82544, 0.70359, 0.50129, 0.42859, 0.45789, 0.656, 0.48448, 0.18649, 0.14962, 0.34354, 0.39934, 0.10322, 0.62641, 0.78617, 0.89235, 0.71053, 0.49436, 0.88642, 0.46823, 0.18968, 0.38854, 0.87878, 0.42469, 0.21356, 0.28751, 0.67799, 0.58616, 