{"model": "xlm-roberta-base", "dataset": "dravidian_kannada", "train_config": "ce", "seed": 2024, "thr_cal": 0.7602795362472534, "metrics_05": {"macro": 0.6927949474363388, "toxf1": 0.6167800453514739, "prec": 0.48398576512455516, "rec": 0.85, "prauc": 0.7168168671690611, "ece": 0.1908292941710953, "covert": 0.8465608465608465}, "metrics_cal": {"macro": 0.7561116841286213, "toxf1": 0.6483180428134556, "prec": 0.6347305389221557, "rec": 0.6625, "prauc": 0.7168168671690611, "ece": 0.1908292941710953, "covert": 0.8170731707317073}, "probs": [0.12741, 0.79569, 0.87491, 0.16293, 0.52382, 0.72193, 0.15874, 0.10529, 0.02505, 0.46991, 0.29438, 0.14959, 0.02526, 0.3016, 0.80383, 0.2523, 0.21279, 0.79228, 0.10556, 0.83913, 0.27769, 0.06771, 0.80262, 0.80698, 0.98366, 0.80691, 0.96155, 0.47701, 0.53457, 0.69464, 0.98289, 0.80972, 0.3836, 0.59527, 0.84552, 0.08922, 0.15816, 0.05479, 0.68439, 0.21692, 0.43921, 0.02895, 0.88838, 0.46953, 0.70344, 0.89488, 0.10694, 0.56433, 0.03159, 0.3951, 0.90802, 0.48062, 0.06343, 0.822, 0.29425, 0.72793, 0.01792, 0.74269, 0.24872, 0.89392, 0.58349, 0.17331, 0.42009, 0.67313, 0.0847, 0.31271, 0.42365, 0.25846, 0.88275, 0.96006, 0.30961, 0.03337, 0.45855, 0.85294, 0.83802, 0.60334, 0.24159, 0.17169, 0.9286, 0.78779, 0.22927, 0.95682, 0.27273, 0.82307, 0.69522, 0.03256, 0.74969, 0.15437, 0.87691, 0.08935, 0.05726, 0.52569, 0.13355, 0.48277, 0.225, 0.18074, 0.03726, 0.00415, 0.03295, 0.02305, 0.0986, 0.84792, 0.27978, 0.92038, 0.80304, 0.31924, 0.61227, 0.17803, 0.17628, 0.61999, 0.86291, 0.02186, 0.01833, 0.29023, 0.12046, 0.13252, 0.3836, 0.41733, 0.78552, 0.86515, 0.19689, 0.00458, 0.78727, 0.88847, 0.10072, 0.05034, 0.10694, 0.82228, 0.03109, 0.43676, 0.90192, 0.1091, 0.25837, 0.83426, 0.92219, 0.70934, 0.03074, 0.95091, 0.16382, 0.86066, 0.02892, 0.23825, 0.51284, 0.92905, 0.90006, 0.79732, 0.28672, 0.87988, 0.64166, 0.10127, 0.02605, 0.0927, 0.75809, 0.85871, 0.63881, 0.62938, 0.10808, 0.88881, 0.72055, 0.78893, 0.82708, 0.05005, 0.0505, 0.12717, 0.41637, 0.00721, 0.45163, 0.51244, 0.23534, 0.68307, 0.03041, 0.92704, 0.32937, 0.10814, 0.94686, 0.02646, 0.10694, 0.41798, 0.14585, 0.85259, 0.79499, 0.05356, 0.10694, 0.8788, 0.87947, 0.44612, 0.86609, 0.10998, 0.24529, 0.75015, 0.42136, 0.93836, 0.11625, 0.10694, 0.84781, 0.96108, 0.56305, 0.73692, 0.60741, 0.65544, 0.67567, 0.07572, 0.00612, 0.26596, 0.41745, 0.37644, 0.81227, 0.34781, 0.93135, 0.03445, 0.89408, 0.71649, 0.29513, 0.03422, 0.22522, 0.04579, 0.84178, 0.09115, 0.01331, 0.71935, 0.00947, 0.0215, 0.02437, 0.47726, 0.80799, 0.41047, 0.01415, 0.55398, 0.11422, 0.17654, 0.01258, 0.71637, 0.00862, 0.63783, 0.62823, 0.70869, 0.98093, 0.61767, 0.07388, 0.05532, 0.71353, 0.10694, 0.63934, 0.96759, 0.92459, 0.13791, 0.06689, 0.4603, 0.38074, 0.85256, 0.92245, 0.21989, 0.47313, 0.54904, 0.29919, 0.1095, 0.61207, 0.33502, 0.60668, 0.18515, 0.8354, 0.80304, 0.71425, 0.68021, 0.3892, 0.06897, 0.10694, 0.31954, 0.13425, 0.00323, 0.06499, 0.11425, 0.67213, 0.40689, 0.01226, 0.86588, 0.52589, 0.04676, 0.92836, 0.93151, 0.05625, 0.85629, 0.93701, 0.87101, 0.81834, 0.7528, 0.2374, 0.81628, 0.12568, 0.12211, 0.84196, 0.05584, 0.56587, 0.8691, 0.37091, 0.10694, 0.84273, 0.78824, 0.38819, 0.22143, 0.02333, 0.58563, 0.02068, 0.77716, 0.15284, 0.03854, 0.41644, 0.10694, 0.70456, 0.14281, 0.36667, 0.3847, 0.05665, 0.09127, 0.83795, 0.48377, 0.06351, 0.33793, 0.70126, 0.62234, 0.83961, 0.73409, 0.03154, 0.01316, 0.95379, 0.16952, 0.81647, 0.02704, 0.69973, 0.9538, 0.02808, 0.48751, 0.03305, 0.65944, 0.07518, 0.13822, 0.16499, 0.21436, 0.04291, 0.03945, 0.63843, 0.03002, 0.74659, 0.6866, 0.50854, 0.62174, 0.94883, 0.84776, 0.10694, 0.77715, 0.09351, 0.06915, 0.82399, 0.74605, 0.12638, 0.88008, 0.79091, 0.9254, 0.24723, 0.05735, 0.87195, 0.03863, 0.87929, 0.6873, 0.23112, 0.09864, 0.90474, 0.364, 0.04771, 0.77485, 0.98334, 0.15957, 0.13134, 0.10694, 0.41699, 0.5789, 0.26217, 0.82853, 0.93481, 0.41, 0.7565, 0.53855, 0.01493, 0.91232, 0.7552, 0.78131, 0.02145, 0.10436, 0.77104, 0.79111, 0.43619, 0.10033, 0.19321, 0.14358, 0.60172, 0.00715, 0.72586, 0.55829, 0.70255, 0.8872, 0.73527, 0.90441, 0.64364, 0.87642, 0.61858, 0.06638, 0.08199, 0.97534, 0.16048, 0.31881, 0.08766, 0.17027, 0.67367, 0.01552, 0.58035, 0.45403, 0.15467, 0.83667, 0.03621, 0.74145, 0.40583, 0.90037, 0.88421, 0.02483, 0.58416, 0.73072, 0.34841, 0.91069, 0.95394, 0.05837, 0.14832, 0.77998, 0.00315, 0.74725, 0.40325, 0.934, 0.89169, 0.6503, 0.89712, 0.01756, 0.18684, 0.55586, 0.09802, 0.08677, 0.9733, 0.95032, 0.014, 0.91754, 0.76668, 0.71164, 0.50024, 0.22859, 0.0693, 0.04242, 0.44903, 0.31476, 0.30125, 0.17341, 0.32034, 0.12095, 0.24847, 0.01806, 0.24463, 0.00798, 0.82966, 0.30523, 0.31787, 0.86358, 0.75333, 0.92462, 0.77893, 0.88592, 0.80371, 0.14495, 0.6235, 0.00511, 0.42479, 0.95361, 0.22877, 0.05152, 0.93329, 0.81291, 0.00863, 0.14705, 0.71486, 0.60977, 0.93673, 0.81057, 0.39242, 0.09707, 0.04168, 0.47096, 0.84665, 0.90254, 0.02974, 0.6464, 0.85052, 0.8192, 0.9395, 0.81439, 0.02044, 0.00194, 0.44713, 0.01216, 0.00763, 0.83444, 0.06659, 0.58957, 0.70961, 0.88108, 0.0574, 0.97189, 0.08379, 0.1165, 0.04329, 0.65467, 0.91615, 0.87749, 0.08923, 0.80325, 0.25525, 0.73685, 0.92573, 0.21726, 0.75554, 0.88249, 0.10694, 0.74049, 0.55073, 0.20415, 0.11943, 0.87902, 0.84595, 0.0288, 0.87434, 0.10694, 0.3176, 0.3493, 0.58469, 0.86134, 0.55958, 0.85436, 0.84315, 0.88526, 0.10722, 0.61886, 0.7201, 0.80738, 0.66998, 0.63108, 0.92964, 0.01549, 0.1962, 0.1647, 0.09694, 0.94698, 0.00344, 0.77222, 0.57452, 0.01592, 0.08589, 0.53463, 0.69934, 0.82859, 0.86303, 0.64481, 0.57232, 0.01486, 0.85627, 0.75135, 0.94593, 0.85471, 0.57887, 0.90864, 0.02821, 0.23163, 0.47563, 0.43499, 0.05327, 0.3229, 0.54831, 0.04413, 0.60957, 0.90706, 0.08707, 0.29043], "labels": [0, 0, 0, 0, 0, 0, 0, 0, 0, 0, 0, 0, 0, 0, 1, 0, 0, 1, 0, 0, 0, 0, 0, 1, 1, 1, 1, 1, 1, 0, 1, 0, 1, 1, 1, 0, 1, 0, 0, 1, 0, 0, 1, 0, 0, 0, 0, 0, 0, 1, 0, 0, 0, 1, 0, 0, 0, 0, 1, 0, 0, 0, 0, 1, 0, 0, 0, 0, 1, 1, 1, 0, 0, 0, 0, 1, 0, 0, 0, 1, 0, 1, 1, 0, 0, 0, 1, 0, 1, 0, 0, 0, 0, 0, 0, 0, 0, 1, 0, 0, 0, 1, 0, 1, 0, 0, 1, 0, 0, 0, 0, 0, 0, 0, 0, 0, 0, 0, 1, 0, 0, 0, 1, 1, 0, 0, 0, 0, 0, 0, 0, 0, 0, 1, 1, 0, 0, 1, 0, 0, 0, 0, 1, 1, 1, 0, 0, 0, 1, 0, 0, 0, 0, 0, 0, 1, 0, 0, 0, 1, 1, 1, 0, 1, 0, 0, 0, 0, 0, 0, 0, 1, 0, 0, 1, 0, 0, 0, 0, 0, 0, 0, 0, 0, 1, 0, 0, 0, 0, 0, 0, 1, 0, 1, 0, 1, 1, 0, 0, 0, 0, 0, 0, 0, 1, 1, 0, 0, 1, 0, 1, 0, 1, 0, 0, 0, 1, 0, 0, 0, 1, 0, 0, 0, 1, 0, 0, 0, 0, 0, 0, 0, 0, 0, 0, 1, 1, 0, 0, 0, 0, 0, 0, 1, 1, 0, 0, 0, 0, 0, 0, 0, 0, 1, 0, 0, 0, 0, 1, 0, 1, 0, 0, 0, 0, 0, 0, 0, 0, 0, 0, 0, 0, 1, 0, 0, 0, 0, 1, 1, 0, 1, 1, 0, 0, 1, 0, 1, 0, 0, 1, 0, 0, 1, 0, 0, 0, 1, 0, 0, 0, 0, 0, 0, 0, 0, 0, 1, 0, 0, 0, 0, 0, 0, 1, 1, 0, 0, 0, 0, 1, 1, 0, 0, 1, 0, 1, 0, 1, 1, 0, 0, 0, 0, 0, 0, 0, 1, 0, 0, 0, 0, 0, 0, 0, 0, 1, 0, 0, 0, 0, 0, 1, 0, 0, 1, 0, 1, 0, 0, 1, 0, 0, 0, 0, 0, 1, 0, 0, 1, 1, 0, 0, 0, 0, 0, 0, 1, 1, 0, 1, 0, 0, 1, 1, 1, 0, 0, 1, 1, 0, 0, 0, 0, 0, 0, 0, 0, 0, 1, 1, 1, 0, 1, 0, 0, 0, 1, 0, 0, 0, 0, 0, 0, 0, 0, 0, 1, 0, 1, 0, 0, 1, 0, 0, 0, 1, 1, 1, 0, 0, 0, 0, 0, 0, 1, 1, 0, 1, 0, 0, 0, 0, 0, 1, 1, 0, 1, 0, 1, 0, 0, 0, 0, 0, 0, 0, 0, 0, 0, 0, 0, 0, 0, 0, 0, 0, 1, 0, 1, 0, 0, 1, 1, 1, 0, 0, 1, 0, 0, 1, 1, 0, 0, 1, 0, 1, 1, 0, 0, 0, 0, 1, 1, 0, 1, 0, 0, 1, 0, 0, 0, 0, 0, 0, 0, 0, 0, 0, 1, 0, 1, 0, 0, 0, 1, 0, 1, 0, 0, 0, 1, 0, 0, 0, 0, 0, 0, 0, 0, 0, 0, 0, 0, 1, 0, 0, 1, 1, 1, 0, 0, 0, 1, 0, 0, 0, 1, 0, 1, 1, 0, 0, 0, 0, 1, 0, 0, 0, 0, 0, 0, 0, 1, 1, 1, 1, 0, 0, 0, 1, 1, 0, 0, 0, 0, 0, 0, 0, 0, 0, 0, 0, 1, 0, 1], "n": {"train": 3400, "val": 600, "test": 586, "toxic_frac": 0.23911764705882352}}