{"model": "xlm-roberta-base", "dataset": "hatexplain", "train_config": "hardneg", "seed": 123, "thr_cal": 0.17028765231370924, "metrics_05": {"macro": 0.7232546683981909, "toxf1": 0.747239263803681, "prec": 0.8493723849372385, "rec": 0.6670317634173056, "prauc": 0.8802953816297063, "ece": 0.12539059856534004, "covert": 0.8648180242634316}, "metrics_cal": {"macro": 0.7140449025856154, "toxf1": 0.803453529710513, "prec": 0.7490530303030303, "rec": 0.8663745892661555, "prauc": 0.8802953816297063, "ece": 0.12539059856534004, "covert": 0.8987341772151899}, "probs": [0.12373, 0.09109, 0.26968, 0.58735, 0.55283, 0.37315, 0.98196, 0.10515, 0.18143, 0.04708, 0.06882, 0.06302, 0.08744, 0.09121, 0.12192, 0.05485, 0.11727, 0.10933, 0.99732, 0.09064, 0.04795, 0.59411, 0.06806, 0.26215, 0.08542, 0.88872, 0.97488, 0.10743, 0.1238, 0.12217, 0.70946, 0.50862, 0.7015, 0.58511, 0.96097, 0.05985, 0.66275, 0.22728, 0.90375, 0.05413, 0.97331, 0.52405, 0.27968, 0.27576, 0.17867, 0.33411, 0.06438, 0.85861, 0.92756, 0.75891, 0.05171, 0.1055, 0.97005, 0.21572, 0.19247, 0.93486, 0.09116, 0.07433, 0.16496, 0.49062, 0.11094, 0.52477, 0.98656, 0.42839, 0.91277, 0.18203, 0.98183, 0.43946, 0.32183, 0.93665, 0.07811, 0.97745, 0.53415, 0.92849, 0.06387, 0.27013, 0.984, 0.08564, 0.42052, 0.98082, 0.98408, 0.16529, 0.5866, 0.08897, 0.23703, 0.83059, 0.98857, 0.40056, 0.39677, 0.90469, 0.08286, 0.99449, 0.54938, 0.38421, 0.9556, 0.11734, 0.16596, 0.11276, 0.42274, 0.98082, 0.08198, 0.3317, 0.9914, 0.56195, 0.04731, 0.84066, 0.87892, 0.84373, 0.98864, 0.16435, 0.03813, 0.37725, 0.08264, 0.06739, 0.14816, 0.36199, 0.75283, 0.17383, 0.75141, 0.8625, 0.57148, 0.19541, 0.0644, 0.86133, 0.30092, 0.16932, 0.18704, 0.09322, 0.10898, 0.94981, 0.25248, 0.89557, 0.12634, 0.18125, 0.71376, 0.66422, 0.49525, 0.96948, 0.92839, 0.15541, 0.40803, 0.87605, 0.94909, 0.96716, 0.29534, 0.19989, 0.95039, 0.4093, 0.91417, 0.73831, 0.83121, 0.36214, 0.96518, 0.33158, 0.98275, 0.95452, 0.92897, 0.17481, 0.08805, 0.91406, 0.50661, 0.68768, 0.88373, 0.45446, 0.90244, 0.59106, 0.94925, 0.10901, 0.60995, 0.28514, 0.17357, 0.31449, 0.06781, 0.33279, 0.75315, 0.28101, 0.44892, 0.21875, 0.93477, 0.10011, 0.98817, 0.08426, 0.11075, 0.25968, 0.95045, 0.10618, 0.9413, 0.35368, 0.10609, 0.99176, 0.53695, 0.96284, 0.8908, 0.97853, 0.95226, 0.92303, 0.48515, 0.61389, 0.95044, 0.71663, 0.75591, 0.09553, 0.11679, 0.07232, 0.12626, 0.20173, 0.44846, 0.71237, 0.16501, 0.07242, 0.07706, 0.08068, 0.86792, 0.98353, 0.39682, 0.64804, 0.0284, 0.08086, 0.79324, 0.69534, 0.08401, 0.11721, 0.8076, 0.99457, 0.06217, 0.98113, 0.95874, 0.48828, 0.09049, 0.97336, 0.95568, 0.68871, 0.85166, 0.61091, 0.9721, 0.27093, 0.86078, 0.25736, 0.93051, 0.74469, 0.1695, 0.55135, 0.50087, 0.45222, 0.92128, 0.36441, 0.58325, 0.06541, 0.06425, 0.17231, 0.85224, 0.98654, 0.21522, 0.7004, 0.22115, 0.8563, 0.96104, 0.07887, 0.07607, 0.9301, 0.11295, 0.95124, 0.48356, 0.70216, 0.96596, 0.18526, 0.97306, 0.03275, 0.04348, 0.1457, 0.54173, 0.33574, 0.09964, 0.80614, 0.09737, 0.06614, 0.97448, 0.9806, 0.83675, 0.83218, 0.98782, 0.97179, 0.95311, 0.99217, 0.92464, 0.83103, 0.25347, 0.04498, 0.04076, 0.13785, 0.12256, 0.20115, 0.05951, 0.20473, 0.89928, 0.76064, 0.09441, 0.08207, 0.7647, 0.11142, 0.91548, 0.31551, 0.50038, 0.99178, 0.97616, 0.14281, 0.90266, 0.98577, 0.06138, 0.03951, 0.38032, 0.73849, 0.9539, 0.40679, 0.16323, 0.38809, 0.94852, 0.10181, 0.96045, 0.9865, 0.27615, 0.04485, 0.80506, 0.3108, 0.06908, 0.97845, 0.13785, 0.07671, 0.86967, 0.95542, 0.92773, 0.99172, 0.20735, 0.52412, 0.94064, 0.13407, 0.58973, 0.94221, 0.98798, 0.03485, 0.78948, 0.99361, 0.83136, 0.83787, 0.08813, 0.44356, 0.01474, 0.2104, 0.18062, 0.47635, 0.12579, 0.62529, 0.12469, 0.91501, 0.63002, 0.9986, 0.03949, 0.35999, 0.85177, 0.17343, 0.08735, 0.40482, 0.99345, 0.00531, 0.9851, 0.14174, 0.99561, 0.98524, 0.92975, 0.08119, 0.0623, 0.29745, 0.9758, 0.9713, 0.32402, 0.19164, 0.12016, 0.90147, 0.96207, 0.98953, 0.95759, 0.8123, 0.07802, 0.98703, 0.12064, 0.10173, 0.09749, 0.02595, 0.42901, 0.47994, 0.65913, 0.2339, 0.16931, 0.17433, 0.97232, 0.88299, 0.11137, 0.88314, 0.42043, 0.44259, 0.93374, 0.09053, 0.49932, 0.43526, 0.25617, 0.86075, 0.87241, 0.82281, 0.10999, 0.02338, 0.38821, 0.16755, 0.26868, 0.09946, 0.08904, 0.61257, 0.06308, 0.9357, 0.98451, 0.18528, 0.86953, 0.36471, 0.64079, 0.92325, 0.16083, 0.12779, 0.18835, 0.9124, 0.33912, 0.38695, 0.06662, 0.05325, 0.2881, 0.06807, 0.80006, 0.98035, 0.90971, 0.80011, 0.63358, 0.15624, 0.93192, 0.26939, 0.31102, 0.1521, 0.09782, 0.99401, 0.94995, 0.13724, 0.15746, 0.93009, 0.16485, 0.41221, 0.08342, 0.84535, 0.62125, 0.1744, 0.18754, 0.16019, 0.96792, 0.07484, 0.08974, 0.9897, 0.98935, 0.23311, 0.0822, 0.31888, 0.40554, 0.33482, 0.9802, 0.24619, 0.08363, 0.33576, 0.47335, 0.0312, 0.98913, 0.08427, 0.8293, 0.20745, 0.37606, 0.42565, 0.82907, 0.08393, 0.07281, 0.9796, 0.10412, 0.65686, 0.20286, 0.51247, 0.5411, 0.89213, 0.98129, 0.95882, 0.7572, 0.33328, 0.58931, 0.07448, 0.07959, 0.56945, 0.78013, 0.95942, 0.98788, 0.06877, 0.07834, 0.06164, 0.98914, 0.98419, 0.86475, 0.13689, 0.12113, 0.73322, 0.10668, 0.27408, 0.98186, 0.04108, 0.11218, 0.13477, 0.99369, 0.1898, 0.35902, 0.72744, 0.20981, 0.81775, 0.9783, 0.28131, 0.94641, 0.2753, 0.99154, 0.04109, 0.74386, 0.91011, 0.94796, 0.74673, 0.03932, 0.11413, 0.88644, 0.86253, 0.18383, 0.04546, 0.10579, 0.98097, 0.09021, 0.40986, 0.9455, 0.1757, 0.70324, 0.22536, 0.12251, 0.784, 0.30312, 0.54152, 0.25505, 0.08727, 0.99032, 0.90198, 0.06141, 0.86178, 0.20221, 0.47521, 0.14611, 0.30141, 0.01833, 0.37209, 0.15593, 0.19779, 0.9668, 0.03033, 0.95509, 0.00786, 0.9727, 0.80922, 0.92505, 0.99045, 0.83502, 0.39826, 0.13383, 0.96221, 0.86094, 0.56486, 0.33391, 0.98412, 0.10919, 0.91784, 0.46656, 0.97768, 0.92075, 0.257, 0.07095, 0.20727, 0.97327, 0.02206, 0.54966, 0.06593, 0.1359, 0.14461, 0.06443, 0.88216, 0.83127, 0.18238, 0.49382, 0.23016, 0.9395, 0.25771, 0.3655, 0.14001, 0.65628, 0.18182, 0.18496, 0.35679, 0.05663, 0.93789, 0.11207, 0.97031, 0.66732, 0.08263, 0.11452, 0.56019, 0.82224, 0.20049, 0.97599, 0.65599, 0.55671, 0.54626, 0.10676, 0.94723, 0.42129, 0.51933, 0.6075, 0.98719, 0.91335, 0.65809, 0.62442, 0.07508, 0.09414, 0.91762, 0.74346, 0.9687, 0.8305, 0.5796, 0.08923, 0.13916, 0.03364, 0.09756, 0.18391, 0.39014, 0.94512, 0.98279, 0.1356, 0.02115, 0.14759, 0.95026, 0.9175, 0.92835, 0.21772, 0.95734, 0.08828, 0.44688, 0.57521, 0.1786, 0.17434, 0.98654, 0.21848, 0.45943, 0.11893, 0.30882, 0.03381, 0.85612, 0.16117, 0.0399, 0.60703, 0.65148, 0.1292, 0.84743, 0.8046, 0.96102, 0.10739, 0.09766, 0.30962, 0.21079, 0.60238, 0.99084, 0.95072, 0.9825, 0.58406, 0.96477, 0.54758, 0.02398, 0.11739, 0.87086, 0.06716, 0.95471, 0.7093, 0.29529, 0.42897, 0.30999, 0.50019, 0.98433, 0.9258, 0.42275, 0.10698, 0.11737, 0.96192, 0.39621, 0.89863, 0.68247, 0.97623, 0.874, 0.09776, 0.20783, 0.15965, 0.99763, 0.12333, 0.36909, 0.94517, 0.31344, 0.10446, 0.88588, 0.85523, 0.20022, 0.29145, 0.01959, 0.45309, 0.84904, 0.98417, 0.24435, 0.05868, 0.99187, 0.05825, 0.08926, 0.9039, 0.99492, 0.55477, 0.85943, 0.39324, 0.84593, 0.99303, 0.96002, 0.04763, 0.29661, 0.08258, 0.2461, 0.98234, 0.206, 0.15385, 0.52181, 0.04409, 0.19715, 0.70046, 0.68713, 0.22276, 0.34897, 0.07685, 0.9187, 0.12506, 0.09263, 0.98661, 0.98287, 0.13648, 0.09341, 0.95751, 0.14618, 0.255, 0.09792, 0.10685, 0.60874, 0.11188, 0.07962, 0.02442, 0.40776, 0.69532, 0.10667, 0.65303, 0.07194, 0.04158, 0.47218, 0.34334, 0.5049, 0.67744, 0.95898, 0.30246, 0.24547, 0.962, 0.98727, 0.86708, 0.94856, 0.28116, 0.98801, 0.51707, 0.87147, 0.0407, 0.70171, 0.1764, 0.16425, 0.1514, 0.83146, 0.07187, 0.43228, 0.04357, 0.10056, 0.13646, 0.98841, 0.78937, 0.86843, 0.96404, 0.98579, 0.37029, 0.93624, 0.98371, 0.73008, 0.07687, 0.98176, 0.10379, 0.18119, 0.51988, 0.04125, 0.65051, 0.18093, 0.04344, 0.11875, 0.08597, 0.30507, 0.91331, 0.11819, 0.98618, 0.55514, 0.0639, 0.87275, 0.98825, 0.07911, 0.57468, 0.24075, 0.40084, 0.11484, 0.17379, 0.51727, 0.96271, 0.19178,