{"model": "xlm-roberta-base", "dataset": "hatexplain", "train_config": "supcon", "seed": 99, "thr_cal": 0.1824881009757518, "metrics_05": {"macro": 0.7139191461462553, "toxf1": 0.7419550698239222, "prec": 0.832425068119891, "rec": 0.6692223439211391, "prauc": 0.8764479883242737, "ece": 0.15662040972958005, "covert": 0.8660328435609335}, "metrics_cal": {"macro": 0.728903750044943, "toxf1": 0.8020997375328084, "prec": 0.7701612903225806, "rec": 0.836801752464403, "prauc": 0.8764479883242737, "ece": 0.15662040972958005, "covert": 0.8985507246376812}, "probs": [0.05798, 0.13751, 0.14708, 0.85979, 0.28695, 0.68061, 0.98817, 0.05842, 0.23553, 0.04375, 0.052, 0.04219, 0.23117, 0.21386, 0.12419, 0.02725, 0.06808, 0.04829, 0.9858, 0.04694, 0.04272, 0.63033, 0.04791, 0.40715, 0.08324, 0.66205, 0.995, 0.09477, 0.05183, 0.06609, 0.82413, 0.18811, 0.3297, 0.71794, 0.98937, 0.04891, 0.179, 0.2462, 0.97686, 0.02273, 0.95935, 0.19891, 0.29766, 0.37041, 0.09413, 0.05933, 0.05243, 0.92455, 0.97803, 0.30443, 0.15842, 0.07561, 0.97853, 0.32132, 0.21532, 0.83612, 0.09407, 0.06922, 0.16737, 0.34193, 0.05319, 0.87915, 0.9828, 0.42043, 0.99108, 0.10938, 0.98346, 0.71963, 0.59859, 0.94272, 0.08584, 0.98145, 0.47429, 0.96949, 0.03726, 0.14059, 0.97801, 0.24648, 0.49895, 0.98324, 0.9824, 0.12676, 0.89229, 0.03213, 0.11424, 0.98765, 0.9983, 0.09317, 0.5414, 0.92222, 0.04501, 0.99632, 0.93001, 0.91549, 0.96433, 0.02202, 0.72205, 0.08168, 0.82159, 0.9908, 0.03409, 0.90859, 0.99308, 0.15764, 0.02491, 0.85075, 0.92568, 0.24413, 0.98638, 0.17878, 0.0146, 0.08739, 0.04706, 0.04732, 0.39384, 0.27767, 0.88, 0.62217, 0.99038, 0.97936, 0.57848, 0.12761, 0.21146, 0.9445, 0.44997, 0.15809, 0.23092, 0.14856, 0.07979, 0.97877, 0.16667, 0.98453, 0.07564, 0.05257, 0.7147, 0.7059, 0.18259, 0.9769, 0.83654, 0.15363, 0.12057, 0.8535, 0.9414, 0.98581, 0.65096, 0.47958, 0.99005, 0.34037, 0.94997, 0.44652, 0.34009, 0.90077, 0.96419, 0.09527, 0.98243, 0.82025, 0.94301, 0.20899, 0.03552, 0.77738, 0.57073, 0.6336, 0.37772, 0.75213, 0.53542, 0.20985, 0.40286, 0.09044, 0.87529, 0.43511, 0.2188, 0.12343, 0.0419, 0.45387, 0.76895, 0.25947, 0.10309, 0.10604, 0.95937, 0.09574, 0.98785, 0.05967, 0.08736, 0.08507, 0.9886, 0.09891, 0.97426, 0.5051, 0.29204, 0.99162, 0.1192, 0.97163, 0.82362, 0.98954, 0.91782, 0.98946, 0.46631, 0.43704, 0.9867, 0.08554, 0.94584, 0.0588, 0.18909, 0.04814, 0.33524, 0.35068, 0.10747, 0.13291, 0.16743, 0.0283, 0.04967, 0.04172, 0.90054, 0.98899, 0.85177, 0.62528, 0.02086, 0.06837, 0.93498, 0.87237, 0.48909, 0.09773, 0.49498, 0.98908, 0.03558, 0.99159, 0.97464, 0.29231, 0.06565, 0.95038, 0.97478, 0.9286, 0.94942, 0.63286, 0.97864, 0.61486, 0.96621, 0.34407, 0.98975, 0.95996, 0.06116, 0.83458, 0.56673, 0.17327, 0.96504, 0.20124, 0.94841, 0.03749, 0.02624, 0.07253, 0.93673, 0.97477, 0.45812, 0.49206, 0.46325, 0.98343, 0.89305, 0.02886, 0.07859, 0.94988, 0.06225, 0.99189, 0.46894, 0.87606, 0.94545, 0.71222, 0.9897, 0.01403, 0.05082, 0.16871, 0.22534, 0.78944, 0.05577, 0.90742, 0.08949, 0.0364, 0.984, 0.98608, 0.94278, 0.91986, 0.98655, 0.96487, 0.97446, 0.98886, 0.84911, 0.86135, 0.27279, 0.23274, 0.06591, 0.26049, 0.09723, 0.1762, 0.03767, 0.27847, 0.96602, 0.74213, 0.19857, 0.03744, 0.74478, 0.1195, 0.14035, 0.07745, 0.29485, 0.99456, 0.97983, 0.04082, 0.9146, 0.98286, 0.01328, 0.01839, 0.79047, 0.50632, 0.95187, 0.36582, 0.1841, 0.72699, 0.94803, 0.0634, 0.97826, 0.97987, 0.37394, 0.01514, 0.97029, 0.70987, 0.02607, 0.99536, 0.15193, 0.05157, 0.9552, 0.97534, 0.97237, 0.98488, 0.07362, 0.78172, 0.90888, 0.36054, 0.07737, 0.98048, 0.99453, 0.0121, 0.56239, 0.98628, 0.89992, 0.13489, 0.07371, 0.6998, 0.01324, 0.07807, 0.12873, 0.35181, 0.13562, 0.92603, 0.21002, 0.93682, 0.87349, 0.99738, 0.01327, 0.69965, 0.86095, 0.14974, 0.06555, 0.32889, 0.99404, 0.00115, 0.98777, 0.3787, 0.99326, 0.98672, 0.44855, 0.04966, 0.01765, 0.57644, 0.94248, 0.9862, 0.53478, 0.25654, 0.08447, 0.97804, 0.96303, 0.79412, 0.94957, 0.91537, 0.03191, 0.99178, 0.06203, 0.04704, 0.06573, 0.01433, 0.583, 0.71666, 0.97012, 0.20553, 0.30567, 0.1435, 0.97854, 0.92557, 0.12701, 0.96155, 0.64107, 0.19279, 0.97132, 0.05199, 0.5719, 0.92301, 0.33698, 0.87695, 0.87618, 0.93136, 0.05328, 0.01656, 0.1615, 0.11089, 0.15437, 0.23447, 0.06599, 0.81486, 0.03105, 0.98071, 0.98845, 0.42592, 0.79831, 0.78896, 0.62861, 0.98597, 0.10477, 0.05808, 0.33309, 0.96709, 0.44573, 0.71625, 0.02733, 0.01676, 0.13165, 0.10232, 0.8608, 0.98419, 0.37213, 0.92706, 0.78922, 0.4002, 0.98631, 0.53589, 0.18631, 0.09016, 0.12958, 0.99641, 0.9694, 0.14541, 0.16078, 0.93891, 0.39965, 0.5643, 0.03643, 0.90466, 0.79554, 0.07295, 0.05969, 0.10675, 0.9862, 0.05288, 0.07282, 0.93147, 0.98238, 0.3463, 0.06616, 0.65879, 0.31852, 0.81832, 0.94704, 0.76492, 0.05426, 0.35793, 0.69194, 0.06267, 0.98226, 0.04596, 0.78429, 0.11656, 0.71212, 0.81143, 0.97534, 0.05819, 0.03867, 0.98394, 0.17849, 0.21755, 0.19742, 0.89619, 0.37725, 0.97794, 0.9906, 0.99227, 0.87991, 0.13334, 0.15842, 0.04429, 0.02276, 0.4324, 0.96239, 0.98143, 0.99646, 0.13264, 0.06744, 0.03491, 0.98085, 0.992, 0.89638, 0.19531, 0.09127, 0.68796, 0.1079, 0.05591, 0.94467, 0.02074, 0.08145, 0.1223, 0.98666, 0.14, 0.77568, 0.39261, 0.1475, 0.93577, 0.98173, 0.09539, 0.94366, 0.97915, 0.99023, 0.04185, 0.85796, 0.6635, 0.97439, 0.50586, 0.01015, 0.6018, 0.90724, 0.83203, 0.16971, 0.03573, 0.13368, 0.98427, 0.10511, 0.66269, 0.96784, 0.13313, 0.74283, 0.26328, 0.13388, 0.38424, 0.35125, 0.20595, 0.34047, 0.09512, 0.98773, 0.92559, 0.02323, 0.96734, 0.0847, 0.78799, 0.27721, 0.02537, 0.00549, 0.77843, 0.07013, 0.14692, 0.45955, 0.01225, 0.9821, 0.00364, 0.95211, 0.62311, 0.93143, 0.96369, 0.24498, 0.85287, 0.54165, 0.75548, 0.98024, 0.80592, 0.57963, 0.99455, 0.11624, 0.48252, 0.60249, 0.98013, 0.93885, 0.28121, 0.02268, 0.27868, 0.95444, 0.02841, 0.76605, 0.04423, 0.06574, 0.0722, 0.08165, 0.96616, 0.96083, 0.09534, 0.92521, 0.30144, 0.92137, 0.17598, 0.47811, 0.25935, 0.64924, 0.0323, 0.11577, 0.59699, 0.06562, 0.98494, 0.03789, 0.95866, 0.62057, 0.0813, 0.0785, 0.32362, 0.98027, 0.7871, 0.94979, 0.82436, 0.94346, 0.87535, 0.08742, 0.96774, 0.83329, 0.07768, 0.1499, 0.97775, 0.9063, 0.96262, 0.82991, 0.04992, 0.10481, 0.9532, 0.95901, 0.18748, 0.94861, 0.41977, 0.12852, 0.1959, 0.01427, 0.04554, 0.05748, 0.43891, 0.98725, 0.98349, 0.30597, 0.00656, 0.10801, 0.87567, 0.62521, 0.95003, 0.13182, 0.98626, 0.10133, 0.73953, 0.0773, 0.04623, 0.16532, 0.9893, 0.81847, 0.58965, 0.11279, 0.88488, 0.0156, 0.40074, 0.20803, 0.02372, 0.32603, 0.24382, 0.0761, 0.89773, 0.64684, 0.97014, 0.06734, 0.02141, 0.21597, 0.58949, 0.58368, 0.99485, 0.94921, 0.98336, 0.76066, 0.9728, 0.39528, 0.0037, 0.14787, 0.91847, 0.06592, 0.98614, 0.72955, 0.52558, 0.41177, 0.27583, 0.93178, 0.99685, 0.9618, 0.08575, 0.05968, 0.04373, 0.97213, 0.89264, 0.98382, 0.81559, 0.66222, 0.93361, 0.02849, 0.33022, 0.13977, 0.99535, 0.28525, 0.2336, 0.92152, 0.07661, 0.08503, 0.92417, 0.73671, 0.5754, 0.87193, 0.01008, 0.34407, 0.93251, 0.98795, 0.30555, 0.04847, 0.99308, 0.04202, 0.05974, 0.61842, 0.99642, 0.77021, 0.96306, 0.25037, 0.94584, 0.98468, 0.98384, 0.01742, 0.13718, 0.03063, 0.8465, 0.98508, 0.69736, 0.28818, 0.63396, 0.05367, 0.34914, 0.92463, 0.80772, 0.41726, 0.39164, 0.07817, 0.36919, 0.08652, 0.13077, 0.98366, 0.99154, 0.1368, 0.07874, 0.98381, 0.19902, 0.17399, 0.09091, 0.10704, 0.5632, 0.08371, 0.03726, 0.01475, 0.74823, 0.09504, 0.06394, 0.49203, 0.04571, 0.03411, 0.56681, 0.62907, 0.1645, 0.65721, 0.98105, 0.28936, 0.15987, 0.98145, 0.99556, 0.64023, 0.958, 0.52752, 0.97444, 0.89237, 0.64395, 0.02218, 0.71293, 0.49123, 0.07039, 0.18156, 0.81512, 0.06073, 0.45262, 0.0687, 0.05507, 0.16271, 0.98639, 0.7198, 0.95187, 0.96937, 0.99752, 0.52459, 0.98821, 0.99131, 0.65298, 0.08084, 0.98989, 0.10161, 0.18321, 0.43443, 0.00858, 0.83337, 0.78946, 0.01956, 0.0713, 0.0511, 0.52767, 0.95249, 0.06751, 0.99289, 0.80162, 0.06456, 0.93793, 0.98934, 0.03576, 0.80859, 0.51923, 0.4079, 0.05884, 0.13391, 0.80012, 0.9799, 0.2686, 0.30049, 