{"model": "xlm-roberta-base", "dataset": "dravidian_malayalam", "train_config": "hardneg", "seed": 7, "thr_cal": 0.5965578079223628, "metrics_05": {"macro": 0.575505250732349, "toxf1": 0.1897810218978102, "prec": 0.14444444444444443, "rec": 0.2765957446808511, "prauc": 0.10948345809855312, "ece": 0.30700818727413814, "covert": 0.2028985507246377}, "metrics_cal": {"macro": 0.572388890080955, "toxf1": 0.17699115044247787, "prec": 0.15151515151515152, "rec": 0.2127659574468085, "prauc": 0.10948345809855312, "ece": 0.30700818727413814, "covert": 0.14035087719298245}, "probs": [0.31286, 0.30679, 0.29729, 0.33644, 0.2802, 0.29839, 0.30129, 0.32978, 0.30626, 0.28241, 0.28938, 0.29014, 0.32864, 0.27542, 0.29752, 0.28814, 0.34657, 0.29217, 0.28914, 0.29097, 0.41724, 0.29629, 0.39106, 0.28914, 0.27475, 0.27983, 0.29047, 0.28588, 0.28023, 0.3255, 0.35181, 0.29458, 0.31074, 0.27717, 0.31364, 0.29499, 0.30062, 0.28206, 0.27639, 0.27953, 0.27405, 0.27809, 0.27836, 0.28731, 0.53081, 0.27046, 0.28892, 0.33062, 0.30755, 0.29775, 0.2867, 0.31459, 0.31673, 0.63202, 0.27684, 0.29094, 0.27742, 0.29186, 0.29273, 0.28656, 0.30199, 0.27972, 0.3039, 0.32457, 0.31546, 0.30048, 0.27098, 0.29346, 0.28463, 0.33618, 0.38639, 0.29475, 0.28377, 0.28376, 0.48525, 0.28376, 0.27443, 0.30385, 0.28515, 0.30483, 0.4388, 0.27996, 0.2882, 0.28007, 0.27699, 0.32997, 0.29397, 0.2999, 0.29721, 0.28973, 0.28483, 0.37546, 0.2984, 0.48079, 0.29366, 0.29949, 0.28532, 0.27673, 0.30363, 0.29888, 0.30869, 0.28908, 0.30088, 0.28434, 0.28484, 0.28952, 0.27527, 0.29506, 0.54825, 0.29104, 0.29297, 0.30478, 0.28743, 0.3051, 0.40338, 0.32344, 0.614, 0.27397, 0.28775, 0.30249, 0.65536, 0.31847, 0.32708, 0.30455, 0.37578, 0.34117, 0.55165, 0.33192, 0.31284, 0.30177, 0.39144, 0.29881, 0.30354, 0.28295, 0.30801, 0.32967, 0.28136, 0.31125, 0.31372, 0.29555, 0.28603, 0.29527, 0.28795, 0.2876, 0.2899, 0.2743, 0.31346, 0.28838, 0.27014, 0.4197, 0.30555, 0.27493, 0.2808, 0.29342, 0.64176, 0.92764, 0.2814, 0.4161, 0.28197, 0.28391, 0.27852, 0.3444, 0.29423, 0.34771, 0.28236, 0.2827, 0.27951, 0.28372, 0.33435, 0.28103, 0.30551, 0.29839, 0.32749, 0.44397, 0.28771, 0.28271, 0.58728, 0.44012, 0.28248, 0.4109, 0.28541, 0.28763, 0.85872, 0.32478, 0.67442, 0.32455, 0.28021, 0.28492, 0.35981, 0.41283, 0.40517, 0.42508, 0.9508, 0.28492, 0.28376, 0.42506, 0.31466, 0.47167, 0.46103, 0.30148, 0.28187, 0.30201, 0.30564, 0.36133, 0.28543, 0.30954, 0.2867, 0.30302, 0.31612, 0.2798, 0.33643, 0.28403, 0.2914, 0.36867, 0.29049, 0.29967, 0.48318, 0.28123, 0.27994, 0.28579, 0.28072, 0.30434, 0.28001, 0.29095, 0.28581, 0.28373, 0.45538, 0.28713, 0.29299, 0.42444, 0.3187, 0.30902, 0.2946, 0.27046, 0.34259, 0.43407, 0.3102, 0.32154, 0.30893, 0.28199, 0.33749, 0.27911, 0.28752, 0.33414, 0.28707, 0.82768, 0.84153, 0.28601, 0.4216, 0.26931, 0.27772, 0.30606, 0.31179, 0.27837, 0.28024, 0.27925, 0.2936, 0.30173, 0.30347, 0.28099, 0.27834, 0.30057, 0.32835, 0.28947, 0.37879, 0.27738, 0.28599, 0.30088, 0.4197, 0.29886, 0.33721, 0.41764, 0.27647, 0.31313, 0.32218, 0.28877, 0.31072, 0.27903, 0.28974, 0.27863, 0.29607, 0.30029, 0.30545, 0.28813, 0.27483, 0.29235, 0.29644, 0.29894, 0.3045, 0.28245, 0.55672, 0.45094, 0.28688, 0.29126, 0.30372, 0.75792, 0.48084, 0.46359, 0.29079, 0.38902, 0.31761, 0.29156, 0.27952, 0.33925, 0.32879, 0.29344, 0.29237, 0.33585, 0.27534, 0.84992, 0.33364, 0.2851, 0.34948, 0.52947, 0.69713, 0.28813, 0.29686, 0.54901, 0.28177, 0.41883, 0.3569, 0.28969, 0.27583, 0.35817, 0.27834, 0.29497, 0.27996, 0.28324, 0.34082, 0.34195, 0.4199, 0.36949, 0.29961, 0.34096, 0.27913, 0.26918, 0.32239, 0.34397, 0.29238, 0.31796, 0.27875, 0.28288, 0.94682, 0.54295, 0.27723, 0.30522, 0.30596, 0.28435, 0.30055, 0.29541, 0.30772, 0.28804, 0.29828, 0.29904, 0.31053, 0.3799, 0.29834, 0.28232, 0.283, 0.45163, 0.29667, 0.33202, 0.28055, 0.54576, 0.28999, 0.3037, 0.38208, 0.2797, 0.34016, 0.28952, 0.3487, 0.28037, 0.66046, 0.29299, 0.28964, 0.4199, 0.31075, 0.27222, 0.30303, 0.79405, 0.29023, 0.28468, 0.30476, 0.31211, 0.28335, 0.35638, 0.27907, 0.3567, 0.30182, 0.30332, 0.29925, 0.27602, 0.30272, 0.3375, 0.66742, 0.33635, 0.41175, 0.28394, 0.28254, 0.3486, 0.33698, 0.30767, 0.87642, 0.27697, 0.43377, 0.30933, 0.29651, 0.51927, 0.29538, 0.27568, 0.28354, 0.2777, 0.33153, 0.29374, 0.32373, 0.27938, 0.28556, 0.40535, 0.30035, 0.76991, 0.43428, 0.42456, 0.29478, 0.33826, 0.30448, 0.68878, 0.28027, 0.29939, 0.2941, 0.3051, 0.29913, 0.30415, 0.29171, 0.30186, 0.32471, 0.43966, 0.32484, 0.43543, 0.29131, 0.27803, 0.3025, 0.27956, 0.27949, 0.27548, 0.33098, 0.28443, 0.31163, 0.28995, 0.2995, 0.28347, 0.34567, 0.30411, 0.28785, 0.29612, 0.31647, 0.29368, 0.27397, 0.30007, 0.45895, 0.60966, 0.27751, 0.2909, 0.28223, 0.29099, 0.28781, 0.3244, 0.28925, 0.28832, 0.29621, 0.35793, 0.43407, 0.3444, 0.45612, 0.28587, 0.34081, 0.35488, 0.32939, 0.31486, 0.89692, 0.30369, 0.28605, 0.42024, 0.31289, 0.32595, 0.81565, 0.2856, 0.31342, 0.40541, 0.27702, 0.51319, 0.42027, 0.8391, 0.30249, 0.27911, 0.29555, 0.27992, 0.28549, 0.30643, 0.34076, 0.35296, 0.40057, 0.28501, 0.2921, 0.87325, 0.28544, 0.27524, 0.42659, 0.28443, 0.31273, 0.29444, 0.28327, 0.31367, 0.36105, 0.38174, 0.27616, 0.31094, 0.3164, 0.45738, 0.29816, 0.28653, 0.27231, 0.30792, 0.27806, 0.28489, 0.28522, 0.32011, 0.72248, 0.3107, 0.28117, 0.29839, 0.30712, 0.34002, 0.31313, 0.3761, 0.3346, 0.38223, 0.28533, 0.28167, 0.27945, 0.28422, 0.27689, 0.71844, 0.38174, 0.28307, 0.42284, 0.31062, 0.29826, 0.42843, 0.28513, 0.28566, 0.28662, 0.31014, 0.28145, 0.29217, 0.5188, 0.28265, 0.39239, 0.28347, 0.28766, 0.33215, 0.39692, 0.30003, 0.4125, 0.30614, 0.55304, 0.31144, 0.30196, 0.27379, 0.46153, 0.58692, 0.29094, 0.2888, 0.26935, 0.3442, 0.28754, 0.35885, 0.27385, 0.31283, 0.34974, 0.33159, 0.34423, 0.27412, 0.30543, 0.34303, 0.29678, 0.37262, 0.28193, 0.30882, 0.35635, 0.31828, 0.31059, 0.30691, 0.33723, 0.29544, 0.32229, 0.27358, 0.32274, 0.32197, 0.30243, 0.30057, 0.31489, 0.30001, 0.91316, 0.30122, 0.35322, 0.32638, 0.8015, 0.37108, 0.33611, 0.37507, 0.29227, 0.30275, 0.28764, 0.33783, 0.3346, 0.30636, 0.33368, 0.2941, 0.30731, 0.3376, 0.27475, 0.32031, 0.47406, 0.43457, 0.34206, 0.29866, 0.86279, 0.27753, 0.28151, 0.2976, 0.29734, 0.41373, 0.26939, 0.76234, 0.31301, 0.32698, 0.28569, 0.31641, 0.30732, 0.27163, 0.32683, 0.28393, 0.3227, 0.27748, 0.28757, 0.62972, 0.35786, 0.31162, 0.60228, 0.30908, 0.30038, 0.34725, 0.30752, 0.86981, 0.30627, 0.28701, 0.83938, 0.34885, 0.28434, 0.29444, 0.48507, 0.35038, 0.27852, 0.2748, 0.27582, 0.35242, 0.30077, 0.36203, 0.31798, 0.28318, 0.2969, 0.28688, 0.40706, 0.28732, 0.29478, 0.93537, 0.49059, 0.31881, 0.27782, 0.32157, 0.27163, 0.2927, 0.28313, 0.80269, 0.33726, 0.29806, 0.30473, 0.44672, 0.36951, 0.31631, 0.30006, 0.36827, 0.47097, 0.30145, 0.27958, 0.34395, 0.32008, 0.72946, 0.33801, 0.46144, 0.46729, 0.28058, 0.42933, 0.3891, 0.27864, 0.30173, 0.28943, 0.32634, 0.48482, 0.31629, 0.29677, 0.27266, 0.28025, 0.29937, 0.32843, 0.29904, 0.28603, 0.31934, 0.29587, 0.29348, 0.32337, 0.30069, 0.48612, 0.28867, 0.30767, 0.3288, 0.28653, 0.41661, 0.32065, 0.31221, 0.28787, 0.30145, 0.29552, 0.48511, 0.29101, 0.28301, 0.3073, 0.29767, 0.32888, 0.30783, 0.33659, 0.74254, 0.29868, 0.27782, 0.30051, 0.47984, 0.30653, 0.30938, 0.29924, 0.28406, 0.28998, 0.31073, 0.27874, 0.30613, 0.28428, 0.29209, 0.29352, 0.29472, 0.28134, 0.27333, 0.30366, 0.29745, 0.27564, 0.39794, 0.2797, 0.2911, 0.38414, 0.36489, 0.30006, 0.27423, 0.44815, 0.40759, 0.29846, 0.28229, 0.32967, 0.91381, 0.3017, 0.27903, 0.41842, 0.65067, 0.3179, 0.27583, 0.32446, 0.3029, 0.29787, 0.31827, 0.27782, 0.29049, 0.28966, 0.2942, 0.3327, 0.31297, 0.48058, 0.28512, 0.2834, 0.65565, 0.27515, 0.29186, 0.2813, 0.29768, 0.31865, 0.28501, 0.27889, 0.7492, 0.28453, 0.31973, 0.46109, 0.35015, 0.47991, 0.31163, 0.28549, 0.29366, 0.29133, 0.27966, 0.27753, 0.36987, 0.28619, 0.33077, 0.28873, 0.28996, 0.45368, 0.45513, 0.28989, 0.28093, 0.283, 0.28599, 0.28755, 0.29804, 0.29183, 0.30037, 0.27791, 0.29487, 0.27949, 0.289, 