{"model": "xlm-roberta-base", "dataset": "hatexplain", "train_config": "supcon", "seed": 7, "thr_cal": 0.2673449933528899, "metrics_05": {"macro": 0.7364830719164116, "toxf1": 0.7696862048549438, "prec": 0.8376288659793815, "rec": 0.7119386637458927, "prauc": 0.8877222389950279, "ece": 0.1325416789452235, "covert": 0.8873720136518771}, "metrics_cal": {"macro": 0.7371626686656672, "toxf1": 0.7967391304347826, "prec": 0.790722761596548, "rec": 0.8028477546549836, "prauc": 0.8877222389950279, "ece": 0.1325416789452235, "covert": 0.8964955175224124}, "probs": [0.08836, 0.09141, 0.03998, 0.88171, 0.26976, 0.73328, 0.98751, 0.02959, 0.0951, 0.00981, 0.0383, 0.02468, 0.0735, 0.08199, 0.13203, 0.04892, 0.02585, 0.05665, 0.99047, 0.09081, 0.02454, 0.67284, 0.02532, 0.73282, 0.06407, 0.68907, 0.99207, 0.06682, 0.02998, 0.26599, 0.97126, 0.29563, 0.8348, 0.90393, 0.9842, 0.02911, 0.70845, 0.32478, 0.98956, 0.02011, 0.99279, 0.70997, 0.3328, 0.45101, 0.21026, 0.04434, 0.01443, 0.84016, 0.97089, 0.19991, 0.00629, 0.12343, 0.98359, 0.10961, 0.22596, 0.98677, 0.06887, 0.08182, 0.55376, 0.28167, 0.03532, 0.96379, 0.98922, 0.52722, 0.99586, 0.45639, 0.97844, 0.43925, 0.94738, 0.98596, 0.0314, 0.98641, 0.55499, 0.95253, 0.05899, 0.14884, 0.97425, 0.52994, 0.39693, 0.97181, 0.96135, 0.09226, 0.96021, 0.02434, 0.49804, 0.97483, 0.9885, 0.16026, 0.56102, 0.88116, 0.02713, 0.99365, 0.90893, 0.65766, 0.97315, 0.04477, 0.50689, 0.41844, 0.36541, 0.98692, 0.02938, 0.40265, 0.9936, 0.19705, 0.0322, 0.94321, 0.96106, 0.46508, 0.98735, 0.04721, 0.01046, 0.18887, 0.05387, 0.0838, 0.23104, 0.81281, 0.78141, 0.2639, 0.74431, 0.95772, 0.92085, 0.08706, 0.03804, 0.98764, 0.53246, 0.12671, 0.08879, 0.05062, 0.18113, 0.98346, 0.23522, 0.96111, 0.06759, 0.03129, 0.23618, 0.61201, 0.30873, 0.94045, 0.96899, 0.08231, 0.17862, 0.97263, 0.89342, 0.98185, 0.72872, 0.09145, 0.97707, 0.07096, 0.84333, 0.10519, 0.29064, 0.44582, 0.97424, 0.30328, 0.99241, 0.96178, 0.96789, 0.15886, 0.03038, 0.82723, 0.31691, 0.92937, 0.4671, 0.91711, 0.7999, 0.40228, 0.91108, 0.06873, 0.94001, 0.67476, 0.04298, 0.27887, 0.01097, 0.38523, 0.69829, 0.34254, 0.50458, 0.15981, 0.98264, 0.073, 0.99261, 0.07235, 0.02009, 0.11261, 0.98091, 0.78844, 0.97824, 0.35029, 0.59276, 0.98646, 0.25387, 0.9834, 0.92323, 0.98746, 0.97978, 0.95872, 0.46327, 0.46075, 0.97636, 0.15881, 0.97118, 0.027, 0.0999, 0.03655, 0.41828, 0.28523, 0.34517, 0.28934, 0.15156, 0.04617, 0.04441, 0.05584, 0.96757, 0.97912, 0.88763, 0.40643, 0.02163, 0.06805, 0.91724, 0.7734, 0.32671, 0.10894, 0.94871, 0.99004, 0.02107, 0.98329, 0.95392, 0.92461, 0.2148, 0.94476, 0.98489, 0.96957, 0.95575, 0.91795, 0.95842, 0.21277, 0.97654, 0.54357, 0.94783, 0.82151, 0.05055, 0.83066, 0.35638, 0.18584, 0.95786, 0.5927, 0.29888, 0.09577, 0.03109, 0.07485, 0.69222, 0.98892, 0.16451, 0.77531, 0.60277, 0.96962, 0.98029, 0.07911, 0.02098, 0.86423, 0.112, 0.97912, 0.75043, 0.80448, 0.9751, 0.34253, 0.95099, 0.01518, 0.03372, 0.15132, 0.84601, 0.58436, 0.01867, 0.57061, 0.11345, 0.10708, 0.94989, 0.98463, 0.96143, 0.9774, 0.98555, 0.98443, 0.94708, 0.99028, 0.96859, 0.86649, 0.53334, 0.04751, 0.019, 0.0794, 0.07963, 0.16258, 0.02034, 0.1434, 0.96733, 0.1875, 0.20272, 0.03732, 0.54853, 0.06871, 0.4949, 0.06502, 0.24895, 0.99472, 0.98983, 0.07415, 0.97242, 0.9709, 0.01761, 0.03564, 0.90147, 0.74375, 0.97264, 0.4398, 0.19861, 0.41795, 0.94353, 0.05097, 0.96626, 0.99144, 0.37782, 0.00469, 0.86579, 0.42299, 0.04691, 0.98985, 0.16453, 0.029, 0.95604, 0.9806, 0.97285, 0.98618, 0.11623, 0.8914, 0.98551, 0.07776, 0.82097, 0.98082, 0.98556, 0.01921, 0.69878, 0.9935, 0.80085, 0.66966, 0.1044, 0.43383, 0.00411, 0.05497, 0.06822, 0.23434, 0.12457, 0.78379, 0.18807, 0.94855, 0.80858, 0.99515, 0.01224, 0.14603, 0.96514, 0.14268, 0.0469, 0.33938, 0.98816, 0.00098, 0.99166, 0.09986, 0.99389, 0.98898, 0.4436, 0.07243, 0.04671, 0.49847, 0.90517, 0.97451, 0.41291, 0.81319, 0.26439, 0.9733, 0.97086, 0.983, 0.97569, 0.89207, 0.04877, 0.98844, 0.02837, 0.05566, 0.02997, 0.02422, 0.27705, 0.80098, 0.95447, 0.0527, 0.27734, 0.10367, 0.97569, 0.94772, 0.15391, 0.58302, 0.85786, 0.3653, 0.93043, 0.11952, 0.19757, 0.63884, 0.28643, 0.80191, 0.27621, 0.96074, 0.06265, 0.01077, 0.58906, 0.10565, 0.11373, 0.08368, 0.0618, 0.82079, 0.02439, 0.9647, 0.98953, 0.13035, 0.77657, 0.22847, 0.47205, 0.94034, 0.14884, 0.09719, 0.17791, 0.97182, 0.93089, 0.90787, 0.02623, 0.02344, 0.78692, 0.05173, 0.91944, 0.975, 0.95238, 0.98369, 0.93575, 0.25842, 0.98891, 0.30443, 0.57939, 0.11634, 0.0587, 0.99105, 0.94105, 0.15709, 0.0206, 0.95005, 0.31104, 0.57432, 0.03798, 0.97429, 0.63578, 0.05909, 0.36428, 0.1594, 0.98623, 0.03189, 0.03996, 0.97587, 0.9807, 0.70633, 0.07289, 0.41548, 0.2868, 0.7891, 0.98749, 0.64509, 0.04346, 0.61521, 0.30623, 0.03192, 0.97749, 0.02414, 0.78032, 0.23396, 0.64239, 0.89136, 0.63473, 0.12214, 0.04297, 0.99618, 0.06616, 0.16267, 0.26975, 0.95255, 0.66941, 0.97555, 0.99056, 0.98984, 0.97047, 0.27283, 0.3485, 0.03711, 0.04503, 0.76274, 0.91789, 0.95893, 0.99303, 0.04979, 0.05292, 0.02241, 0.9905, 0.99236, 0.9243, 0.07677, 0.06306, 0.93154, 0.05556, 0.0803, 0.98583, 0.02788, 0.10653, 0.24796, 0.98519, 0.10845, 0.2608, 0.79281, 0.15539, 0.22612, 0.98526, 0.13025, 0.95016, 0.94406, 0.98829, 0.04162, 0.85309, 0.88934, 0.95757, 0.89201, 0.02191, 0.08196, 0.96393, 0.83761, 0.30363, 0.02925, 0.21008, 0.98463, 0.06214, 0.84926, 0.9698, 0.35433, 0.81228, 0.26426, 0.32644, 0.81679, 0.41686, 0.97139, 0.93906, 0.045, 0.99027, 0.97965, 0.01447, 0.97169, 0.10035, 0.21557, 0.62539, 0.01863, 0.01106, 0.36176, 0.92121, 0.08049, 0.97431, 0.01643, 0.98299, 0.0024, 0.94105, 0.79934, 0.96726, 0.99287, 0.7856, 0.49505, 0.63899, 0.95515, 0.89244, 0.5529, 0.55114, 0.99179, 0.02084, 0.81979, 0.9602, 0.96687, 0.95378, 0.46423, 0.00918, 0.32456, 0.96526, 0.02449, 0.69876, 0.04082, 0.39925, 0.07157, 0.06743, 0.98481, 0.98972, 0.10013, 0.59697, 0.38857, 0.96202, 0.25923, 0.27568, 0.03787, 0.82157, 0.05666, 0.49228, 0.23035, 0.15322, 0.98005, 0.04227, 0.96285, 0.68848, 0.07839, 0.04647, 0.87927, 0.96362, 0.90701, 0.97625, 0.98023, 0.92312, 0.2003, 0.07128, 0.79218, 0.89419, 0.08683, 0.21443, 0.98802, 0.94807, 0.95252, 0.4572, 0.09471, 0.10991, 0.96778, 0.91485, 0.97328, 0.92091, 0.54755, 0.03074, 0.1039, 0.0152, 0.04467, 0.09971, 0.38294, 0.98414, 0.98857, 0.30825, 0.00869, 0.06796, 0.96243, 0.73339, 0.9881, 0.15506, 0.98142, 0.43619, 0.18245, 0.19893, 0.02512, 0.03571, 0.99043, 0.20962, 0.77166, 0.06654, 0.91727, 0.01391, 0.40577, 0.17095, 0.03456, 0.56851, 0.80138, 0.08668, 0.93293, 0.70573, 0.98345, 0.04791, 0.05747, 0.82549, 0.19957, 0.67886, 0.98915, 0.96898, 0.99361, 0.54036, 0.98122, 0.59899, 0.00459, 0.8433, 0.92532, 0.04117, 0.98533, 0.71891, 0.78477, 0.84899, 0.29378, 0.83229, 0.98787, 0.93979, 0.04152, 0.13438, 0.05774, 0.99028, 0.25194, 0.90719, 0.63445, 0.94807, 0.91181, 0.06965, 0.4317, 0.28005, 0.99394, 0.46443, 0.16409, 0.98541, 0.39785, 0.04886, 0.80869, 0.92023, 0.20147, 0.59459, 0.01683, 0.81813, 0.94004, 0.98837, 0.12212, 0.02467, 0.98552, 0.01051, 0.05226, 0.9594, 0.98938, 0.8389, 0.9613, 0.32963, 0.85016, 0.99211, 0.98463, 0.02808, 0.52507, 0.05403, 0.89995, 0.97751, 0.4441, 0.80379, 0.35401, 0.00518, 0.18687, 0.8879, 0.52308, 0.91742, 0.1528, 0.08769, 0.96305, 0.0348, 0.09485, 0.98142, 0.98188, 0.05781, 0.06018, 0.96811, 0.21077, 0.08634, 0.05886, 0.06934, 0.13145, 0.12719, 0.06041, 0.02223, 0.51325, 0.33678, 0.19834, 0.62143, 0.04262, 0.02804, 0.20052, 0.93781, 0.26295, 0.7081, 0.98481, 0.22699, 0.12776, 0.98938, 0.99294, 0.90062, 0.95719, 0.06562, 0.98226, 0.83725, 0.84558, 0.03324, 0.90549, 0.06892, 0.05815, 0.30699, 0.9024, 0.04826, 0.67732, 0.02859, 0.21371, 0.1045, 0.98541, 0.84792, 0.98995, 0.96075, 0.99353, 0.50975, 0.97229, 0.98664, 0.44968, 0.06783, 0.99194, 0.35601, 0.34243, 0.52298, 0.0157, 0.90373, 0.18359, 0.0172, 0.04036, 0.03547, 0.3058, 0.98212, 0.05706, 0.97661, 0.59334, 0.10371, 0.95438, 0.98711, 0.0368, 0.92953, 0.3272, 0.9579, 0.04455, 0.0538, 0.47345, 0.97559, 0.17974, 