{"model": "xlm-roberta-base", "dataset": "dravidian_tamil", "train_config": "supcon", "seed": 99, "thr_cal": 0.6882007509469986, "metrics_05": {"macro": 0.711228638273999, "toxf1": 0.6036131774707758, "prec": 0.47892074198988194, "rec": 0.8160919540229885, "prauc": 0.6178360704444369, "ece": 0.16798796480894088, "covert": 0.7313769751693002}, "metrics_cal": {"macro": 0.7342029638465721, "toxf1": 0.6138855054811205, "prec": 0.53276955602537, "rec": 0.7241379310344828, "prauc": 0.6178360704444369, "ece": 0.16798796480894088, "covert": 0.742014742014742}, "probs": [0.76202, 0.00289, 0.02327, 0.01836, 0.93904, 0.10057, 0.01814, 0.00703, 0.01687, 0.02481, 0.08685, 0.23602, 0.0105, 0.03663, 0.14238, 0.11461, 0.96883, 0.57736, 0.003, 0.42464, 0.53619, 0.1262, 0.19586, 0.30511, 0.04889, 0.33343, 0.90968, 0.03443, 0.03771, 0.0373, 0.04867, 0.38932, 0.01829, 0.08016, 0.12338, 0.88137, 0.40504, 0.21553, 0.00952, 0.54245, 0.76816, 0.10159, 0.57231, 0.58766, 0.80956, 0.94676, 0.01084, 0.08391, 0.07304, 0.04016, 0.01022, 0.54349, 0.34254, 0.06076, 0.08255, 0.82789, 0.30547, 0.73112, 0.94612, 0.20101, 0.0252, 0.01258, 0.73817, 0.24608, 0.34477, 0.04319, 0.28566, 0.36756, 0.84857, 0.77133, 0.90193, 0.15503, 0.05889, 0.06054, 0.77865, 0.91506, 0.80826, 0.92999, 0.042, 0.08379, 0.682, 0.82744, 0.43326, 0.00444, 0.10968, 0.0181, 0.56636, 0.08687, 0.03479, 0.83667, 0.00417, 0.84323, 0.20455, 0.86748, 0.36092, 0.25872, 0.03317, 0.00838, 0.09495, 0.0647, 0.83389, 0.00428, 0.04832, 0.25504, 0.918, 0.87832, 0.10352, 0.0136, 0.00516, 0.20344, 0.81234, 0.36651, 0.91232, 0.19182, 0.86767, 0.01899, 0.06828, 0.15019, 0.0306, 0.00931, 0.15144, 0.01621, 0.03833, 0.11814, 0.8389, 0.06877, 0.75463, 0.20662, 0.3386, 0.02596, 0.03617, 0.51646, 0.3502, 0.22632, 0.95075, 0.88751, 0.12659, 0.02365, 0.00902, 0.90395, 0.8521, 0.14753, 0.896, 0.95429, 0.11145, 0.76308, 0.00525, 0.1979, 0.06767, 0.30686, 0.72971, 0.07437, 0.79805, 0.23404, 0.91006, 0.04025, 0.01236, 0.18181, 0.03739, 0.16971, 0.02673, 0.85968, 0.16074, 0.97487, 0.00911, 0.08223, 0.21545, 0.87358, 0.82983, 0.45865, 0.89639, 0.90308, 0.26574, 0.28519, 0.28246, 0.03765, 0.21959, 0.19191, 0.01253, 0.8774, 0.44004, 0.88021, 0.46121, 0.89685, 0.00818, 0.01091, 0.708, 0.2546, 0.00974, 0.17461, 0.03497, 0.09109, 0.87217, 0.0271, 0.00691, 0.68909, 0.05734, 0.96996, 0.04221, 0.00441, 0.16408, 0.96255, 0.78771, 0.03698, 0.25528, 0.19418, 0.61143, 0.02176, 0.2207, 0.75395, 0.59498, 0.08302, 0.39369, 0.05097, 0.01919, 0.79383, 0.01267, 0.01271, 0.07169, 0.00993, 0.03592, 0.01104, 0.02021, 0.92185, 0.35116, 0.96089, 0.64749, 0.70944, 0.03017, 0.66375, 0.20208, 0.02719, 0.01189, 0.92302, 0.86382, 0.1676, 0.34868, 0.00521, 0.12123, 0.09961, 0.96131, 0.31893, 0.01348, 0.88665, 0.67609, 0.83746, 0.13263, 0.81914, 0.40815, 0.26891, 0.20562, 0.20615, 0.54103, 0.11082, 0.17753, 0.41084, 0.00805, 0.90046, 0.03519, 0.05138, 0.80962, 0.93553, 0.06002, 0.205, 0.09918, 0.11172, 0.67689, 0.11352, 0.45534, 0.06543, 0.67348, 0.9525, 0.92871, 0.01057, 0.04, 0.00392, 0.8666, 0.49993, 0.13573, 0.06486, 0.16021, 0.02488, 0.02478, 0.02659, 0.04332, 0.04297, 0.59864, 0.78862, 0.79697, 0.58929, 0.09006, 0.00159, 0.01291, 0.96207, 0.59827, 0.09691, 0.433, 0.93675, 0.96151, 0.16723, 0.00575, 0.03087, 0.14307, 0.87044, 0.88444, 0.14288, 0.49717, 0.58824, 0.47297, 0.06766, 0.31128, 0.94775, 0.26656, 0.12404, 0.17382, 0.91129, 0.87858, 0.1883, 0.56795, 0.52442, 0.06252, 0.6347, 0.90736, 0.63316, 0.11507, 0.94984, 0.9093, 0.54724, 0.28393, 0.00682, 0.25548, 0.83548, 0.12678, 0.6338, 0.02155, 0.01288, 0.15398, 0.88324, 0.01872, 0.0549, 0.00183, 0.00344, 0.11862, 0.59728, 0.06973, 0.26773, 0.79637, 0.11996, 0.04436, 0.473, 0.77944, 0.54541, 0.26658, 0.84005, 0.85546, 0.57911, 0.1919, 0.435, 0.06951, 0.17458, 0.7401, 0.33622, 0.02582, 0.24086, 0.72284, 0.72324, 0.0165, 0.95391, 0.00666, 0.92708, 0.00707, 0.5382, 0.89107, 0.39774, 0.06827, 0.28331, 0.05671, 0.82783, 0.916, 0.15084, 0.69826, 0.02824, 0.26856, 0.72935, 0.81493, 0.35329, 0.88611, 0.76139, 0.00402, 0.15716, 0.39971, 0.27239, 0.00844, 0.15083, 0.07551, 0.78994, 0.55806, 0.84283, 0.18927, 0.09131, 0.75144, 0.27939, 0.08069, 0.10528, 0.01365, 0.00537, 0.17007, 0.92387, 0.02452, 0.95906, 0.95427, 0.10025, 0.0394, 0.81979, 0.54225, 0.85592, 0.14757, 0.48811, 0.89149, 0.9612, 0.8828, 0.33289, 0.07169, 0.43254, 0.93858, 0.01469, 0.1702, 0.08881, 0.83014, 0.38107, 0.02612, 0.91236, 0.36606, 0.88822, 0.66447, 0.1295, 0.08552, 0.12447, 0.09067, 0.02073, 0.87025, 0.11289, 0.96091, 0.88408, 0.59618, 0.46353, 0.86333, 0.01105, 0.81133, 0.28858, 0.11005, 0.8348, 0.69834, 0.03836, 0.07207, 0.91522, 0.16302, 0.75607, 0.05768, 0.10357, 0.0081, 0.01649, 0.64651, 0.01583, 0.02938, 0.94852, 0.0153, 0.05656, 0.88596, 0.05177, 0.03799, 0.06077, 0.17761, 0.08148, 0.42798, 0.11206, 0.08685, 0.85072, 0.83211, 0.82547, 0.48313, 0.04377, 0.35668, 0.92755, 0.06422, 0.9408, 0.95548, 0.0956, 0.01328, 0.59186, 0.08124, 0.96703, 0.39765, 0.06102, 0.95737, 0.48387, 0.66023, 0.00529, 0.14724, 0.82136, 0.6618, 0.77709, 0.70434, 0.78744, 0.83684, 0.08708, 0.27944, 0.01789, 0.78466, 0.15015, 0.00349, 0.10086, 0.06796, 0.25072, 0.0243, 0.87211, 0.68161, 0.30165, 0.30061, 0.68596, 0.79785, 0.76961, 0.05634, 0.66802, 0.46831, 0.43957, 0.25664, 0.68668, 0.64414, 0.76865, 0.02949, 0.05379, 0.9553, 0.94247, 0.63724, 0.05958, 0.07294, 0.00862, 0.00282, 0.4629, 0.64729, 0.83746, 0.08788, 0.11432, 0.66992, 0.96741, 0.05422, 0.77516, 0.02365, 0.02212, 0.01343, 0.01771, 0.21003, 0.80395, 0.52191, 0.61156, 0.81925, 0.67474, 0.73131, 0.84564, 0.76119, 0.24716, 0.77255, 0.56616, 0.05119, 0.7251, 0.87904, 0.9407, 0.04011, 0.93077, 0.12538, 0.76868, 0.01832, 0.00871, 0.78748, 0.54624, 0.75562, 0.14036, 0.53132, 0.01983, 0.83329, 0.60206, 0.04503, 0.74662, 0.14344, 0.11429, 0.2009, 0.04758, 0.91866, 0.91861, 0.01391, 0.91491, 0.76433, 0.91262, 0.02582, 0.02719, 0.04284, 0.01844, 0.06592, 0.82174, 0.06932, 0.8878, 0.90933, 0.03846, 0.03081, 0.62495, 0.28123, 0.51967, 0.72379, 0.81939, 0.68852, 0.75333, 0.67717, 0.75729, 0.67811, 0.08724, 0.51933, 0.05391, 0.47098, 0.56414, 0.02519, 0.04329, 0.88018, 0.27268, 0.81508, 0.10587, 0.01994, 0.00542, 0.96841, 0.13328, 0.20225, 0.16129, 0.1101, 0.83867, 0.08091, 0.20866, 0.62441, 0.00976, 0.85237, 0.03243, 0.04338, 0.43544, 0.95869, 0.23236, 0.06144, 0.02021, 0.11495, 0.87335, 0.88269, 0.96936, 0.04427, 0.87715, 0.87637, 0.35145, 0.88677, 0.03659, 0.00425, 0.82317, 0.82054, 0.44698, 0.84573, 0.42899, 0.45371, 0.00497, 0.1239, 0.57367, 0.19038, 0.07132, 0.74951, 0.04189, 0.60103, 0.01894, 0.85629, 0.13317, 0.01023, 0.36993, 0.07303, 0.4044, 0.32026, 0.96688, 0.21961, 0.70321, 0.92442, 0.06914, 0.13871, 0.02018, 0.13331, 0.9279, 0.02984, 0.80768, 0.08333, 0.0523, 0.75188, 0.26828, 0.73413, 0.22146, 0.03214, 0.36577, 0.06446, 0.46218, 0.4261, 0.0992, 0.80788, 0.89425, 0.07911, 0.39448, 0.51333, 0.88373, 0.03283, 0.0654, 0.04957, 0.04426, 0.15071, 0.00712, 0.82723, 0.85402, 0.9712, 0.01545, 0.947, 0.0412, 0.90081, 0.79511, 0.06859, 0.31023, 0.12923, 0.01786, 0.20533, 0.29386, 0.51017, 0.2331, 0.00455, 0.13529, 0.73406, 0.08412, 0.92063, 0.01893, 0.23272, 0.02672, 0.32255, 0.03687, 0.00332, 0.06159, 0.88233, 0.86054, 0.10237, 0.0724, 0.05232, 0.04055, 0.87154, 0.94485, 0.88099, 0.01532, 0.94202, 0.34176, 0.39734, 0.00891, 0.73869, 0.04118, 0.02249, 0.10811, 0.10827, 0.8498, 0.08768, 0.04387, 0.34232, 0.1681, 0.85253, 0.66721, 0.88024, 0.10163, 0.84645, 0.01463, 0.31755, 0.25353, 0.25461, 0.45367, 0.08489, 0.90966, 0.01901, 0.01464, 0.91309, 0.80034, 0.33539, 0.085, 0.46423, 0.15381, 0.53754, 0.01181, 0.68498, 0.9444, 0.22072, 0.76912, 0.91865, 0.01328, 0.01228, 0.93463, 0.83781, 0.08709, 0.0289, 0.79497, 0.02692, 0.10272, 0.02012, 0.70592, 0.54567, 0.84403, 0.21754, 0.86231, 0.64704, 0.43466, 0.87186, 0.24611, 0.83951, 0.44262, 0.02324, 0.05833, 0.01901, 0.05704, 0.03734, 0.36638, 0.90022, 0.89419, 0.67962, 0.21366, 0.91207, 0.1015, 0.05195, 0.08028, 0.92636, 0.31254, 0.06897, 0.13971, 0.81752, 0.40905, 0.89101, 0.07792, 