{"model": "xlm-roberta-base", "dataset": "dravidian_kannada", "train_config": "supcon", "seed": 99, "thr_cal": 0.6436186969280244, "metrics_05": {"macro": 0.683087512291052, "toxf1": 0.6106194690265486, "prec": 0.4726027397260274, "rec": 0.8625, "prauc": 0.7259250994584889, "ece": 0.18131811042084223, "covert": 0.8432432432432433}, "metrics_cal": {"macro": 0.7366222504230119, "toxf1": 0.6458333333333334, "prec": 0.5535714285714286, "rec": 0.775, "prauc": 0.7259250994584889, "ece": 0.18131811042084223, "covert": 0.8390804597701149}, "probs": [0.18842, 0.67098, 0.72519, 0.17886, 0.48039, 0.7414, 0.22937, 0.1273, 0.01169, 0.11561, 0.55756, 0.20361, 0.01102, 0.33496, 0.7843, 0.21104, 0.20164, 0.79029, 0.02941, 0.29328, 0.70688, 0.05371, 0.767, 0.68524, 0.99099, 0.75682, 0.96593, 0.73127, 0.68412, 0.83473, 0.98798, 0.59964, 0.19154, 0.87708, 0.82377, 0.06, 0.5028, 0.08489, 0.59929, 0.18227, 0.65476, 0.01356, 0.89529, 0.11073, 0.20362, 0.81776, 0.21935, 0.5164, 0.0175, 0.88969, 0.83034, 0.83168, 0.01111, 0.87798, 0.21326, 0.69771, 0.00243, 0.70539, 0.28861, 0.90023, 0.37854, 0.70838, 0.64604, 0.61427, 0.09985, 0.14856, 0.52404, 0.08995, 0.71782, 0.96597, 0.25611, 0.03576, 0.26028, 0.67576, 0.68047, 0.86352, 0.27692, 0.49294, 0.6475, 0.79667, 0.16536, 0.94527, 0.21475, 0.65018, 0.73804, 0.00341, 0.91464, 0.0337, 0.74001, 0.22633, 0.06541, 0.56582, 0.07345, 0.44488, 0.30499, 0.09884, 0.04264, 0.01723, 0.00391, 0.07542, 0.01011, 0.90197, 0.5185, 0.93055, 0.82105, 0.33031, 0.64018, 0.13127, 0.17842, 0.66422, 0.79978, 0.10003, 0.01126, 0.0198, 0.12369, 0.18706, 0.19154, 0.10164, 0.69878, 0.79965, 0.58707, 0.03489, 0.91679, 0.90084, 0.28718, 0.05007, 0.21935, 0.8408, 0.00796, 0.57978, 0.83397, 0.03356, 0.21394, 0.88767, 0.81227, 0.61855, 0.02804, 0.93903, 0.19997, 0.90233, 0.03607, 0.16116, 0.65975, 0.90326, 0.94516, 0.8117, 0.50066, 0.84309, 0.60858, 0.2095, 0.00434, 0.08137, 0.92325, 0.77613, 0.75763, 0.59818, 0.19341, 0.79725, 0.56909, 0.66844, 0.82586, 0.50014, 0.04588, 0.24042, 0.31201, 0.00616, 0.51023, 0.18068, 0.29253, 0.7589, 0.05214, 0.8713, 0.40379, 0.32164, 0.93504, 0.0013, 0.21935, 0.45584, 0.02025, 0.82124, 0.56823, 0.08162, 0.21935, 0.85496, 0.76011, 0.17521, 0.84318, 0.12549, 0.18373, 0.13434, 0.69756, 0.8351, 0.39311, 0.21935, 0.86265, 0.98834, 0.31918, 0.74112, 0.64842, 0.51971, 0.20923, 0.03431, 0.01708, 0.36793, 0.30321, 0.40808, 0.86154, 0.46969, 0.95068, 0.01712, 0.88912, 0.59111, 0.20711, 0.02148, 0.57931, 0.01082, 0.91575, 0.53375, 0.00916, 0.22133, 0.00891, 0.16681, 0.01225, 0.68396, 0.90053, 0.51648, 0.00722, 0.5668, 0.23772, 0.43342, 0.00121, 0.50423, 0.00151, 0.56132, 0.45748, 0.66787, 0.98597, 0.56494, 0.00618, 0.00926, 0.60037, 0.21935, 0.87011, 0.98833, 0.976, 0.06845, 0.04169, 0.46091, 0.54645, 0.73421, 0.89978, 0.11587, 0.31751, 0.34258, 0.0134, 0.22759, 0.80941, 0.92947, 0.58138, 0.09756, 0.84765, 0.82105, 0.68003, 0.82999, 0.87761, 0.02634, 0.21935, 0.09534, 0.08338, 0.01323, 0.16011, 0.20135, 0.72346, 0.47087, 0.02917, 0.74064, 0.67514, 0.0204, 0.91063, 0.91149, 0.00082, 0.76064, 0.95862, 0.2669, 0.61435, 0.73262, 0.05905, 0.54411, 0.05392, 0.25079, 0.77624, 0.03236, 0.56421, 0.87251, 0.14276, 0.21935, 0.64992, 0.6824, 0.28547, 0.06083, 0.01105, 0.22361, 0.00925, 0.69932, 0.24248, 0.01814, 0.35399, 0.21935, 0.14232, 0.21653, 0.634, 0.01462, 0.01263, 0.0857, 0.73765, 0.21809, 0.01836, 0.24099, 0.63375, 0.51711, 0.68115, 0.61853, 0.00438, 0.00678, 0.96839, 0.08337, 0.75327, 0.00744, 0.3705, 0.98155, 0.01203, 0.41309, 0.09971, 0.09948, 0.02634, 0.01728, 0.49108, 0.41732, 0.0299, 0.02105, 0.65175, 0.2632, 0.72117, 0.59633, 0.67674, 0.26834, 0.95367, 0.74296, 0.21935, 0.65108, 0.03339, 0.02676, 0.7935, 0.73749, 0.42328, 0.8239, 0.60975, 0.93338, 0.02703, 0.00969, 0.90458, 0.03759, 0.79287, 0.58195, 0.17773, 0.03475, 0.90247, 0.05648, 0.01466, 0.7117, 0.98694, 0.27772, 0.1142, 0.21935, 0.3484, 0.50332, 0.11831, 0.90262, 0.88741, 0.54695, 0.86659, 0.33074, 0.03129, 0.91708, 0.77471, 0.74505, 0.00488, 0.07619, 0.71237, 0.82624, 0.44426, 0.14448, 0.24545, 0.08127, 0.03637, 0.00119, 0.44551, 0.72318, 0.81866, 0.84035, 0.52899, 0.85999, 0.59492, 0.80686, 0.0776, 0.32538, 0.02998, 0.9901, 0.63987, 0.17605, 0.18667, 0.18202, 0.54845, 0.016, 0.42754, 0.32327, 0.07342, 0.85528, 0.04112, 0.47125, 0.04381, 0.93845, 0.89218, 0.00361, 0.63083, 0.75092, 0.7302, 0.9701, 0.95783, 0.00997, 0.22243, 0.64971, 0.0454, 0.89062, 0.56216, 0.95893, 0.86964, 0.5492, 0.91249, 0.00831, 0.41451, 0.52907, 0.10207, 0.02259, 0.96991, 0.96706, 0.0025, 0.91563, 0.73825, 0.63954, 0.5793, 0.91307, 0.05121, 0.01107, 0.88299, 0.58492, 0.77005, 0.50898, 0.15785, 0.09656, 0.68166, 0.0206, 0.07342, 0.00561, 0.78998, 0.57049, 0.02884, 0.94418, 0.8584, 0.92696, 0.84048, 0.77989, 0.83597, 0.36746, 0.5494, 0.00661, 0.22386, 0.96436, 0.50814, 0.05258, 0.87463, 0.85688, 0.00609, 0.28598, 0.74534, 0.28984, 0.96618, 0.7839, 0.04567, 0.05741, 0.02426, 0.29127, 0.78426, 0.91792, 0.03588, 0.54004, 0.82581, 0.83651, 0.90429, 0.79828, 0.01943, 0.03239, 0.54786, 0.01385, 0.00647, 0.62831, 0.06533, 0.1137, 0.71321, 0.8635, 0.01867, 0.97101, 0.06668, 0.03044, 0.0835, 0.88204, 0.91784, 0.76404, 0.13427, 0.67231, 0.09837, 0.92805, 0.82583, 0.06482, 0.71341, 0.92167, 0.21935, 0.75956, 0.685, 0.23198, 0.11928, 0.86799, 0.76017, 0.08387, 0.89037, 0.21935, 0.49202, 0.30629, 0.76359, 0.85257, 0.46466, 0.87201, 0.75678, 0.90282, 0.0087, 0.66597, 0.72914, 0.74387, 0.68706, 0.83469, 0.90635, 0.0018, 0.02816, 0.16497, 0.01801, 0.95928, 0.00959, 0.55682, 0.62317, 0.04195, 0.04333, 0.62951, 0.20755, 0.8297, 0.95456, 0.86685, 0.73548, 0.02903, 0.94031, 0.38313, 0.9586, 0.92923, 0.64091, 0.967, 0.12241, 0.03141, 0.48706, 0.10333, 0.0066, 0.40588, 0.90044, 0.06011, 0.59828, 0.81836, 0.02032, 0.5126], "labels": [0, 0, 0, 0, 0, 0, 0, 0, 0, 0, 0, 0, 0, 0, 1, 0, 0, 1, 0, 0, 0, 0, 0, 1, 1, 1, 1, 1, 1, 0, 1, 0, 1, 1, 1, 0, 1, 0, 0, 1, 0, 0, 1, 0, 0, 0, 0, 0, 0, 1, 0, 0, 0, 1, 0, 0, 0, 0, 1, 0, 0, 0, 0, 1, 0, 0, 0, 0, 1, 1, 1, 0, 0, 0, 0, 1, 0, 0, 0, 1, 0, 1, 1, 0, 0, 0, 1, 0, 1, 0, 0, 0, 0, 0, 0, 0, 0, 1, 0, 0, 0, 1, 0, 1, 0, 0, 1, 0, 0, 0, 0, 0, 0, 0, 0, 0, 0, 0, 1, 0, 0, 0, 1, 1, 0, 0, 0, 0, 0, 0, 0, 0, 0, 1, 1, 0, 0, 1, 0, 0, 0, 0, 1, 1, 1, 0, 0, 0, 1, 0, 0, 0, 0, 0, 0, 1, 0, 0, 0, 1, 1, 1, 0, 1, 0, 0, 0, 0, 0, 0, 0, 1, 0, 0, 1, 0, 0, 0, 0, 0, 0, 0, 0, 0, 1, 0, 0, 0, 0, 0, 0, 1, 0, 1, 0, 1, 1, 0, 0, 0, 0, 0, 0, 0, 1, 1, 0, 0, 1, 0, 1, 0, 1, 0, 0, 0, 1, 0, 0, 0, 1, 0, 0, 0, 1, 0, 0, 0, 0, 0, 0, 0, 0, 0, 0, 1, 1, 0, 0, 0, 0, 0, 0, 1, 1, 0, 0, 0, 0, 0, 0, 0, 0, 1, 0, 0, 0, 0, 1, 0, 1, 0, 0, 0, 0, 0, 0, 0, 0, 0, 0, 0, 0, 1, 0, 0, 0, 0, 1, 1, 0, 1, 1, 0, 0, 1, 0, 1, 0, 0, 1, 0, 0, 1, 0, 0, 0, 1, 0, 0, 0, 0, 0, 0, 0, 0, 0, 1, 0, 0, 0, 0, 0, 0, 1, 1, 0, 0, 0, 0, 1, 1, 0, 0, 1, 0, 1, 0, 1, 1, 0, 0, 0, 0, 0, 0, 0, 1, 0, 0, 0, 0, 0, 0, 0, 0, 1, 0, 0, 0, 0, 0, 1, 0, 0, 1, 0, 1, 0, 0, 1, 0, 0, 0, 0, 0, 1, 0, 0, 1, 1, 0, 0, 0, 0, 0, 0, 1, 1, 0, 1, 0, 0, 1, 1, 1, 0, 0, 1, 1, 0, 0, 0, 0, 0, 0, 0, 0, 0, 1, 1, 1, 0, 1, 0, 0, 0, 1, 0, 0, 0, 0, 0, 0, 0, 0, 0, 1, 0, 1, 0, 0, 1, 0, 0, 0, 1, 1, 1, 0, 0, 0, 0, 0, 0, 1, 1, 0, 1, 0, 0, 0, 0, 0, 1, 1, 0, 1, 0, 1, 0, 0, 0, 0, 0, 0, 0, 0, 0, 0, 0, 0, 0, 0, 0, 0, 0, 1, 0, 1, 0, 0, 1, 1, 1, 0, 0, 1, 0, 0, 1, 1, 0, 0, 1, 0, 1, 1, 0, 0, 0, 0, 1, 1, 0, 1, 0, 0, 1, 0, 0, 0, 0, 0, 0, 0, 0, 0, 0, 1, 0, 1, 0, 0, 0, 1, 0, 1, 0, 0, 0, 1, 0, 0, 0, 0, 0, 0, 0, 0, 0, 0, 0, 0, 1, 0, 0, 1, 1, 1, 0, 0, 0, 1, 0, 0, 0, 1, 0, 1, 1, 0, 0, 0, 0, 1, 0, 0, 0, 0, 0, 0, 0, 1, 1, 1, 1, 0, 0, 0, 1, 1, 0, 0, 0, 0, 0, 0, 0, 0, 0, 0, 0, 1, 0, 1], "n": {"train": 3400, "val": 600, "test": 586, "toxic_frac": 0.23911764705882352}}