{"model": "xlm-roberta-base", "dataset": "dravidian_tamil", "train_config": "hardneg", "seed": 123, "thr_cal": 0.5942011713981628, "metrics_05": {"macro": 0.704953561478737, "toxf1": 0.5985401459854015, "prec": 0.469721767594108, "rec": 0.8247126436781609, "prauc": 0.5958303326153525, "ece": 0.17508422864973547, "covert": 0.7363636363636363}, "metrics_cal": {"macro": 0.7142857142857143, "toxf1": 0.6, "prec": 0.4891304347826087, "rec": 0.7758620689655172, "prauc": 0.5958303326153525, "ece": 0.17508422864973547, "covert": 0.7311320754716981}, "probs": [0.33737, 0.00242, 0.07525, 0.01986, 0.88478, 0.02698, 0.01411, 0.00744, 0.01592, 0.01904, 0.02082, 0.34459, 0.0115, 0.00966, 0.12541, 0.03983, 0.976, 0.49225, 0.00527, 0.46576, 0.63796, 0.15935, 0.18839, 0.2838, 0.02689, 0.48316, 0.93381, 0.01993, 0.03992, 0.01509, 0.28842, 0.32715, 0.05355, 0.08633, 0.29414, 0.91018, 0.34556, 0.57007, 0.00549, 0.63249, 0.52094, 0.05561, 0.65357, 0.88767, 0.7737, 0.91767, 0.02503, 0.06534, 0.14954, 0.01567, 0.02287, 0.50507, 0.39697, 0.05434, 0.0464, 0.83985, 0.53346, 0.8022, 0.92753, 0.16223, 0.03557, 0.02842, 0.69323, 0.29021, 0.08244, 0.01879, 0.1225, 0.49107, 0.94108, 0.81289, 0.82603, 0.30147, 0.02169, 0.14649, 0.86936, 0.84911, 0.93247, 0.90116, 0.03771, 0.03388, 0.69994, 0.88821, 0.59292, 0.00653, 0.05314, 0.00598, 0.64466, 0.08129, 0.00897, 0.73403, 0.00851, 0.82726, 0.09844, 0.79079, 0.50532, 0.20667, 0.06484, 0.00868, 0.1089, 0.04398, 0.63954, 0.01132, 0.06181, 0.04371, 0.82481, 0.6858, 0.11486, 0.0843, 0.00493, 0.58125, 0.77813, 0.34627, 0.86182, 0.25229, 0.81083, 0.05002, 0.07544, 0.66971, 0.01625, 0.0074, 0.12686, 0.01267, 0.01764, 0.49979, 0.7888, 0.15918, 0.78121, 0.27634, 0.1668, 0.07194, 0.19685, 0.47118, 0.4528, 0.19219, 0.923, 0.86437, 0.36784, 0.02085, 0.02347, 0.9009, 0.66305, 0.05054, 0.83934, 0.96708, 0.07485, 0.69824, 0.00796, 0.17647, 0.78401, 0.2731, 0.73879, 0.0635, 0.69174, 0.21251, 0.89121, 0.06651, 0.01049, 0.57155, 0.01068, 0.22446, 0.0477, 0.90038, 0.29313, 0.95257, 0.01967, 0.06973, 0.693, 0.9309, 0.70378, 0.40033, 0.92094, 0.87494, 0.22969, 0.65083, 0.11502, 0.07529, 0.4764, 0.21296, 0.01932, 0.78008, 0.1305, 0.78522, 0.45283, 0.92681, 0.01909, 0.01332, 0.84112, 0.15614, 0.00336, 0.05256, 0.03343, 0.0599, 0.83736, 0.11436, 0.00164, 0.47808, 0.04073, 0.94979, 0.01539, 0.00692, 0.12802, 0.93296, 0.85264, 0.05255, 0.08488, 0.09628, 0.77547, 0.09763, 0.14517, 0.78374, 0.56266, 0.04518, 0.14097, 0.06348, 0.00527, 0.84193, 0.01588, 0.08341, 0.08738, 0.03249, 0.01226, 0.00587, 0.03426, 0.95058, 0.03829, 0.9764, 0.88811, 0.61351, 0.13354, 0.31863, 0.24049, 0.09426, 0.03141, 0.95621, 0.53795, 0.07894, 0.8827, 0.01019, 0.77268, 0.33813, 0.95986, 0.28499, 0.02046, 0.81109, 0.41527, 0.82123, 0.25879, 0.77108, 0.6811, 0.71848, 0.03048, 0.10945, 0.18015, 0.04757, 0.83951, 0.55449, 0.01841, 0.9178, 0.15714, 0.02147, 0.45708, 0.93142, 0.041, 0.2175, 0.78355, 0.16568, 0.49967, 0.21761, 0.65927, 0.27306, 0.39233, 0.949, 0.97101, 0.0075, 0.23578, 0.00278, 0.88119, 0.63839, 0.09715, 0.10967, 0.26264, 0.00703, 0.05546, 0.18779, 0.00648, 0.04027, 0.42555, 0.64009, 0.78488, 0.71659, 0.09387, 0.00223, 0.07887, 0.91013, 0.50873, 0.22243, 0.31221, 0.70996, 0.96825, 0.10423, 0.01017, 0.03314, 0.0848, 0.95265, 0.8095, 0.10216, 0.54797, 0.70635, 0.37625, 0.05875, 0.15082, 0.95423, 0.43676, 0.47532, 0.18834, 0.87029, 0.727, 0.59673, 0.51688, 0.44161, 0.04367, 0.55342, 0.82834, 0.37944, 0.14935, 0.90704, 0.93656, 0.38318, 0.16126, 0.004, 0.29891, 0.78519, 0.04869, 0.84505, 0.00712, 0.02959, 0.12206, 0.71619, 0.06739, 0.09245, 0.01274, 0.00535, 0.13012, 0.41009, 0.09613, 0.27437, 0.6477, 0.06644, 0.2584, 0.47653, 0.89096, 0.50364, 0.77994, 0.80729, 0.55331, 0.30317, 0.23315, 0.63652, 0.01275, 0.23582, 0.78787, 0.75605, 0.03902, 0.13285, 0.25795, 0.58832, 0.02549, 0.95961, 0.005, 0.90537, 0.00726, 0.3282, 0.89351, 0.39343, 0.04944, 0.14075, 0.02066, 0.68751, 0.92511, 0.06321, 0.64078, 0.04744, 0.14624, 0.54926, 0.70913, 0.33753, 0.77226, 0.65935, 0.00662, 0.10692, 0.26771, 0.18716, 0.01829, 0.09869, 0.02506, 0.89241, 0.85542, 0.88257, 0.03795, 0.03622, 0.60867, 0.21759, 0.03278, 0.42127, 0.07522, 0.00769, 0.55956, 0.88644, 0.0249, 0.95317, 0.95441, 0.27022, 0.01387, 0.72029, 0.79409, 0.90617, 0.07916, 0.4441, 0.88911, 0.93157, 0.83832, 0.10077, 0.05373, 0.30206, 0.94241, 0.0215, 0.022, 0.01972, 0.87745, 0.46206, 0.04373, 0.60366, 0.67093, 0.86004, 0.83534, 0.2423, 0.13848, 0.25718, 0.67472, 0.02368, 0.90857, 0.02242, 0.97482, 0.88143, 0.361, 0.74098, 0.82391, 0.02705, 0.83553, 0.42374, 0.08638, 0.72415, 0.22309, 0.02401, 0.10129, 0.75973, 0.08093, 0.81069, 0.05774, 0.34528, 0.00805, 0.02096, 0.78553, 0.00661, 0.02426, 0.92734, 0.0731, 0.04917, 0.84084, 0.46786, 0.08764, 0.01305, 0.29943, 0.09712, 0.48892, 0.3752, 0.02187, 0.91487, 0.73436, 0.87553, 0.53727, 0.08542, 0.29362, 0.76022, 0.0559, 0.93791, 0.90471, 0.30004, 0.00689, 0.41924, 0.03508, 0.94966, 0.22563, 0.08528, 0.97383, 0.67413, 0.60684, 0.01103, 0.11208, 0.74566, 0.65228, 0.84488, 0.39842, 0.7413, 0.8747, 0.11712, 0.11941, 0.01269, 0.85359, 0.03332, 0.00225, 0.30948, 0.23688, 0.30234, 0.04961, 0.79189, 0.67771, 0.48247, 0.75362, 0.69293, 0.92886, 0.36705, 0.12784, 0.76207, 0.87808, 0.2926, 0.11565, 0.50081, 0.87032, 0.74044, 0.04416, 0.11068, 0.85383, 0.92657, 0.61384, 0.02484, 0.16074, 0.00704, 0.01886, 0.83653, 0.68037, 0.51604, 0.23172, 0.15611, 0.44548, 0.94019, 0.08574, 0.83388, 0.01786, 0.05976, 0.06191, 0.02463, 0.59552, 0.45758, 0.3903, 0.76407, 0.80837, 0.85711, 0.80823, 0.91007, 0.79592, 0.18331, 0.63217, 0.58307, 0.03488, 0.72239, 0.90936, 0.95549, 0.01263, 0.91702, 0.08882, 0.65391, 0.012, 0.00831, 0.75016, 0.71092, 0.53624, 0.16926, 0.78867, 0.01953, 0.88133, 0.28528, 0.04904, 0.81802, 0.10523, 0.06115, 0.45905, 0.09141, 0.96706, 0.78055, 0.03029, 0.91546, 0.73019, 0.87406, 0.08226, 0.00852, 0.02553, 0.08003, 0.04158, 0.81753, 0.06018, 0.84333, 0.94531, 0.08934, 0.03241, 0.49245, 0.30761, 0.69351, 0.64578, 0.78739, 0.45039, 0.7998, 0.54346, 0.30915, 0.45323, 0.17292, 0.49598, 0.03574, 0.21135, 0.88305, 0.01907, 0.01818, 0.94331, 0.1652, 0.61654, 0.37787, 0.0133, 0.01039, 0.91594, 0.59411, 0.33138, 0.12325, 0.13554, 0.85796, 0.35138, 0.41649, 0.87779, 0.01644, 0.75079, 0.02357, 0.00988, 0.16467, 0.91975, 0.69218, 0.14928, 0.00771, 0.39738, 0.89446, 0.77603, 0.93296, 0.04629, 0.81384, 0.88762, 0.2274, 0.84006, 0.12138, 0.00844, 0.86385, 0.9348, 0.34169, 0.8151, 0.58528, 0.34507, 0.00356, 0.22103, 0.17648, 0.09293, 0.05406, 0.82547, 0.07959, 0.84823, 0.0301, 0.77405, 0.20635, 0.03249, 0.39771, 0.08002, 0.6166, 0.16134, 0.97222, 0.21333, 0.70543, 0.93027, 0.03484, 0.52441, 0.12431, 0.12626, 0.75193, 0.01835, 0.74008, 0.13314, 0.155, 0.53092, 0.16602, 0.788, 0.1739, 0.02569, 0.64618, 0.06765, 0.4502, 0.13005, 0.04325, 0.7011, 0.58509, 0.03823, 0.27914, 0.38329, 0.66519, 0.03259, 0.05396, 0.02645, 0.01277, 0.18412, 0.00239, 0.87203, 0.77688, 0.92192, 0.36473, 0.96328, 0.01437, 0.91127, 0.47062, 0.43868, 0.40486, 0.31948, 0.01324, 0.51021, 0.26103, 0.47324, 0.52557, 0.00696, 0.20982, 0.87209, 0.08175, 0.89154, 0.03022, 0.25295, 0.06833, 0.44786, 0.03685, 0.01159, 0.02078, 0.94778, 0.88701, 0.05257, 0.33335, 0.02382, 0.01909, 0.61643, 0.90385, 0.78532, 0.01312, 0.89341, 0.31387, 0.15991, 0.00266, 0.255, 0.25783, 0.00814, 0.13877, 0.13333, 0.91571, 0.1679, 0.00694, 0.45255, 0.08378, 0.89556, 0.31254, 0.88632, 0.14154, 0.75279, 0.00999, 0.2096, 0.12394, 0.34611, 0.23473, 0.26606, 0.75252, 0.02499, 0.00782, 0.80407, 0.69219, 0.74816, 0.65459, 0.31412, 0.62751, 0.33557, 0.01925, 0.34687, 0.87821, 0.06126, 0.66891, 0.93983, 0.02389, 0.01314, 0.89357, 0.88952, 0.03082, 0.05102, 0.92429, 0.03068, 0.35035, 0.00464, 0.6023, 0.80865, 0.78122, 0.14152, 0.86815, 0.82896, 0.24447, 0.28685, 0.44024, 0.81835, 0.19912, 0.01494, 0.08061, 0.07557, 0.10037, 0.02818, 0.86168, 0.89051, 0.94142, 0.70636, 0.61991, 0.94428, 0.16888, 0.17389, 0.19106, 0.94883, 0.39541, 0.05666, 0.12279, 0.83258, 0.72364, 0.61021, 0.11405, 