{"model": "xlm-roberta-base", "dataset": "hatexplain", "train_config": "ce", "seed": 42, "thr_cal": 0.644275426864624, "metrics_05": {"macro": 0.6859876421606725, "toxf1": 0.8017535314174379, "prec": 0.7219298245614035, "rec": 0.9014238773274917, "prauc": 0.8754100764588367, "ece": 0.1495496393466989, "covert": 0.9022673964034402}, "metrics_cal": {"macro": 0.7108861019736843, "toxf1": 0.8026315789473685, "prec": 0.7460018814675446, "rec": 0.8685651697699891, "prauc": 0.8754100764588367, "ece": 0.1495496393466989, "covert": 0.8984126984126984}, "probs": [0.72468, 0.72235, 0.59435, 0.98392, 0.83732, 0.88315, 0.99889, 0.69419, 0.90906, 0.03859, 0.85219, 0.06696, 0.12509, 0.44664, 0.44941, 0.06517, 0.13917, 0.74, 0.99957, 0.15167, 0.08376, 0.72169, 0.11465, 0.96528, 0.30627, 0.95902, 0.99955, 0.55971, 0.30944, 0.58125, 0.97188, 0.89668, 0.89264, 0.79941, 0.99875, 0.15224, 0.65553, 0.67464, 0.99866, 0.13275, 0.99959, 0.92295, 0.81438, 0.80291, 0.88834, 0.59464, 0.13736, 0.9934, 0.99364, 0.96483, 0.06152, 0.60333, 0.99932, 0.53751, 0.85876, 0.98727, 0.78691, 0.50478, 0.89893, 0.79405, 0.34468, 0.99362, 0.99901, 0.94539, 0.9992, 0.80297, 0.99918, 0.91754, 0.89575, 0.99315, 0.0746, 0.99863, 0.92324, 0.99659, 0.16431, 0.67553, 0.99166, 0.7841, 0.97788, 0.99938, 0.98974, 0.3959, 0.90503, 0.18184, 0.88579, 0.9893, 0.99935, 0.10406, 0.81961, 0.96477, 0.13636, 0.99832, 0.97024, 0.94983, 0.99797, 0.74704, 0.98665, 0.69059, 0.81199, 0.99914, 0.12345, 0.95542, 0.99894, 0.87523, 0.06794, 0.98531, 0.988, 0.94031, 0.99858, 0.39532, 0.05282, 0.97586, 0.2447, 0.30681, 0.81139, 0.90155, 0.93063, 0.97754, 0.9601, 0.99104, 0.90954, 0.28177, 0.11106, 0.9967, 0.88311, 0.22513, 0.29347, 0.51683, 0.38595, 0.99322, 0.87138, 0.99881, 0.18872, 0.55578, 0.9258, 0.79367, 0.52775, 0.9937, 0.99308, 0.18305, 0.76701, 0.99747, 0.95368, 0.99885, 0.96332, 0.63742, 0.995, 0.73562, 0.98697, 0.95797, 0.99028, 0.88501, 0.99008, 0.80764, 0.99128, 0.98738, 0.9867, 0.82306, 0.12255, 0.99616, 0.93881, 0.94961, 0.98104, 0.99248, 0.99237, 0.90941, 0.98476, 0.32871, 0.97266, 0.99278, 0.37876, 0.6523, 0.24734, 0.59668, 0.9554, 0.82768, 0.86227, 0.49941, 0.99898, 0.68866, 0.9993, 0.11535, 0.25652, 0.63966, 0.99947, 0.36609, 0.99777, 0.92961, 0.90233, 0.99865, 0.9779, 0.99939, 0.99802, 0.99722, 0.99032, 0.99004, 0.98454, 0.98194, 0.99691, 0.85806, 0.97852, 0.12492, 0.28832, 0.08825, 0.89036, 0.92249, 0.55364, 0.97098, 0.98112, 0.36303, 0.59485, 0.12172, 0.93691, 0.99688, 0.95571, 0.69591, 0.10391, 0.49028, 0.98529, 0.97788, 0.92788, 0.25588, 0.95867, 0.99925, 0.23561, 0.99613, 0.99129, 0.94572, 0.91193, 0.99332, 0.99861, 0.95791, 0.97218, 0.91962, 0.99736, 0.83037, 0.97015, 0.88582, 0.99555, 0.94047, 0.1506, 0.98331, 0.86911, 0.88509, 0.98924, 0.98165, 0.91209, 0.29969, 0.20423, 0.64198, 0.96965, 0.99819, 0.73082, 0.90773, 0.75701, 0.94842, 0.99837, 0.12197, 0.15164, 0.94488, 0.29148, 0.99716, 0.86951, 0.97321, 0.99367, 0.82688, 0.99635, 0.04956, 0.10205, 0.3126, 0.93096, 0.94831, 0.10445, 0.9632, 0.50921, 0.87175, 0.99838, 0.99852, 0.99334, 0.99874, 0.99864, 0.99746, 0.98728, 0.99972, 0.96106, 0.95604, 0.68474, 0.5702, 0.05035, 0.45802, 0.27714, 0.30103, 0.09213, 0.94729, 0.99839, 0.95746, 0.93637, 0.19367, 0.88945, 0.28924, 0.99885, 0.25573, 0.90785, 0.99976, 0.98447, 0.20718, 0.96809, 0.99795, 0.04293, 0.06658, 0.98911, 0.71052, 0.98178, 0.75499, 0.35304, 0.98699, 0.99617, 0.91109, 0.99345, 0.99969, 0.99198, 0.05039, 0.98047, 0.88757, 0.18773, 0.99711, 0.40867, 0.15826, 0.99557, 0.97723, 0.99175, 0.99911, 0.72073, 0.97094, 0.97199, 0.80812, 0.9739, 0.99844, 0.99208, 0.23914, 0.97841, 0.99864, 0.92522, 0.91416, 0.16539, 0.98657, 0.02729, 0.70673, 0.39511, 0.77247, 0.69984, 0.91692, 0.62084, 0.99831, 0.98019, 0.99972, 0.0279, 0.97541, 0.98016, 0.75852, 0.2965, 0.88647, 0.99953, 0.0016, 0.99971, 0.53035, 0.99976, 0.99945, 0.98397, 0.70024, 0.10328, 0.74184, 0.99887, 0.99817, 0.82801, 0.97926, 0.2828, 0.99498, 0.99794, 0.99932, 0.97694, 0.96955, 0.1088, 0.99918, 0.41775, 0.07983, 0.56976, 0.15002, 0.95957, 0.94617, 0.98025, 0.77635, 0.5584, 0.39427, 0.99841, 0.98149, 0.84656, 0.9006, 0.90282, 0.31827, 0.99662, 0.66733, 0.64762, 0.99509, 0.90623, 0.9943, 0.9897, 0.99379, 0.51055, 0.04476, 0.98527, 0.29317, 0.26006, 0.56364, 0.14085, 0.96352, 0.08083, 0.99798, 0.99909, 0.76332, 0.98711, 0.64965, 0.97301, 0.99763, 0.48603, 0.15426, 0.83848, 0.99452, 0.97856, 0.93683, 0.24514, 0.09718, 0.83584, 0.20223, 0.96387, 0.9979, 0.97783, 0.98474, 0.96512, 0.92274, 0.99727, 0.42088, 0.91237, 0.42226, 0.45094, 0.99947, 0.99102, 0.95126, 0.2261, 0.93768, 0.58893, 0.79294, 0.09826, 0.99317, 0.93979, 0.61452, 0.7515, 0.60638, 0.99908, 0.59299, 0.61705, 0.99957, 0.99837, 0.97733, 0.29997, 0.78749, 0.93681, 0.83898, 0.99833, 0.94807, 0.18516, 0.8401, 0.93315, 0.07421, 0.99875, 0.07789, 0.98785, 0.94327, 0.96835, 0.95224, 0.97006, 0.4054, 0.16969, 0.99932, 0.32422, 0.71849, 0.26454, 0.96979, 0.9345, 0.99904, 0.99895, 0.99305, 0.96228, 0.67888, 0.94369, 0.07993, 0.1574, 0.98075, 0.98422, 0.99368, 0.9995, 0.36824, 0.2053, 0.07451, 0.99711, 0.99955, 0.96327, 0.3724, 0.20817, 0.9678, 0.29657, 0.63877, 0.99839, 0.08945, 0.11182, 0.86908, 0.99782, 0.46915, 0.97551, 0.71813, 0.67857, 0.94447, 0.99876, 0.6891, 0.98558, 0.97699, 0.9973, 0.06998, 0.99972, 0.96247, 0.99082, 0.99509, 0.17165, 0.31018, 0.99089, 0.99322, 0.48174, 0.0673, 0.26155, 0.99837, 0.63073, 0.92534, 0.99219, 0.86625, 0.93654, 0.71405, 0.54482, 0.877, 0.74356, 0.99919, 0.93861, 0.77217, 0.99826, 0.98862, 0.58795, 0.99405, 0.74901, 0.83545, 0.91335, 0.1161, 0.02563, 0.91004, 0.98109, 0.51581, 0.99615, 0.03107, 0.99877, 0.00706, 0.98304, 0.97114, 0.98788, 0.99746, 0.9572, 0.95299, 0.97942, 0.98747, 0.99792, 0.96601, 0.77316, 0.99935, 0.5575, 0.83477, 0.93859, 0.99732, 0.89743, 0.7905, 0.03338, 0.60007, 0.99324, 0.10417, 0.96011, 0.13588, 0.64814, 0.2288, 0.2521, 0.99534, 0.9994, 0.22739, 0.93411, 0.65011, 0.90427, 0.72728, 0.90693, 0.82739, 0.68977, 0.50225, 0.65929, 0.89478, 0.55857, 0.99967, 0.08453, 0.99953, 0.85423, 0.8767, 0.20458, 0.89409, 0.96249, 0.9843, 0.93435, 0.97777, 0.95874, 0.90619, 0.28588, 0.99473, 0.96055, 0.69398, 0.51918, 0.99769, 0.97749, 0.96696, 0.88551, 0.54589, 0.40495, 0.96722, 0.95631, 0.99377, 0.94728, 0.93924, 0.44341, 0.53338, 0.04907, 0.29071, 0.45871, 0.93177, 0.99532, 0.9996, 0.92538, 0.02887, 0.16197, 0.99815, 0.99353, 0.99736, 0.68521, 0.99895, 0.36008, 0.94669, 0.61271, 0.75789, 0.43671, 0.99905, 0.48433, 0.96171, 0.16141, 0.96567, 0.0751, 0.87536, 0.75335, 0.07271, 0.91277, 0.83402, 0.14325, 0.94489, 0.90941, 0.99446, 0.52593, 0.55906, 0.9019, 0.90974, 0.8428, 0.99952, 0.98993, 0.99939, 0.7749, 0.98879, 0.90823, 0.00793, 0.94879, 0.8534, 0.17183, 0.99525, 0.94822, 0.9469, 0.76882, 0.7678, 0.96592, 0.99972, 0.96613, 0.80337, 0.19417, 0.25115, 0.99604, 0.93538, 0.98373, 0.98321, 0.99836, 0.94213, 0.16813, 0.93346, 0.61064, 0.99969, 0.54601, 0.84658, 0.99322, 0.34991, 0.54658, 0.979, 0.99118, 0.79879, 0.9434, 0.03602, 0.91908, 0.98814, 0.99905, 0.94245, 0.09791, 0.99782, 0.07946, 0.21106, 0.99749, 0.99918, 0.97363, 0.99223, 0.90038, 0.97723, 0.99951, 0.99413, 0.05454, 0.91266, 0.13787, 0.81337, 0.99341, 0.94805, 0.93727, 0.71091, 0.08311, 0.6624, 0.99849, 0.87927, 0.89361, 0.28576, 0.13135, 0.99629, 0.07827, 0.69776, 0.99882, 0.997, 0.47637, 0.37705, 0.9992, 0.72762, 0.34654, 0.49043, 0.2371, 0.83596, 0.20422, 0.45809, 0.04631, 0.85631, 0.75975, 0.36679, 0.98312, 0.2618, 0.07984, 0.9823, 0.97646, 0.92576, 0.86615, 0.99748, 0.85635, 0.60169, 0.99874, 0.99974, 0.98502, 0.97499, 0.84858, 0.99877, 0.99152, 0.97602, 0.0588, 0.98628, 0.70448, 0.42732, 0.7983, 0.9919, 0.14468, 0.87182, 0.78075, 0.89857, 0.93517, 0.99607, 0.97052, 0.99609, 0.99572, 0.99916, 0.96378, 0.98278, 0.9989, 0.95469, 0.19654, 0.99913, 0.35147, 0.49108, 0.55876, 0.14124, 0.96306, 0.84871, 0.06614, 0.28541, 0.19006, 0.66348, 0.99845, 0.47638, 0.99896, 0.74156, 0.12101, 0.90227, 0.99889, 0.16061, 0.96686, 0.75108, 0.99356, 0.10724, 0.21478, 0.90738, 0.99442, 0.7863, 