{"model": "xlm-roberta-base", "dataset": "dravidian_kannada", "train_config": "hardneg", "seed": 99, "thr_cal": 0.5165889799594879, "metrics_05": {"macro": 0.7060540971588058, "toxf1": 0.6157635467980296, "prec": 0.508130081300813, "rec": 0.78125, "prauc": 0.7289620632500987, "ece": 0.14587151561784256, "covert": 0.8268156424581006}, "metrics_cal": {"macro": 0.7106938533172855, "toxf1": 0.6203473945409429, "prec": 0.51440329218107, "rec": 0.78125, "prauc": 0.7289620632500987, "ece": 0.14587151561784256, "covert": 0.8268156424581006}, "probs": [0.13478, 0.62397, 0.76791, 0.10587, 0.31449, 0.77999, 0.28806, 0.10513, 0.06089, 0.13317, 0.20656, 0.08876, 0.03064, 0.41511, 0.4966, 0.05851, 0.1031, 0.78632, 0.05072, 0.13212, 0.20674, 0.25406, 0.89792, 0.65907, 0.99243, 0.64208, 0.95434, 0.83088, 0.73861, 0.64741, 0.98682, 0.66941, 0.21235, 0.46061, 0.82342, 0.12007, 0.05498, 0.06709, 0.50817, 0.20769, 0.65771, 0.01711, 0.92818, 0.09716, 0.39623, 0.81676, 0.35157, 0.29411, 0.02741, 0.2881, 0.87497, 0.69518, 0.01574, 0.88947, 0.0976, 0.66417, 0.00731, 0.82998, 0.18028, 0.8086, 0.17613, 0.10109, 0.72788, 0.78212, 0.14822, 0.19908, 0.05471, 0.14523, 0.55534, 0.9826, 0.36484, 0.11386, 0.52778, 0.40872, 0.68945, 0.84553, 0.14737, 0.43239, 0.54934, 0.74634, 0.09444, 0.95784, 0.07374, 0.61163, 0.56796, 0.01655, 0.91923, 0.05792, 0.81696, 0.1166, 0.07714, 0.62559, 0.02994, 0.38495, 0.14237, 0.07372, 0.06662, 0.02366, 0.02088, 0.14462, 0.01358, 0.92324, 0.23046, 0.90462, 0.78147, 0.43144, 0.75105, 0.10736, 0.18579, 0.62522, 0.72118, 0.08742, 0.01222, 0.0309, 0.07539, 0.0526, 0.21235, 0.10215, 0.68961, 0.85324, 0.14275, 0.0775, 0.94357, 0.59065, 0.24235, 0.08104, 0.35157, 0.85455, 0.01772, 0.44703, 0.83657, 0.05763, 0.03767, 0.78438, 0.81701, 0.68907, 0.01221, 0.92963, 0.23566, 0.91071, 0.03357, 0.02141, 0.48354, 0.95239, 0.94587, 0.80218, 0.42031, 0.68728, 0.64495, 0.08552, 0.00851, 0.04395, 0.86186, 0.79473, 0.21351, 0.81936, 0.06056, 0.74868, 0.72154, 0.6548, 0.76376, 0.75523, 0.02812, 0.06324, 0.32861, 0.01369, 0.5102, 0.1274, 0.38265, 0.81285, 0.14251, 0.86791, 0.43529, 0.09342, 0.93434, 0.01368, 0.35157, 0.5933, 0.04483, 0.81648, 0.66, 0.04365, 0.35157, 0.88475, 0.68655, 0.17958, 0.77067, 0.01658, 0.04444, 0.12462, 0.70788, 0.82668, 0.51421, 0.35157, 0.91487, 0.99515, 0.3276, 0.52371, 0.62681, 0.59303, 0.56744, 0.0062, 0.03666, 0.69893, 0.20142, 0.3679, 0.82838, 0.46002, 0.97447, 0.03204, 0.938, 0.39565, 0.36511, 0.1044, 0.07759, 0.00524, 0.87745, 0.04103, 0.00861, 0.27978, 0.00357, 0.26454, 0.03872, 0.20973, 0.89342, 0.18484, 0.03267, 0.54147, 0.05768, 0.3018, 0.04999, 0.32449, 0.02655, 0.35776, 0.33869, 0.70391, 0.98624, 0.18541, 0.01326, 0.01955, 0.41706, 0.35157, 0.87166, 0.9826, 0.97698, 0.16801, 0.09039, 0.14608, 0.38923, 0.76146, 0.52453, 0.09915, 0.15285, 0.15367, 0.02881, 0.06589, 0.78689, 0.21373, 0.2061, 0.01533, 0.85079, 0.78147, 0.82958, 0.69573, 0.24929, 0.04943, 0.35157, 0.03472, 0.02915, 0.04082, 0.21495, 0.14892, 0.57773, 0.42473, 0.0346, 0.57492, 0.72101, 0.06828, 0.90842, 0.9006, 0.00347, 0.85505, 0.96849, 0.23335, 0.42426, 0.53349, 0.08738, 0.29352, 0.12467, 0.12044, 0.78042, 0.04204, 0.11548, 0.88581, 0.33921, 0.35157, 0.82172, 0.71979, 0.06583, 0.05694, 0.01039, 0.43088, 0.02065, 0.805, 0.04711, 0.02782, 0.4032, 0.35157, 0.08788, 0.19542, 0.63754, 0.03089, 0.05284, 0.02804, 0.66482, 0.35402, 0.00761, 0.08335, 0.64003, 0.37136, 0.29235, 0.6815, 0.01026, 0.06232, 0.97974, 0.1218, 0.79154, 0.01803, 0.32916, 0.99367, 0.01738, 0.36183, 0.11593, 0.28236, 0.08996, 0.15239, 0.41688, 0.32303, 0.05344, 0.05716, 0.55963, 0.06859, 0.67714, 0.48482, 0.68909, 0.15594, 0.94268, 0.73857, 0.35157, 0.61364, 0.06445, 0.06872, 0.8187, 0.60346, 0.1298, 0.92638, 0.59622, 0.95008, 0.04175, 0.10689, 0.87932, 0.04014, 0.93151, 0.46643, 0.0529, 0.08553, 0.79816, 0.04366, 0.01917, 0.41636, 0.98801, 0.18264, 0.08664, 0.35157, 0.09725, 0.09332, 0.07724, 0.90567, 0.82409, 0.43955, 0.81555, 0.26699, 0.04801, 0.92774, 0.8089, 0.72936, 0.00627, 0.05634, 0.74599, 0.73349, 0.33882, 0.03216, 0.1962, 0.20953, 0.11171, 0.00637, 0.32333, 0.6294, 0.45046, 0.90499, 0.4645, 0.76553, 0.79564, 0.78297, 0.41699, 0.25019, 0.04741, 0.99061, 0.40417, 0.16976, 0.21249, 0.1529, 0.52185, 0.03387, 0.30183, 0.41064, 0.20053, 0.41296, 0.03069, 0.22793, 0.06433, 0.87665, 0.90206, 0.0236, 0.52548, 0.80983, 0.84998, 0.96012, 0.95226, 0.0134, 0.14445, 0.5255, 0.0723, 0.86544, 0.65477, 0.9931, 0.87873, 0.08594, 0.86715, 0.02275, 0.14344, 0.57939, 0.042, 0.09262, 0.97996, 0.95821, 0.0147, 0.91364, 0.6618, 0.60655, 0.24663, 0.4584, 0.01924, 0.00554, 0.62258, 0.2883, 0.83701, 0.06612, 0.09978, 0.05189, 0.52687, 0.05541, 0.05525, 0.00543, 0.74026, 0.29721, 0.02625, 0.92637, 0.88818, 0.89504, 0.68859, 0.86224, 0.59355, 0.33868, 0.34001, 0.01328, 0.29183, 0.97947, 0.53139, 0.03772, 0.88236, 0.85844, 0.02383, 0.16813, 0.73788, 0.37423, 0.9615, 0.72357, 0.33412, 0.01586, 0.00921, 0.39538, 0.70403, 0.90037, 0.0727, 0.36539, 0.78779, 0.94065, 0.92565, 0.77371, 0.01811, 0.05875, 0.5394, 0.01678, 0.01569, 0.58947, 0.02948, 0.18238, 0.59451, 0.86587, 0.01915, 0.96709, 0.07159, 0.05742, 0.10294, 0.88723, 0.92804, 0.55653, 0.20572, 0.56641, 0.03068, 0.61819, 0.89454, 0.04544, 0.81328, 0.86418, 0.35157, 0.67594, 0.71859, 0.12783, 0.14504, 0.75734, 0.71262, 0.02886, 0.85721, 0.35157, 0.69177, 0.36638, 0.85904, 0.91438, 0.45934, 0.80303, 0.7331, 0.8795, 0.04321, 0.67628, 0.67715, 0.63394, 0.74387, 0.82436, 0.88382, 0.00617, 0.07028, 0.0502, 0.04015, 0.93765, 0.02785, 0.61899, 0.55345, 0.07194, 0.03294, 0.55314, 0.18952, 0.83803, 0.94795, 0.88471, 0.62026, 0.10264, 0.82037, 0.41965, 0.96591, 0.88125, 0.69317, 0.97427, 0.10105, 0.06575, 0.21042, 0.07185, 0.02034, 0.42639, 0.7139, 0.05447, 0.3151, 0.84469, 0.16844, 0.54118], "labels": [0, 0, 0, 0, 0, 0, 0, 0, 0, 0, 0, 0, 0, 0, 1, 0, 0, 1, 0, 0, 0, 0, 0, 1, 1, 1, 1, 1, 1, 0, 1, 0, 1, 1, 1, 0, 1, 0, 0, 1, 0, 0, 1, 0, 0, 0, 0, 0, 0, 1, 0, 0, 0, 1, 0, 0, 0, 0, 1, 0, 0, 0, 0, 1, 0, 0, 0, 0, 1, 1, 1, 0, 0, 0, 0, 1, 0, 0, 0, 1, 0, 1, 1, 0, 0, 0, 1, 0, 1, 0, 0, 0, 0, 0, 0, 0, 0, 1, 0, 0, 0, 1, 0, 1, 0, 0, 1, 0, 0, 0, 0, 0, 0, 0, 0, 0, 0, 0, 1, 0, 0, 0, 1, 1, 0, 0, 0, 0, 0, 0, 0, 0, 0, 1, 1, 0, 0, 1, 0, 0, 0, 0, 1, 1, 1, 0, 0, 0, 1, 0, 0, 0, 0, 0, 0, 1, 0, 0, 0, 1, 1, 1, 0, 1, 0, 0, 0, 0, 0, 0, 0, 1, 0, 0, 1, 0, 0, 0, 0, 0, 0, 0, 0, 0, 1, 0, 0, 0, 0, 0, 0, 1, 0, 1, 0, 1, 1, 0, 0, 0, 0, 0, 0, 0, 1, 1, 0, 0, 1, 0, 1, 0, 1, 0, 0, 0, 1, 0, 0, 0, 1, 0, 0, 0, 1, 0, 0, 0, 0, 0, 0, 0, 0, 0, 0, 1, 1, 0, 0, 0, 0, 0, 0, 1, 1, 0, 0, 0, 0, 0, 0, 0, 0, 1, 0, 0, 0, 0, 1, 0, 1, 0, 0, 0, 0, 0, 0, 0, 0, 0, 0, 0, 0, 1, 0, 0, 0, 0, 1, 1, 0, 1, 1, 0, 0, 1, 0, 1, 0, 0, 1, 0, 0, 1, 0, 0, 0, 1, 0, 0, 0, 0, 0, 0, 0, 0, 0, 1, 0, 0, 0, 0, 0, 0, 1, 1, 0, 0, 0, 0, 1, 1, 0, 0, 1, 0, 1, 0, 1, 1, 0, 0, 0, 0, 0, 0, 0, 1, 0, 0, 0, 0, 0, 0, 0, 0, 1, 0, 0, 0, 0, 0, 1, 0, 0, 1, 0, 1, 0, 0, 1, 0, 0, 0, 0, 0, 1, 0, 0, 1, 1, 0, 0, 0, 0, 0, 0, 1, 1, 0, 1, 0, 0, 1, 1, 1, 0, 0, 1, 1, 0, 0, 0, 0, 0, 0, 0, 0, 0, 1, 1, 1, 0, 1, 0, 0, 0, 1, 0, 0, 0, 0, 0, 0, 0, 0, 0, 1, 0, 1, 0, 0, 1, 0, 0, 0, 1, 1, 1, 0, 0, 0, 0, 0, 0, 1, 1, 0, 1, 0, 0, 0, 0, 0, 1, 1, 0, 1, 0, 1, 0, 0, 0, 0, 0, 0, 0, 0, 0, 0, 0, 0, 0, 0, 0, 0, 0, 1, 0, 1, 0, 0, 1, 1, 1, 0, 0, 1, 0, 0, 1, 1, 0, 0, 1, 0, 1, 1, 0, 0, 0, 0, 1, 1, 0, 1, 0, 0, 1, 0, 0, 0, 0, 0, 0, 0, 0, 0, 0, 1, 0, 1, 0, 0, 0, 1, 0, 1, 0, 0, 0, 1, 0, 0, 0, 0, 0, 0, 0, 0, 0, 0, 0, 0, 1, 0, 0, 1, 1, 1, 0, 0, 0, 1, 0, 0, 0, 1, 0, 1, 1, 0, 0, 0, 0, 1, 0, 0, 0, 0, 0, 0, 0, 1, 1, 1, 1, 0, 0, 0, 1, 1, 0, 0, 0, 0, 0, 0, 0, 0, 0, 0, 0, 1, 0, 1], "n": {"train": 3400, "val": 600, "test": 586, "toxic_frac": 0.23911764705882352}}