{"model": "xlm-roberta-base", "dataset": "dravidian_tamil", "train_config": "supcon", "seed": 42, "thr_cal": 0.4042851135134699, "metrics_05": {"macro": 0.7387602573256352, "toxf1": 0.6062246278755075, "prec": 0.5728900255754475, "rec": 0.6436781609195402, "prauc": 0.6057933995374051, "ece": 0.07299200401703516, "covert": 0.6861702127659575}, "metrics_cal": {"macro": 0.7354027748486287, "toxf1": 0.6166868198307134, "prec": 0.5323590814196242, "rec": 0.7327586206896551, "prauc": 0.6057933995374051, "ece": 0.07299200401703516, "covert": 0.7184466019417476}, "probs": [0.07848, 0.01849, 0.06094, 0.01715, 0.81059, 0.09009, 0.10241, 0.01682, 0.01939, 0.03563, 0.07548, 0.32991, 0.0208, 0.02097, 0.06087, 0.08909, 0.67637, 0.34449, 0.00765, 0.42241, 0.16439, 0.07907, 0.18304, 0.23839, 0.08909, 0.3076, 0.85256, 0.04375, 0.11422, 0.03599, 0.07295, 0.43129, 0.04151, 0.0584, 0.12376, 0.78346, 0.19938, 0.2121, 0.02884, 0.67047, 0.74424, 0.05597, 0.41314, 0.52838, 0.43732, 0.87328, 0.01429, 0.13977, 0.25254, 0.02173, 0.02728, 0.28196, 0.32857, 0.06199, 0.04474, 0.42117, 0.1663, 0.53911, 0.4549, 0.12499, 0.11231, 0.02438, 0.15907, 0.32577, 0.17621, 0.05357, 0.0727, 0.16809, 0.81364, 0.70899, 0.74495, 0.14414, 0.04589, 0.04975, 0.32495, 0.42602, 0.50442, 0.83009, 0.02239, 0.11854, 0.17325, 0.50234, 0.23154, 0.01707, 0.31072, 0.01726, 0.36384, 0.06235, 0.04359, 0.57648, 0.00889, 0.74936, 0.08358, 0.41876, 0.17176, 0.12004, 0.05573, 0.02577, 0.08676, 0.0486, 0.61705, 0.02163, 0.05662, 0.11778, 0.71771, 0.62156, 0.18865, 0.15262, 0.01222, 0.49524, 0.35844, 0.21866, 0.74088, 0.15219, 0.66109, 0.06055, 0.05764, 0.14552, 0.03866, 0.02911, 0.1817, 0.02259, 0.0612, 0.13201, 0.68366, 0.05646, 0.74349, 0.21783, 0.05193, 0.06463, 0.05845, 0.20288, 0.23566, 0.08382, 0.85913, 0.67517, 0.07841, 0.01108, 0.02419, 0.59271, 0.40844, 0.07603, 0.39931, 0.88132, 0.0493, 0.48012, 0.01529, 0.16321, 0.30874, 0.17243, 0.6201, 0.05056, 0.49953, 0.08083, 0.39735, 0.03029, 0.02712, 0.29139, 0.04005, 0.15653, 0.0752, 0.75743, 0.20359, 0.85309, 0.0241, 0.07575, 0.37259, 0.55276, 0.58691, 0.38391, 0.82424, 0.78964, 0.20867, 0.3515, 0.1063, 0.06154, 0.35517, 0.05733, 0.03429, 0.49341, 0.21052, 0.68644, 0.47704, 0.8099, 0.02301, 0.01952, 0.23643, 0.07176, 0.02991, 0.23375, 0.03331, 0.15037, 0.52373, 0.10572, 0.0253, 0.15835, 0.07905, 0.85691, 0.06716, 0.01662, 0.14217, 0.86934, 0.67642, 0.04743, 0.15946, 0.04095, 0.34485, 0.05953, 0.16503, 0.59953, 0.09655, 0.0756, 0.38056, 0.03605, 0.01982, 0.51755, 0.04073, 0.02749, 0.13965, 0.02074, 0.05123, 0.01844, 0.06026, 0.85125, 0.23324, 0.90108, 0.69865, 0.61783, 0.04126, 0.33728, 0.18554, 0.03442, 0.06433, 0.93165, 0.46088, 0.08825, 0.22833, 0.02067, 0.48761, 0.0911, 0.8956, 0.17402, 0.04992, 0.62428, 0.50565, 0.40293, 0.18264, 0.62586, 0.23263, 0.32671, 0.04894, 0.12462, 0.08737, 0.06257, 0.49667, 0.63766, 0.03047, 0.79768, 0.13323, 0.05067, 0.52263, 0.85713, 0.08718, 0.31384, 0.20209, 0.05441, 0.23611, 0.15614, 0.5517, 0.13215, 0.2097, 0.71892, 0.9349, 0.01964, 0.07534, 0.00694, 0.69067, 0.40027, 0.20859, 0.05081, 0.24914, 0.04484, 0.09679, 0.06277, 0.01563, 0.04691, 0.07789, 0.14269, 0.71948, 0.61413, 0.10383, 0.01163, 0.01553, 0.9046, 0.21491, 0.18225, 0.24018, 0.65999, 0.85529, 0.16803, 0.01217, 0.04557, 0.13334, 0.85851, 0.64005, 0.19946, 0.21941, 0.37128, 0.34853, 0.08168, 0.07355, 0.84657, 0.11729, 0.20853, 0.14101, 0.69277, 0.67171, 0.33403, 0.12395, 0.13782, 0.01966, 0.2444, 0.82745, 0.35118, 0.12505, 0.81755, 0.89244, 0.57565, 0.23875, 0.01759, 0.13416, 0.56321, 0.11942, 0.48827, 0.0254, 0.03274, 0.11333, 0.61448, 0.03683, 0.11592, 0.02009, 0.01512, 0.12484, 0.31056, 0.07132, 0.29537, 0.36648, 0.09123, 0.08587, 0.2929, 0.47073, 0.40255, 0.23847, 0.56725, 0.54384, 0.22708, 0.19499, 0.7172, 0.10154, 0.12795, 0.32428, 0.28069, 0.03582, 0.06563, 0.63142, 0.46086, 0.03985, 0.76575, 0.01808, 0.85371, 0.03022, 0.31314, 0.8491, 0.16294, 0.06342, 0.13752, 0.10882, 0.47024, 0.74255, 0.09771, 0.40385, 0.05116, 0.22171, 0.41719, 0.30479, 0.32226, 0.74362, 0.60418, 0.02475, 0.32768, 0.30487, 0.08551, 0.02246, 0.05527, 0.03971, 0.50966, 0.56475, 0.8102, 0.10946, 0.07736, 0.5178, 0.13597, 0.09915, 0.29275, 0.03001, 0.01251, 0.04857, 0.68349, 0.02145, 0.87702, 0.91805, 0.11372, 0.05064, 0.65916, 0.47987, 0.78916, 0.21481, 0.43729, 0.55141, 0.87156, 0.59593, 0.12877, 0.11106, 0.65288, 0.74549, 0.03155, 0.08257, 0.03474, 0.74661, 0.5027, 0.08724, 0.46597, 0.47092, 0.60167, 0.17427, 0.16115, 0.10627, 0.28764, 0.10872, 0.05691, 0.59497, 0.07597, 0.91681, 0.74072, 0.25081, 0.52499, 0.5178, 0.02421, 0.80005, 0.26165, 0.04574, 0.67517, 0.08524, 0.09461, 0.04965, 0.69052, 0.15356, 0.6765, 0.05821, 0.13428, 0.02598, 0.02167, 0.34545, 0.02756, 0.03252, 0.84406, 0.04181, 0.06519, 0.79768, 0.19942, 0.05424, 0.0822, 0.1443, 0.05831, 0.39446, 0.27547, 0.13982, 0.84396, 0.72353, 0.57821, 0.36009, 0.12709, 0.10276, 0.71346, 0.07209, 0.85246, 0.87913, 0.07137, 0.02421, 0.33506, 0.10336, 0.90732, 0.18896, 0.09534, 0.90688, 0.44916, 0.07742, 0.02057, 0.16523, 0.47035, 0.27782, 0.50606, 0.44888, 0.30094, 0.62099, 0.10342, 0.29712, 0.03217, 0.7724, 0.04533, 0.02841, 0.2259, 0.07772, 0.39374, 0.02923, 0.74391, 0.46088, 0.17154, 0.2067, 0.32878, 0.43073, 0.3149, 0.08691, 0.59908, 0.42814, 0.14607, 0.11906, 0.16314, 0.59558, 0.38957, 0.08209, 0.08361, 0.67351, 0.7434, 0.18656, 0.08657, 0.05168, 0.01457, 0.01882, 0.51787, 0.3999, 0.21665, 0.03065, 0.07948, 0.3743, 0.57154, 0.11967, 0.65265, 0.03842, 0.06405, 0.0514, 0.05537, 0.15315, 0.47181, 0.09512, 0.34145, 0.33693, 0.77877, 0.68688, 0.54018, 0.74788, 0.28796, 0.56688, 0.32329, 0.08353, 0.53225, 0.68252, 0.80482, 0.027, 0.73108, 0.07472, 0.52552, 0.04274, 0.00856, 0.27836, 0.24046, 0.33843, 0.13375, 0.4919, 0.07329, 0.43507, 0.32645, 0.05428, 0.47299, 0.08005, 0.19236, 0.19059, 0.09243, 0.87278, 0.68484, 0.03126, 0.71623, 0.75471, 0.85203, 0.0334, 0.04246, 0.05802, 0.04481, 0.04316, 0.58796, 0.04434, 0.62875, 0.68075, 0.10465, 0.0451, 0.38535, 0.27603, 0.23789, 0.70361, 0.49315, 0.15554, 0.44892, 0.29552, 0.25437, 0.56274, 0.14719, 0.35772, 0.03676, 0.20938, 0.40238, 0.03981, 0.0496, 0.84809, 0.26499, 0.40359, 0.14953, 0.01464, 0.01859, 0.67474, 0.25497, 0.14302, 0.31248, 0.1177, 0.63687, 0.10359, 0.42497, 0.43384, 0.02649, 0.66174, 0.05402, 0.0801, 0.08022, 0.73461, 0.22875, 0.0702, 0.03607, 0.51282, 0.7018, 0.45622, 0.7962, 0.06453, 0.46994, 0.69291, 0.13238, 0.43205, 0.04214, 0.02115, 0.45931, 0.83622, 0.5063, 0.61373, 0.17027, 0.2026, 0.02306, 0.18552, 0.13396, 0.1664, 0.11255, 0.4226, 0.09581, 0.57852, 0.03575, 0.19685, 0.20585, 0.03233, 0.05186, 0.09295, 0.2852, 0.07093, 0.92311, 0.20267, 0.32801, 0.60773, 0.03807, 0.45157, 0.03925, 0.095, 0.87201, 0.05816, 0.4407, 0.03242, 0.08363, 0.20048, 0.13405, 0.64548, 0.1749, 0.02144, 0.1291, 0.06117, 0.37013, 0.22909, 0.11686, 0.45918, 0.57227, 0.07327, 0.23741, 0.29871, 0.23788, 0.03275, 0.05401, 0.07481, 0.0312, 0.09264, 0.01865, 0.68181, 0.65336, 0.85625, 0.0371, 0.88107, 0.04262, 0.82367, 0.3151, 0.14894, 0.11211, 0.20402, 0.0626, 0.13736, 0.11586, 0.21391, 0.17899, 0.02013, 0.0883, 0.33722, 0.20739, 0.79472, 0.06118, 0.21372, 0.03542, 0.1842, 0.07986, 0.01593, 0.05917, 0.9009, 0.81657, 0.13977, 0.11608, 0.01784, 0.03241, 0.21011, 0.86032, 0.49831, 0.03673, 0.80831, 0.1391, 0.14739, 0.02079, 0.29079, 0.25008, 0.03916, 0.125, 0.12538, 0.55522, 0.05315, 0.03225, 0.24464, 0.07727, 0.64698, 0.0949, 0.85102, 0.1384, 0.42143, 0.03016, 0.034, 0.1388, 0.2635, 0.12364, 0.09319, 0.67336, 0.05108, 0.01669, 0.76566, 0.49147, 0.71324, 0.27713, 0.25609, 0.24215, 0.21408, 0.04353, 0.30292, 0.73137, 0.10642, 0.56766, 0.73853, 0.02909, 0.02787, 0.86925, 0.5907, 0.05498, 0.08097, 0.66382, 0.02776, 0.13515, 0.03214, 0.66858, 0.22555, 0.75789, 0.14444, 0.80148, 0.41375, 0.22542, 0.24593, 0.24963, 0.53242, 0.22913, 0.08825, 0.06154, 0.09668, 0.15431, 0.07273, 0.58481, 0.87144, 0.89452, 0.63221, 0.32392, 0.8822, 0.16685, 0.0403, 0.07337, 0.87151, 0.26381, 0.05361, 0.15919, 0.23666, 0.17674, 